{
  "2": 0.016177957532861477,
  "3": 0.25480283114256824,
  "4": 0.5116279069767442,
  "5": 0.5915065722952477,
  "6": 0.6956521739130435,
  "7": 0.7684529828109201,
  "8": 0.8210313447927199,
  "9": 0.8614762386248735,
  "10": 0.8816986855409504,
  "11": 0.8978766430738119,
  "12": 0.9140546006066733,
  "13": 0.9241658240647117,
  "14": 0.9322548028311425,
  "15": 0.9373104145601617,
  "16": 0.9433771486349848,
  "17": 0.948432760364004,
  "18": 0.9524772497472194,
  "19": 0.9534883720930232,
  "20": 0.9555106167846309,
  "21": 0.9575328614762386,
  "22": 0.9585439838220424,
  "23": 0.9595551061678462,
  "24": 0.96056622851365,
  "26": 0.9615773508594538,
  "27": 0.9635995955510616,
  "28": 0.9646107178968654,
  "29": 0.9666329625884731,
  "30": 0.9706774519716884,
  "32": 0.9726996966632961,
  "33": 0.9757330637007077,
  "36": 0.9767441860465115,
  "37": 0.9777553083923153,
  "38": 0.979777553083923,
  "39": 0.9807886754297268,
  "42": 0.9817997977755306,
  "45": 0.9838220424671383,
  "50": 0.9848331648129421,
  "52": 0.985844287158746,
  "61": 0.9868554095045498,
  "64": 0.9878665318503536,
  "68": 0.9898887765419613,
  "74": 0.991911021233569,
  "81": 0.9929221435793728,
  "84": 0.9939332659251766,
  "85": 0.9949443882709804,
  "86": 0.9959555106167842,
  "88": 0.996966632962588,
  "90": 0.9979777553083918,
  "92": 0.9989888776541956,
  "113": 0.9999999999999994
}