{
  "2": 0.04900459418070444,
  "3": 0.18989280245022971,
  "4": 0.26033690658499237,
  "5": 0.3124042879019908,
  "6": 0.3445635528330781,
  "7": 0.37519142419601836,
  "8": 0.4119448698315467,
  "9": 0.442572741194487,
  "10": 0.4777947932618683,
  "11": 0.4946401225114855,
  "12": 0.5160796324655437,
  "13": 0.5298621745788668,
  "14": 0.5436447166921898,
  "15": 0.563552833078101,
  "16": 0.5773353751914241,
  "17": 0.5865237366003062,
  "18": 0.5972434915773354,
  "19": 0.6079632465543645,
  "20": 0.6094946401225115,
  "21": 0.6202143950995407,
  "22": 0.6278713629402758,
  "23": 0.6401225114854519,
  "24": 0.649310872894334,
  "25": 0.6584992343032161,
  "26": 0.6646248085758042,
  "27": 0.6676875957120982,
  "28": 0.6722817764165393,
  "29": 0.6799387442572744,
  "30": 0.6845329249617155,
  "31": 0.6875957120980095,
  "32": 0.6937212863705976,
  "33": 0.7044410413476268,
  "34": 0.7090352220520678,
  "35": 0.7228177641653909,
  "36": 0.7258805513016849,
  "37": 0.73353751914242,
  "38": 0.7381316998468611,
  "39": 0.7411944869831552,
  "40": 0.7442572741194492,
  "41": 0.7534456355283313,
  "42": 0.7595712098009194,
  "43": 0.7672281776416545,
  "44": 0.7702909647779486,
  "45": 0.7718223583460956,
  "46": 0.7748851454823896,
  "47": 0.7794793261868307,
  "49": 0.7840735068912718,
  "51": 0.7886676875957128,
  "52": 0.7947932618683009,
  "53": 0.799387442572742,
  "54": 0.8101071975497711,
  "55": 0.8192955589586532,
  "56": 0.8284839203675354,
  "57": 0.8300153139356824,
  "58": 0.8361408882082705,
  "59": 0.8422664624808586,
  "61": 0.8483920367534467,
  "62": 0.8529862174578877,
  "63": 0.8575803981623288,
  "64": 0.8591117917304758,
  "65": 0.8637059724349169,
  "66": 0.8667687595712109,
  "67": 0.872894333843799,
  "68": 0.875957120980093,
  "69": 0.8774885145482401,
  "70": 0.8805513016845341,
  "71": 0.8836140888208281,
  "72": 0.8851454823889752,
  "73": 0.8882082695252692,
  "74": 0.8928024502297103,
  "75": 0.8943338437978573,
  "76": 0.8958652373660043,
  "77": 0.8973966309341513,
  "78": 0.9004594180704454,
  "79": 0.9035222052067394,
  "80": 0.9050535987748864,
  "82": 0.9081163859111805,
  "83": 0.9096477794793275,
  "84": 0.9142419601837686,
  "86": 0.9173047473200626,
  "88": 0.9188361408882096,
  "89": 0.9218989280245037,
  "90": 0.9264931087289447,
  "91": 0.9280245022970918,
  "93": 0.9326186830015328,
  "95": 0.9341500765696799,
  "96": 0.9372128637059739,
  "97": 0.9402756508422679,
  "98": 0.944869831546709,
  "99": 0.947932618683003,
  "101": 0.9494640122511501,
  "102": 0.9525267993874441,
  "104": 0.9540581929555911,
  "107": 0.9601837672281792,
  "108": 0.9617151607963262,
  "110": 0.9632465543644733,
  "111": 0.9647779479326203,
  "112": 0.9678407350689143,
  "113": 0.9709035222052084,
  "115": 0.9724349157733554,
  "116": 0.9739663093415024,
  "119": 0.9770290964777965,
  "122": 0.9785604900459435,
  "123": 0.9800918836140905,
  "127": 0.9816232771822375,
  "133": 0.9831546707503845,
  "136": 0.9862174578866786,
  "141": 0.9877488514548256,
  "144": 0.9892802450229726,
  "146": 0.9923430321592667,
  "147": 0.9938744257274137,
  "148": 0.9954058192955607,
  "155": 0.9969372128637077,
  "158": 0.9984686064318548,
  "166": 1.0000000000000018
}