{
  "2": 0.010230179028132993,
  "3": 0.034526854219948847,
  "4": 0.07289002557544758,
  "5": 0.09718670076726343,
  "6": 0.12148337595907929,
  "7": 0.14322250639386191,
  "8": 0.1649616368286445,
  "9": 0.17647058823529413,
  "10": 0.20076726342711,
  "11": 0.21355498721227623,
  "12": 0.22762148337595908,
  "13": 0.23785166240409208,
  "14": 0.25191815856777494,
  "15": 0.2659846547314578,
  "16": 0.2774936061381074,
  "17": 0.2928388746803069,
  "18": 0.3043478260869565,
  "19": 0.3158567774936061,
  "20": 0.32992327365728896,
  "21": 0.34015345268542196,
  "22": 0.3529411764705882,
  "23": 0.3644501278772378,
  "24": 0.3823529411764705,
  "25": 0.39130434782608686,
  "26": 0.39641943734015334,
  "27": 0.4053708439897697,
  "28": 0.4092071611253196,
  "29": 0.4194373401534526,
  "30": 0.42710997442455234,
  "31": 0.4360613810741687,
  "32": 0.4424552429667518,
  "33": 0.4565217391304347,
  "34": 0.4629156010230178,
  "35": 0.4731457800511508,
  "36": 0.4820971867007672,
  "37": 0.4923273657289002,
  "38": 0.4987212276214833,
  "39": 0.5051150895140665,
  "40": 0.5127877237851662,
  "41": 0.5179028132992327,
  "42": 0.5255754475703325,
  "43": 0.5319693094629157,
  "44": 0.5370843989769821,
  "45": 0.5434782608695653,
  "46": 0.5447570332480819,
  "47": 0.5537084398976982,
  "48": 0.5664961636828645,
  "49": 0.5703324808184144,
  "50": 0.5754475703324808,
  "51": 0.581841432225064,
  "52": 0.5869565217391305,
  "53": 0.5946291560102303,
  "54": 0.6010230179028134,
  "55": 0.6074168797953966,
  "56": 0.6138107416879798,
  "57": 0.6150895140664964,
  "58": 0.6202046035805628,
  "59": 0.6227621483375961,
  "60": 0.6291560102301793,
  "61": 0.6355498721227625,
  "62": 0.6381074168797958,
  "63": 0.6496163682864454,
  "64": 0.6572890025575452,
  "65": 0.6624040920716117,
  "66": 0.6675191815856781,
  "67": 0.6739130434782613,
  "68": 0.6777493606138112,
  "69": 0.6803069053708445,
  "70": 0.6828644501278778,
  "71": 0.689258312020461,
  "72": 0.6994884910485939,
  "73": 0.7007672634271105,
  "74": 0.7071611253196937,
  "75": 0.7109974424552435,
  "76": 0.7122762148337601,
  "77": 0.7173913043478266,
  "78": 0.7186700767263432,
  "79": 0.7212276214833765,
  "81": 0.7250639386189264,
  "82": 0.7301790281329928,
  "83": 0.7327365728900261,
  "84": 0.7378516624040926,
  "85": 0.7416879795396425,
  "86": 0.7455242966751924,
  "87": 0.7480818414322257,
  "88": 0.7531969309462921,
  "89": 0.7583120204603586,
  "90": 0.7608695652173919,
  "91": 0.7621483375959085,
  "92": 0.767263427109975,
  "93": 0.7723785166240414,
  "94": 0.7749360613810747,
  "95": 0.7787723785166246,
  "96": 0.7813299232736579,
  "97": 0.7851662404092078,
  "98": 0.7864450127877244,
  "99": 0.7928388746803076,
  "100": 0.797953964194374,
  "101": 0.7992327365728906,
  "102": 0.8005115089514072,
  "103": 0.8043478260869571,
  "104": 0.8069053708439904,
  "106": 0.8107416879795403,
  "107": 0.8120204603580569,
  "108": 0.81841432225064,
  "109": 0.8196930946291566,
  "110": 0.8248081841432231,
  "111": 0.8273657289002564,
  "112": 0.8324808184143229,
  "113": 0.8337595907928395,
  "115": 0.8363171355498727,
  "116": 0.8375959079283893,
  "117": 0.8401534526854226,
  "118": 0.8414322250639392,
  "119": 0.849104859335039,
  "120": 0.8503836317135556,
  "121": 0.8542199488491055,
  "122": 0.8606138107416886,
  "124": 0.8618925831202052,
  "126": 0.8670076726342717,
  "128": 0.869565217391305,
  "130": 0.8734015345268549,
  "131": 0.8746803069053715,
  "132": 0.875959079283888,
  "133": 0.8785166240409213,
  "134": 0.8836317135549878,
  "136": 0.8849104859335044,
  "137": 0.886189258312021,
  "138": 0.8913043478260875,
  "139": 0.8951406649616374,
  "140": 0.8976982097186706,
  "141": 0.9002557544757039,
  "142": 0.9015345268542205,
  "143": 0.9040920716112538,
  "144": 0.9092071611253203,
  "145": 0.9168797953964201,
  "146": 0.9181585677749367,
  "147": 0.9207161125319699,
  "149": 0.9232736572890032,
  "150": 0.9258312020460365,
  "151": 0.9271099744245531,
  "152": 0.9296675191815864,
  "153": 0.9322250639386197,
  "154": 0.9335038363171363,
  "155": 0.9360613810741696,
  "156": 0.9373401534526862,
  "157": 0.9398976982097195,
  "158": 0.9437340153452694,
  "159": 0.9462915601023026,
  "160": 0.9475703324808192,
  "162": 0.9488491048593358,
  "163": 0.9501278772378524,
  "164": 0.951406649616369,
  "165": 0.9526854219948856,
  "166": 0.9552429667519189,
  "167": 0.9565217391304355,
  "168": 0.9578005115089521,
  "169": 0.9590792838874687,
  "171": 0.961636828644502,
  "172": 0.9641943734015352,
  "174": 0.9680306905370851,
  "175": 0.9693094629156017,
  "176": 0.9705882352941183,
  "178": 0.9718670076726349,
  "179": 0.9757033248081848,
  "181": 0.9769820971867014,
  "182": 0.9808184143222513,
  "183": 0.9820971867007678,
  "184": 0.9846547314578011,
  "186": 0.9859335038363177,
  "187": 0.9897698209718676,
  "190": 0.9910485933503842,
  "191": 0.9923273657289008,
  "192": 0.9936061381074174,
  "194": 0.994884910485934,
  "196": 0.9987212276214839,
  "197": 1.0000000000000004
}