{
  "2": 0.336,
  "3": 0.67,
  "4": 0.798,
  "5": 0.8390000000000001,
  "6": 0.8730000000000001,
  "7": 0.8830000000000001,
  "8": 0.9070000000000001,
  "9": 0.9260000000000002,
  "10": 0.9350000000000002,
  "11": 0.9410000000000002,
  "12": 0.9510000000000002,
  "13": 0.9610000000000002,
  "14": 0.9700000000000002,
  "15": 0.9730000000000002,
  "16": 0.9790000000000002,
  "18": 0.9830000000000002,
  "19": 0.9850000000000002,
  "20": 1.0000000000000002
}