{
  "2": 0.009345794392523364,
  "3": 0.06355140186915888,
  "4": 0.09719626168224299,
  "5": 0.11588785046728972,
  "6": 0.13457943925233645,
  "7": 0.17196261682242991,
  "8": 0.18878504672897198,
  "9": 0.20934579439252338,
  "10": 0.22242990654205608,
  "11": 0.23925233644859814,
  "12": 0.2542056074766355,
  "13": 0.2766355140186916,
  "14": 0.29158878504672897,
  "15": 0.30280373831775703,
  "16": 0.31775700934579443,
  "17": 0.3271028037383178,
  "18": 0.3476635514018692,
  "19": 0.3570093457943926,
  "20": 0.37196261682243,
  "21": 0.3757009345794393,
  "22": 0.3906542056074767,
  "23": 0.4037383177570094,
  "24": 0.4186915887850468,
  "25": 0.43551401869158884,
  "26": 0.4448598130841122,
  "27": 0.4542056074766356,
  "28": 0.46168224299065425,
  "29": 0.4728971962616823,
  "30": 0.48411214953271037,
  "31": 0.49158878504672904,
  "32": 0.49719626168224307,
  "33": 0.5158878504672898,
  "34": 0.5233644859813085,
  "35": 0.5308411214953271,
  "36": 0.5439252336448599,
  "37": 0.5570093457943927,
  "38": 0.5626168224299066,
  "39": 0.5757009345794394,
  "40": 0.5813084112149534,
  "41": 0.583177570093458,
  "42": 0.5869158878504674,
  "43": 0.5925233644859814,
  "44": 0.6000000000000001,
  "45": 0.6056074766355141,
  "46": 0.611214953271028,
  "47": 0.6130841121495327,
  "48": 0.6205607476635514,
  "49": 0.6224299065420561,
  "50": 0.6242990654205608,
  "51": 0.6261682242990655,
  "52": 0.6299065420560749,
  "53": 0.6336448598130843,
  "54": 0.6373831775700937,
  "55": 0.641121495327103,
  "56": 0.6448598130841124,
  "57": 0.6485981308411218,
  "58": 0.6542056074766358,
  "59": 0.6560747663551405,
  "60": 0.6654205607476639,
  "62": 0.6691588785046733,
  "63": 0.6728971962616827,
  "64": 0.6785046728971966,
  "65": 0.682242990654206,
  "67": 0.6897196261682247,
  "68": 0.6971962616822434,
  "69": 0.7009345794392527,
  "70": 0.7065420560747667,
  "73": 0.7102803738317761,
  "74": 0.7177570093457948,
  "75": 0.7214953271028042,
  "76": 0.7233644859813089,
  "77": 0.7289719626168228,
  "78": 0.7308411214953275,
  "79": 0.7345794392523369,
  "80": 0.7383177570093463,
  "81": 0.740186915887851,
  "82": 0.7420560747663557,
  "83": 0.7439252336448604,
  "84": 0.7476635514018698,
  "86": 0.7514018691588792,
  "87": 0.7570093457943932,
  "88": 0.7663551401869165,
  "89": 0.7700934579439259,
  "90": 0.7738317757009353,
  "91": 0.77570093457944,
  "92": 0.7775700934579447,
  "93": 0.7850467289719634,
  "94": 0.7869158878504681,
  "95": 0.7906542056074775,
  "96": 0.7962616822429914,
  "97": 0.8037383177570101,
  "98": 0.8074766355140195,
  "99": 0.8112149532710289,
  "100": 0.8149532710280383,
  "101": 0.8186915887850477,
  "102": 0.828037383177571,
  "104": 0.833644859813085,
  "105": 0.8355140186915897,
  "106": 0.8373831775700944,
  "107": 0.8411214953271038,
  "108": 0.8448598130841132,
  "109": 0.8485981308411226,
  "110": 0.8542056074766365,
  "111": 0.8579439252336459,
  "112": 0.8598130841121506,
  "113": 0.8616822429906553,
  "116": 0.8654205607476647,
  "117": 0.8710280373831787,
  "118": 0.8728971962616834,
  "120": 0.8747663551401881,
  "122": 0.8766355140186928,
  "123": 0.8785046728971975,
  "126": 0.8822429906542069,
  "127": 0.8841121495327116,
  "128": 0.8859813084112163,
  "129": 0.887850467289721,
  "132": 0.8934579439252349,
  "133": 0.8990654205607489,
  "134": 0.9009345794392536,
  "135": 0.904672897196263,
  "137": 0.9084112149532724,
  "140": 0.9102803738317771,
  "141": 0.915887850467291,
  "142": 0.9177570093457957,
  "143": 0.9196261682243004,
  "144": 0.9214953271028051,
  "145": 0.9233644859813098,
  "146": 0.9252336448598145,
  "147": 0.9271028037383192,
  "149": 0.9289719626168239,
  "150": 0.9308411214953286,
  "151": 0.9327102803738333,
  "152": 0.934579439252338,
  "155": 0.940186915887852,
  "157": 0.9420560747663567,
  "158": 0.9439252336448614,
  "160": 0.9495327102803753,
  "167": 0.95140186915888,
  "168": 0.9532710280373847,
  "169": 0.9551401869158894,
  "170": 0.9570093457943941,
  "171": 0.9588785046728988,
  "173": 0.9607476635514035,
  "176": 0.9626168224299082,
  "178": 0.9644859813084129,
  "180": 0.9682242990654223,
  "181": 0.9719626168224317,
  "182": 0.9775700934579457,
  "184": 0.9794392523364504,
  "186": 0.981308411214955,
  "187": 0.9831775700934597,
  "188": 0.9850467289719644,
  "191": 0.9869158878504691,
  "192": 0.9906542056074785,
  "197": 0.9925233644859832,
  "198": 0.9962616822429926,
  "199": 0.9981308411214973,
  "200": 1.000000000000002
}