{
  "2": 0.06829268292682927,
  "3": 0.16097560975609757,
  "4": 0.1902439024390244,
  "5": 0.21951219512195122,
  "6": 0.2780487804878049,
  "7": 0.3170731707317073,
  "8": 0.34146341463414637,
  "9": 0.3707317073170732,
  "10": 0.41463414634146345,
  "11": 0.4487804878048781,
  "12": 0.46341463414634154,
  "13": 0.4878048780487806,
  "14": 0.5268292682926831,
  "15": 0.5560975609756099,
  "16": 0.5658536585365855,
  "17": 0.5902439024390246,
  "18": 0.6097560975609758,
  "19": 0.6341463414634149,
  "20": 0.6536585365853661,
  "21": 0.682926829268293,
  "22": 0.7121951219512198,
  "23": 0.731707317073171,
  "24": 0.7414634146341467,
  "25": 0.7512195121951223,
  "26": 0.7804878048780491,
  "27": 0.8000000000000004,
  "28": 0.8146341463414638,
  "29": 0.8292682926829272,
  "30": 0.8487804878048785,
  "31": 0.8536585365853663,
  "32": 0.8585365853658541,
  "33": 0.8682926829268297,
  "34": 0.8780487804878053,
  "35": 0.9024390243902444,
  "36": 0.91219512195122,
  "37": 0.9219512195121956,
  "38": 0.9268292682926834,
  "39": 0.9317073170731712,
  "40": 0.9414634146341468,
  "42": 0.9512195121951225,
  "43": 0.9609756097560981,
  "44": 0.9658536585365859,
  "45": 0.9756097560975615,
  "47": 0.9804878048780493,
  "48": 0.9902439024390249,
  "57": 0.9951219512195127,
  "66": 1.0000000000000004
}