{
  "32": 0.9930000000000001,
  "33": 0.9970000000000001,
  "2": 0.115,
  "3": 0.56,
  "4": 0.791,
  "5": 0.871,
  "6": 0.914,
  "7": 0.9460000000000001,
  "8": 0.9580000000000001,
  "9": 0.9600000000000001,
  "10": 0.9680000000000001,
  "11": 0.9770000000000001,
  "12": 0.9800000000000001,
  "13": 0.9820000000000001,
  "15": 0.9880000000000001,
  "16": 0.9890000000000001,
  "34": 0.9990000000000001,
  "19": 0.9900000000000001,
  "21": 0.9910000000000001,
  "36": 1.0,
  "27": 0.9920000000000001
}