{
  "64": 1.0,
  "2": 0.113,
  "3": 0.5680000000000001,
  "4": 0.776,
  "5": 0.845,
  "6": 0.897,
  "7": 0.919,
  "8": 0.931,
  "9": 0.9450000000000001,
  "10": 0.9490000000000001,
  "11": 0.9600000000000001,
  "12": 0.9660000000000001,
  "13": 0.9710000000000001,
  "14": 0.9720000000000001,
  "15": 0.9760000000000001,
  "16": 0.9790000000000001,
  "17": 0.9820000000000001,
  "19": 0.9840000000000001,
  "20": 0.9870000000000001,
  "21": 0.9890000000000001,
  "24": 0.9900000000000001,
  "25": 0.9920000000000001,
  "29": 0.9950000000000001,
  "34": 0.9960000000000001,
  "41": 0.9970000000000001,
  "46": 0.9980000000000001,
  "63": 0.9990000000000001
}