{
  "2": 0.096,
  "3": 0.45599999999999996,
  "4": 0.6649999999999999,
  "5": 0.7719999999999999,
  "6": 0.825,
  "7": 0.875,
  "8": 0.895,
  "9": 0.914,
  "10": 0.923,
  "11": 0.927,
  "12": 0.932,
  "13": 0.9410000000000001,
  "14": 0.9470000000000001,
  "15": 0.9550000000000001,
  "16": 0.9590000000000001,
  "17": 0.9630000000000001,
  "18": 0.9690000000000001,
  "19": 0.9700000000000001,
  "20": 0.9730000000000001,
  "21": 0.9740000000000001,
  "22": 0.9750000000000001,
  "23": 0.9760000000000001,
  "24": 0.9790000000000001,
  "25": 0.9800000000000001,
  "26": 0.9820000000000001,
  "31": 0.9830000000000001,
  "33": 0.9850000000000001,
  "67": 0.9960000000000001,
  "38": 0.9860000000000001,
  "66": 0.9930000000000001,
  "71": 0.9970000000000001,
  "76": 1.0,
  "49": 0.9870000000000001,
  "51": 0.9880000000000001,
  "72": 0.9990000000000001,
  "59": 0.9890000000000001,
  "61": 0.9900000000000001,
  "62": 0.9910000000000001,
  "63": 0.9920000000000001
}