{
  "2": 0.019689119170984457,
  "3": 0.07875647668393783,
  "4": 0.10569948186528498,
  "5": 0.1461139896373057,
  "6": 0.1689119170984456,
  "7": 0.2,
  "8": 0.2290155440414508,
  "9": 0.2518134715025907,
  "10": 0.2704663212435233,
  "11": 0.29533678756476683,
  "12": 0.30984455958549223,
  "13": 0.32020725388601035,
  "14": 0.33575129533678755,
  "15": 0.35025906735751294,
  "16": 0.36683937823834195,
  "17": 0.38860103626943004,
  "18": 0.40207253886010363,
  "19": 0.41347150259067356,
  "20": 0.42797927461139895,
  "21": 0.44663212435233157,
  "22": 0.4580310880829015,
  "23": 0.4756476683937823,
  "24": 0.4911917098445595,
  "25": 0.5056994818652849,
  "26": 0.5160621761658031,
  "27": 0.5253886010362694,
  "28": 0.5347150259067357,
  "29": 0.5430051813471503,
  "30": 0.550259067357513,
  "31": 0.5523316062176166,
  "32": 0.5575129533678757,
  "33": 0.5637305699481865,
  "34": 0.5699481865284973,
  "35": 0.5782383419689119,
  "36": 0.5813471502590674,
  "37": 0.5844559585492228,
  "38": 0.5896373056994819,
  "39": 0.594818652849741,
  "40": 0.5979274611398965,
  "41": 0.606217616580311,
  "42": 0.6145077720207256,
  "43": 0.6196891191709847,
  "44": 0.6217616580310883,
  "45": 0.6279792746113991,
  "46": 0.6310880829015546,
  "47": 0.6341968911917101,
  "48": 0.6362694300518137,
  "49": 0.6404145077720209,
  "50": 0.6445595854922281,
  "51": 0.6487046632124354,
  "52": 0.650777202072539,
  "53": 0.6528497409326426,
  "54": 0.6559585492227981,
  "55": 0.6590673575129535,
  "56": 0.6642487046632126,
  "58": 0.6683937823834198,
  "59": 0.6725388601036271,
  "60": 0.6766839378238343,
  "61": 0.6797927461139898,
  "62": 0.683937823834197,
  "63": 0.6870466321243525,
  "64": 0.6922279792746115,
  "65": 0.6963730569948188,
  "66": 0.6984455958549224,
  "67": 0.7025906735751296,
  "68": 0.7077720207253887,
  "69": 0.7108808290155442,
  "70": 0.7129533678756478,
  "71": 0.7181347150259069,
  "72": 0.7202072538860105,
  "73": 0.7212435233160623,
  "74": 0.7222797927461142,
  "75": 0.7243523316062178,
  "76": 0.7295336787564769,
  "77": 0.7316062176165805,
  "78": 0.7326424870466324,
  "79": 0.734715025906736,
  "80": 0.7367875647668396,
  "81": 0.7378238341968915,
  "82": 0.7409326424870469,
  "83": 0.7430051813471505,
  "84": 0.7471502590673578,
  "85": 0.7533678756476686,
  "86": 0.7554404145077722,
  "87": 0.7606217616580313,
  "88": 0.7647668393782385,
  "89": 0.7668393782383421,
  "90": 0.767875647668394,
  "91": 0.7720207253886012,
  "92": 0.7730569948186531,
  "93": 0.7751295336787567,
  "94": 0.7803108808290158,
  "95": 0.7813471502590676,
  "96": 0.7854922279792749,
  "97": 0.7875647668393785,
  "99": 0.790673575129534,
  "100": 0.7917098445595858,
  "101": 0.7927461139896377,
  "102": 0.7958549222797932,
  "103": 0.8000000000000004,
  "105": 0.8031088082901559,
  "106": 0.8051813471502595,
  "107": 0.8072538860103631,
  "108": 0.8093264248704667,
  "109": 0.8134715025906739,
  "110": 0.8145077720207258,
  "113": 0.8155440414507776,
  "114": 0.8165803108808295,
  "115": 0.8176165803108814,
  "116": 0.8186528497409332,
  "117": 0.8196891191709851,
  "118": 0.8227979274611406,
  "119": 0.825906735751296,
  "120": 0.8269430051813479,
  "121": 0.8279792746113998,
  "122": 0.8290155440414516,
  "124": 0.8300518134715035,
  "125": 0.833160621761659,
  "129": 0.8341968911917108,
  "130": 0.8352331606217627,
  "131": 0.8373056994818663,
  "132": 0.8383419689119181,
  "133": 0.83937823834197,
  "139": 0.8404145077720219,
  "141": 0.8414507772020737,
  "142": 0.8435233160621773,
  "143": 0.845595854922281,
  "145": 0.8466321243523328,
  "146": 0.8487046632124364,
  "151": 0.8497409326424883,
  "152": 0.8507772020725402,
  "153": 0.851813471502592,
  "154": 0.8528497409326439,
  "157": 0.8538860103626957,
  "158": 0.8559585492227993,
  "159": 0.858031088082903,
  "162": 0.8601036269430066,
  "163": 0.8611398963730584,
  "165": 0.8621761658031103,
  "166": 0.8632124352331622,
  "167": 0.864248704663214,
  "168": 0.8652849740932659,
  "169": 0.8663212435233177,
  "170": 0.8683937823834214,
  "172": 0.8694300518134732,
  "173": 0.8704663212435251,
  "174": 0.8715025906735769,
  "176": 0.8735751295336805,
  "179": 0.8746113989637324,
  "180": 0.8756476683937843,
  "181": 0.8777202072538879,
  "183": 0.8787564766839397,
  "184": 0.8797927461139916,
  "189": 0.8808290155440435,
  "191": 0.8818652849740953,
  "193": 0.8829015544041472,
  "194": 0.883937823834199,
  "196": 0.8849740932642509,
  "197": 0.8860103626943028,
  "198": 0.8880829015544064,
  "535": 0.9937823834196949,
  "203": 0.8891191709844583,
  "205": 0.8901554404145101,
  "206": 0.891191709844562,
  "209": 0.8943005181347174,
  "212": 0.8953367875647693,
  "214": 0.8963730569948212,
  "216": 0.897409326424873,
  "221": 0.8984455958549249,
  "224": 0.9005181347150285,
  "225": 0.9015544041450804,
  "229": 0.9025906735751322,
  "232": 0.9036269430051841,
  "236": 0.904663212435236,
  "237": 0.9056994818652878,
  "238": 0.9077720207253914,
  "242": 0.9088082901554433,
  "243": 0.9098445595854951,
  "246": 0.910880829015547,
  "553": 0.9958549222797987,
  "248": 0.9119170984455989,
  "250": 0.9129533678756507,
  "253": 0.9150259067357543,
  "254": 0.9160621761658062,
  "255": 0.9170984455958581,
  "259": 0.9181347150259099,
  "260": 0.9191709844559618,
  "266": 0.9202072538860137,
  "267": 0.9212435233160655,
  "280": 0.9222797927461174,
  "283": 0.924352331606221,
  "284": 0.9253886010362729,
  "560": 0.9968911917098505,
  "294": 0.9264248704663247,
  "295": 0.9274611398963766,
  "296": 0.9295336787564802,
  "298": 0.930569948186532,
  "305": 0.9316062176165839,
  "307": 0.9326424870466358,
  "309": 0.9336787564766876,
  "313": 0.9347150259067395,
  "317": 0.9357512953367914,
  "319": 0.9367875647668432,
  "321": 0.9388601036269468,
  "323": 0.9398963730569987,
  "328": 0.9409326424870506,
  "329": 0.9419689119171024,
  "334": 0.9430051813471543,
  "338": 0.9440414507772061,
  "343": 0.9461139896373097,
  "344": 0.9471502590673616,
  "345": 0.9481865284974135,
  "349": 0.9492227979274653,
  "351": 0.9502590673575172,
  "354": 0.9512953367875691,
  "357": 0.9523316062176209,
  "359": 0.9533678756476728,
  "361": 0.9544041450777246,
  "362": 0.9554404145077765,
  "365": 0.9564766839378284,
  "366": 0.9575129533678802,
  "372": 0.9585492227979321,
  "574": 0.9979274611399024,
  "377": 0.9606217616580357,
  "378": 0.9616580310880876,
  "575": 0.9989637305699542,
  "576": 1.000000000000006,
  "388": 0.9626943005181394,
  "390": 0.9637305699481913,
  "514": 0.9917098445595912,
  "397": 0.9647668393782431,
  "400": 0.9668393782383468,
  "404": 0.9678756476683986,
  "405": 0.9689119170984505,
  "408": 0.9709844559585541,
  "542": 0.9948186528497468,
  "411": 0.972020725388606,
  "413": 0.9730569948186578,
  "414": 0.9740932642487097,
  "418": 0.9751295336787615,
  "419": 0.9761658031088134,
  "420": 0.9772020725388653,
  "428": 0.9782383419689171,
  "439": 0.979274611398969,
  "526": 0.9927461139896431,
  "448": 0.9803108808290208,
  "452": 0.9813471502590727,
  "453": 0.9823834196891246,
  "456": 0.9834196891191764,
  "464": 0.9844559585492283,
  "466": 0.9854922279792802,
  "473": 0.9875647668393838,
  "476": 0.9886010362694356,
  "479": 0.9896373056994875,
  "509": 0.9906735751295394
}