{
  "2": 0.030513176144244106,
  "3": 0.07628294036061026,
  "4": 0.10818307905686546,
  "5": 0.14285714285714285,
  "6": 0.16643550624133147,
  "7": 0.19001386962552008,
  "8": 0.2135922330097087,
  "9": 0.24549237170596389,
  "10": 0.25520110957004155,
  "11": 0.2662968099861303,
  "12": 0.27877947295423017,
  "13": 0.28848821081830783,
  "14": 0.3023578363384188,
  "15": 0.31345353675450754,
  "16": 0.3287101248266296,
  "17": 0.3467406380027738,
  "18": 0.3592233009708737,
  "19": 0.3772538141470179,
  "20": 0.39667128987517325,
  "21": 0.4063800277392509,
  "22": 0.42302357836338406,
  "23": 0.4313453536754506,
  "24": 0.4355062413314839,
  "25": 0.44798890429958377,
  "26": 0.45908460471567253,
  "27": 0.4715672676837724,
  "28": 0.48404993065187224,
  "29": 0.48682385575589443,
  "30": 0.4923717059639388,
  "31": 0.5062413314840498,
  "32": 0.522884882108183,
  "33": 0.5270457697642162,
  "34": 0.5367545076282939,
  "35": 0.5464632454923716,
  "36": 0.5547850208044381,
  "37": 0.5617198335644936,
  "38": 0.5686546463245491,
  "39": 0.5728155339805824,
  "40": 0.5783633841886268,
  "41": 0.5839112343966711,
  "42": 0.5908460471567266,
  "43": 0.5936199722607488,
  "44": 0.6005547850208043,
  "45": 0.6130374479889041,
  "46": 0.6171983356449374,
  "47": 0.6241331484049929,
  "48": 0.6310679611650484,
  "49": 0.6366158113730928,
  "50": 0.6421636615811371,
  "51": 0.6463245492371704,
  "52": 0.6490984743411926,
  "53": 0.6504854368932037,
  "54": 0.6588072122052703,
  "55": 0.6615811373092925,
  "56": 0.6643550624133147,
  "57": 0.6685159500693479,
  "58": 0.6726768377253812,
  "59": 0.6782246879334256,
  "60": 0.6809986130374478,
  "61": 0.68377253814147,
  "62": 0.6879334257975033,
  "63": 0.6893203883495144,
  "64": 0.6962552011095698,
  "65": 0.6976421636615809,
  "66": 0.699029126213592,
  "67": 0.7087378640776697,
  "68": 0.7156726768377252,
  "69": 0.7226074895977807,
  "70": 0.728155339805825,
  "71": 0.7323162274618583,
  "72": 0.7364771151178916,
  "73": 0.7378640776699027,
  "74": 0.7434119278779471,
  "75": 0.7461858529819693,
  "76": 0.7475728155339804,
  "77": 0.7503467406380026,
  "78": 0.7531206657420247,
  "79": 0.7558945908460469,
  "80": 0.7586685159500691,
  "81": 0.7642163661581135,
  "82": 0.7669902912621357,
  "83": 0.7739251040221912,
  "84": 0.7753120665742023,
  "85": 0.7794729542302355,
  "86": 0.7808599167822466,
  "87": 0.7891816920943132,
  "88": 0.7919556171983354,
  "89": 0.7961165048543687,
  "90": 0.800277392510402,
  "91": 0.8044382801664353,
  "92": 0.8072122052704575,
  "93": 0.8127600554785018,
  "94": 0.815533980582524,
  "95": 0.8169209431345351,
  "96": 0.8183079056865462,
  "97": 0.8196948682385573,
  "98": 0.8238557558945906,
  "99": 0.8252427184466017,
  "100": 0.8266296809986128,
  "102": 0.8321775312066572,
  "103": 0.8377253814147015,
  "104": 0.844660194174757,
  "105": 0.8474341192787792,
  "107": 0.8488210818307903,
  "108": 0.8515950069348125,
  "109": 0.8529819694868236,
  "110": 0.8543689320388347,
  "111": 0.8571428571428569,
  "112": 0.858529819694868,
  "113": 0.8599167822468791,
  "114": 0.8626907073509013,
  "116": 0.8668515950069345,
  "117": 0.8696255201109567,
  "118": 0.8710124826629678,
  "119": 0.87378640776699,
  "121": 0.8779472954230233,
  "122": 0.8834951456310677,
  "123": 0.8848821081830788,
  "124": 0.8862690707350899,
  "125": 0.8904299583911232,
  "127": 0.8918169209431343,
  "128": 0.8959778085991675,
  "129": 0.8987517337031897,
  "130": 0.9015256588072119,
  "131": 0.9056865464632452,
  "132": 0.9112343966712896,
  "133": 0.9140083217753118,
  "134": 0.9153952843273229,
  "136": 0.9195561719833562,
  "137": 0.9223300970873783,
  "138": 0.9237170596393894,
  "139": 0.9264909847434116,
  "140": 0.9278779472954227,
  "143": 0.9292649098474338,
  "144": 0.9306518723994449,
  "145": 0.932038834951456,
  "146": 0.9334257975034671,
  "147": 0.9348127600554782,
  "148": 0.9375866851595004,
  "149": 0.9389736477115115,
  "150": 0.9417475728155337,
  "152": 0.9431345353675448,
  "153": 0.9445214979195559,
  "157": 0.945908460471567,
  "158": 0.947295423023578,
  "160": 0.9528432732316224,
  "162": 0.9556171983356446,
  "164": 0.9570041608876557,
  "165": 0.9597780859916779,
  "168": 0.9639389736477112,
  "169": 0.9667128987517334,
  "172": 0.9680998613037445,
  "173": 0.9694868238557556,
  "174": 0.9736477115117889,
  "175": 0.9750346740638,
  "177": 0.976421636615811,
  "180": 0.9778085991678221,
  "182": 0.9819694868238554,
  "183": 0.9833564493758665,
  "184": 0.9847434119278776,
  "187": 0.9889042995839109,
  "192": 0.990291262135922,
  "193": 0.9930651872399442,
  "194": 0.9972260748959775,
  "196": 0.9986130374479886,
  "200": 0.9999999999999997
}