{
  "2": 0.034236804564907276,
  "3": 0.07988587731811697,
  "4": 0.1312410841654779,
  "5": 0.1797432239657632,
  "6": 0.21683309557774608,
  "7": 0.23823109843081314,
  "8": 0.24964336661911557,
  "9": 0.2696148359486448,
  "10": 0.28815977175463625,
  "11": 0.3052781740370899,
  "12": 0.333808844507846,
  "13": 0.348074179743224,
  "14": 0.3680456490727533,
  "15": 0.3823109843081313,
  "16": 0.39372325249643375,
  "17": 0.4051355206847362,
  "18": 0.413694721825963,
  "19": 0.4265335235378032,
  "20": 0.43223965763195443,
  "21": 0.44222539229671903,
  "22": 0.44793152639087025,
  "23": 0.46362339514978607,
  "24": 0.46790299572039945,
  "25": 0.4907275320970043,
  "26": 0.5021398002853067,
  "27": 0.5106990014265335,
  "28": 0.5206847360912981,
  "29": 0.5335235378031383,
  "30": 0.5435092724679029,
  "31": 0.5520684736091297,
  "32": 0.5563480741797431,
  "33": 0.5663338088445077,
  "34": 0.5734664764621967,
  "35": 0.5834522111269613,
  "37": 0.5877318116975747,
  "38": 0.5920114122681881,
  "39": 0.5977175463623393,
  "40": 0.6062767475035661,
  "41": 0.6105563480741795,
  "42": 0.6205420827389441,
  "43": 0.6233951497860196,
  "44": 0.6262482168330952,
  "45": 0.6305278174037086,
  "46": 0.6376604850213976,
  "47": 0.6447931526390867,
  "48": 0.6462196861626245,
  "49": 0.6562054208273891,
  "50": 0.6590584878744646,
  "51": 0.6661911554921537,
  "52": 0.6718972895863049,
  "53": 0.6776034236804561,
  "54": 0.6861626248216829,
  "55": 0.6904422253922963,
  "56": 0.6947218259629097,
  "57": 0.699001426533523,
  "58": 0.7032810271041364,
  "59": 0.7118402282453632,
  "60": 0.72039942938659,
  "61": 0.7289586305278167,
  "62": 0.734664764621968,
  "63": 0.7360912981455058,
  "64": 0.7389443651925813,
  "65": 0.7403708987161192,
  "66": 0.7460770328102704,
  "67": 0.7475035663338082,
  "68": 0.7517831669044216,
  "69": 0.7532097004279594,
  "70": 0.7589158345221106,
  "71": 0.7617689015691862,
  "72": 0.763195435092724,
  "73": 0.7660485021397996,
  "74": 0.770328102710413,
  "76": 0.7731811697574885,
  "77": 0.7760342368045641,
  "79": 0.7817403708987153,
  "80": 0.7831669044222531,
  "81": 0.7860199714693287,
  "82": 0.7874465049928665,
  "83": 0.7888730385164043,
  "84": 0.7902995720399422,
  "85": 0.7931526390870177,
  "86": 0.7960057061340933,
  "87": 0.7988587731811688,
  "88": 0.80456490727532,
  "89": 0.8059914407988579,
  "90": 0.8074179743223957,
  "91": 0.8088445078459335,
  "92": 0.8131241084165469,
  "93": 0.8159771754636225,
  "95": 0.8174037089871603,
  "98": 0.8216833095577737,
  "99": 0.8259629101283871,
  "100": 0.8273894436519249,
  "101": 0.8302425106990005,
  "102": 0.8359486447931517,
  "103": 0.8373751783166895,
  "104": 0.8402282453637651,
  "105": 0.8430813124108406,
  "106": 0.8445078459343784,
  "107": 0.8459343794579163,
  "108": 0.8516405135520675,
  "109": 0.854493580599143,
  "111": 0.8559201141226809,
  "112": 0.8573466476462187,
  "114": 0.8601997146932943,
  "115": 0.8616262482168321,
  "116": 0.8644793152639076,
  "117": 0.868758915834521,
  "119": 0.8716119828815966,
  "120": 0.87589158345221,
  "121": 0.8787446504992855,
  "122": 0.8801711840228233,
  "124": 0.8830242510698989,
  "125": 0.8873038516405123,
  "126": 0.8930099857346635,
  "128": 0.8944365192582013,
  "130": 0.8972895863052769,
  "132": 0.8987161198288147,
  "134": 0.9001426533523526,
  "135": 0.9015691868758904,
  "138": 0.9044222539229659,
  "139": 0.9087018544935793,
  "140": 0.9101283880171172,
  "141": 0.911554921540655,
  "142": 0.9158345221112684,
  "144": 0.9186875891583439,
  "147": 0.9201141226818818,
  "148": 0.9215406562054196,
  "149": 0.9229671897289574,
  "150": 0.925820256776033,
  "152": 0.9272467902995708,
  "153": 0.9286733238231086,
  "154": 0.9315263908701842,
  "155": 0.932952924393722,
  "156": 0.9343794579172598,
  "157": 0.9358059914407977,
  "161": 0.9386590584878732,
  "162": 0.9415121255349488,
  "164": 0.9429386590584866,
  "165": 0.9443651925820244,
  "166": 0.9457917261055623,
  "168": 0.9486447931526378,
  "169": 0.9514978601997134,
  "170": 0.9543509272467889,
  "171": 0.9557774607703268,
  "173": 0.9572039942938646,
  "175": 0.9586305278174024,
  "179": 0.9629101283880158,
  "180": 0.9671897289586292,
  "181": 0.9728958630527804,
  "182": 0.9743223965763183,
  "184": 0.9757489300998561,
  "185": 0.9814550641940073,
  "187": 0.9828815977175451,
  "189": 0.9857346647646207,
  "190": 0.9871611982881585,
  "194": 0.9914407988587719,
  "195": 0.9928673323823097,
  "198": 0.9942938659058476,
  "199": 0.9971469329529231,
  "200": 0.9999999999999987
}