{
  "2": 0.02664796633941094,
  "3": 0.06451612903225806,
  "4": 0.09256661991584852,
  "5": 0.11921458625525946,
  "6": 0.15287517531556802,
  "7": 0.17812061711079943,
  "8": 0.2005610098176718,
  "9": 0.21598877980364656,
  "10": 0.24123422159887797,
  "11": 0.2720897615708275,
  "12": 0.29032258064516125,
  "13": 0.3043478260869565,
  "14": 0.31977559607293127,
  "15": 0.332398316970547,
  "16": 0.35063113604488083,
  "17": 0.37166900420757365,
  "18": 0.3856942496493689,
  "19": 0.40252454417952316,
  "20": 0.4165497896213184,
  "21": 0.4291725105189341,
  "22": 0.44460028050490885,
  "23": 0.45582047685834504,
  "24": 0.4642356241234222,
  "25": 0.4726507713884993,
  "26": 0.49088359046283314,
  "27": 0.5063113604488079,
  "28": 0.5189340813464236,
  "29": 0.5301542776998598,
  "30": 0.5371669004207574,
  "31": 0.5568022440392708,
  "32": 0.5666199158485274,
  "33": 0.5750350631136045,
  "34": 0.5834502103786816,
  "35": 0.5890603085553997,
  "36": 0.5960729312762973,
  "37": 0.6002805049088359,
  "38": 0.6086956521739131,
  "39": 0.6185133239831697,
  "40": 0.6283309957924264,
  "41": 0.635343618513324,
  "42": 0.6423562412342216,
  "43": 0.6479663394109397,
  "44": 0.6521739130434783,
  "45": 0.6591865357643759,
  "46": 0.6661991584852736,
  "47": 0.6732117812061712,
  "48": 0.6802244039270688,
  "49": 0.6872370266479665,
  "51": 0.6900420757363255,
  "52": 0.6998597475455821,
  "53": 0.7026647966339412,
  "54": 0.7068723702664798,
  "55": 0.7096774193548387,
  "56": 0.7194950911640954,
  "57": 0.7251051893408135,
  "58": 0.729312762973352,
  "59": 0.7335203366058906,
  "60": 0.7363253856942495,
  "61": 0.7391304347826086,
  "62": 0.7419354838709677,
  "63": 0.7461430575035063,
  "64": 0.7517531556802244,
  "65": 0.7545582047685835,
  "66": 0.7573632538569426,
  "67": 0.7601683029453017,
  "68": 0.7643758765778402,
  "69": 0.7671809256661992,
  "70": 0.7685834502103788,
  "71": 0.7699859747545583,
  "72": 0.7713884992987379,
  "73": 0.7755960729312764,
  "74": 0.7784011220196354,
  "76": 0.7812061711079945,
  "77": 0.785413744740533,
  "78": 0.7896213183730716,
  "79": 0.7910238429172511,
  "80": 0.7924263674614307,
  "81": 0.7966339410939692,
  "82": 0.8008415147265078,
  "83": 0.8022440392706873,
  "84": 0.8050490883590464,
  "85": 0.8120617110799441,
  "86": 0.8134642356241236,
  "87": 0.8162692847124826,
  "88": 0.8204768583450212,
  "89": 0.8232819074333801,
  "90": 0.8246844319775597,
  "91": 0.8302945301542778,
  "92": 0.8345021037868163,
  "93": 0.8387096774193549,
  "94": 0.8457223001402525,
  "95": 0.8555399719495091,
  "96": 0.8583450210378682,
  "97": 0.8625525946704068,
  "100": 0.8667601683029453,
  "101": 0.8681626928471249,
  "102": 0.870967741935484,
  "103": 0.8723702664796635,
  "104": 0.8737727910238431,
  "105": 0.8751753155680226,
  "106": 0.8765778401122022,
  "107": 0.8807854137447407,
  "108": 0.8821879382889203,
  "109": 0.8849929873772793,
  "110": 0.8877980364656384,
  "111": 0.8906030855539975,
  "112": 0.8934081346423566,
  "113": 0.8976157082748951,
  "114": 0.8990182328190747,
  "115": 0.9004207573632542,
  "118": 0.9046283309957928,
  "119": 0.9060308555399723,
  "120": 0.9074333800841519,
  "121": 0.9088359046283314,
  "124": 0.910238429172511,
  "126": 0.9116409537166905,
  "129": 0.9144460028050496,
  "131": 0.9186535764375882,
  "132": 0.9200561009817677,
  "133": 0.9228611500701267,
  "134": 0.9256661991584858,
  "135": 0.9270687237026654,
  "136": 0.9284712482468449,
  "138": 0.9298737727910245,
  "139": 0.9326788218793836,
  "140": 0.9340813464235631,
  "143": 0.9382889200561016,
  "145": 0.9410939691444606,
  "146": 0.9467040673211787,
  "147": 0.9481065918653583,
  "150": 0.9509116409537173,
  "152": 0.9523141654978968,
  "153": 0.9551192145862559,
  "155": 0.957924263674615,
  "156": 0.9607293127629741,
  "159": 0.9635343618513332,
  "160": 0.9677419354838718,
  "161": 0.9705469845722308,
  "162": 0.9733520336605899,
  "164": 0.9747545582047694,
  "165": 0.976157082748949,
  "166": 0.9775596072931285,
  "167": 0.9789621318373081,
  "168": 0.9803646563814876,
  "169": 0.9817671809256672,
  "170": 0.9831697054698467,
  "172": 0.9845722300140263,
  "174": 0.9859747545582058,
  "175": 0.9873772791023854,
  "176": 0.9901823281907445,
  "177": 0.991584852734924,
  "178": 0.9929873772791036,
  "180": 0.9943899018232831,
  "190": 0.9957924263674627,
  "195": 0.9971949509116422,
  "196": 0.9985974754558218,
  "198": 1.0000000000000013
}