{
  "2": 0.049689440993788817,
  "3": 0.14906832298136646,
  "4": 0.2173913043478261,
  "5": 0.2732919254658385,
  "6": 0.3146997929606625,
  "7": 0.34782608695652173,
  "8": 0.38095238095238093,
  "9": 0.4192546583850931,
  "10": 0.44513457556935815,
  "11": 0.47101449275362317,
  "12": 0.49585921325051757,
  "13": 0.5175983436853002,
  "14": 0.5289855072463768,
  "15": 0.5496894409937888,
  "16": 0.562111801242236,
  "17": 0.5745341614906833,
  "18": 0.5859213250517599,
  "19": 0.6035196687370601,
  "20": 0.6138716356107661,
  "21": 0.6252587991718427,
  "22": 0.629399585921325,
  "23": 0.639751552795031,
  "24": 0.6532091097308489,
  "25": 0.6625258799171843,
  "26": 0.6697722567287785,
  "27": 0.6780538302277433,
  "28": 0.6821946169772257,
  "29": 0.68944099378882,
  "30": 0.7008281573498966,
  "31": 0.7080745341614908,
  "32": 0.715320910973085,
  "33": 0.7184265010351968,
  "34": 0.7225672877846792,
  "35": 0.7277432712215322,
  "36": 0.7308488612836439,
  "37": 0.7360248447204969,
  "38": 0.7380952380952381,
  "39": 0.7422360248447205,
  "40": 0.7474120082815735,
  "41": 0.7525879917184265,
  "42": 0.7567287784679089,
  "43": 0.7619047619047619,
  "44": 0.7650103519668736,
  "45": 0.7701863354037266,
  "46": 0.7753623188405796,
  "47": 0.7774327122153208,
  "48": 0.7784679089026915,
  "50": 0.7836438923395445,
  "51": 0.7846790890269151,
  "52": 0.7908902691511387,
  "54": 0.7929606625258799,
  "55": 0.7950310559006212,
  "56": 0.7981366459627329,
  "58": 0.8002070393374742,
  "59": 0.8012422360248448,
  "60": 0.8043478260869565,
  "61": 0.8064182194616978,
  "62": 0.8074534161490684,
  "63": 0.8105590062111802,
  "64": 0.8136645962732919,
  "65": 0.8178053830227743,
  "66": 0.8229813664596273,
  "67": 0.826086956521739,
  "68": 0.8271221532091096,
  "69": 0.8281573498964803,
  "70": 0.8302277432712215,
  "71": 0.8312629399585921,
  "72": 0.8333333333333334,
  "74": 0.8374741200828157,
  "75": 0.8405797101449275,
  "77": 0.8416149068322981,
  "78": 0.8457556935817805,
  "79": 0.8467908902691511,
  "80": 0.8498964803312629,
  "81": 0.8530020703933746,
  "82": 0.8540372670807452,
  "83": 0.8550724637681159,
  "84": 0.8592132505175982,
  "85": 0.86231884057971,
  "86": 0.8643892339544512,
  "88": 0.8664596273291925,
  "89": 0.8674948240165631,
  "90": 0.8685300207039337,
  "91": 0.8695652173913043,
  "92": 0.870600414078675,
  "94": 0.8726708074534162,
  "97": 0.8747412008281574,
  "99": 0.8778467908902692,
  "101": 0.8788819875776398,
  "102": 0.8819875776397516,
  "103": 0.8850931677018633,
  "105": 0.888198757763975,
  "106": 0.893374741200828,
  "108": 0.8954451345755693,
  "109": 0.8964803312629399,
  "110": 0.8975155279503105,
  "112": 0.8985507246376812,
  "113": 0.8995859213250518,
  "114": 0.9006211180124224,
  "116": 0.9057971014492754,
  "117": 0.9078674948240166,
  "119": 0.9109730848861284,
  "121": 0.912008281573499,
  "123": 0.917184265010352,
  "124": 0.9182194616977226,
  "125": 0.9213250517598344,
  "126": 0.9254658385093167,
  "127": 0.927536231884058,
  "128": 0.9306418219461697,
  "130": 0.9316770186335404,
  "131": 0.9347826086956521,
  "132": 0.9358178053830227,
  "133": 0.9368530020703933,
  "134": 0.937888198757764,
  "135": 0.9399585921325052,
  "139": 0.9420289855072465,
  "140": 0.9461697722567288,
  "141": 0.9472049689440994,
  "142": 0.9482401656314701,
  "144": 0.9513457556935818,
  "145": 0.9523809523809524,
  "147": 0.9534161490683231,
  "148": 0.9544513457556937,
  "149": 0.9554865424430643,
  "150": 0.958592132505176,
  "151": 0.9596273291925467,
  "155": 0.9606625258799173,
  "157": 0.9616977225672879,
  "159": 0.9627329192546585,
  "160": 0.9648033126293998,
  "161": 0.9658385093167704,
  "162": 0.966873706004141,
  "163": 0.9679089026915116,
  "164": 0.9689440993788823,
  "165": 0.9699792960662529,
  "166": 0.9710144927536235,
  "168": 0.9720496894409941,
  "169": 0.9741200828157354,
  "171": 0.975155279503106,
  "172": 0.9772256728778472,
  "173": 0.9782608695652178,
  "175": 0.9803312629399591,
  "176": 0.9824016563147003,
  "178": 0.9844720496894416,
  "179": 0.9865424430641828,
  "181": 0.9875776397515534,
  "184": 0.9906832298136652,
  "185": 0.9917184265010358,
  "188": 0.9948240165631476,
  "194": 0.9958592132505182,
  "195": 0.9968944099378888,
  "199": 1.0000000000000007
}