{
  "2": 0.018072289156626505,
  "3": 0.05873493975903614,
  "4": 0.10090361445783132,
  "5": 0.1325301204819277,
  "6": 0.15512048192771083,
  "7": 0.18674698795180722,
  "8": 0.20933734939759036,
  "9": 0.24096385542168675,
  "10": 0.27259036144578314,
  "11": 0.2921686746987952,
  "12": 0.3162650602409639,
  "13": 0.3403614457831326,
  "14": 0.35542168674698804,
  "15": 0.3704819277108435,
  "16": 0.38855421686747,
  "17": 0.4006024096385543,
  "18": 0.4216867469879519,
  "19": 0.43674698795180733,
  "20": 0.44879518072289165,
  "21": 0.45632530120481934,
  "22": 0.4698795180722892,
  "23": 0.4834337349397591,
  "24": 0.48795180722891573,
  "25": 0.496987951807229,
  "26": 0.5060240963855422,
  "27": 0.5195783132530121,
  "28": 0.5225903614457832,
  "29": 0.5286144578313253,
  "30": 0.5421686746987951,
  "31": 0.5587349397590361,
  "32": 0.5662650602409638,
  "33": 0.5768072289156626,
  "34": 0.5933734939759036,
  "35": 0.6099397590361445,
  "36": 0.6159638554216866,
  "37": 0.6249999999999999,
  "38": 0.6355421686746987,
  "39": 0.644578313253012,
  "40": 0.6596385542168673,
  "41": 0.6611445783132529,
  "42": 0.6746987951807227,
  "43": 0.6792168674698793,
  "44": 0.6837349397590359,
  "45": 0.6927710843373491,
  "46": 0.706325301204819,
  "47": 0.7153614457831322,
  "48": 0.7228915662650599,
  "49": 0.7243975903614455,
  "50": 0.728915662650602,
  "51": 0.7319277108433732,
  "52": 0.7364457831325297,
  "53": 0.7409638554216863,
  "54": 0.7439759036144574,
  "55": 0.7515060240963851,
  "56": 0.7560240963855417,
  "57": 0.7590361445783128,
  "58": 0.7665662650602405,
  "59": 0.7725903614457826,
  "60": 0.7801204819277103,
  "62": 0.7816265060240959,
  "63": 0.7861445783132525,
  "64": 0.787650602409638,
  "66": 0.7951807228915657,
  "67": 0.8012048192771078,
  "68": 0.80722891566265,
  "69": 0.8102409638554211,
  "70": 0.8117469879518067,
  "71": 0.8147590361445778,
  "72": 0.8192771084337344,
  "74": 0.8253012048192765,
  "75": 0.8298192771084331,
  "76": 0.8313253012048186,
  "77": 0.8373493975903608,
  "78": 0.8403614457831319,
  "79": 0.8418674698795174,
  "80": 0.846385542168674,
  "82": 0.8524096385542161,
  "84": 0.8539156626506017,
  "85": 0.8554216867469873,
  "86": 0.8599397590361438,
  "87": 0.8644578313253004,
  "88": 0.865963855421686,
  "89": 0.8704819277108425,
  "91": 0.8749999999999991,
  "92": 0.8810240963855412,
  "94": 0.8840361445783124,
  "96": 0.8885542168674689,
  "97": 0.8900602409638545,
  "99": 0.8945783132530111,
  "101": 0.8975903614457822,
  "103": 0.9006024096385533,
  "105": 0.9036144578313244,
  "106": 0.9066265060240956,
  "107": 0.9081325301204811,
  "108": 0.9126506024096377,
  "109": 0.9156626506024088,
  "110": 0.9186746987951799,
  "112": 0.921686746987951,
  "113": 0.9246987951807222,
  "116": 0.9262048192771077,
  "117": 0.9292168674698789,
  "119": 0.9337349397590354,
  "123": 0.9367469879518066,
  "124": 0.9382530120481921,
  "126": 0.9397590361445777,
  "127": 0.9412650602409632,
  "129": 0.9442771084337344,
  "130": 0.9457831325301199,
  "132": 0.948795180722891,
  "135": 0.9518072289156622,
  "136": 0.9533132530120477,
  "137": 0.9563253012048188,
  "138": 0.9578313253012044,
  "140": 0.962349397590361,
  "142": 0.9638554216867465,
  "150": 0.9653614457831321,
  "151": 0.9668674698795177,
  "152": 0.9698795180722888,
  "154": 0.9713855421686743,
  "156": 0.9728915662650599,
  "161": 0.975903614457831,
  "164": 0.9774096385542166,
  "165": 0.9789156626506021,
  "166": 0.9804216867469877,
  "170": 0.9819277108433733,
  "172": 0.9834337349397588,
  "174": 0.98644578313253,
  "176": 0.9879518072289155,
  "180": 0.9894578313253011,
  "187": 0.9924698795180722,
  "190": 0.9939759036144578,
  "192": 0.9954819277108433,
  "194": 0.9969879518072289,
  "198": 1.0
}