{
  "2": 0.027338129496402876,
  "3": 0.058992805755395686,
  "4": 0.0920863309352518,
  "5": 0.13093525179856114,
  "6": 0.14964028776978416,
  "7": 0.1884892086330935,
  "8": 0.21726618705035972,
  "9": 0.2460431654676259,
  "10": 0.26906474820143883,
  "11": 0.2892086330935252,
  "12": 0.30503597122302156,
  "13": 0.32230215827338127,
  "14": 0.3366906474820144,
  "15": 0.3510791366906475,
  "16": 0.3726618705035971,
  "17": 0.39424460431654673,
  "18": 0.4143884892086331,
  "19": 0.42446043165467623,
  "20": 0.44172661870503593,
  "21": 0.4503597122302158,
  "22": 0.46906474820143884,
  "23": 0.4748201438848921,
  "24": 0.48776978417266187,
  "25": 0.49928057553956834,
  "26": 0.5079136690647482,
  "27": 0.5179856115107914,
  "28": 0.5294964028776978,
  "29": 0.5338129496402878,
  "30": 0.5395683453237411,
  "31": 0.5482014388489209,
  "32": 0.5539568345323742,
  "33": 0.5654676258992807,
  "34": 0.571223021582734,
  "35": 0.5827338129496404,
  "36": 0.5884892086330937,
  "37": 0.589928057553957,
  "38": 0.5971223021582736,
  "39": 0.6000000000000002,
  "40": 0.6115107913669067,
  "41": 0.6230215827338131,
  "43": 0.6287769784172664,
  "44": 0.6316546762589931,
  "45": 0.6374100719424464,
  "46": 0.6417266187050363,
  "47": 0.6561151079136694,
  "48": 0.6589928057553961,
  "49": 0.6633093525179861,
  "50": 0.6705035971223026,
  "51": 0.6791366906474824,
  "52": 0.6892086330935255,
  "53": 0.6978417266187054,
  "54": 0.7050359712230219,
  "55": 0.7122302158273384,
  "56": 0.715107913669065,
  "57": 0.7208633093525183,
  "58": 0.7266187050359716,
  "59": 0.7366906474820147,
  "60": 0.7410071942446047,
  "61": 0.746762589928058,
  "62": 0.751079136690648,
  "63": 0.7539568345323746,
  "64": 0.7597122302158279,
  "65": 0.7611510791366912,
  "66": 0.7640287769784179,
  "67": 0.7654676258992812,
  "68": 0.7769784172661877,
  "69": 0.782733812949641,
  "70": 0.7884892086330942,
  "71": 0.7942446043165475,
  "72": 0.8000000000000008,
  "73": 0.8028776978417275,
  "74": 0.8086330935251808,
  "75": 0.814388489208634,
  "76": 0.8158273381294974,
  "77": 0.8215827338129507,
  "78": 0.8244604316546773,
  "79": 0.8287769784172673,
  "80": 0.8330935251798572,
  "81": 0.8345323741007206,
  "82": 0.8359712230215839,
  "84": 0.8388489208633105,
  "86": 0.846043165467627,
  "87": 0.8489208633093537,
  "88": 0.850359712230217,
  "89": 0.8517985611510803,
  "90": 0.854676258992807,
  "91": 0.8561151079136703,
  "92": 0.8575539568345336,
  "93": 0.8604316546762603,
  "94": 0.8618705035971236,
  "95": 0.8647482014388502,
  "96": 0.8661870503597136,
  "97": 0.8676258992805769,
  "98": 0.8719424460431668,
  "100": 0.8733812949640302,
  "101": 0.8776978417266201,
  "102": 0.8805755395683468,
  "103": 0.8820143884892101,
  "104": 0.8848920863309367,
  "105": 0.8863309352518001,
  "106": 0.8877697841726634,
  "107": 0.89064748201439,
  "109": 0.8920863309352534,
  "111": 0.89496402877698,
  "112": 0.9007194244604333,
  "114": 0.9035971223021599,
  "115": 0.9079136690647499,
  "116": 0.9107913669064766,
  "117": 0.9122302158273399,
  "118": 0.9136690647482032,
  "120": 0.9151079136690665,
  "123": 0.9179856115107932,
  "125": 0.9223021582733831,
  "126": 0.9266187050359731,
  "129": 0.9280575539568364,
  "130": 0.9294964028776997,
  "131": 0.9309352517985631,
  "132": 0.9323741007194264,
  "133": 0.9338129496402897,
  "134": 0.935251798561153,
  "135": 0.9366906474820164,
  "137": 0.9381294964028797,
  "138": 0.9410071942446063,
  "143": 0.943884892086333,
  "145": 0.9453237410071963,
  "147": 0.9467625899280596,
  "148": 0.9482014388489229,
  "149": 0.9510791366906496,
  "150": 0.9525179856115129,
  "151": 0.9553956834532396,
  "152": 0.9582733812949662,
  "157": 0.9597122302158295,
  "159": 0.9640287769784195,
  "163": 0.9654676258992828,
  "165": 0.9669064748201461,
  "168": 0.9683453237410095,
  "173": 0.9697841726618728,
  "174": 0.9726618705035994,
  "177": 0.9755395683453261,
  "179": 0.9769784172661894,
  "181": 0.9784172661870527,
  "182": 0.979856115107916,
  "186": 0.9812949640287794,
  "187": 0.9827338129496427,
  "189": 0.984172661870506,
  "190": 0.988489208633096,
  "192": 0.9899280575539593,
  "193": 0.9942446043165493,
  "195": 0.9956834532374126,
  "196": 0.9971223021582759,
  "198": 0.9985611510791392,
  "200": 1.0000000000000024
}