{
  "2": 0.05093555093555094,
  "3": 0.12993762993762994,
  "4": 0.183991683991684,
  "5": 0.23596673596673598,
  "6": 0.27442827442827444,
  "7": 0.31185031185031187,
  "8": 0.34511434511434513,
  "9": 0.3700623700623701,
  "10": 0.39604989604989604,
  "11": 0.41995841995842,
  "12": 0.44490644490644493,
  "13": 0.46153846153846156,
  "14": 0.48128898128898134,
  "15": 0.497920997920998,
  "16": 0.5083160083160083,
  "17": 0.527027027027027,
  "18": 0.5384615384615384,
  "19": 0.5498960498960499,
  "20": 0.5644490644490645,
  "21": 0.577962577962578,
  "22": 0.5935550935550936,
  "23": 0.5997920997920998,
  "24": 0.6112266112266113,
  "25": 0.6164241164241164,
  "26": 0.6237006237006237,
  "27": 0.62993762993763,
  "28": 0.6413721413721415,
  "29": 0.6455301455301456,
  "30": 0.652806652806653,
  "31": 0.6559251559251561,
  "32": 0.6600831600831603,
  "33": 0.6704781704781706,
  "34": 0.6756756756756758,
  "35": 0.6839916839916841,
  "36": 0.6881496881496882,
  "37": 0.6902286902286903,
  "38": 0.6912681912681913,
  "39": 0.6975051975051976,
  "40": 0.7006237006237007,
  "41": 0.7068607068607069,
  "42": 0.7130977130977132,
  "43": 0.7182952182952184,
  "44": 0.7245322245322245,
  "45": 0.7286902286902287,
  "46": 0.7338877338877339,
  "47": 0.737006237006237,
  "48": 0.7442827442827443,
  "49": 0.7505197505197505,
  "50": 0.7525987525987525,
  "51": 0.7536382536382535,
  "52": 0.7577962577962577,
  "53": 0.7598752598752598,
  "54": 0.7609147609147608,
  "55": 0.7671517671517671,
  "56": 0.7692307692307692,
  "57": 0.7713097713097712,
  "58": 0.7744282744282743,
  "59": 0.7775467775467775,
  "60": 0.7785862785862785,
  "61": 0.7806652806652805,
  "62": 0.7858627858627857,
  "63": 0.7889812889812888,
  "64": 0.792099792099792,
  "65": 0.7941787941787941,
  "66": 0.7993762993762993,
  "67": 0.8004158004158003,
  "68": 0.8045738045738045,
  "69": 0.8076923076923076,
  "70": 0.8108108108108107,
  "71": 0.817047817047817,
  "72": 0.8191268191268191,
  "73": 0.8212058212058211,
  "74": 0.8243243243243242,
  "75": 0.8264033264033264,
  "76": 0.8284823284823284,
  "77": 0.8326403326403325,
  "79": 0.8336798336798336,
  "80": 0.8367983367983367,
  "81": 0.8409563409563409,
  "82": 0.844074844074844,
  "83": 0.8482328482328482,
  "84": 0.8503118503118503,
  "85": 0.8523908523908523,
  "86": 0.8544698544698544,
  "87": 0.8575883575883575,
  "88": 0.8586278586278585,
  "89": 0.8617463617463617,
  "90": 0.8638253638253637,
  "91": 0.8659043659043657,
  "92": 0.8679833679833677,
  "93": 0.8690228690228687,
  "95": 0.8742203742203739,
  "96": 0.877338877338877,
  "97": 0.8794178794178791,
  "98": 0.8804573804573801,
  "100": 0.8814968814968811,
  "101": 0.8825363825363821,
  "102": 0.8856548856548853,
  "103": 0.8877338877338874,
  "105": 0.8887733887733884,
  "106": 0.8918918918918916,
  "108": 0.8929313929313926,
  "109": 0.8939708939708936,
  "111": 0.8950103950103946,
  "112": 0.8970893970893967,
  "113": 0.8991683991683987,
  "114": 0.9012474012474008,
  "115": 0.9064449064449059,
  "118": 0.9106029106029101,
  "120": 0.9126819126819121,
  "121": 0.9168399168399163,
  "122": 0.9178794178794173,
  "124": 0.9189189189189183,
  "125": 0.9220374220374215,
  "126": 0.9251559251559246,
  "129": 0.9272349272349267,
  "130": 0.9303534303534299,
  "131": 0.9313929313929309,
  "132": 0.9324324324324319,
  "134": 0.934511434511434,
  "135": 0.935550935550935,
  "136": 0.9376299376299371,
  "138": 0.9397089397089391,
  "140": 0.9407484407484401,
  "141": 0.9417879417879411,
  "144": 0.9449064449064443,
  "145": 0.9469854469854464,
  "146": 0.9480249480249474,
  "147": 0.9490644490644484,
  "148": 0.9532224532224526,
  "150": 0.9553014553014547,
  "151": 0.9563409563409557,
  "154": 0.9573804573804567,
  "155": 0.9584199584199578,
  "156": 0.9594594594594588,
  "157": 0.9604989604989598,
  "158": 0.9625779625779618,
  "159": 0.9646569646569638,
  "162": 0.967775467775467,
  "165": 0.9719334719334711,
  "168": 0.9729729729729721,
  "169": 0.9740124740124732,
  "171": 0.9760914760914752,
  "175": 0.9771309771309762,
  "176": 0.9781704781704772,
  "179": 0.9802494802494792,
  "180": 0.9823284823284812,
  "182": 0.9833679833679823,
  "185": 0.9844074844074833,
  "186": 0.9864864864864853,
  "189": 0.9885654885654873,
  "190": 0.9896049896049883,
  "191": 0.9916839916839904,
  "193": 0.9927234927234914,
  "196": 0.9937629937629924,
  "197": 0.9968814968814955,
  "198": 0.9979209979209965,
  "199": 0.9989604989604975,
  "200": 0.9999999999999986
}