{
  "64": 0.9953596287703013,
  "68": 0.9976798143851504,
  "2": 0.04176334106728538,
  "3": 0.32946635730858465,
  "4": 0.574245939675174,
  "5": 0.6937354988399071,
  "6": 0.7807424593967517,
  "7": 0.8433874709976797,
  "8": 0.8874709976798143,
  "9": 0.8979118329466357,
  "10": 0.9245939675174013,
  "11": 0.9501160092807424,
  "12": 0.9593967517401392,
  "13": 0.9663573085846867,
  "14": 0.9686774941995359,
  "15": 0.9698375870069604,
  "16": 0.9721577726218096,
  "17": 0.9756380510440834,
  "18": 0.9791183294663572,
  "67": 0.9965197215777258,
  "23": 0.9802784222737818,
  "24": 0.9814385150812064,
  "25": 0.982598607888631,
  "26": 0.9837587006960555,
  "27": 0.9849187935034801,
  "29": 0.9860788863109047,
  "69": 0.998839907192575,
  "32": 0.9872389791183293,
  "36": 0.9883990719257538,
  "37": 0.9895591647331784,
  "39": 0.990719257540603,
  "51": 0.9918793503480275,
  "58": 0.9930394431554521,
  "59": 0.9941995359628767,
  "70": 0.9999999999999996
}