{
  "2": 0.34,
  "3": 0.5710000000000001,
  "4": 0.6250000000000001,
  "5": 0.7050000000000001,
  "6": 0.8280000000000001,
  "7": 0.887,
  "8": 0.903,
  "9": 0.935,
  "10": 0.9390000000000001,
  "11": 0.9500000000000001,
  "12": 0.9720000000000001,
  "13": 0.9770000000000001,
  "14": 0.9880000000000001,
  "15": 0.9910000000000001,
  "16": 0.9960000000000001,
  "20": 1.0
}