{
  "2": 0.313,
  "3": 0.612,
  "4": 0.728,
  "5": 0.8109999999999999,
  "6": 0.857,
  "7": 0.887,
  "8": 0.904,
  "9": 0.916,
  "10": 0.932,
  "11": 0.9400000000000001,
  "12": 0.9510000000000001,
  "13": 0.9580000000000001,
  "14": 0.9660000000000001,
  "15": 0.9730000000000001,
  "16": 0.9740000000000001,
  "17": 0.9770000000000001,
  "18": 0.9810000000000001,
  "20": 0.9820000000000001,
  "21": 0.9840000000000001,
  "22": 0.9880000000000001,
  "23": 0.9910000000000001,
  "24": 0.9940000000000001,
  "25": 0.9950000000000001,
  "26": 0.9960000000000001,
  "31": 0.9970000000000001,
  "32": 0.9980000000000001,
  "34": 1.0
}