{
  "2": 0.029087261785356068,
  "3": 0.08525576730190572,
  "4": 0.12236710130391174,
  "5": 0.14744232698094284,
  "6": 0.16449348044132397,
  "7": 0.17953861584754263,
  "8": 0.20060180541624875,
  "9": 0.2196589769307924,
  "10": 0.2407221664994985,
  "11": 0.25376128385155466,
  "12": 0.2668004012036108,
  "13": 0.2728184553660983,
  "14": 0.2868605817452357,
  "15": 0.2978936810431294,
  "16": 0.31293881644934807,
  "17": 0.3259779338014042,
  "18": 0.3370110330992979,
  "19": 0.3520561685055166,
  "20": 0.3570712136409228,
  "21": 0.3640922768304915,
  "22": 0.37211634904714147,
  "23": 0.38314944834503517,
  "24": 0.3931795386158476,
  "25": 0.39819458375125383,
  "26": 0.4042126379137413,
  "27": 0.41223671013039126,
  "28": 0.41925777331995995,
  "29": 0.42828485456369114,
  "30": 0.43831494483450356,
  "31": 0.4423269809428285,
  "32": 0.4503510531594785,
  "33": 0.4593781344032097,
  "34": 0.46740220661985965,
  "35": 0.4704112337011034,
  "36": 0.4794383149448346,
  "37": 0.4804413239719158,
  "38": 0.48345035105315953,
  "39": 0.4874623871614845,
  "40": 0.49348044132397195,
  "41": 0.49548645937813446,
  "42": 0.5035105315947844,
  "43": 0.5095285857572719,
  "44": 0.5165496489468406,
  "45": 0.5195586760280844,
  "46": 0.5255767301905718,
  "47": 0.5295887662988968,
  "48": 0.534603811434303,
  "49": 0.538615847542628,
  "50": 0.542627883650953,
  "51": 0.5436308926780343,
  "52": 0.5456369107321968,
  "53": 0.5486459378134405,
  "54": 0.550651955867603,
  "55": 0.5536609829488467,
  "56": 0.5586760280842529,
  "57": 0.5626880641925779,
  "58": 0.5677031093279841,
  "59": 0.5707121364092278,
  "60": 0.5717151454363091,
  "61": 0.5727181544633904,
  "62": 0.5747241725175528,
  "63": 0.5777331995987965,
  "64": 0.579739217652959,
  "65": 0.5827482447342027,
  "66": 0.5857572718154465,
  "67": 0.5887662988966902,
  "68": 0.5927783350050152,
  "69": 0.5957873620862589,
  "70": 0.5987963891675027,
  "72": 0.5997993981945839,
  "73": 0.6028084252758277,
  "74": 0.6058174523570714,
  "75": 0.6088264794383151,
  "76": 0.6098294884653964,
  "77": 0.6108324974924777,
  "78": 0.6128385155466402,
  "79": 0.6148445336008026,
  "80": 0.6158475426278839,
  "84": 0.6168505516549652,
  "85": 0.6198595787362089,
  "86": 0.6218655967903713,
  "87": 0.6248746238716151,
  "88": 0.6268806419257775,
  "90": 0.62888665997994,
  "91": 0.6318956870611837,
  "92": 0.6359077231695087,
  "93": 0.6379137412236712,
  "94": 0.6429287863590774,
  "95": 0.6439317953861586,
  "96": 0.6479438314944836,
  "97": 0.6489468405215649,
  "98": 0.6509528585757274,
  "99": 0.6519558676028087,
  "100": 0.6529588766298899,
  "101": 0.6539618856569712,
  "102": 0.6559679037111337,
  "103": 0.6589769307923774,
  "104": 0.6609829488465399,
  "105": 0.6629889669007023,
  "106": 0.665997993981946,
  "107": 0.6690070210631898,
  "109": 0.6720160481444335,
  "110": 0.6730190571715148,
  "111": 0.6750250752256772,
  "113": 0.6760280842527585,
  "114": 0.6770310932798398,
  "115": 0.6780341023069211,
  "116": 0.6800401203610835,
  "117": 0.682046138415246,
  "118": 0.6830491474423273,
  "119": 0.6870611835506523,
  "120": 0.6890672016048147,
  "121": 0.690070210631896,
  "122": 0.6910732196589773,
  "123": 0.694082246740221,
  "124": 0.6960882647943835,
  "125": 0.6980942828485459,
  "126": 0.6990972918756272,
  "127": 0.7001003009027085,
  "128": 0.7021063189568709,
  "129": 0.7061183550651959,
  "130": 0.7081243731193584,
  "132": 0.7111334002006021,
  "133": 0.7141424272818458,
  "134": 0.7151454363089271,
  "135": 0.7181544633901709,
  "136": 0.7201604814443333,
  "138": 0.7211634904714146,
  "140": 0.7221664994984959,
  "141": 0.7251755265797396,
  "143": 0.7261785356068209,
  "144": 0.7311935807422271,
  "145": 0.7342026078234708,
  "146": 0.7382146439317958,
  "147": 0.7392176529588771,
  "148": 0.7402206619859584,
  "149": 0.7412236710130397,
  "150": 0.7432296890672021,
  "151": 0.7462387161484458,
  "152": 0.7482447342026083,
  "153": 0.7492477432296896,
  "154": 0.7532597793380146,
  "157": 0.7582748244734208,
  "158": 0.759277833500502,
  "159": 0.7602808425275833,
  "160": 0.763289869608827,
  "161": 0.7642928786359083,
  "164": 0.7673019057171521,
  "165": 0.7683049147442333,
  "170": 0.7703109327983958,
  "171": 0.7743229689067208,
  "172": 0.7753259779338021,
  "173": 0.7763289869608834,
  "176": 0.7783350050150458,
  "178": 0.7803410230692083,
  "179": 0.7813440320962896,
  "180": 0.783350050150452,
  "181": 0.7843530591775333,
  "182": 0.787362086258777,
  "184": 0.7883650952858583,
  "185": 0.7903711133400207,
  "188": 0.791374122367102,
  "189": 0.7933801404212645,
  "190": 0.7963891675025082,
  "191": 0.7973921765295895,
  "192": 0.7983951855566708,
  "193": 0.8024072216649958,
  "197": 0.8034102306920771,
  "198": 0.8054162487462395,
  "200": 0.8064192577733208,
  "201": 0.8074222668004021,
  "202": 0.8084252758274834,
  "203": 0.8094282848545646,
  "207": 0.8104312938816459,
  "208": 0.8114343029087272,
  "209": 0.8134403209628897,
  "210": 0.8144433299899709,
  "211": 0.8194583751253771,
  "216": 0.8204613841524584,
  "219": 0.8214643931795397,
  "220": 0.8234704112337021,
  "221": 0.8244734202607834,
  "222": 0.8254764292878647,
  "228": 0.8274824473420271,
  "229": 0.8284854563691084,
  "230": 0.8294884653961897,
  "231": 0.830491474423271,
  "233": 0.8314944834503523,
  "235": 0.8324974924774335,
  "236": 0.8335005015045148,
  "238": 0.8345035105315961,
  "239": 0.8365095285857586,
  "240": 0.838515546639921,
  "242": 0.8395185556670023,
  "243": 0.8405215646940836,
  "249": 0.8445336008024086,
  "251": 0.8455366098294899,
  "252": 0.8475426278836523,
  "253": 0.8485456369107336,
  "256": 0.8495486459378149,
  "257": 0.8515546639919773,
  "259": 0.8525576730190586,
  "261": 0.8535606820461399,
  "263": 0.8555667001003023,
  "264": 0.8565697091273836,
  "266": 0.8575727181544649,
  "267": 0.8585757271815462,
  "268": 0.8615847542627899,
  "270": 0.8625877632898712,
  "274": 0.8645937813440336,
  "279": 0.8655967903711149,
  "283": 0.8665997993981962,
  "284": 0.8676028084252775,
  "286": 0.8686058174523588,
  "288": 0.86960882647944,
  "293": 0.8706118355065213,
  "295": 0.8716148445336026,
  "298": 0.8726178535606839,
  "299": 0.8736208625877652,
  "306": 0.8746238716148464,
  "318": 0.8756268806419277,
  "319": 0.876629889669009,
  "323": 0.8776328986960903,
  "328": 0.8786359077231716,
  "330": 0.8796389167502529,
  "332": 0.8806419257773341,
  "335": 0.8816449348044154,
  "337": 0.8826479438314967,
  "339": 0.883650952858578,
  "341": 0.8846539618856593,
  "342": 0.8856569709127405,
  "344": 0.8866599799398218,
  "347": 0.8876629889669031,
  "350": 0.8896690070210655,
  "352": 0.891675025075228,
  "358": 0.8926780341023093,
  "361": 0.8946840521564717,
  "362": 0.895687061183553,
  "365": 0.8966900702106343,
  "367": 0.8976930792377156,
  "373": 0.8986960882647969,
  "374": 0.8996990972918781,
  "375": 0.9007021063189594,
  "376": 0.9017051153460407,
  "377": 0.902708124373122,
  "378": 0.9037111334002033,
  "380": 0.9047141424272845,
  "382": 0.9057171514543658,
  "383": 0.9067201604814471,
  "384": 0.9077231695085284,
  "385": 0.9097291875626908,
  "388": 0.9107321965897721,
  "393": 0.9117352056168534,
  "396": 0.9127382146439347,
  "402": 0.913741223671016,
  "403": 0.9157472417251784,
  "404": 0.9167502507522597,
  "408": 0.917753259779341,
  "411": 0.9187562688064222,
  "416": 0.9207622868605847,
  "417": 0.921765295887666,
  "421": 0.9237713139418284,
  "429": 0.9247743229689097,
  "434": 0.925777331995991,
  "438": 0.9267803410230723,
  "441": 0.9277833500501536,
  "443": 0.9287863590772348,
  "444": 0.9297893681043161,
  "445": 0.9307923771313974,
  "446": 0.9327983951855598,
  "451": 0.9338014042126411,
  "452": 0.9348044132397224,
  "454": 0.9358074222668037,
  "456": 0.936810431293885,
  "457": 0.9378134403209663,
  "458": 0.9388164493480475,
  "460": 0.9398194583751288,
  "462": 0.9408224674022101,
  "463": 0.9418254764292914,