{
  "2": 0.015492957746478873,
  "3": 0.08169014084507042,
  "4": 0.13943661971830987,
  "5": 0.1971830985915493,
  "6": 0.23098591549295777,
  "7": 0.27042253521126763,
  "8": 0.295774647887324,
  "9": 0.3225352112676057,
  "10": 0.3464788732394367,
  "11": 0.3633802816901409,
  "12": 0.3859154929577466,
  "13": 0.4028169014084508,
  "14": 0.4140845070422536,
  "15": 0.4352112676056339,
  "16": 0.44788732394366204,
  "17": 0.4633802816901409,
  "18": 0.4802816901408451,
  "19": 0.49014084507042255,
  "20": 0.5,
  "21": 0.5112676056338028,
  "22": 0.5197183098591549,
  "23": 0.5253521126760563,
  "24": 0.5366197183098591,
  "25": 0.5422535211267605,
  "26": 0.556338028169014,
  "27": 0.5676056338028168,
  "28": 0.5788732394366196,
  "29": 0.5901408450704224,
  "30": 0.5985915492957745,
  "31": 0.6028169014084506,
  "32": 0.608450704225352,
  "33": 0.6183098591549294,
  "34": 0.6239436619718308,
  "35": 0.6281690140845069,
  "36": 0.6323943661971829,
  "37": 0.6422535211267604,
  "38": 0.6464788732394364,
  "39": 0.6563380281690139,
  "40": 0.6591549295774646,
  "41": 0.6633802816901406,
  "42": 0.664788732394366,
  "43": 0.6661971830985913,
  "44": 0.6704225352112674,
  "47": 0.6732394366197181,
  "48": 0.6746478873239434,
  "49": 0.6774647887323941,
  "50": 0.6830985915492955,
  "51": 0.6887323943661969,
  "52": 0.6915492957746476,
  "53": 0.697183098591549,
  "54": 0.6999999999999997,
  "55": 0.7028169014084504,
  "56": 0.7042253521126758,
  "57": 0.7070422535211265,
  "58": 0.7112676056338025,
  "59": 0.7154929577464786,
  "60": 0.7169014084507039,
  "61": 0.7239436619718307,
  "62": 0.7267605633802814,
  "63": 0.7352112676056335,
  "64": 0.7380281690140842,
  "65": 0.7408450704225349,
  "66": 0.7436619718309856,
  "67": 0.7464788732394363,
  "68": 0.7521126760563377,
  "69": 0.7563380281690137,
  "70": 0.7605633802816898,
  "72": 0.7619718309859151,
  "73": 0.7647887323943658,
  "75": 0.7676056338028165,
  "76": 0.7704225352112672,
  "77": 0.7718309859154926,
  "78": 0.773239436619718,
  "79": 0.7802816901408447,
  "80": 0.7830985915492954,
  "81": 0.7873239436619714,
  "82": 0.7901408450704221,
  "83": 0.7929577464788728,
  "84": 0.7943661971830982,
  "86": 0.7957746478873235,
  "89": 0.7985915492957743,
  "90": 0.801408450704225,
  "91": 0.8028169014084503,
  "92": 0.805633802816901,
  "93": 0.8070422535211264,
  "95": 0.8084507042253517,
  "96": 0.809859154929577,
  "98": 0.8112676056338024,
  "99": 0.8126760563380278,
  "101": 0.8154929577464785,
  "102": 0.8183098591549292,
  "103": 0.8197183098591545,
  "104": 0.8239436619718306,
  "106": 0.8267605633802813,
  "107": 0.8281690140845066,
  "108": 0.8352112676056334,
  "109": 0.8408450704225348,
  "110": 0.8422535211267601,
  "111": 0.8464788732394362,
  "112": 0.8478873239436615,
  "113": 0.8492957746478869,
  "114": 0.8521126760563376,
  "115": 0.8535211267605629,
  "116": 0.8549295774647883,
  "119": 0.857746478873239,
  "121": 0.8591549295774643,
  "124": 0.8633802816901404,
  "125": 0.8661971830985911,
  "126": 0.8676056338028164,
  "127": 0.8690140845070418,
  "128": 0.8704225352112671,
  "131": 0.8718309859154925,
  "133": 0.8732394366197178,
  "134": 0.8746478873239432,
  "136": 0.8760563380281685,
  "139": 0.8788732394366192,
  "141": 0.8830985915492953,
  "142": 0.8845070422535206,
  "143": 0.885915492957746,
  "144": 0.8873239436619713,
  "145": 0.8887323943661967,
  "147": 0.890140845070422,
  "148": 0.8915492957746474,
  "150": 0.8943661971830981,
  "151": 0.8971830985915488,
  "153": 0.9028169014084502,
  "154": 0.9084507042253516,
  "155": 0.9126760563380276,
  "156": 0.9154929577464783,
  "157": 0.9239436619718304,
  "158": 0.9295774647887318,
  "159": 0.9366197183098586,
  "161": 0.9394366197183093,
  "162": 0.9450704225352107,
  "163": 0.9507042253521121,
  "164": 0.9521126760563374,
  "165": 0.9535211267605628,
  "166": 0.9549295774647881,
  "167": 0.9591549295774642,
  "170": 0.9619718309859149,
  "172": 0.9633802816901402,
  "175": 0.9647887323943656,
  "176": 0.9661971830985909,
  "177": 0.9676056338028163,
  "178": 0.970422535211267,
  "180": 0.9718309859154923,
  "181": 0.9732394366197177,
  "182": 0.974647887323943,
  "183": 0.9774647887323937,
  "184": 0.9802816901408444,
  "186": 0.9830985915492951,
  "187": 0.9873239436619712,
  "188": 0.9887323943661965,
  "189": 0.9901408450704219,
  "192": 0.9915492957746472,
  "193": 0.9929577464788726,
  "194": 0.9943661971830979,
  "196": 0.9971830985915486,
  "198": 0.9999999999999993
}