{
  "2": 0.0294811320754717,
  "3": 0.0849056603773585,
  "4": 0.12971698113207547,
  "5": 0.16863207547169812,
  "6": 0.20636792452830188,
  "7": 0.2429245283018868,
  "8": 0.2653301886792453,
  "9": 0.28773584905660377,
  "10": 0.3125,
  "11": 0.33254716981132076,
  "12": 0.3584905660377359,
  "13": 0.3714622641509434,
  "14": 0.38443396226415094,
  "15": 0.4033018867924528,
  "16": 0.4221698113207547,
  "17": 0.45047169811320753,
  "18": 0.46816037735849053,
  "19": 0.4870283018867924,
  "20": 0.5058962264150944,
  "21": 0.5165094339622641,
  "22": 0.5306603773584906,
  "23": 0.5518867924528302,
  "24": 0.5589622641509434,
  "25": 0.5707547169811321,
  "26": 0.5837264150943396,
  "27": 0.5931603773584906,
  "28": 0.6014150943396227,
  "29": 0.6061320754716982,
  "30": 0.6120283018867926,
  "31": 0.6202830188679247,
  "32": 0.6285377358490568,
  "33": 0.6308962264150946,
  "34": 0.6391509433962267,
  "35": 0.6474056603773588,
  "36": 0.6509433962264154,
  "37": 0.6591981132075475,
  "38": 0.6674528301886796,
  "39": 0.6698113207547174,
  "40": 0.6709905660377362,
  "41": 0.6780660377358494,
  "42": 0.6804245283018872,
  "43": 0.6875000000000003,
  "44": 0.6910377358490569,
  "45": 0.699292452830189,
  "46": 0.7016509433962268,
  "47": 0.7028301886792456,
  "48": 0.7040094339622645,
  "49": 0.707547169811321,
  "50": 0.7110849056603776,
  "51": 0.7181603773584908,
  "52": 0.7205188679245286,
  "53": 0.7252358490566041,
  "54": 0.7334905660377362,
  "55": 0.735849056603774,
  "56": 0.7393867924528306,
  "57": 0.7417452830188683,
  "58": 0.7429245283018872,
  "59": 0.744103773584906,
  "60": 0.7488207547169815,
  "61": 0.753537735849057,
  "62": 0.7558962264150948,
  "63": 0.7570754716981136,
  "64": 0.7582547169811324,
  "66": 0.7606132075471702,
  "67": 0.761792452830189,
  "68": 0.7641509433962268,
  "69": 0.7676886792452834,
  "70": 0.7688679245283022,
  "71": 0.77122641509434,
  "72": 0.7771226415094343,
  "73": 0.7818396226415099,
  "75": 0.7841981132075476,
  "76": 0.7853773584905664,
  "77": 0.7865566037735853,
  "78": 0.788915094339623,
  "79": 0.7948113207547174,
  "80": 0.7971698113207552,
  "82": 0.8007075471698117,
  "83": 0.8030660377358495,
  "85": 0.8054245283018873,
  "86": 0.807783018867925,
  "87": 0.8136792452830194,
  "88": 0.8195754716981137,
  "89": 0.8254716981132081,
  "91": 0.8290094339622647,
  "92": 0.8325471698113213,
  "93": 0.8360849056603779,
  "94": 0.8408018867924534,
  "95": 0.8419811320754722,
  "96": 0.8466981132075477,
  "97": 0.8490566037735855,
  "98": 0.8514150943396233,
  "99": 0.8549528301886798,
  "100": 0.8573113207547176,
  "101": 0.8584905660377364,
  "102": 0.862028301886793,
  "103": 0.8632075471698119,
  "104": 0.8643867924528307,
  "107": 0.870283018867925,
  "108": 0.8714622641509439,
  "109": 0.8738207547169816,
  "110": 0.8750000000000004,
  "112": 0.8761792452830193,
  "113": 0.8773584905660381,
  "115": 0.8785377358490569,
  "116": 0.8797169811320757,
  "117": 0.8820754716981135,
  "120": 0.8832547169811323,
  "121": 0.8856132075471701,
  "122": 0.8867924528301889,
  "123": 0.8879716981132078,
  "124": 0.8891509433962266,
  "125": 0.8938679245283021,
  "126": 0.8962264150943399,
  "127": 0.9009433962264154,
  "128": 0.904481132075472,
  "129": 0.9068396226415097,
  "130": 0.9091981132075475,
  "131": 0.9103773584905663,
  "133": 0.9115566037735852,
  "134": 0.9139150943396229,
  "135": 0.9162735849056607,
  "137": 0.9174528301886795,
  "138": 0.9198113207547173,
  "139": 0.9209905660377361,
  "142": 0.9221698113207549,
  "143": 0.9233490566037738,
  "144": 0.9268867924528303,
  "147": 0.9280660377358492,
  "148": 0.9304245283018869,
  "149": 0.9316037735849058,
  "150": 0.9351415094339623,
  "151": 0.9386792452830189,
  "152": 0.9398584905660378,
  "153": 0.9422169811320755,
  "154": 0.9457547169811321,
  "156": 0.9481132075471699,
  "157": 0.9492924528301887,
  "158": 0.9528301886792453,
  "159": 0.9551886792452831,
  "160": 0.9563679245283019,
  "162": 0.9575471698113207,
  "163": 0.9599056603773585,
  "164": 0.9610849056603773,
  "165": 0.9622641509433961,
  "167": 0.963443396226415,
  "168": 0.9669811320754715,
  "170": 0.9681603773584904,
  "173": 0.9705188679245281,
  "174": 0.971698113207547,
  "175": 0.9740566037735847,
  "177": 0.9764150943396225,
  "182": 0.9775943396226413,
  "183": 0.9787735849056601,
  "184": 0.9834905660377357,
  "185": 0.9846698113207545,
  "186": 0.9870283018867922,
  "189": 0.9882075471698111,
  "191": 0.9905660377358488,
  "192": 0.9917452830188677,
  "195": 0.9952830188679243,
  "196": 0.9964622641509431,
  "197": 0.9976415094339619,
  "198": 0.9988207547169807,
  "200": 0.9999999999999996
}