{
  "2": 0.0045385779122541605,
  "3": 0.03177004538577912,
  "4": 0.057488653555219364,
  "5": 0.07413010590015129,
  "6": 0.09379727685325265,
  "7": 0.11951588502269289,
  "8": 0.1346444780635401,
  "9": 0.14069591527987899,
  "10": 0.15128593040847202,
  "11": 0.1649016641452345,
  "12": 0.1815431164901664,
  "13": 0.19364599092284418,
  "14": 0.20726172465960666,
  "15": 0.21936459909228442,
  "16": 0.22995461422087746,
  "17": 0.24205748865355523,
  "18": 0.2526475037821483,
  "19": 0.26777609682299547,
  "20": 0.2753403933434191,
  "21": 0.2889561270801816,
  "22": 0.2950075642965205,
  "23": 0.308623298033283,
  "24": 0.3252647503782149,
  "25": 0.33585476550680793,
  "26": 0.3419062027231468,
  "27": 0.3449319213313162,
  "28": 0.3600605143721634,
  "29": 0.3691376701966717,
  "30": 0.3767019667170953,
  "31": 0.3888048411497731,
  "32": 0.39334341906202724,
  "33": 0.4039334341906203,
  "34": 0.41906202723146746,
  "35": 0.43116490166414523,
  "36": 0.4372163388804841,
  "37": 0.44780635400907715,
  "38": 0.45385779122541603,
  "39": 0.46293494704992433,
  "40": 0.4720121028744326,
  "41": 0.47503782148260204,
  "42": 0.4810892586989409,
  "43": 0.48865355521936454,
  "44": 0.4992435703479576,
  "45": 0.5083207261724659,
  "46": 0.5219364599092284,
  "47": 0.5340393343419062,
  "48": 0.540090771558245,
  "49": 0.5431164901664145,
  "50": 0.5491679273827533,
  "51": 0.5521936459909228,
  "52": 0.5582450832072616,
  "53": 0.5658093797276852,
  "54": 0.5748865355521935,
  "55": 0.588502269288956,
  "56": 0.5945537065052948,
  "58": 0.599092284417549,
  "59": 0.6036308623298032,
  "60": 0.6111951588502268,
  "61": 0.615733736762481,
  "62": 0.6217851739788198,
  "63": 0.6232980332829046,
  "64": 0.6248108925869893,
  "65": 0.6308623298033281,
  "66": 0.6323751891074129,
  "67": 0.6338880484114976,
  "68": 0.6369137670196671,
  "69": 0.6384266263237518,
  "70": 0.6475037821482601,
  "71": 0.6550680786686837,
  "72": 0.6565809379727684,
  "73": 0.6656580937972767,
  "74": 0.6701966717095309,
  "75": 0.6822995461422087,
  "76": 0.691376701966717,
  "77": 0.6959152798789712,
  "78": 0.6974281391830559,
  "79": 0.7004538577912254,
  "80": 0.7049924357034796,
  "81": 0.708018154311649,
  "82": 0.7095310136157338,
  "83": 0.714069591527988,
  "84": 0.7155824508320727,
  "85": 0.724659606656581,
  "86": 0.7291981845688352,
  "87": 0.7352496217851741,
  "88": 0.7382753403933435,
  "89": 0.741301059001513,
  "90": 0.7443267776096825,
  "91": 0.7458396369137672,
  "92": 0.751891074130106,
  "93": 0.7594553706505296,
  "94": 0.7639939485627838,
  "95": 0.7655068078668685,
  "96": 0.768532526475038,
  "97": 0.7715582450832075,
  "98": 0.7760968229954617,
  "99": 0.7821482602118005,
  "100": 0.7866868381240547,
  "102": 0.7881996974281394,
  "103": 0.7942511346444783,
  "104": 0.795763993948563,
  "105": 0.8018154311649018,
  "106": 0.8033282904689866,
  "108": 0.8078668683812408,
  "109": 0.812405446293495,
  "110": 0.8154311649016645,
  "112": 0.8199697428139187,
  "114": 0.8229954614220881,
  "115": 0.829046898638427,
  "116": 0.8305597579425117,
  "119": 0.8335854765506812,
  "120": 0.8350983358547659,
  "121": 0.8381240544629354,
  "122": 0.8411497730711048,
  "123": 0.8487140695915284,
  "124": 0.8502269288956131,
  "125": 0.8517397881996979,
  "126": 0.8547655068078673,
  "127": 0.8562783661119521,
  "128": 0.8577912254160368,
  "129": 0.8608169440242063,
  "130": 0.8638426626323757,
  "131": 0.8668683812405452,
  "132": 0.86838124054463,
  "133": 0.8714069591527994,
  "135": 0.8774583963691382,
  "137": 0.878971255673223,
  "139": 0.8835098335854772,
  "140": 0.8880484114977314,
  "141": 0.8910741301059009,
  "142": 0.8925869894099856,
  "143": 0.8971255673222398,
  "144": 0.9001512859304093,
  "145": 0.9031770045385787,
  "146": 0.9062027231467482,
  "147": 0.907715582450833,
  "148": 0.9107413010590024,
  "151": 0.9122541603630872,
  "153": 0.9137670196671719,
  "154": 0.9183055975794261,
  "155": 0.9243570347957649,
  "156": 0.9273827534039344,
  "158": 0.9288956127080191,
  "159": 0.9304084720121039,
  "160": 0.9334341906202733,
  "161": 0.9349470499243581,
  "162": 0.9379727685325275,
  "163": 0.940998487140697,
  "164": 0.9440242057488665,
  "165": 0.9455370650529512,
  "166": 0.9470499243570359,
  "167": 0.9500756429652054,
  "168": 0.9515885022692901,
  "169": 0.9546142208774596,
  "170": 0.9576399394856291,
  "171": 0.9606656580937986,
  "172": 0.9621785173978833,
  "173": 0.963691376701968,
  "175": 0.9652042360060528,
  "176": 0.9667170953101375,
  "177": 0.9712556732223917,
  "179": 0.9727685325264764,
  "181": 0.9757942511346459,
  "183": 0.9773071104387306,
  "185": 0.9788199697428154,
  "186": 0.9803328290469001,
  "187": 0.9818456883509848,
  "189": 0.9848714069591543,
  "190": 0.986384266263239,
  "192": 0.9894099848714085,
  "196": 0.9909228441754933,
  "197": 0.9939485627836627,
  "199": 0.9954614220877475,
  "200": 1.0000000000000016
}