{
  "2": 0.0430622009569378,
  "3": 0.0861244019138756,
  "4": 0.15789473684210525,
  "5": 0.20095693779904306,
  "6": 0.23923444976076555,
  "7": 0.2727272727272727,
  "8": 0.28708133971291866,
  "9": 0.33014354066985646,
  "10": 0.35406698564593303,
  "11": 0.3875598086124402,
  "12": 0.41626794258373206,
  "13": 0.430622009569378,
  "14": 0.4545454545454546,
  "15": 0.47846889952153115,
  "16": 0.4928229665071771,
  "17": 0.5167464114832536,
  "18": 0.5550239234449761,
  "19": 0.5885167464114832,
  "20": 0.6267942583732057,
  "21": 0.6459330143540669,
  "22": 0.6602870813397128,
  "23": 0.6842105263157894,
  "24": 0.6889952153110047,
  "25": 0.7033492822966506,
  "26": 0.7129186602870813,
  "27": 0.7272727272727272,
  "28": 0.7368421052631579,
  "29": 0.7559808612440191,
  "30": 0.7607655502392344,
  "31": 0.784688995215311,
  "32": 0.7894736842105263,
  "33": 0.8038277511961722,
  "34": 0.8325358851674641,
  "35": 0.861244019138756,
  "36": 0.8708133971291867,
  "37": 0.8851674641148326,
  "38": 0.8947368421052633,
  "39": 0.8995215311004786,
  "41": 0.9090909090909093,
  "42": 0.9138755980861246,
  "44": 0.9234449760765553,
  "45": 0.933014354066986,
  "46": 0.9377990430622013,
  "47": 0.947368421052632,
  "49": 0.9569377990430626,
  "50": 0.961722488038278,
  "51": 0.9665071770334933,
  "52": 0.976076555023924,
  "53": 0.9808612440191393,
  "55": 0.9856459330143547,
  "60": 0.99043062200957,
  "63": 0.9952153110047853,
  "65": 1.0000000000000007
}