{
  "2": 0.036585365853658534,
  "3": 0.08079268292682926,
  "4": 0.11890243902439024,
  "5": 0.14329268292682926,
  "6": 0.16768292682926828,
  "7": 0.1920731707317073,
  "8": 0.2164634146341463,
  "9": 0.23780487804878045,
  "10": 0.2591463414634146,
  "11": 0.2789634146341463,
  "12": 0.28810975609756095,
  "13": 0.3079268292682927,
  "14": 0.32621951219512196,
  "15": 0.3384146341463415,
  "16": 0.35670731707317077,
  "17": 0.36737804878048785,
  "18": 0.3917682926829269,
  "19": 0.4070121951219513,
  "20": 0.42378048780487815,
  "21": 0.42682926829268303,
  "22": 0.4375000000000001,
  "23": 0.4481707317073172,
  "24": 0.4603658536585367,
  "25": 0.47713414634146356,
  "26": 0.49237804878048796,
  "27": 0.5152439024390245,
  "28": 0.527439024390244,
  "29": 0.541158536585366,
  "30": 0.5442073170731708,
  "31": 0.5472560975609757,
  "32": 0.5594512195121952,
  "33": 0.5792682926829269,
  "34": 0.5884146341463415,
  "35": 0.5929878048780488,
  "36": 0.5990853658536586,
  "37": 0.6067073170731707,
  "38": 0.6143292682926829,
  "39": 0.635670731707317,
  "40": 0.6432926829268292,
  "41": 0.6570121951219511,
  "42": 0.6615853658536583,
  "43": 0.6646341463414632,
  "44": 0.6676829268292681,
  "45": 0.6692073170731705,
  "46": 0.6768292682926826,
  "47": 0.6814024390243899,
  "48": 0.6859756097560972,
  "49": 0.689024390243902,
  "50": 0.6935975609756093,
  "51": 0.6996951219512191,
  "52": 0.7057926829268288,
  "53": 0.7118902439024386,
  "54": 0.7256097560975605,
  "55": 0.7347560975609752,
  "56": 0.7408536585365849,
  "57": 0.7439024390243898,
  "58": 0.7530487804878044,
  "59": 0.7591463414634142,
  "60": 0.765243902439024,
  "61": 0.7728658536585361,
  "62": 0.7774390243902434,
  "63": 0.7850609756097555,
  "64": 0.7942073170731702,
  "65": 0.797256097560975,
  "66": 0.8033536585365848,
  "67": 0.810975609756097,
  "68": 0.8155487804878042,
  "69": 0.8246951219512189,
  "70": 0.8292682926829261,
  "72": 0.8307926829268285,
  "73": 0.8353658536585358,
  "74": 0.8414634146341455,
  "75": 0.8429878048780479,
  "76": 0.8475609756097552,
  "77": 0.8506097560975601,
  "78": 0.8582317073170722,
  "79": 0.864329268292682,
  "80": 0.8673780487804869,
  "81": 0.8689024390243892,
  "82": 0.8704268292682916,
  "83": 0.8734756097560965,
  "84": 0.8810975609756087,
  "85": 0.8856707317073159,
  "86": 0.8871951219512183,
  "87": 0.8948170731707304,
  "89": 0.8993902439024377,
  "90": 0.9009146341463401,
  "91": 0.903963414634145,
  "92": 0.9054878048780474,
  "94": 0.9100609756097546,
  "95": 0.911585365853657,
  "96": 0.9131097560975594,
  "98": 0.9146341463414618,
  "99": 0.9176829268292667,
  "100": 0.9207317073170715,
  "101": 0.9283536585365837,
  "103": 0.9314024390243886,
  "106": 0.932926829268291,
  "107": 0.9344512195121933,
  "111": 0.9374999999999982,
  "112": 0.9405487804878031,
  "113": 0.9420731707317055,
  "114": 0.9435975609756079,
  "115": 0.9451219512195103,
  "117": 0.9466463414634126,
  "119": 0.9496951219512175,
  "122": 0.9512195121951199,
  "123": 0.9527439024390223,
  "126": 0.9557926829268272,
  "127": 0.9573170731707296,
  "128": 0.958841463414632,
  "129": 0.9603658536585343,
  "130": 0.9618902439024367,
  "131": 0.9649390243902416,
  "133": 0.9695121951219489,
  "134": 0.9725609756097537,
  "135": 0.9740853658536561,
  "138": 0.9756097560975585,
  "139": 0.9771341463414609,
  "142": 0.9801829268292658,
  "144": 0.9817073170731682,
  "146": 0.9832317073170705,
  "147": 0.9847560975609729,
  "151": 0.9862804878048753,
  "153": 0.9878048780487777,
  "160": 0.9893292682926801,
  "167": 0.9908536585365825,
  "168": 0.9923780487804849,
  "172": 0.9939024390243872,
  "181": 0.9954268292682896,
  "183": 0.996951219512192,
  "192": 0.9984756097560944,
  "200": 0.9999999999999968
}