{
  "2": 0.014141414141414142,
  "3": 0.048484848484848485,
  "4": 0.07474747474747474,
  "5": 0.10505050505050505,
  "6": 0.12323232323232322,
  "7": 0.15757575757575756,
  "8": 0.18585858585858583,
  "9": 0.20808080808080806,
  "10": 0.2303030303030303,
  "11": 0.2505050505050505,
  "12": 0.25656565656565655,
  "13": 0.2727272727272727,
  "14": 0.2808080808080808,
  "15": 0.29292929292929293,
  "16": 0.3111111111111111,
  "17": 0.33131313131313134,
  "18": 0.3434343434343435,
  "19": 0.3636363636363637,
  "20": 0.3717171717171718,
  "21": 0.3858585858585859,
  "22": 0.393939393939394,
  "23": 0.4080808080808081,
  "24": 0.42020202020202024,
  "25": 0.4262626262626263,
  "26": 0.4464646464646465,
  "27": 0.4545454545454546,
  "28": 0.46262626262626266,
  "29": 0.4727272727272728,
  "30": 0.4848484848484849,
  "31": 0.49494949494949503,
  "32": 0.5050505050505051,
  "33": 0.5151515151515151,
  "34": 0.5212121212121212,
  "35": 0.5272727272727273,
  "36": 0.5373737373737374,
  "37": 0.5454545454545455,
  "38": 0.5575757575757576,
  "39": 0.5636363636363637,
  "40": 0.5737373737373738,
  "41": 0.5898989898989899,
  "42": 0.593939393939394,
  "43": 0.6020202020202021,
  "44": 0.6040404040404042,
  "45": 0.6080808080808082,
  "46": 0.6181818181818183,
  "47": 0.6222222222222223,
  "48": 0.6303030303030305,
  "49": 0.6383838383838386,
  "50": 0.6424242424242427,
  "51": 0.6444444444444447,
  "52": 0.6525252525252528,
  "53": 0.6545454545454549,
  "54": 0.6585858585858589,
  "55": 0.662626262626263,
  "56": 0.6707070707070711,
  "57": 0.6747474747474752,
  "58": 0.6767676767676772,
  "59": 0.6787878787878793,
  "60": 0.6848484848484854,
  "61": 0.6929292929292935,
  "62": 0.6949494949494955,
  "63": 0.6969696969696976,
  "64": 0.7010101010101016,
  "65": 0.7090909090909098,
  "66": 0.7151515151515159,
  "67": 0.7191919191919199,
  "69": 0.723232323232324,
  "70": 0.725252525252526,
  "71": 0.7292929292929301,
  "72": 0.7353535353535362,
  "73": 0.7393939393939403,
  "74": 0.7414141414141423,
  "75": 0.7434343434343443,
  "76": 0.7494949494949504,
  "77": 0.7535353535353545,
  "78": 0.7595959595959606,
  "80": 0.7616161616161626,
  "81": 0.7656565656565667,
  "82": 0.7696969696969708,
  "83": 0.7818181818181829,
  "84": 0.7858585858585869,
  "85": 0.789898989898991,
  "86": 0.793939393939395,
  "87": 0.8060606060606071,
  "91": 0.8101010101010112,
  "92": 0.8141414141414153,
  "93": 0.8202020202020214,
  "94": 0.8242424242424254,
  "96": 0.8262626262626275,
  "97": 0.8282828282828295,
  "98": 0.8363636363636376,
  "100": 0.8444444444444458,
  "101": 0.8484848484848498,
  "102": 0.8525252525252539,
  "103": 0.856565656565658,
  "104": 0.85858585858586,
  "105": 0.8626262626262641,
  "106": 0.8686868686868702,
  "107": 0.8707070707070722,
  "108": 0.8787878787878803,
  "109": 0.8808080808080824,
  "111": 0.8828282828282844,
  "115": 0.8848484848484864,
  "116": 0.8888888888888905,
  "117": 0.8949494949494966,
  "119": 0.8969696969696986,
  "120": 0.8989898989899007,
  "121": 0.9010101010101027,
  "123": 0.9030303030303047,
  "124": 0.9070707070707088,
  "125": 0.9090909090909108,
  "126": 0.9111111111111129,
  "128": 0.9131313131313149,
  "129": 0.9151515151515169,
  "130": 0.917171717171719,
  "131": 0.919191919191921,
  "133": 0.921212121212123,
  "135": 0.9232323232323251,
  "136": 0.9292929292929312,
  "138": 0.9353535353535373,
  "139": 0.9373737373737393,
  "141": 0.9393939393939413,
  "143": 0.9414141414141434,
  "145": 0.9454545454545474,
  "146": 0.9474747474747495,
  "147": 0.9494949494949515,
  "148": 0.9515151515151535,
  "149": 0.9575757575757596,
  "150": 0.9595959595959617,
  "151": 0.9636363636363657,
  "152": 0.9656565656565678,
  "159": 0.9696969696969718,
  "163": 0.9717171717171739,
  "166": 0.9737373737373759,
  "169": 0.9757575757575779,
  "172": 0.97777777777778,
  "175": 0.979797979797982,
  "176": 0.981818181818184,
  "177": 0.9838383838383861,
  "179": 0.9858585858585881,
  "181": 0.9878787878787901,
  "183": 0.9898989898989922,
  "185": 0.9919191919191942,
  "190": 0.9939393939393962,
  "192": 0.9959595959595983,
  "197": 0.9979797979798003,
  "198": 1.0000000000000022
}