{
  "2": 0.05997392438070404,
  "3": 0.17992177314211213,
  "4": 0.2516297262059974,
  "5": 0.318122555410691,
  "6": 0.36897001303780963,
  "7": 0.4132985658409387,
  "8": 0.4485006518904824,
  "9": 0.4889178617992177,
  "10": 0.5136897001303781,
  "11": 0.5436766623207301,
  "12": 0.5840938722294654,
  "13": 0.6258148631029986,
  "14": 0.6714471968709256,
  "15": 0.7196870925684484,
  "16": 0.75619295958279,
  "17": 0.7835723598435462,
  "18": 0.8135593220338982,
  "19": 0.8279009126466753,
  "20": 0.8448500651890481,
  "21": 0.8644067796610169,
  "22": 0.8748370273794002,
  "23": 0.8800521512385918,
  "24": 0.8839634941329856,
  "25": 0.8891786179921772,
  "26": 0.8970013037809648,
  "27": 0.9009126466753585,
  "28": 0.9087353324641461,
  "29": 0.9126466753585398,
  "30": 0.9152542372881357,
  "31": 0.9178617992177316,
  "32": 0.9243807040417211,
  "33": 0.925684485006519,
  "34": 0.9269882659713169,
  "35": 0.9335071707953064,
  "36": 0.9348109517601043,
  "37": 0.9387222946544981,
  "38": 0.9426336375488918,
  "39": 0.9465449804432856,
  "40": 0.9530638852672751,
  "41": 0.954367666232073,
  "42": 0.9569752281616689,
  "43": 0.9582790091264668,
  "44": 0.9595827900912647,
  "45": 0.9608865710560626,
  "46": 0.9621903520208605,
  "48": 0.9647979139504563,
  "50": 0.9661016949152542,
  "52": 0.9687092568448501,
  "55": 0.970013037809648,
  "56": 0.9713168187744459,
  "57": 0.9726205997392438,
  "58": 0.9739243807040416,
  "60": 0.9752281616688395,
  "61": 0.9778357235984354,
  "64": 0.9791395045632333,
  "66": 0.9804432855280312,
  "68": 0.9817470664928291,
  "69": 0.9856584093872228,
  "72": 0.9869621903520207,
  "73": 0.9908735332464145,
  "75": 0.9921773142112124,
  "76": 0.9934810951760102,
  "77": 0.9960886571056061,
  "84": 0.997392438070404,
  "98": 0.9986962190352019,
  "109": 0.9999999999999998
}