{
  "2": 0.04602510460251046,
  "3": 0.12552301255230125,
  "4": 0.1705020920502092,
  "5": 0.2196652719665272,
  "6": 0.2615062761506276,
  "7": 0.3064853556485356,
  "8": 0.3253138075313808,
  "9": 0.36087866108786615,
  "10": 0.395397489539749,
  "11": 0.4215481171548118,
  "12": 0.44874476987447703,
  "13": 0.47071129707112974,
  "14": 0.4843096234309624,
  "15": 0.49895397489539756,
  "16": 0.5219665271966528,
  "17": 0.5481171548117156,
  "18": 0.5658995815899583,
  "19": 0.577405857740586,
  "20": 0.5889121338912136,
  "21": 0.5993723849372387,
  "22": 0.6119246861924688,
  "23": 0.6234309623430964,
  "24": 0.6359832635983265,
  "25": 0.6453974895397491,
  "26": 0.6569037656903767,
  "27": 0.6652719665271968,
  "28": 0.6725941422594144,
  "29": 0.6788702928870295,
  "30": 0.6872384937238496,
  "31": 0.6976987447698747,
  "32": 0.7018828451882847,
  "33": 0.7081589958158998,
  "34": 0.7196652719665274,
  "35": 0.7259414225941425,
  "36": 0.7280334728033475,
  "37": 0.73326359832636,
  "38": 0.7395397489539751,
  "39": 0.7500000000000002,
  "40": 0.7541841004184102,
  "41": 0.7583682008368202,
  "42": 0.7594142259414227,
  "43": 0.7635983263598327,
  "44": 0.7719665271966528,
  "45": 0.7751046025104603,
  "46": 0.7782426778242678,
  "47": 0.7834728033472804,
  "48": 0.7845188284518829,
  "49": 0.7887029288702929,
  "50": 0.7928870292887029,
  "51": 0.7949790794979079,
  "52": 0.7981171548117154,
  "53": 0.8012552301255229,
  "54": 0.8043933054393304,
  "55": 0.8064853556485354,
  "57": 0.8106694560669454,
  "58": 0.8127615062761504,
  "59": 0.8158995815899579,
  "60": 0.8169456066945604,
  "61": 0.8179916317991629,
  "63": 0.8211297071129704,
  "64": 0.8221757322175729,
  "65": 0.8253138075313804,
  "66": 0.8263598326359829,
  "67": 0.8274058577405854,
  "68": 0.8305439330543929,
  "69": 0.8315899581589954,
  "72": 0.8326359832635979,
  "73": 0.8336820083682004,
  "75": 0.8347280334728029,
  "77": 0.8378661087866104,
  "78": 0.845188284518828,
  "79": 0.849372384937238,
  "80": 0.851464435146443,
  "81": 0.853556485355648,
  "83": 0.8546025104602505,
  "84": 0.8587866108786605,
  "85": 0.859832635983263,
  "88": 0.8608786610878655,
  "89": 0.861924686192468,
  "90": 0.8650627615062755,
  "91": 0.8702928870292881,
  "92": 0.8713389121338906,
  "93": 0.8734309623430956,
  "94": 0.8744769874476981,
  "95": 0.8765690376569031,
  "96": 0.8776150627615056,
  "97": 0.8797071129707106,
  "98": 0.8828451882845181,
  "99": 0.8870292887029281,
  "100": 0.8901673640167356,
  "101": 0.8922594142259406,
  "103": 0.8943514644351456,
  "105": 0.8953974895397481,
  "106": 0.8974895397489531,
  "107": 0.8985355648535556,
  "108": 0.8995815899581581,
  "110": 0.9016736401673631,
  "112": 0.9027196652719656,
  "114": 0.9037656903765681,
  "115": 0.9048117154811706,
  "116": 0.9058577405857731,
  "117": 0.9069037656903756,
  "118": 0.9121338912133881,
  "119": 0.9142259414225931,
  "120": 0.9152719665271956,
  "121": 0.9163179916317981,
  "122": 0.9173640167364006,
  "123": 0.918410041841003,
  "124": 0.9194560669456056,
  "125": 0.9215481171548106,
  "126": 0.922594142259413,
  "127": 0.924686192468618,
  "129": 0.926778242677823,
  "131": 0.9278242677824255,
  "134": 0.9299163179916305,
  "136": 0.930962343096233,
  "137": 0.933054393305438,
  "138": 0.9341004184100405,
  "139": 0.935146443514643,
  "140": 0.937238493723848,
  "141": 0.9382845188284505,
  "143": 0.9403765690376555,
  "144": 0.941422594142258,
  "146": 0.9424686192468605,
  "147": 0.943514644351463,
  "148": 0.945606694560668,
  "149": 0.9466527196652705,
  "150": 0.947698744769873,
  "151": 0.9487447698744755,
  "152": 0.9508368200836805,
  "153": 0.953974895397488,
  "154": 0.9550209205020905,
  "155": 0.956066945606693,
  "156": 0.9592050209205005,
  "157": 0.962343096234308,
  "158": 0.9633891213389105,
  "159": 0.964435146443513,
  "160": 0.966527196652718,
  "161": 0.9675732217573205,
  "162": 0.968619246861923,
  "165": 0.9696652719665255,
  "166": 0.9717573221757305,
  "169": 0.972803347280333,
  "171": 0.974895397489538,
  "172": 0.9780334728033455,
  "173": 0.979079497907948,
  "174": 0.9822175732217555,
  "175": 0.9843096234309605,
  "176": 0.985355648535563,
  "178": 0.9864016736401655,
  "180": 0.9884937238493705,
  "181": 0.989539748953973,
  "182": 0.991631799163178,
  "184": 0.9926778242677805,
  "188": 0.993723849372383,
  "193": 0.9947698744769855,
  "195": 0.995815899581588,
  "197": 0.9968619246861905,
  "198": 0.9989539748953955,
  "200": 0.999999999999998
}