{
  "2": 0.329,
  "3": 0.665,
  "4": 0.796,
  "5": 0.8580000000000001,
  "6": 0.8720000000000001,
  "7": 0.8850000000000001,
  "8": 0.9010000000000001,
  "9": 0.9150000000000001,
  "10": 0.9230000000000002,
  "11": 0.9360000000000002,
  "12": 0.9520000000000002,
  "13": 0.9690000000000002,
  "14": 0.9730000000000002,
  "15": 0.9770000000000002,
  "16": 0.9790000000000002,
  "18": 0.9800000000000002,
  "19": 0.9820000000000002,
  "20": 1.0000000000000002
}