{
  "2": 0.14385150812064965,
  "3": 0.23433874709976799,
  "4": 0.3132250580046404,
  "5": 0.3851508120649652,
  "6": 0.42923433874709976,
  "7": 0.4872389791183295,
  "8": 0.5150812064965198,
  "9": 0.5614849187935036,
  "10": 0.6078886310904874,
  "11": 0.6496519721577728,
  "12": 0.6774941995359631,
  "13": 0.7099767981438517,
  "14": 0.7517401392111371,
  "15": 0.8074245939675176,
  "16": 0.8561484918793506,
  "17": 0.8886310904872392,
  "18": 0.9071925754060327,
  "19": 0.9303944315545246,
  "20": 0.9512761020881673,
  "21": 0.9582366589327148,
  "22": 0.9675174013921115,
  "23": 0.9744779582366591,
  "25": 0.9791183294663575,
  "26": 0.9814385150812066,
  "31": 0.9883990719257542,
  "32": 0.9907192575406033,
  "34": 0.9930394431554525,
  "35": 0.9953596287703016,
  "42": 0.9976798143851507,
  "95": 0.9999999999999999
}