{
  "2": 0.104,
  "3": 0.505,
  "4": 0.77,
  "5": 0.881,
  "6": 0.929,
  "7": 0.9480000000000001,
  "8": 0.9530000000000001,
  "9": 0.9600000000000001,
  "10": 0.9670000000000001,
  "11": 0.9700000000000001,
  "12": 0.9720000000000001,
  "13": 0.9730000000000001,
  "14": 0.9740000000000001,
  "15": 0.9750000000000001,
  "16": 0.9770000000000001,
  "17": 0.9800000000000001,
  "18": 0.9840000000000001,
  "19": 0.9860000000000001,
  "22": 0.9870000000000001,
  "23": 0.9900000000000001,
  "25": 0.9920000000000001,
  "26": 0.9930000000000001,
  "31": 0.9940000000000001,
  "32": 0.9960000000000001,
  "33": 0.9970000000000001,
  "39": 0.9990000000000001,
  "42": 1.0
}