{
  "2": 0.009009009009009009,
  "3": 0.12012012012012012,
  "4": 0.25825825825825827,
  "5": 0.3108108108108108,
  "6": 0.35735735735735735,
  "7": 0.38288288288288286,
  "8": 0.40090090090090086,
  "9": 0.4174174174174174,
  "10": 0.4279279279279279,
  "11": 0.4414414414414414,
  "12": 0.4594594594594594,
  "13": 0.4759759759759759,
  "14": 0.4909909909909909,
  "15": 0.5090090090090089,
  "16": 0.5150150150150149,
  "17": 0.5255255255255254,
  "18": 0.542042042042042,
  "19": 0.5465465465465464,
  "20": 0.5600600600600599,
  "21": 0.5705705705705705,
  "22": 0.5765765765765765,
  "23": 0.59009009009009,
  "24": 0.599099099099099,
  "25": 0.6096096096096095,
  "26": 0.6216216216216215,
  "27": 0.6276276276276275,
  "28": 0.6366366366366365,
  "29": 0.644144144144144,
  "30": 0.653153153153153,
  "31": 0.665165165165165,
  "32": 0.6696696696696695,
  "33": 0.6726726726726725,
  "34": 0.6876876876876875,
  "35": 0.695195195195195,
  "36": 0.7027027027027025,
  "37": 0.7132132132132131,
  "38": 0.7177177177177175,
  "39": 0.7207207207207206,
  "40": 0.7222222222222221,
  "41": 0.7252252252252251,
  "42": 0.7282282282282282,
  "43": 0.7327327327327327,
  "44": 0.7447447447447446,
  "45": 0.7507507507507506,
  "46": 0.755255255255255,
  "47": 0.7582582582582581,
  "48": 0.7627627627627626,
  "49": 0.7717717717717716,
  "50": 0.7777777777777776,
  "51": 0.7807807807807806,
  "52": 0.7837837837837837,
  "53": 0.7852852852852852,
  "54": 0.7912912912912912,
  "55": 0.7927927927927927,
  "56": 0.7972972972972971,
  "57": 0.8018018018018016,
  "58": 0.8033033033033031,
  "59": 0.8048048048048047,
  "60": 0.8093093093093091,
  "61": 0.8108108108108106,
  "62": 0.8168168168168166,
  "63": 0.8198198198198197,
  "64": 0.8243243243243241,
  "65": 0.8258258258258256,
  "66": 0.8288288288288287,
  "67": 0.8318318318318317,
  "68": 0.8348348348348348,
  "69": 0.8408408408408408,
  "70": 0.8528528528528527,
  "71": 0.8588588588588587,
  "72": 0.8633633633633632,
  "73": 0.8663663663663662,
  "75": 0.8723723723723722,
  "76": 0.8753753753753752,
  "78": 0.8798798798798797,
  "80": 0.8828828828828827,
  "81": 0.8873873873873872,
  "82": 0.8918918918918917,
  "84": 0.8948948948948947,
  "85": 0.9009009009009007,
  "87": 0.9024024024024022,
  "89": 0.9039039039039037,
  "90": 0.9069069069069068,
  "93": 0.9084084084084083,
  "94": 0.9129129129129128,
  "95": 0.9159159159159158,
  "96": 0.9174174174174173,
  "97": 0.9189189189189189,
  "98": 0.9204204204204204,
  "99": 0.9219219219219219,
  "100": 0.9234234234234234,
  "102": 0.924924924924925,
  "104": 0.9264264264264265,
  "106": 0.927927927927928,
  "107": 0.9294294294294295,
  "108": 0.9324324324324326,
  "109": 0.9354354354354356,
  "110": 0.9384384384384387,
  "114": 0.9414414414414417,
  "121": 0.9429429429429432,
  "122": 0.9444444444444448,
  "126": 0.9459459459459463,
  "134": 0.9474474474474478,
  "138": 0.9489489489489493,
  "139": 0.9504504504504508,
  "141": 0.9519519519519524,
  "143": 0.9534534534534539,
  "144": 0.9549549549549554,
  "145": 0.9564564564564569,
  "147": 0.9579579579579585,
  "149": 0.9609609609609615,
  "151": 0.962462462462463,
  "153": 0.9654654654654661,
  "154": 0.9669669669669676,
  "156": 0.9684684684684691,
  "157": 0.9699699699699706,
  "159": 0.9714714714714722,
  "160": 0.9744744744744752,
  "162": 0.9789789789789797,
  "165": 0.9834834834834841,
  "168": 0.9864864864864872,
  "173": 0.9879879879879887,
  "175": 0.9894894894894902,
  "176": 0.9924924924924933,
  "178": 0.9939939939939948,
  "185": 0.9954954954954963,
  "186": 0.9969969969969978,
  "190": 0.9984984984984994,
  "197": 1.0000000000000009
}