{
  "2": 0.313,
  "3": 0.502,
  "4": 0.587,
  "5": 0.626,
  "6": 0.665,
  "7": 0.7090000000000001,
  "8": 0.7390000000000001,
  "9": 0.7570000000000001,
  "10": 0.7860000000000001,
  "11": 0.8130000000000002,
  "12": 0.8400000000000002,
  "13": 0.8630000000000002,
  "14": 0.8820000000000002,
  "15": 0.9000000000000002,
  "16": 0.9130000000000003,
  "17": 0.9280000000000003,
  "18": 0.9400000000000003,
  "19": 0.9470000000000003,
  "20": 0.9550000000000003,
  "21": 0.9580000000000003,
  "22": 0.9610000000000003,
  "23": 0.9660000000000003,
  "24": 0.9690000000000003,
  "25": 0.9710000000000003,
  "26": 0.9720000000000003,
  "27": 0.9770000000000003,
  "28": 0.9780000000000003,
  "31": 0.9800000000000003,
  "32": 0.9810000000000003,
  "33": 0.9830000000000003,
  "35": 0.9840000000000003,
  "36": 0.9850000000000003,
  "43": 0.9860000000000003,
  "49": 0.9870000000000003,
  "50": 0.9880000000000003,
  "51": 0.9890000000000003,
  "54": 0.9900000000000003,
  "64": 0.9910000000000003,
  "69": 0.9920000000000003,
  "72": 0.9940000000000003,
  "73": 0.9950000000000003,
  "77": 0.9970000000000003,
  "84": 0.9980000000000003,
  "95": 0.9990000000000003,
  "98": 1.0000000000000002
}