{
  "2": 0.019157088122605363,
  "3": 0.06641123882503193,
  "4": 0.12899106002554278,
  "5": 0.1673052362707535,
  "6": 0.19923371647509577,
  "7": 0.23243933588761173,
  "8": 0.2656449553001277,
  "9": 0.29246487867177523,
  "10": 0.3128991060025543,
  "11": 0.334610472541507,
  "12": 0.3575989782886334,
  "13": 0.3742017879948914,
  "14": 0.3908045977011494,
  "15": 0.40996168582375475,
  "16": 0.4278416347381864,
  "17": 0.44189016602809705,
  "18": 0.45338441890166026,
  "19": 0.4674329501915709,
  "20": 0.4789272030651341,
  "21": 0.4891443167305236,
  "22": 0.5031928480204342,
  "23": 0.5095785440613027,
  "24": 0.5172413793103448,
  "25": 0.528735632183908,
  "26": 0.5415070242656449,
  "27": 0.5504469987228607,
  "28": 0.5619412515964239,
  "29": 0.5708812260536398,
  "30": 0.5785440613026819,
  "31": 0.586206896551724,
  "32": 0.5874840357598977,
  "33": 0.5938697318007662,
  "34": 0.5977011494252873,
  "35": 0.6053639846743294,
  "36": 0.615581098339719,
  "37": 0.6194125159642401,
  "38": 0.6257982120051085,
  "39": 0.6309067688378033,
  "40": 0.636015325670498,
  "41": 0.6398467432950191,
  "42": 0.6411238825031929,
  "43": 0.648786717752235,
  "44": 0.6526181353767561,
  "45": 0.6590038314176245,
  "46": 0.6602809706257983,
  "47": 0.665389527458493,
  "48": 0.6704980842911877,
  "50": 0.6717752234993615,
  "51": 0.6756066411238826,
  "52": 0.6807151979565773,
  "53": 0.6832694763729247,
  "54": 0.6883780332056194,
  "55": 0.6960408684546615,
  "56": 0.70242656449553,
  "57": 0.7075351213282247,
  "58": 0.7088122605363985,
  "59": 0.7113665389527458,
  "60": 0.7139208173690932,
  "61": 0.7190293742017879,
  "62": 0.7203065134099617,
  "65": 0.722860791826309,
  "66": 0.7254150702426564,
  "67": 0.7266922094508301,
  "68": 0.7279693486590039,
  "69": 0.7292464878671776,
  "70": 0.7305236270753513,
  "71": 0.7318007662835251,
  "72": 0.7369093231162198,
  "73": 0.7381864623243936,
  "74": 0.7407407407407409,
  "76": 0.7420178799489147,
  "77": 0.7432950191570884,
  "78": 0.7471264367816095,
  "525": 0.9757343550447045,
  "80": 0.7484035759897832,
  "82": 0.749680715197957,
  "84": 0.7535121328224781,
  "85": 0.7547892720306518,
  "86": 0.7560664112388256,
  "87": 0.7637292464878677,
  "88": 0.7650063856960414,
  "90": 0.7675606641123888,
  "91": 0.7688378033205625,
  "92": 0.7713920817369099,
  "94": 0.7739463601532572,
  "95": 0.775223499361431,
  "96": 0.7790549169859521,
  "97": 0.7816091954022995,
  "98": 0.7828863346104732,
  "99": 0.7867177522349943,
  "100": 0.787994891443168,
  "613": 0.9872286079182682,
  "102": 0.7892720306513418,
  "104": 0.7918263090676891,
  "105": 0.7931034482758629,
  "106": 0.7943805874840366,
  "108": 0.796934865900384,
  "109": 0.7982120051085577,
  "110": 0.8007662835249051,
  "114": 0.8020434227330788,
  "115": 0.8033205619412526,
  "117": 0.8045977011494263,
  "118": 0.8084291187739474,
  "119": 0.8097062579821211,
  "120": 0.8109833971902949,
  "121": 0.8122605363984686,
  "123": 0.814814814814816,
  "124": 0.8160919540229897,
  "126": 0.8173690932311635,
  "127": 0.8186462324393372,
  "129": 0.8212005108556846,
  "130": 0.8224776500638583,
  "131": 0.8250319284802057,
  "132": 0.8263090676883794,
  "133": 0.8275862068965532,
  "135": 0.8301404853129005,
  "136": 0.8326947637292479,
  "137": 0.8339719029374216,
  "138": 0.8390804597701164,
  "535": 0.978288633461052,
  "142": 0.8403575989782901,
  "656": 0.9885057471264419,
  "148": 0.8416347381864638,
  "150": 0.8429118773946376,
  "152": 0.8454661558109849,
  "154": 0.8480204342273323,
  "155": 0.849297573435506,
  "163": 0.8518518518518534,
  "164": 0.8556832694763745,
  "710": 0.9910600255427894,
  "167": 0.8569604086845483,
  "168": 0.858237547892722,
  "170": 0.8595146871008957,
  "172": 0.8607918263090695,
  "174": 0.8620689655172432,
  "175": 0.8646232439335906,
  "180": 0.8684546615581117,
  "190": 0.871008939974459,
  "196": 0.8722860791826328,
  "198": 0.8748403575989802,
  "516": 0.9744572158365308,
  "200": 0.8761174968071539,
  "201": 0.8786717752235013,
  "204": 0.8812260536398486,
  "211": 0.8825031928480224,
  "548": 0.9795657726692257,
  "220": 0.8850574712643697,
  "225": 0.8863346104725435,
  "740": 0.9923371647509631,
  "230": 0.8876117496807172,
  "232": 0.8901660280970646,
  "234": 0.8914431673052383,
  "235": 0.892720306513412,
  "236": 0.8952745849297594,
  "240": 0.8965517241379332,
  "247": 0.8991060025542805,
  "248": 0.9003831417624543,
  "762": 0.9936143039591369,
  "254": 0.9029374201788016,
  "264": 0.9042145593869754,
  "267": 0.9054916985951491,
  "268": 0.9067688378033228,
  "269": 0.9080459770114966,
  "273": 0.9093231162196703,
  "274": 0.9106002554278441,
  "275": 0.9118773946360178,
  "276": 0.9131545338441915,
  "278": 0.9144316730523653,
  "279": 0.915708812260539,
  "283": 0.9169859514687128,
  "284": 0.9182630906768865,
  "287": 0.9195402298850602,
  "291": 0.920817369093234,
  "292": 0.9220945083014077,
  "294": 0.9233716475095815,
  "301": 0.9246487867177552,
  "302": 0.9259259259259289,
  "308": 0.9272030651341027,
  "821": 0.9961685823754843,
  "321": 0.9284802043422764,
  "330": 0.9297573435504501,
  "331": 0.9323116219667975,
  "336": 0.9335887611749712,
  "337": 0.934865900383145,
  "344": 0.9361430395913187,
  "345": 0.9386973180076661,
  "353": 0.9399744572158398,
  "354": 0.9412515964240136,
  "870": 0.9974457215836581,
  "359": 0.9425287356321873,
  "361": 0.943805874840361,
  "368": 0.9450830140485348,
  "370": 0.9463601532567085,
  "599": 0.9859514687100944,
  "888": 0.9987228607918318,
  "382": 0.9476372924648823,
  "386": 0.948914431673056,
  "780": 0.9948914431673106,
  "391": 0.9501915708812297,
  "664": 0.9897828863346156,
  "405": 0.9514687100894035,
  "920": 1.0000000000000056,
  "580": 0.9821200510855732,
  "410": 0.9527458492975772,
  "572": 0.9808429118773995,
  "414": 0.954022988505751,
  "417": 0.9553001277139247,
  "419": 0.9565772669220984,
  "582": 0.983397190293747,
  "428": 0.9578544061302722,
  "430": 0.9591315453384459,
  "436": 0.9604086845466197,
  "439": 0.9616858237547934,
  "526": 0.9770114942528783,
  "447": 0.9629629629629671,
  "450": 0.9642401021711409,
  "451": 0.9655172413793146,
  "457": 0.9667943805874883,
  "469": 0.9680715197956621,
  "591": 0.9846743295019207,
  "482": 0.9693486590038358,
  "489": 0.9706257982120096,
  "490": 0.9719029374201833,
  "495": 0.973180076628357
}