{
  "2": 0.332,
  "3": 0.6100000000000001,
  "4": 0.7100000000000001,
  "5": 0.781,
  "6": 0.8200000000000001,
  "7": 0.8540000000000001,
  "8": 0.8750000000000001,
  "9": 0.8930000000000001,
  "10": 0.9030000000000001,
  "11": 0.9120000000000001,
  "12": 0.9240000000000002,
  "13": 0.9340000000000002,
  "14": 0.9420000000000002,
  "15": 0.9490000000000002,
  "16": 0.9510000000000002,
  "17": 0.9540000000000002,
  "18": 0.9590000000000002,
  "19": 0.9620000000000002,
  "20": 0.9640000000000002,
  "21": 0.9700000000000002,
  "22": 0.9730000000000002,
  "23": 0.9750000000000002,
  "24": 0.9780000000000002,
  "25": 0.9860000000000002,
  "26": 0.9900000000000002,
  "27": 0.9920000000000002,
  "28": 0.9940000000000002,
  "29": 0.9950000000000002,
  "30": 0.9970000000000002,
  "32": 0.9980000000000002,
  "41": 0.9990000000000002,
  "49": 1.0000000000000002
}