{
  "2": 0.33040614709110866,
  "3": 0.4818880351262349,
  "4": 0.5653128430296378,
  "5": 0.636663007683864,
  "6": 0.6728869374313942,
  "7": 0.7145993413830956,
  "8": 0.7508232711306257,
  "9": 0.7958287596048299,
  "10": 0.8243688254665203,
  "11": 0.845225027442371,
  "12": 0.8594950603732163,
  "13": 0.87596048298573,
  "14": 0.8902305159165753,
  "15": 0.906695938529089,
  "16": 0.9121844127332602,
  "17": 0.9220636663007684,
  "18": 0.9308452250274424,
  "19": 0.9396267837541163,
  "20": 0.9429198682766191,
  "21": 0.9517014270032931,
  "22": 0.9615806805708013,
  "23": 0.9659714599341382,
  "24": 0.969264544456641,
  "25": 0.9758507135016465,
  "26": 0.9802414928649835,
  "27": 0.9813391877058177,
  "29": 0.9868276619099889,
  "30": 0.9890230515916575,
  "31": 0.9934138309549945,
  "34": 0.995609220636663,
  "37": 0.9967069154774972,
  "39": 0.9989023051591658,
  "45": 1.0
}