{
  "2": 0.04595879556259905,
  "3": 0.08240887480190173,
  "4": 0.1236133122028526,
  "5": 0.1664025356576862,
  "6": 0.19968304278922344,
  "7": 0.24247226624405704,
  "8": 0.27099841521394613,
  "9": 0.294770206022187,
  "10": 0.31537242472266247,
  "11": 0.33597464342313793,
  "12": 0.3565768621236134,
  "13": 0.36608557844690975,
  "14": 0.3851030110935025,
  "15": 0.4104595879556261,
  "16": 0.43106180665610155,
  "17": 0.44849445324881154,
  "18": 0.46592709984152153,
  "19": 0.4833597464342315,
  "20": 0.5007923930269415,
  "21": 0.5134706814580032,
  "22": 0.5356576862123614,
  "23": 0.5515055467511887,
  "24": 0.5689381933438986,
  "25": 0.5832012678288432,
  "26": 0.5927099841521395,
  "27": 0.5974643423137876,
  "28": 0.6053882725832013,
  "29": 0.6101426307448494,
  "30": 0.6196513470681457,
  "31": 0.6228209191759112,
  "32": 0.6370839936608558,
  "33": 0.6434231378763867,
  "34": 0.6497622820919177,
  "35": 0.6545166402535658,
  "36": 0.6687797147385104,
  "37": 0.6719492868462759,
  "38": 0.676703645007924,
  "39": 0.6925515055467513,
  "40": 0.705229793977813,
  "41": 0.7099841521394612,
  "42": 0.7163232963549921,
  "43": 0.7258320126782885,
  "44": 0.7290015847860539,
  "45": 0.7353407290015849,
  "46": 0.7385103011093503,
  "47": 0.7448494453248813,
  "48": 0.7511885895404122,
  "49": 0.7559429477020604,
  "50": 0.7591125198098259,
  "51": 0.770206022187005,
  "52": 0.7749603803486531,
  "53": 0.7844690966719494,
  "54": 0.7939778129952457,
  "55": 0.8003169572107767,
  "56": 0.8050713153724248,
  "57": 0.8082408874801903,
  "58": 0.8129952456418384,
  "59": 0.8177496038034866,
  "60": 0.8225039619651348,
  "61": 0.8256735340729002,
  "62": 0.8288431061806657,
  "63": 0.8335974643423139,
  "64": 0.838351822503962,
  "65": 0.8415213946117275,
  "66": 0.8431061806656102,
  "67": 0.8462757527733756,
  "68": 0.8510301109350238,
  "69": 0.8526148969889065,
  "70": 0.8557844690966719,
  "72": 0.8573692551505546,
  "73": 0.8605388272583201,
  "74": 0.8637083993660856,
  "75": 0.8652931854199682,
  "76": 0.8668779714738509,
  "77": 0.8700475435816164,
  "79": 0.8732171156893819,
  "80": 0.87797147385103,
  "81": 0.8795562599049127,
  "83": 0.8858954041204437,
  "85": 0.8874801901743263,
  "86": 0.8938193343898573,
  "87": 0.9001584786053882,
  "88": 0.9033280507131537,
  "90": 0.9064976228209192,
  "91": 0.9080824088748018,
  "94": 0.9096671949286845,
  "97": 0.9112519809825672,
  "98": 0.9128367670364499,
  "99": 0.9144215530903326,
  "101": 0.917591125198098,
  "102": 0.9191759112519807,
  "105": 0.9207606973058634,
  "106": 0.9255150554675116,
  "108": 0.9270998415213942,
  "109": 0.9302694136291597,
  "110": 0.9318541996830424,
  "111": 0.9366085578446905,
  "112": 0.9381933438985732,
  "113": 0.9397781299524559,
  "114": 0.9413629160063386,
  "115": 0.9429477020602213,
  "118": 0.944532488114104,
  "120": 0.9461172741679866,
  "123": 0.9524564183835176,
  "125": 0.9540412044374003,
  "130": 0.9556259904912829,
  "131": 0.9572107765451656,
  "134": 0.9603803486529311,
  "140": 0.9635499207606966,
  "144": 0.9651347068145792,
  "147": 0.9667194928684619,
  "150": 0.9698890649762274,
  "153": 0.9714738510301101,
  "160": 0.9730586370839928,
  "162": 0.9762282091917582,
  "168": 0.9778129952456409,
  "169": 0.9793977812995236,
  "170": 0.9809825673534063,
  "171": 0.982567353407289,
  "173": 0.9841521394611716,
  "174": 0.9857369255150543,
  "175": 0.987321711568937,
  "176": 0.9889064976228197,
  "177": 0.9904912836767024,
  "182": 0.992076069730585,
  "185": 0.9936608557844677,
  "190": 0.9952456418383504,
  "191": 0.9984152139461159,
  "195": 0.9999999999999986
}