{
  "2": 0.05298913043478261,
  "3": 0.15217391304347827,
  "4": 0.2377717391304348,
  "5": 0.3125,
  "6": 0.358695652173913,
  "7": 0.38451086956521735,
  "8": 0.4035326086956521,
  "9": 0.43749999999999994,
  "10": 0.4538043478260869,
  "11": 0.47690217391304346,
  "12": 0.49320652173913043,
  "13": 0.5190217391304348,
  "14": 0.5516304347826088,
  "15": 0.5706521739130436,
  "16": 0.5828804347826088,
  "17": 0.5937500000000001,
  "18": 0.6005434782608696,
  "19": 0.6086956521739131,
  "20": 0.6154891304347826,
  "21": 0.6222826086956521,
  "22": 0.6413043478260869,
  "23": 0.6480978260869564,
  "24": 0.6521739130434782,
  "25": 0.6589673913043477,
  "26": 0.6684782608695651,
  "27": 0.6711956521739129,
  "28": 0.6752717391304346,
  "29": 0.6793478260869563,
  "30": 0.6807065217391303,
  "31": 0.683423913043478,
  "32": 0.6861413043478258,
  "33": 0.6902173913043476,
  "34": 0.6915760869565215,
  "35": 0.6942934782608693,
  "36": 0.699728260869565,
  "37": 0.7065217391304345,
  "38": 0.7105978260869562,
  "39": 0.7160326086956519,
  "40": 0.7173913043478258,
  "41": 0.7187499999999998,
  "42": 0.7269021739130432,
  "43": 0.7377717391304346,
  "44": 0.7432065217391303,
  "45": 0.7499999999999998,
  "46": 0.7554347826086955,
  "47": 0.7635869565217389,
  "48": 0.7758152173913041,
  "49": 0.7894021739130432,
  "50": 0.7989130434782606,
  "51": 0.8111413043478258,
  "52": 0.8192934782608693,
  "53": 0.823369565217391,
  "54": 0.8315217391304345,
  "55": 0.8369565217391302,
  "56": 0.8396739130434779,
  "57": 0.8505434782608693,
  "58": 0.8532608695652171,
  "59": 0.8559782608695649,
  "60": 0.8600543478260866,
  "61": 0.8614130434782605,
  "62": 0.8668478260869562,
  "63": 0.8722826086956519,
  "64": 0.8736413043478258,
  "66": 0.8763586956521736,
  "68": 0.8817934782608693,
  "69": 0.8831521739130432,
  "70": 0.885869565217391,
  "71": 0.8885869565217388,
  "73": 0.8926630434782605,
  "74": 0.8940217391304345,
  "75": 0.8967391304347823,
  "76": 0.8980978260869562,
  "77": 0.9035326086956519,
  "78": 0.9089673913043476,
  "79": 0.9103260869565215,
  "80": 0.9130434782608693,
  "81": 0.9144021739130432,
  "82": 0.9157608695652172,
  "83": 0.918478260869565,
  "84": 0.9211956521739127,
  "86": 0.9239130434782605,
  "87": 0.9266304347826083,
  "88": 0.9279891304347823,
  "89": 0.9293478260869562,
  "90": 0.9307065217391302,
  "91": 0.9320652173913041,
  "92": 0.9347826086956519,
  "94": 0.9374999999999997,
  "95": 0.9388586956521736,
  "97": 0.9415760869565214,
  "98": 0.9429347826086953,
  "99": 0.9442934782608693,
  "100": 0.9456521739130432,
  "102": 0.948369565217391,
  "103": 0.949728260869565,
  "104": 0.9510869565217389,
  "105": 0.9524456521739129,
  "109": 0.9538043478260868,
  "112": 0.9551630434782608,
  "113": 0.9578804347826085,
  "114": 0.9605978260869563,
  "120": 0.9619565217391303,
  "121": 0.9633152173913042,
  "123": 0.9646739130434782,
  "125": 0.9673913043478259,
  "126": 0.9687499999999999,
  "132": 0.9701086956521738,
  "135": 0.9714673913043478,
  "136": 0.9728260869565217,
  "146": 0.9741847826086957,
  "147": 0.9755434782608696,
  "151": 0.9769021739130436,
  "153": 0.9796195652173914,
  "156": 0.985054347826087,
  "157": 0.986413043478261,
  "158": 0.9877717391304349,
  "160": 0.9891304347826089,
  "165": 0.9918478260869567,
  "167": 0.9932065217391306,
  "170": 0.9959239130434784,
  "177": 0.9972826086956523,
  "178": 0.9986413043478263,
  "196": 1.0000000000000002
}