{
  "2": 0.049586776859504134,
  "3": 0.12190082644628099,
  "4": 0.16735537190082644,
  "5": 0.23037190082644626,
  "6": 0.25826446280991733,
  "7": 0.3026859504132231,
  "8": 0.33884297520661155,
  "9": 0.3739669421487603,
  "10": 0.40082644628099173,
  "11": 0.4225206611570248,
  "12": 0.4431818181818182,
  "13": 0.4597107438016529,
  "14": 0.4793388429752066,
  "15": 0.5020661157024794,
  "16": 0.5175619834710744,
  "17": 0.5320247933884298,
  "18": 0.5516528925619835,
  "19": 0.5661157024793388,
  "20": 0.5764462809917356,
  "21": 0.5826446280991736,
  "22": 0.5929752066115703,
  "23": 0.6136363636363638,
  "24": 0.6208677685950414,
  "25": 0.6311983471074382,
  "26": 0.6363636363636365,
  "27": 0.6477272727272728,
  "28": 0.6518595041322315,
  "29": 0.6570247933884298,
  "30": 0.6652892561983471,
  "31": 0.6725206611570248,
  "32": 0.6745867768595042,
  "33": 0.6787190082644629,
  "34": 0.6828512396694215,
  "35": 0.6838842975206612,
  "36": 0.6880165289256198,
  "37": 0.6962809917355371,
  "38": 0.7014462809917354,
  "39": 0.7066115702479338,
  "40": 0.7148760330578511,
  "41": 0.7200413223140494,
  "42": 0.7272727272727271,
  "43": 0.7324380165289254,
  "44": 0.7376033057851237,
  "45": 0.7407024793388427,
  "46": 0.7417355371900823,
  "47": 0.7499999999999997,
  "48": 0.7561983471074377,
  "49": 0.7572314049586774,
  "50": 0.7592975206611567,
  "51": 0.7654958677685948,
  "52": 0.7665289256198344,
  "53": 0.7696280991735535,
  "54": 0.7737603305785121,
  "55": 0.7789256198347104,
  "56": 0.7809917355371898,
  "57": 0.7840909090909088,
  "58": 0.7892561983471071,
  "59": 0.7923553719008262,
  "60": 0.7933884297520658,
  "61": 0.7944214876033054,
  "62": 0.7975206611570245,
  "63": 0.7995867768595039,
  "64": 0.8016528925619832,
  "65": 0.8057851239669419,
  "66": 0.8068181818181815,
  "67": 0.8119834710743798,
  "68": 0.8171487603305781,
  "69": 0.8181818181818178,
  "70": 0.8243801652892558,
  "71": 0.8274793388429749,
  "72": 0.8285123966942145,
  "73": 0.8295454545454541,
  "74": 0.8305785123966938,
  "76": 0.8336776859504128,
  "77": 0.8388429752066111,
  "78": 0.8398760330578507,
  "79": 0.8409090909090904,
  "80": 0.8429752066115698,
  "84": 0.8440082644628094,
  "85": 0.8471074380165284,
  "86": 0.8533057851239665,
  "87": 0.8553719008264459,
  "88": 0.8564049586776855,
  "89": 0.8605371900826442,
  "90": 0.8615702479338838,
  "92": 0.8626033057851235,
  "93": 0.8636363636363631,
  "94": 0.8688016528925614,
  "95": 0.8729338842975201,
  "96": 0.8780991735537184,
  "97": 0.882231404958677,
  "98": 0.8842975206611564,
  "99": 0.885330578512396,
  "100": 0.8894628099173547,
  "102": 0.8925619834710737,
  "103": 0.8956611570247928,
  "104": 0.8977272727272722,
  "106": 0.8997933884297515,
  "107": 0.9008264462809912,
  "108": 0.9049586776859498,
  "109": 0.9080578512396689,
  "110": 0.9090909090909085,
  "111": 0.9101239669421481,
  "112": 0.9111570247933878,
  "113": 0.9132231404958672,
  "114": 0.9163223140495862,
  "115": 0.9183884297520656,
  "116": 0.9194214876033052,
  "117": 0.9214876033057846,
  "118": 0.9225206611570242,
  "119": 0.9235537190082639,
  "120": 0.9245867768595035,
  "121": 0.9266528925619829,
  "122": 0.9276859504132225,
  "123": 0.9297520661157019,
  "124": 0.9307851239669416,
  "125": 0.932851239669421,
  "127": 0.9338842975206606,
  "128": 0.9349173553719002,
  "129": 0.9359504132231399,
  "130": 0.9369834710743795,
  "131": 0.9380165289256192,
  "132": 0.9400826446280985,
  "133": 0.9421487603305779,
  "134": 0.9442148760330573,
  "136": 0.9462809917355367,
  "137": 0.9473140495867763,
  "138": 0.948347107438016,
  "139": 0.9493801652892556,
  "140": 0.951446280991735,
  "141": 0.9535123966942144,
  "142": 0.954545454545454,
  "143": 0.9566115702479334,
  "144": 0.9576446280991731,
  "146": 0.9607438016528921,
  "151": 0.9617768595041317,
  "153": 0.9628099173553714,
  "154": 0.963842975206611,
  "156": 0.9648760330578506,
  "157": 0.9679752066115697,
  "160": 0.9690082644628093,
  "161": 0.9700413223140489,
  "162": 0.9721074380165283,
  "163": 0.973140495867768,
  "164": 0.9741735537190076,
  "165": 0.9772727272727266,
  "166": 0.979338842975206,
  "167": 0.9814049586776854,
  "168": 0.982438016528925,
  "170": 0.9845041322314044,
  "174": 0.9855371900826441,
  "175": 0.9865702479338837,
  "176": 0.9876033057851233,
  "177": 0.988636363636363,
  "178": 0.9896694214876026,
  "180": 0.9907024793388423,
  "181": 0.9927685950413216,
  "182": 0.9938016528925613,
  "184": 0.9948347107438009,
  "185": 0.9969008264462803,
  "194": 0.99793388429752,
  "197": 0.9989669421487596,
  "199": 0.9999999999999992
}