{
  "2": 0.0397196261682243,
  "3": 0.10397196261682243,
  "4": 0.16004672897196262,
  "5": 0.18808411214953272,
  "6": 0.21962616822429906,
  "7": 0.2605140186915888,
  "8": 0.28738317757009346,
  "9": 0.29789719626168226,
  "10": 0.3189252336448598,
  "11": 0.33294392523364486,
  "12": 0.3492990654205607,
  "13": 0.3773364485981308,
  "14": 0.3936915887850467,
  "15": 0.4065420560747663,
  "16": 0.41121495327102797,
  "17": 0.42056074766355134,
  "18": 0.4322429906542055,
  "19": 0.4497663551401868,
  "20": 0.4626168224299064,
  "21": 0.4661214953271027,
  "22": 0.47546728971962604,
  "23": 0.4918224299065419,
  "24": 0.5011682242990653,
  "25": 0.5245327102803736,
  "26": 0.5362149532710279,
  "27": 0.5432242990654204,
  "28": 0.5525700934579437,
  "29": 0.564252336448598,
  "30": 0.5806074766355138,
  "31": 0.5852803738317754,
  "32": 0.6028037383177568,
  "33": 0.6133177570093455,
  "35": 0.620327102803738,
  "36": 0.628504672897196,
  "37": 0.6355140186915885,
  "38": 0.6390186915887848,
  "39": 0.6448598130841119,
  "40": 0.6483644859813081,
  "41": 0.6530373831775698,
  "42": 0.6658878504672894,
  "43": 0.6764018691588781,
  "44": 0.6810747663551397,
  "45": 0.6869158878504669,
  "46": 0.6915887850467285,
  "47": 0.6939252336448594,
  "48": 0.698598130841121,
  "49": 0.7032710280373826,
  "50": 0.7079439252336442,
  "51": 0.7091121495327096,
  "52": 0.7126168224299059,
  "53": 0.7172897196261675,
  "54": 0.7207943925233637,
  "55": 0.7219626168224291,
  "56": 0.7231308411214945,
  "57": 0.7266355140186908,
  "58": 0.730140186915887,
  "59": 0.7348130841121486,
  "60": 0.7394859813084103,
  "61": 0.7406542056074756,
  "62": 0.7429906542056065,
  "63": 0.7464953271028028,
  "64": 0.7488317757009336,
  "65": 0.749999999999999,
  "66": 0.7523364485981299,
  "67": 0.7558411214953261,
  "69": 0.7570093457943915,
  "70": 0.7581775700934569,
  "71": 0.764018691588784,
  "72": 0.7663551401869149,
  "73": 0.772196261682242,
  "74": 0.7768691588785036,
  "75": 0.778037383177569,
  "76": 0.7827102803738306,
  "77": 0.7850467289719615,
  "78": 0.7873831775700924,
  "79": 0.7897196261682232,
  "80": 0.7920560747663541,
  "81": 0.7932242990654195,
  "82": 0.800233644859812,
  "83": 0.8025700934579428,
  "84": 0.8037383177570082,
  "85": 0.8049065420560736,
  "87": 0.8095794392523352,
  "89": 0.8119158878504661,
  "91": 0.8130841121495315,
  "92": 0.8154205607476623,
  "93": 0.8235981308411203,
  "94": 0.8259345794392512,
  "95": 0.8282710280373821,
  "96": 0.8294392523364474,
  "97": 0.8341121495327091,
  "98": 0.8352803738317744,
  "99": 0.8376168224299053,
  "100": 0.8399532710280362,
  "101": 0.8434579439252324,
  "102": 0.8481308411214941,
  "105": 0.8492990654205594,
  "106": 0.8504672897196248,
  "107": 0.8539719626168211,
  "108": 0.8586448598130827,
  "109": 0.8598130841121481,
  "110": 0.8609813084112135,
  "111": 0.8644859813084097,
  "112": 0.8656542056074751,
  "113": 0.8714953271028022,
  "114": 0.8761682242990638,
  "115": 0.8808411214953255,
  "116": 0.8843457943925217,
  "117": 0.8855140186915871,
  "118": 0.8901869158878487,
  "119": 0.8960280373831758,
  "121": 0.8983644859813067,
  "122": 0.8995327102803721,
  "123": 0.9030373831775683,
  "124": 0.90771028037383,
  "125": 0.9088785046728953,
  "128": 0.9123831775700916,
  "129": 0.9147196261682224,
  "130": 0.9158878504672878,
  "131": 0.9182242990654187,
  "132": 0.9193925233644841,
  "133": 0.9205607476635495,
  "134": 0.9228971962616803,
  "135": 0.927570093457942,
  "136": 0.9310747663551382,
  "137": 0.9345794392523344,
  "138": 0.9357476635513998,
  "139": 0.9380841121495307,
  "140": 0.9404205607476616,
  "141": 0.9439252336448578,
  "143": 0.9462616822429887,
  "145": 0.9497663551401849,
  "146": 0.9509345794392503,
  "147": 0.9521028037383157,
  "149": 0.9532710280373811,
  "150": 0.9544392523364464,
  "151": 0.9602803738317736,
  "153": 0.9614485981308389,
  "154": 0.9626168224299043,
  "155": 0.9637850467289697,
  "156": 0.967289719626166,
  "157": 0.9707943925233622,
  "158": 0.9731308411214931,
  "159": 0.9754672897196239,
  "161": 0.9766355140186893,
  "165": 0.9778037383177547,
  "166": 0.9789719626168201,
  "167": 0.9801401869158854,
  "169": 0.9824766355140163,
  "171": 0.9836448598130817,
  "177": 0.9859813084112126,
  "179": 0.9871495327102779,
  "181": 0.9883177570093433,
  "182": 0.9906542056074742,
  "183": 0.9918224299065396,
  "187": 0.992990654205605,
  "189": 0.9941588785046703,
  "192": 0.9953271028037357,
  "194": 0.9964953271028011,
  "198": 0.9976635514018665,
  "199": 0.9988317757009318,
  "200": 0.9999999999999972
}