{
  "2": 0.055020632737276476,
  "3": 0.08253094910591471,
  "4": 0.1361760660247593,
  "5": 0.171939477303989,
  "6": 0.20082530949105915,
  "7": 0.2310866574965612,
  "8": 0.2640990371389271,
  "9": 0.2902338376891334,
  "10": 0.3177441540577717,
  "11": 0.3466299862448418,
  "12": 0.3686382393397524,
  "13": 0.39064649243466304,
  "14": 0.40440165061898214,
  "15": 0.422283356258597,
  "16": 0.4401650618982118,
  "17": 0.45667125171939477,
  "18": 0.46629986244841815,
  "19": 0.4786795048143054,
  "20": 0.4965612104539202,
  "21": 0.5103163686382394,
  "22": 0.5268225584594223,
  "23": 0.5405777166437414,
  "24": 0.5584594222833563,
  "25": 0.5639614855570839,
  "26": 0.5735900962861074,
  "27": 0.5873452544704265,
  "28": 0.595598349381018,
  "29": 0.610729023383769,
  "30": 0.6217331499312243,
  "31": 0.6272352132049519,
  "32": 0.6368638239339753,
  "34": 0.6451169188445668,
  "35": 0.6519944979367264,
  "36": 0.658872077028886,
  "37": 0.6685006877579094,
  "38": 0.675378266850069,
  "39": 0.6781292984869328,
  "40": 0.6891334250343881,
  "41": 0.6987620357634116,
  "42": 0.707015130674003,
  "43": 0.7111416781292987,
  "44": 0.7166437414030263,
  "45": 0.7235213204951859,
  "46": 0.7303988995873455,
  "47": 0.7345254470426412,
  "48": 0.7414030261348008,
  "49": 0.7496561210453923,
  "50": 0.7565337001375518,
  "51": 0.7620357634112794,
  "52": 0.7716643741403029,
  "53": 0.7771664374140305,
  "54": 0.78404401650619,
  "55": 0.7922971114167815,
  "56": 0.7991746905089411,
  "57": 0.8060522696011007,
  "58": 0.8129298486932602,
  "59": 0.8156808803301241,
  "60": 0.818431911966988,
  "61": 0.8266850068775794,
  "63": 0.8308115543328751,
  "64": 0.8349381017881708,
  "65": 0.8390646492434666,
  "66": 0.8431911966987623,
  "67": 0.8445667125171942,
  "68": 0.8486932599724899,
  "69": 0.8514442916093538,
  "70": 0.8555708390646495,
  "71": 0.8596973865199452,
  "72": 0.8624484181568091,
  "73": 0.8651994497936729,
  "74": 0.8679504814305368,
  "76": 0.8693259972489686,
  "77": 0.8734525447042644,
  "78": 0.8775790921595601,
  "79": 0.8817056396148558,
  "80": 0.8844566712517197,
  "81": 0.8885832187070154,
  "82": 0.8899587345254473,
  "83": 0.8913342503438791,
  "84": 0.9009628610729026,
  "85": 0.9023383768913344,
  "86": 0.9037138927097663,
  "87": 0.9050894085281982,
  "88": 0.9064649243466301,
  "90": 0.9078404401650619,
  "93": 0.9105914718019258,
  "94": 0.9133425034387896,
  "95": 0.9174690508940854,
  "97": 0.922971114167813,
  "98": 0.9257221458046768,
  "100": 0.9298486932599725,
  "101": 0.9312242090784044,
  "103": 0.9325997248968363,
  "104": 0.9339752407152682,
  "106": 0.936726272352132,
  "107": 0.9394773039889959,
  "112": 0.9436038514442916,
  "113": 0.9463548830811555,
  "115": 0.9491059147180193,
  "116": 0.9504814305364512,
  "118": 0.951856946354883,
  "119": 0.9546079779917469,
  "120": 0.9573590096286108,
  "121": 0.9587345254470426,
  "122": 0.9601100412654745,
  "124": 0.9614855570839064,
  "125": 0.9628610729023382,
  "131": 0.9642365887207701,
  "136": 0.965612104539202,
  "138": 0.9669876203576339,
  "141": 0.9683631361760657,
  "146": 0.9697386519944976,
  "149": 0.9738651994497933,
  "152": 0.9752407152682252,
  "155": 0.9793672627235209,
  "156": 0.9807427785419528,
  "170": 0.9821182943603847,
  "171": 0.9834938101788165,
  "172": 0.9848693259972484,
  "173": 0.9862448418156803,
  "175": 0.9889958734525441,
  "188": 0.990371389270976,
  "189": 0.9931224209078399,
  "190": 0.9944979367262717,
  "193": 0.9958734525447036,
  "195": 0.9972489683631355,
  "197": 0.9999999999999993
}