{
  "2": 0.01906158357771261,
  "3": 0.09530791788856305,
  "4": 0.13929618768328444,
  "5": 0.17741935483870966,
  "6": 0.21407624633431083,
  "7": 0.23313782991202345,
  "8": 0.2697947214076246,
  "9": 0.30498533724340177,
  "10": 0.3255131964809384,
  "11": 0.34310850439882695,
  "12": 0.3636363636363636,
  "13": 0.3826979472140762,
  "14": 0.4017595307917888,
  "15": 0.4149560117302052,
  "16": 0.4281524926686216,
  "17": 0.4354838709677418,
  "18": 0.44868035190615824,
  "19": 0.4545454545454544,
  "20": 0.45894428152492656,
  "21": 0.46774193548387083,
  "22": 0.4794721407624632,
  "23": 0.4956011730205277,
  "24": 0.504398826979472,
  "25": 0.5102639296187682,
  "26": 0.5117302052785923,
  "27": 0.5190615835777125,
  "28": 0.5249266862170087,
  "29": 0.5307917888563048,
  "30": 0.5337243401759529,
  "31": 0.535190615835777,
  "32": 0.5425219941348972,
  "33": 0.5498533724340174,
  "34": 0.5586510263929617,
  "35": 0.56891495601173,
  "36": 0.5733137829912022,
  "37": 0.5938416422287388,
  "38": 0.6099706744868033,
  "39": 0.6143695014662754,
  "40": 0.6246334310850438,
  "41": 0.6392961876832842,
  "42": 0.6451612903225804,
  "43": 0.6524926686217006,
  "44": 0.6554252199413487,
  "45": 0.6612903225806449,
  "46": 0.6671554252199411,
  "47": 0.6700879765395892,
  "48": 0.6744868035190613,
  "49": 0.6774193548387094,
  "50": 0.6803519061583575,
  "51": 0.6832844574780056,
  "52": 0.6847507331378296,
  "54": 0.6891495601173018,
  "55": 0.6935483870967739,
  "56": 0.6994134897360701,
  "59": 0.7008797653958941,
  "60": 0.7023460410557182,
  "61": 0.7082111436950144,
  "62": 0.7155425219941346,
  "63": 0.7199413489736067,
  "64": 0.7228739002932548,
  "65": 0.7243401759530789,
  "66": 0.7316715542521991,
  "67": 0.7360703812316712,
  "68": 0.7419354838709674,
  "69": 0.7448680351906155,
  "71": 0.7551319648093838,
  "72": 0.7580645161290319,
  "73": 0.7653958944281521,
  "74": 0.7668621700879762,
  "75": 0.7683284457478002,
  "76": 0.7697947214076243,
  "77": 0.7727272727272724,
  "79": 0.7756598240469205,
  "80": 0.7785923753665686,
  "81": 0.7800586510263926,
  "82": 0.7815249266862166,
  "83": 0.7903225806451609,
  "84": 0.7947214076246331,
  "85": 0.7961876832844571,
  "86": 0.7976539589442811,
  "88": 0.8035190615835773,
  "90": 0.8093841642228735,
  "91": 0.8167155425219937,
  "92": 0.8196480938416418,
  "93": 0.825513196480938,
  "94": 0.8284457478005861,
  "95": 0.8299120234604102,
  "96": 0.8313782991202342,
  "97": 0.8328445747800582,
  "98": 0.8357771260997063,
  "99": 0.8387096774193544,
  "101": 0.8401759530791785,
  "102": 0.8431085043988266,
  "103": 0.8460410557184747,
  "104": 0.8475073313782987,
  "105": 0.8504398826979468,
  "107": 0.8519061583577708,
  "108": 0.8533724340175949,
  "109": 0.8548387096774189,
  "110": 0.856304985337243,
  "111": 0.8592375366568911,
  "112": 0.8651026392961872,
  "113": 0.8695014662756594,
  "115": 0.8724340175953075,
  "116": 0.8753665689149556,
  "117": 0.8768328445747796,
  "118": 0.8797653958944277,
  "119": 0.8841642228738998,
  "120": 0.8856304985337239,
  "121": 0.890029325513196,
  "122": 0.8914956011730201,
  "126": 0.8929618768328441,
  "127": 0.8944281524926682,
  "128": 0.8988269794721403,
  "129": 0.9002932551319643,
  "130": 0.9032258064516124,
  "131": 0.9046920821114365,
  "132": 0.9076246334310846,
  "133": 0.9120234604105567,
  "134": 0.9134897360703808,
  "135": 0.9149560117302048,
  "136": 0.9164222873900288,
  "140": 0.9193548387096769,
  "141": 0.922287390029325,
  "142": 0.9252199413489731,
  "143": 0.9281524926686212,
  "146": 0.9296187683284453,
  "148": 0.9310850439882693,
  "149": 0.9354838709677414,
  "150": 0.9384164222873895,
  "151": 0.9398826979472136,
  "152": 0.9413489736070376,
  "155": 0.9472140762463338,
  "156": 0.9486803519061578,
  "157": 0.9501466275659819,
  "158": 0.95307917888563,
  "161": 0.954545454545454,
  "162": 0.9589442815249262,
  "164": 0.9618768328445743,
  "165": 0.9633431085043983,
  "166": 0.9648093841642224,
  "167": 0.9662756598240464,
  "168": 0.9692082111436945,
  "170": 0.9736070381231666,
  "171": 0.9765395894428147,
  "173": 0.9794721407624628,
  "175": 0.9809384164222869,
  "176": 0.9824046920821109,
  "177": 0.985337243401759,
  "178": 0.9882697947214071,
  "180": 0.9897360703812311,
  "184": 0.9912023460410552,
  "186": 0.9926686217008792,
  "188": 0.9941348973607033,
  "196": 0.9956011730205273,
  "198": 0.9970674486803514,
  "199": 0.9999999999999994
}