{
  "2": 0.0205761316872428,
  "3": 0.06035665294924554,
  "4": 0.09053497942386832,
  "5": 0.1234567901234568,
  "6": 0.15775034293552814,
  "7": 0.19753086419753088,
  "8": 0.2235939643347051,
  "9": 0.24554183813443076,
  "10": 0.2592592592592593,
  "11": 0.2770919067215364,
  "12": 0.28669410150891633,
  "13": 0.3100137174211248,
  "14": 0.31961591220850477,
  "15": 0.3388203017832647,
  "16": 0.345679012345679,
  "17": 0.35528120713305894,
  "18": 0.373113854595336,
  "19": 0.38820301783264743,
  "20": 0.40466392318244165,
  "21": 0.41015089163237306,
  "22": 0.4238683127572016,
  "23": 0.43209876543209874,
  "24": 0.4444444444444444,
  "25": 0.4567901234567901,
  "26": 0.4691358024691358,
  "27": 0.4801097393689986,
  "28": 0.48971193415637854,
  "29": 0.50480109739369,
  "30": 0.5116598079561042,
  "31": 0.5198902606310013,
  "32": 0.5349794238683127,
  "33": 0.5432098765432097,
  "34": 0.5555555555555554,
  "35": 0.5624142661179696,
  "36": 0.5679012345679011,
  "37": 0.5733882030178326,
  "38": 0.5761316872427983,
  "39": 0.5843621399176954,
  "40": 0.5912208504801096,
  "41": 0.6008230452674896,
  "42": 0.6104252400548696,
  "43": 0.6200274348422496,
  "44": 0.6268861454046639,
  "45": 0.6296296296296297,
  "46": 0.6378600823045267,
  "47": 0.6392318244170095,
  "48": 0.644718792866941,
  "49": 0.6488340192043895,
  "50": 0.654320987654321,
  "51": 0.6598079561042525,
  "52": 0.6666666666666667,
  "53": 0.673525377229081,
  "54": 0.6817558299039781,
  "55": 0.6858710562414266,
  "56": 0.6954732510288066,
  "57": 0.7023319615912209,
  "58": 0.7091906721536352,
  "59": 0.7146776406035666,
  "60": 0.7187928669410152,
  "61": 0.7242798353909466,
  "62": 0.7283950617283952,
  "63": 0.7338820301783266,
  "64": 0.7352537722908095,
  "65": 0.7421124828532237,
  "66": 0.7448559670781895,
  "68": 0.7462277091906723,
  "70": 0.7503429355281208,
  "71": 0.7530864197530865,
  "72": 0.7599451303155008,
  "73": 0.7626886145404665,
  "75": 0.768175582990398,
  "76": 0.777777777777778,
  "77": 0.7805212620027437,
  "78": 0.7846364883401923,
  "79": 0.787379972565158,
  "80": 0.7887517146776408,
  "81": 0.7928669410150894,
  "82": 0.7956104252400551,
  "83": 0.7969821673525379,
  "84": 0.7997256515775036,
  "85": 0.8010973936899864,
  "86": 0.8038408779149522,
  "87": 0.8065843621399179,
  "88": 0.8093278463648836,
  "91": 0.8134430727023322,
  "92": 0.8175582990397807,
  "93": 0.8189300411522635,
  "94": 0.8203017832647463,
  "95": 0.8271604938271606,
  "96": 0.8326474622770921,
  "99": 0.8367626886145406,
  "100": 0.8422496570644721,
  "101": 0.8518518518518521,
  "102": 0.8532235939643349,
  "104": 0.8559670781893006,
  "105": 0.8587105624142664,
  "107": 0.8628257887517149,
  "108": 0.8641975308641977,
  "109": 0.8669410150891634,
  "110": 0.871056241426612,
  "111": 0.8724279835390948,
  "112": 0.8751714677640605,
  "113": 0.8765432098765433,
  "114": 0.8806584362139919,
  "115": 0.8820301783264747,
  "116": 0.8847736625514404,
  "117": 0.888888888888889,
  "118": 0.8916323731138547,
  "119": 0.8930041152263375,
  "120": 0.8943758573388203,
  "121": 0.8957475994513031,
  "122": 0.8971193415637859,
  "124": 0.8984910836762687,
  "125": 0.9012345679012345,
  "127": 0.9080932784636487,
  "128": 0.9094650205761315,
  "129": 0.9108367626886144,
  "130": 0.9149519890260629,
  "132": 0.9163237311385457,
  "133": 0.9176954732510285,
  "135": 0.9190672153635113,
  "136": 0.9245541838134428,
  "137": 0.9286694101508913,
  "138": 0.9300411522633741,
  "139": 0.9327846364883399,
  "141": 0.9341563786008227,
  "142": 0.9355281207133055,
  "146": 0.939643347050754,
  "147": 0.9410150891632368,
  "148": 0.9437585733882026,
  "149": 0.9465020576131683,
  "151": 0.9478737997256511,
  "152": 0.9492455418381339,
  "154": 0.9506172839506167,
  "155": 0.9519890260630995,
  "158": 0.9533607681755824,
  "159": 0.9561042524005481,
  "161": 0.9574759945130309,
  "162": 0.9602194787379966,
  "164": 0.9615912208504794,
  "165": 0.965706447187928,
  "166": 0.9670781893004108,
  "167": 0.9684499314128936,
  "168": 0.9698216735253764,
  "170": 0.973936899862825,
  "174": 0.9753086419753078,
  "175": 0.9766803840877906,
  "179": 0.9780521262002734,
  "182": 0.9807956104252391,
  "185": 0.9835390946502048,
  "186": 0.9849108367626876,
  "187": 0.9876543209876534,
  "188": 0.9890260631001362,
  "189": 0.990397805212619,
  "190": 0.9917695473251018,
  "191": 0.9931412894375846,
  "192": 0.9945130315500674,
  "194": 0.9958847736625502,
  "197": 0.997256515775033,
  "199": 0.9986282578875159,
  "200": 0.9999999999999987
}