{
  "2": 0.02535496957403651,
  "3": 0.08012170385395537,
  "4": 0.11156186612576063,
  "5": 0.13995943204868153,
  "6": 0.1713995943204868,
  "7": 0.19878296146044622,
  "8": 0.22312373225152127,
  "9": 0.2505070993914807,
  "10": 0.2657200811359026,
  "11": 0.27586206896551724,
  "12": 0.2961460446247465,
  "13": 0.3113590263691684,
  "14": 0.32352941176470595,
  "15": 0.3387423935091279,
  "16": 0.3539553752535498,
  "17": 0.36815415821501024,
  "18": 0.38133874239350923,
  "19": 0.39553752535496967,
  "20": 0.40770791075050716,
  "21": 0.4178498985801218,
  "22": 0.4300202839756593,
  "23": 0.43813387423935096,
  "24": 0.4472616632860041,
  "25": 0.4614604462474645,
  "26": 0.46754563894523327,
  "27": 0.4776876267748479,
  "28": 0.48580121703853957,
  "29": 0.4969574036511156,
  "30": 0.5070993914807302,
  "31": 0.5111561866125761,
  "32": 0.5192697768762677,
  "33": 0.526369168356998,
  "34": 0.5375253549695741,
  "35": 0.5446247464503043,
  "36": 0.5517241379310346,
  "37": 0.5567951318458418,
  "38": 0.565922920892495,
  "39": 0.5699797160243408,
  "40": 0.579107505070994,
  "41": 0.5841784989858012,
  "42": 0.592292089249493,
  "43": 0.5973630831643002,
  "44": 0.6014198782961461,
  "45": 0.6044624746450304,
  "46": 0.6095334685598377,
  "47": 0.6186612576064908,
  "48": 0.6267748478701824,
  "49": 0.627789046653144,
  "50": 0.6308316430020283,
  "51": 0.6359026369168356,
  "52": 0.6399594320486814,
  "53": 0.6450304259634887,
  "54": 0.650101419878296,
  "55": 0.6511156186612574,
  "56": 0.6582150101419877,
  "57": 0.6602434077079106,
  "58": 0.6632860040567949,
  "59": 0.6663286004056793,
  "60": 0.6673427991886408,
  "61": 0.6703853955375252,
  "62": 0.6734279918864096,
  "63": 0.6744421906693711,
  "64": 0.6764705882352939,
  "65": 0.6815415821501012,
  "66": 0.6825557809330627,
  "67": 0.6886409736308314,
  "68": 0.6906693711967543,
  "69": 0.6937119675456387,
  "71": 0.6977687626774846,
  "72": 0.7028397565922918,
  "73": 0.7048681541582147,
  "74": 0.7099391480730219,
  "75": 0.7109533468559834,
  "76": 0.7139959432048678,
  "77": 0.7160243407707907,
  "78": 0.7180527383367136,
  "79": 0.7221095334685594,
  "80": 0.7281947261663282,
  "81": 0.7312373225152126,
  "82": 0.7352941176470584,
  "84": 0.7363083164300199,
  "85": 0.7373225152129814,
  "86": 0.7393509127789043,
  "87": 0.7413793103448272,
  "89": 0.745436105476673,
  "90": 0.7484787018255574,
  "91": 0.7505070993914803,
  "93": 0.7525354969574032,
  "94": 0.7545638945233261,
  "95": 0.7586206896551719,
  "96": 0.7606490872210948,
  "97": 0.7636916835699792,
  "98": 0.7657200811359021,
  "99": 0.7677484787018249,
  "100": 0.7687626774847864,
  "101": 0.7697768762677479,
  "102": 0.7707910750507094,
  "105": 0.7718052738336709,
  "108": 0.7738336713995938,
  "109": 0.7748478701825553,
  "110": 0.7768762677484782,
  "111": 0.7799188640973626,
  "112": 0.780933062880324,
  "113": 0.7829614604462469,
  "114": 0.7839756592292084,
  "115": 0.7849898580121699,
  "116": 0.7870182555780928,
  "117": 0.7890466531440157,
  "118": 0.7931034482758615,
  "119": 0.7961460446247459,
  "120": 0.7971602434077074,
  "123": 0.7981744421906689,
  "124": 0.7991886409736304,
  "125": 0.8012170385395533,
  "127": 0.8022312373225148,
  "1154": 0.9989858012170406,
  "131": 0.8032454361054763,
  "132": 0.8062880324543606,
  "133": 0.8073022312373221,
  "134": 0.8083164300202836,
  "135": 0.8093306288032451,
  "137": 0.8123732251521295,
  "139": 0.813387423935091,
  "141": 0.8154158215010139,
  "144": 0.8194726166328598,
  "145": 0.8225152129817441,
  "146": 0.82657200811359,
  "147": 0.8275862068965515,
  "148": 0.828600405679513,
  "149": 0.8306288032454359,
  "150": 0.8316430020283974,
  "663": 0.9827586206896567,
  "152": 0.8346855983772817,
  "665": 0.9837728194726182,
  "155": 0.8356997971602432,
  "156": 0.8387423935091276,
  "157": 0.8407707910750505,
  "158": 0.8427991886409734,
  "159": 0.8448275862068962,
  "160": 0.8458417849898577,
  "161": 0.8478701825557806,
  "165": 0.8488843813387421,
  "166": 0.850912778904665,
  "168": 0.8519269776876265,
  "169": 0.8539553752535494,
  "170": 0.8549695740365109,
  "171": 0.8569979716024337,
  "172": 0.8590263691683566,
  "626": 0.9807302231237337,
  "174": 0.8610547667342795,
  "1053": 0.9969574036511176,
  "176": 0.8630831643002024,
  "177": 0.8651115618661253,
  "178": 0.8671399594320481,
  "179": 0.8681541582150096,
  "180": 0.8701825557809325,
  "542": 0.9746450304259648,
  "185": 0.871196754563894,
  "186": 0.8732251521298169,
  "187": 0.8762677484787013,
  "188": 0.8772819472616628,
  "189": 0.8782961460446242,
  "191": 0.8793103448275857,
  "195": 0.8803245436105472,
  "197": 0.8813387423935087,
  "198": 0.8833671399594316,
  "206": 0.8843813387423931,
  "209": 0.8874239350912775,
  "210": 0.888438133874239,
  "211": 0.8894523326572005,
  "212": 0.890466531440162,
  "213": 0.8914807302231235,
  "217": 0.8935091277890463,
  "219": 0.8945233265720078,
  "222": 0.8955375253549693,
  "223": 0.8965517241379308,
  "224": 0.8975659229208923,
  "227": 0.8985801217038538,
  "230": 0.8995943204868153,
  "231": 0.9006085192697768,
  "232": 0.9016227180527383,
  "233": 0.9036511156186612,
  "236": 0.9046653144016227,
  "240": 0.9056795131845842,
  "241": 0.9066937119675457,
  "244": 0.9077079107505072,
  "245": 0.9087221095334687,
  "246": 0.9107505070993915,
  "250": 0.911764705882353,
  "252": 0.9137931034482759,
  "554": 0.9766734279918877,
  "254": 0.9148073022312374,
  "255": 0.9178498985801218,
  "258": 0.9208924949290062,
  "776": 0.9868154158215027,
  "265": 0.9219066937119677,
  "267": 0.9229208924949291,
  "272": 0.9239350912778906,
  "274": 0.9249492900608521,
  "275": 0.926977687626775,
  "277": 0.9279918864097365,
  "280": 0.929006085192698,
  "281": 0.9310344827586209,
  "284": 0.9320486815415824,
  "291": 0.9330628803245439,
  "561": 0.9776876267748492,
  "299": 0.9350912778904668,
  "812": 0.9888438133874257,
  "302": 0.9361054766734282,
  "817": 0.9898580121703872,
  "310": 0.9371196754563897,
  "316": 0.9381338742393512,
  "830": 0.9908722109533487,
  "324": 0.9391480730223127,
  "329": 0.9401622718052742,
  "331": 0.9411764705882357,
  "333": 0.9421906693711972,
  "653": 0.9817444219066952,
  "336": 0.9432048681541587,
  "337": 0.9442190669371202,
  "338": 0.9452332657200817,
  "340": 0.9462474645030432,
  "349": 0.9472616632860047,
  "351": 0.9482758620689662,
  "1066": 0.9979716024340791,
  "354": 0.9492900608519277,
  "357": 0.9503042596348892,
  "359": 0.9513184584178507,
  "779": 0.9878296146044642,
  "365": 0.9523326572008122,
  "1035": 0.9949290060851946,
  "369": 0.9533468559837737,
  "385": 0.9543610547667352,
  "392": 0.9553752535496967,
  "606": 0.9797160243407722,
  "1036": 0.9959432048681561,
  "400": 0.9563894523326582,
  "412": 0.9574036511156196,
  "581": 0.9787018255578107,
  "1156": 1.000000000000002,
  "419": 0.9584178498985811,
  "668": 0.9847870182555797,
  "426": 0.9594320486815426,
  "436": 0.9604462474645041,
  "437": 0.9614604462474656,
  "440": 0.9624746450304271,
  "953": 0.9918864097363101,
  "957": 0.9929006085192716,
  "455": 0.9634888438133886,
  "459": 0.9655172413793115,
  "473": 0.966531440162273,
  "475": 0.9675456389452345,
  "991": 0.9939148073022331,
  "484": 0.968559837728196,
  "488": 0.9695740365111575,
  "681": 0.9858012170385412,
  "491": 0.970588235294119,
  "496": 0.9726166328600419,
  "503": 0.9736308316430033
}