{
  "2": 0.092,
  "3": 0.533,
  "4": 0.746,
  "5": 0.837,
  "6": 0.881,
  "7": 0.912,
  "8": 0.93,
  "9": 0.9440000000000001,
  "10": 0.9600000000000001,
  "11": 0.9700000000000001,
  "12": 0.9720000000000001,
  "13": 0.9780000000000001,
  "14": 0.9790000000000001,
  "15": 0.9820000000000001,
  "16": 0.9860000000000001,
  "17": 0.9870000000000001,
  "18": 0.9880000000000001,
  "19": 0.9900000000000001,
  "20": 0.9910000000000001,
  "21": 0.9920000000000001,
  "24": 0.9940000000000001,
  "25": 0.9970000000000001,
  "26": 0.9980000000000001,
  "30": 0.9990000000000001,
  "34": 1.0
}