{
  "2": 0.022123893805309734,
  "3": 0.048672566371681415,
  "4": 0.08702064896755163,
  "5": 0.12536873156342182,
  "6": 0.14896755162241887,
  "7": 0.17256637168141592,
  "8": 0.2079646017699115,
  "9": 0.22418879056047197,
  "10": 0.24631268436578171,
  "11": 0.2610619469026549,
  "12": 0.27433628318584075,
  "13": 0.2949852507374632,
  "14": 0.3141592920353983,
  "15": 0.3259587020648968,
  "16": 0.3348082595870207,
  "17": 0.3539823008849558,
  "18": 0.3628318584070797,
  "19": 0.38643067846607676,
  "20": 0.4041297935103245,
  "21": 0.41592920353982304,
  "22": 0.43510324483775814,
  "23": 0.43805309734513276,
  "24": 0.44837758112094395,
  "25": 0.45722713864306785,
  "26": 0.46607669616519176,
  "27": 0.47640117994100295,
  "28": 0.4823008849557522,
  "29": 0.4926253687315634,
  "30": 0.5029498525073746,
  "31": 0.5103244837758112,
  "32": 0.5206489675516224,
  "33": 0.5294985250737463,
  "34": 0.5471976401179941,
  "35": 0.5575221238938053,
  "36": 0.5634218289085545,
  "37": 0.5707964601769911,
  "38": 0.5796460176991151,
  "39": 0.5958702064896755,
  "40": 0.6032448377581121,
  "41": 0.6091445427728613,
  "42": 0.6179941002949852,
  "43": 0.6224188790560472,
  "44": 0.6268436578171092,
  "45": 0.6342182890855458,
  "46": 0.6386430678466077,
  "47": 0.6460176991150444,
  "48": 0.6474926253687316,
  "49": 0.6548672566371683,
  "50": 0.6592920353982302,
  "51": 0.6651917404129795,
  "52": 0.6696165191740414,
  "53": 0.6710914454277287,
  "54": 0.6755162241887906,
  "55": 0.6814159292035399,
  "56": 0.6843657817109146,
  "57": 0.6902654867256638,
  "58": 0.7035398230088497,
  "59": 0.7079646017699116,
  "60": 0.7123893805309736,
  "61": 0.7182890855457228,
  "62": 0.7212389380530975,
  "63": 0.7271386430678467,
  "64": 0.7300884955752214,
  "65": 0.7315634218289087,
  "66": 0.7389380530973453,
  "67": 0.7433628318584072,
  "68": 0.7448377581120945,
  "71": 0.7507374631268438,
  "72": 0.7551622418879057,
  "73": 0.7625368731563423,
  "74": 0.769911504424779,
  "75": 0.7728613569321536,
  "76": 0.7758112094395283,
  "77": 0.7802359882005903,
  "78": 0.7831858407079649,
  "79": 0.7846607669616522,
  "80": 0.7861356932153395,
  "81": 0.7905604719764014,
  "82": 0.7935103244837761,
  "83": 0.7964601769911508,
  "84": 0.7979351032448381,
  "85": 0.8023598820059,
  "86": 0.8053097345132747,
  "87": 0.8141592920353986,
  "89": 0.8171091445427733,
  "90": 0.8185840707964606,
  "92": 0.8200589970501478,
  "93": 0.8244837758112098,
  "95": 0.830383480825959,
  "97": 0.834808259587021,
  "98": 0.8362831858407083,
  "99": 0.8407079646017702,
  "100": 0.8451327433628322,
  "101": 0.8466076696165195,
  "103": 0.8495575221238941,
  "104": 0.8525073746312688,
  "105": 0.8554572271386435,
  "106": 0.8584070796460181,
  "107": 0.8643067846607674,
  "108": 0.871681415929204,
  "109": 0.876106194690266,
  "111": 0.8790560471976406,
  "112": 0.8834808259587026,
  "113": 0.8849557522123899,
  "114": 0.8864306784660771,
  "115": 0.8893805309734518,
  "116": 0.8923303834808265,
  "117": 0.8938053097345138,
  "118": 0.8967551622418884,
  "119": 0.9011799410029504,
  "120": 0.9041297935103251,
  "121": 0.9070796460176997,
  "122": 0.908554572271387,
  "124": 0.9100294985250743,
  "126": 0.9115044247787616,
  "127": 0.9144542772861363,
  "128": 0.9188790560471982,
  "130": 0.9203539823008855,
  "131": 0.9218289085545728,
  "132": 0.9233038348082601,
  "135": 0.9247787610619473,
  "136": 0.9262536873156346,
  "141": 0.9292035398230093,
  "142": 0.9365781710914459,
  "143": 0.9395280235988206,
  "144": 0.9410029498525079,
  "146": 0.9439528023598825,
  "147": 0.9454277286135698,
  "148": 0.9469026548672571,
  "150": 0.9498525073746318,
  "151": 0.9513274336283191,
  "156": 0.9528023598820063,
  "157": 0.9542772861356936,
  "158": 0.9557522123893809,
  "159": 0.9587020648967556,
  "160": 0.9601769911504429,
  "164": 0.9631268436578175,
  "165": 0.9646017699115048,
  "166": 0.9660766961651921,
  "168": 0.9675516224188794,
  "169": 0.9690265486725667,
  "170": 0.9705014749262539,
  "171": 0.9719764011799412,
  "175": 0.9734513274336285,
  "179": 0.9749262536873158,
  "180": 0.9764011799410031,
  "181": 0.9823008849557523,
  "183": 0.985250737463127,
  "186": 0.9882005899705016,
  "189": 0.9896755162241889,
  "195": 0.9911504424778762,
  "196": 0.9941002949852509,
  "197": 0.9955752212389382,
  "198": 0.9970501474926254,
  "199": 1.0
}