{
  "2": 0.335,
  "3": 0.611,
  "4": 0.726,
  "5": 0.796,
  "6": 0.8270000000000001,
  "7": 0.8640000000000001,
  "8": 0.8920000000000001,
  "9": 0.9120000000000001,
  "10": 0.9290000000000002,
  "11": 0.9420000000000002,
  "12": 0.9530000000000002,
  "13": 0.9600000000000002,
  "14": 0.9660000000000002,
  "16": 0.9700000000000002,
  "17": 0.9770000000000002,
  "18": 0.9780000000000002,
  "19": 0.9810000000000002,
  "20": 0.9840000000000002,
  "22": 0.9880000000000002,
  "23": 0.9900000000000002,
  "25": 0.9930000000000002,
  "26": 0.9950000000000002,
  "27": 0.9960000000000002,
  "29": 0.9970000000000002,
  "30": 0.9990000000000002,
  "31": 1.0000000000000002
}