{
  "2": 0.038302277432712216,
  "3": 0.12318840579710144,
  "4": 0.17908902691511386,
  "5": 0.2246376811594203,
  "6": 0.2701863354037267,
  "7": 0.3084886128364389,
  "8": 0.3385093167701863,
  "9": 0.3747412008281573,
  "10": 0.4078674948240165,
  "11": 0.44306418219461696,
  "12": 0.45859213250517594,
  "13": 0.48654244306418215,
  "14": 0.5082815734989647,
  "15": 0.5217391304347826,
  "16": 0.5383022774327122,
  "17": 0.55175983436853,
  "18": 0.5693581780538303,
  "19": 0.5797101449275363,
  "20": 0.5900621118012422,
  "21": 0.6055900621118012,
  "22": 0.6200828157349896,
  "23": 0.6345755693581779,
  "24": 0.6480331262939958,
  "25": 0.6594202898550724,
  "26": 0.6677018633540373,
  "27": 0.6718426501035196,
  "28": 0.6780538302277432,
  "29": 0.6863354037267081,
  "30": 0.6904761904761905,
  "31": 0.6946169772256728,
  "32": 0.6997929606625258,
  "33": 0.7039337474120082,
  "34": 0.7163561076604554,
  "35": 0.722567287784679,
  "36": 0.727743271221532,
  "37": 0.732919254658385,
  "38": 0.7401656314699793,
  "39": 0.7484472049689441,
  "40": 0.7546583850931677,
  "41": 0.7587991718426501,
  "42": 0.7650103519668737,
  "43": 0.767080745341615,
  "44": 0.7701863354037267,
  "45": 0.7784679089026916,
  "46": 0.7795031055900622,
  "47": 0.782608695652174,
  "48": 0.7867494824016563,
  "49": 0.7908902691511387,
  "50": 0.7950310559006211,
  "51": 0.7971014492753623,
  "52": 0.7991718426501035,
  "53": 0.8012422360248448,
  "54": 0.8022774327122154,
  "55": 0.8043478260869567,
  "56": 0.8053830227743273,
  "57": 0.808488612836439,
  "58": 0.8095238095238096,
  "59": 0.8115942028985509,
  "60": 0.8126293995859215,
  "63": 0.8136645962732921,
  "64": 0.8146997929606627,
  "65": 0.8157349896480334,
  "66": 0.816770186335404,
  "67": 0.8178053830227746,
  "68": 0.8229813664596276,
  "69": 0.8240165631469982,
  "70": 0.8281573498964806,
  "71": 0.8302277432712218,
  "72": 0.8322981366459631,
  "74": 0.8333333333333337,
  "75": 0.8364389233954455,
  "76": 0.8405797101449278,
  "77": 0.8426501035196691,
  "78": 0.8436853002070397,
  "80": 0.8447204968944103,
  "81": 0.8457556935817809,
  "82": 0.8467908902691516,
  "83": 0.8478260869565222,
  "84": 0.8530020703933752,
  "86": 0.8550724637681164,
  "87": 0.8571428571428577,
  "88": 0.8623188405797106,
  "89": 0.8643892339544519,
  "90": 0.8674948240165636,
  "91": 0.8695652173913049,
  "92": 0.8706004140786755,
  "93": 0.8716356107660461,
  "95": 0.8726708074534167,
  "96": 0.874741200828158,
  "97": 0.8757763975155286,
  "99": 0.8788819875776404,
  "101": 0.879917184265011,
  "102": 0.8819875776397522,
  "103": 0.8840579710144935,
  "104": 0.8861283643892347,
  "105": 0.8881987577639759,
  "106": 0.8933747412008289,
  "107": 0.8954451345755702,
  "108": 0.8975155279503114,
  "109": 0.898550724637682,
  "110": 0.8995859213250527,
  "111": 0.903726708074535,
  "112": 0.9047619047619057,
  "113": 0.9057971014492763,
  "117": 0.9078674948240175,
  "120": 0.9089026915113881,
  "121": 0.9109730848861294,
  "122": 0.9130434782608706,
  "123": 0.9151138716356119,
  "124": 0.9171842650103531,
  "125": 0.9182194616977237,
  "126": 0.920289855072465,
  "127": 0.9223602484472062,
  "128": 0.925465838509318,
  "129": 0.9285714285714297,
  "130": 0.930641821946171,
  "131": 0.9337474120082827,
  "132": 0.9347826086956533,
  "133": 0.935817805383024,
  "134": 0.9368530020703946,
  "135": 0.9389233954451358,
  "137": 0.9430641821946182,
  "139": 0.9440993788819888,
  "141": 0.9451345755693594,
  "142": 0.94616977225673,
  "144": 0.9482401656314713,
  "145": 0.9492753623188419,
  "147": 0.9503105590062125,
  "148": 0.9534161490683243,
  "149": 0.9554865424430655,
  "151": 0.9565217391304361,
  "152": 0.9575569358178068,
  "153": 0.9585921325051774,
  "154": 0.959627329192548,
  "155": 0.9637681159420304,
  "156": 0.964803312629401,
  "157": 0.9658385093167716,
  "158": 0.9710144927536246,
  "160": 0.9730848861283659,
  "162": 0.9741200828157365,
  "163": 0.9751552795031071,
  "165": 0.9772256728778483,
  "167": 0.978260869565219,
  "172": 0.9792960662525896,
  "173": 0.9803312629399602,
  "175": 0.9813664596273308,
  "176": 0.9834368530020721,
  "177": 0.9844720496894427,
  "179": 0.9855072463768133,
  "181": 0.9865424430641839,
  "182": 0.9875776397515545,
  "183": 0.9896480331262958,
  "190": 0.991718426501037,
  "191": 0.9927536231884077,
  "192": 0.9948240165631489,
  "193": 0.9958592132505195,
  "198": 0.9989648033126313,
  "199": 1.0000000000000018
}