{
  "2": 0.027510316368638238,
  "3": 0.06602475928473178,
  "4": 0.09766162310866576,
  "5": 0.14167812929848694,
  "6": 0.16918844566712518,
  "7": 0.1925722145804677,
  "8": 0.21320495185694638,
  "9": 0.22283356258596976,
  "10": 0.24209078404401652,
  "11": 0.2530949105914718,
  "12": 0.2737276478679505,
  "13": 0.3053645116918845,
  "14": 0.31774415405777173,
  "15": 0.33012379642365897,
  "16": 0.3425034387895462,
  "17": 0.36176066024759296,
  "18": 0.3741403026134802,
  "19": 0.37964236588720784,
  "20": 0.40440165061898226,
  "21": 0.408528198074278,
  "22": 0.42916093535075667,
  "23": 0.4442916093535077,
  "24": 0.4580467675378268,
  "25": 0.47042640990371404,
  "26": 0.48143053645116934,
  "27": 0.4883081155433289,
  "28": 0.4965612104539204,
  "29": 0.5075653370013756,
  "30": 0.5185694635488309,
  "31": 0.5268225584594224,
  "32": 0.5309491059147181,
  "33": 0.5378266850068777,
  "34": 0.5419532324621734,
  "35": 0.5447042640990373,
  "36": 0.5502063273727649,
  "37": 0.5612104539202202,
  "38": 0.5708390646492436,
  "39": 0.5763411279229712,
  "40": 0.5804676753782669,
  "41": 0.5887207702888584,
  "42": 0.5928473177441541,
  "43": 0.5983493810178817,
  "44": 0.6066024759284732,
  "45": 0.6134800550206327,
  "46": 0.6203576341127923,
  "47": 0.6217331499312242,
  "48": 0.6231086657496561,
  "49": 0.6299862448418156,
  "50": 0.6354883081155432,
  "51": 0.6423658872077028,
  "52": 0.6451169188445667,
  "53": 0.6506189821182943,
  "54": 0.6574965612104539,
  "55": 0.6643741403026134,
  "56": 0.6671251719394773,
  "57": 0.6698762035763411,
  "58": 0.671251719394773,
  "59": 0.6753782668500687,
  "60": 0.6822558459422283,
  "61": 0.686382393397524,
  "62": 0.6918844566712516,
  "63": 0.6987620357634112,
  "64": 0.7015130674002751,
  "65": 0.7056396148555708,
  "66": 0.7097661623108665,
  "68": 0.7138927097661623,
  "69": 0.7166437414030261,
  "70": 0.71939477303989,
  "71": 0.7248968363136176,
  "72": 0.7262723521320494,
  "73": 0.7276478679504813,
  "74": 0.731774415405777,
  "75": 0.7359009628610728,
  "76": 0.7386519944979366,
  "77": 0.7455295735900962,
  "78": 0.7496561210453919,
  "79": 0.7510316368638238,
  "80": 0.7551581843191195,
  "81": 0.7579092159559834,
  "82": 0.7620357634112791,
  "83": 0.764786795048143,
  "84": 0.7744154057771664,
  "85": 0.781292984869326,
  "86": 0.7840440165061898,
  "87": 0.7867950481430537,
  "88": 0.7895460797799175,
  "89": 0.7950481430536451,
  "90": 0.796423658872077,
  "91": 0.7977991746905089,
  "93": 0.7991746905089407,
  "94": 0.8019257221458046,
  "95": 0.8033012379642365,
  "96": 0.8088033012379641,
  "98": 0.8129298486932598,
  "99": 0.8143053645116917,
  "101": 0.8184319119669874,
  "102": 0.8266850068775788,
  "103": 0.8280605226960107,
  "105": 0.8335625859697383,
  "106": 0.8404401650618979,
  "107": 0.8486932599724893,
  "110": 0.8514442916093532,
  "111": 0.854195323246217,
  "112": 0.8569463548830809,
  "113": 0.8596973865199448,
  "114": 0.8624484181568086,
  "115": 0.8638239339752405,
  "116": 0.8693259972489681,
  "118": 0.8707015130674,
  "119": 0.8734525447042638,
  "120": 0.8789546079779914,
  "121": 0.8817056396148553,
  "122": 0.8830811554332871,
  "124": 0.885832187070151,
  "125": 0.8872077028885829,
  "126": 0.8885832187070147,
  "127": 0.8913342503438786,
  "128": 0.8927097661623105,
  "129": 0.8940852819807423,
  "130": 0.8982118294360381,
  "133": 0.8995873452544699,
  "134": 0.9023383768913338,
  "135": 0.9050894085281976,
  "136": 0.9078404401650615,
  "137": 0.9092159559834934,
  "138": 0.9105914718019252,
  "139": 0.9119669876203571,
  "140": 0.914718019257221,
  "141": 0.9160935350756528,
  "142": 0.9202200825309486,
  "144": 0.9215955983493804,
  "146": 0.9257221458046762,
  "147": 0.927097661623108,
  "148": 0.9284731774415399,
  "149": 0.9312242090784038,
  "151": 0.9353507565336995,
  "152": 0.9367262723521314,
  "153": 0.9381017881705632,
  "154": 0.9394773039889951,
  "155": 0.942228335625859,
  "157": 0.9449793672627228,
  "158": 0.9477303988995867,
  "159": 0.9491059147180185,
  "160": 0.9504814305364504,
  "163": 0.9518569463548823,
  "165": 0.9532324621733141,
  "166": 0.954607977991746,
  "167": 0.9559834938101779,
  "168": 0.9573590096286098,
  "172": 0.9587345254470416,
  "174": 0.9601100412654735,
  "176": 0.9628610729023374,
  "177": 0.9642365887207692,
  "179": 0.9656121045392011,
  "181": 0.966987620357633,
  "182": 0.9683631361760648,
  "183": 0.9697386519944967,
  "184": 0.9724896836313606,
  "185": 0.9752407152682244,
  "186": 0.9766162310866563,
  "187": 0.9793672627235201,
  "188": 0.982118294360384,
  "189": 0.9848693259972479,
  "190": 0.9876203576341117,
  "191": 0.9889958734525436,
  "192": 0.9903713892709755,
  "193": 0.9931224209078393,
  "194": 0.9944979367262712,
  "196": 0.997248968363135,
  "198": 0.9986244841815669,
  "199": 0.9999999999999988
}