{
  "2": 0.05296343001261034,
  "3": 0.1841109709962169,
  "4": 0.26103404791929385,
  "5": 0.3228247162673393,
  "6": 0.3783102143757882,
  "7": 0.3997477931904162,
  "8": 0.43127364438839855,
  "9": 0.46784363177805804,
  "10": 0.4842370744010089,
  "11": 0.5094577553593947,
  "12": 0.5372005044136192,
  "13": 0.55359394703657,
  "14": 0.5926860025220682,
  "15": 0.6191677175283733,
  "16": 0.6330390920554855,
  "17": 0.648171500630517,
  "18": 0.6569987389659521,
  "19": 0.6670870113493064,
  "20": 0.6733921815889028,
  "21": 0.67843631778058,
  "22": 0.6885245901639343,
  "23": 0.6973518284993694,
  "24": 0.7061790668348045,
  "25": 0.7112232030264817,
  "26": 0.7175283732660781,
  "27": 0.7313997477931903,
  "28": 0.7351828499369482,
  "29": 0.7364438839848675,
  "30": 0.7377049180327868,
  "31": 0.7490542244640604,
  "32": 0.751576292559899,
  "33": 0.7604035308953341,
  "34": 0.7793190416141235,
  "35": 0.7894073139974778,
  "36": 0.7919293820933163,
  "37": 0.7994955863808321,
  "38": 0.80327868852459,
  "39": 0.8095838587641864,
  "40": 0.8121059268600249,
  "41": 0.8158890290037828,
  "42": 0.8184110970996213,
  "43": 0.8196721311475407,
  "44": 0.82093316519546,
  "45": 0.8259773013871372,
  "46": 0.8272383354350565,
  "48": 0.8284993694829759,
  "49": 0.8297604035308952,
  "50": 0.8348045397225724,
  "51": 0.8385876418663303,
  "52": 0.8398486759142496,
  "53": 0.8411097099621689,
  "54": 0.8423707440100883,
  "55": 0.8436317780580076,
  "56": 0.8486759142496848,
  "57": 0.8499369482976041,
  "59": 0.8549810844892813,
  "60": 0.8600252206809585,
  "61": 0.8650693568726358,
  "62": 0.8713745271122322,
  "64": 0.8726355611601515,
  "65": 0.8738965952080708,
  "67": 0.8751576292559902,
  "68": 0.8764186633039095,
  "69": 0.8776796973518288,
  "70": 0.8789407313997482,
  "71": 0.8839848675914254,
  "73": 0.8852459016393447,
  "74": 0.8877679697351832,
  "75": 0.8902900378310218,
  "76": 0.8915510718789411,
  "77": 0.8940731399747797,
  "78": 0.895334174022699,
  "79": 0.8978562421185375,
  "80": 0.9003783102143761,
  "81": 0.9016393442622954,
  "82": 0.9079445145018918,
  "83": 0.9104665825977304,
  "84": 0.9142496847414883,
  "85": 0.9180327868852461,
  "86": 0.921815889029004,
  "88": 0.9230769230769234,
  "90": 0.9255989911727619,
  "92": 0.9281210592686004,
  "93": 0.9319041614123583,
  "95": 0.9331651954602777,
  "96": 0.934426229508197,
  "97": 0.9356872635561163,
  "98": 0.9369482976040356,
  "99": 0.938209331651955,
  "100": 0.9407313997477935,
  "103": 0.9419924337957128,
  "104": 0.9445145018915514,
  "105": 0.9470365699873899,
  "108": 0.9482976040353093,
  "110": 0.9495586380832286,
  "114": 0.9508196721311479,
  "124": 0.9520807061790673,
  "128": 0.9533417402269866,
  "130": 0.9546027742749059,
  "131": 0.9558638083228252,
  "138": 0.9571248423707446,
  "140": 0.9596469104665831,
  "141": 0.9659520807061795,
  "142": 0.9684741488020181,
  "144": 0.972257250945776,
  "147": 0.9735182849936953,
  "148": 0.9747793190416146,
  "151": 0.976040353089534,
  "153": 0.9773013871374533,
  "155": 0.9785624211853726,
  "156": 0.979823455233292,
  "158": 0.9810844892812113,
  "164": 0.9836065573770498,
  "168": 0.9848675914249692,
  "171": 0.9873896595208077,
  "174": 0.988650693568727,
  "188": 0.9899117276166464,
  "192": 0.9924337957124849,
  "194": 0.9962168978562428,
  "195": 0.9987389659520813,
  "199": 1.0000000000000007
}