{
  "2": 0.04607329842931937,
  "3": 0.14450261780104712,
  "4": 0.20837696335078534,
  "5": 0.2534031413612565,
  "6": 0.2952879581151832,
  "7": 0.3287958115183246,
  "8": 0.3612565445026178,
  "9": 0.39057591623036647,
  "10": 0.425130890052356,
  "11": 0.4492146596858638,
  "12": 0.47120418848167533,
  "13": 0.48691099476439786,
  "14": 0.506806282722513,
  "15": 0.5214659685863874,
  "16": 0.5361256544502617,
  "17": 0.5518324607329842,
  "18": 0.563350785340314,
  "19": 0.5727748691099476,
  "20": 0.5863874345549738,
  "21": 0.5947643979057591,
  "22": 0.6020942408376962,
  "23": 0.6115183246073298,
  "24": 0.6167539267015706,
  "25": 0.6219895287958114,
  "26": 0.6282722513089004,
  "27": 0.6345549738219894,
  "28": 0.6387434554973821,
  "29": 0.6481675392670156,
  "30": 0.6607329842931936,
  "31": 0.6670157068062826,
  "32": 0.6732984293193717,
  "33": 0.681675392670157,
  "34": 0.687958115183246,
  "35": 0.6921465968586387,
  "36": 0.6973821989528795,
  "37": 0.700523560209424,
  "38": 0.706806282722513,
  "39": 0.7151832460732983,
  "40": 0.7172774869109947,
  "41": 0.7235602094240837,
  "42": 0.7256544502617801,
  "43": 0.7277486910994765,
  "44": 0.7319371727748691,
  "45": 0.7350785340314137,
  "46": 0.7382198952879582,
  "47": 0.7413612565445027,
  "48": 0.7424083769633508,
  "49": 0.743455497382199,
  "50": 0.7445026178010471,
  "51": 0.7455497382198952,
  "52": 0.7486910994764397,
  "53": 0.7528795811518324,
  "54": 0.7549738219895288,
  "56": 0.7560209424083769,
  "57": 0.7612565445026177,
  "58": 0.7654450261780104,
  "59": 0.7717277486910994,
  "60": 0.7769633507853402,
  "61": 0.7801047120418847,
  "62": 0.7832460732984292,
  "63": 0.7863874345549737,
  "64": 0.7884816753926701,
  "65": 0.7916230366492146,
  "66": 0.7926701570680628,
  "67": 0.7958115183246073,
  "68": 0.7999999999999999,
  "69": 0.8031413612565445,
  "72": 0.8052356020942408,
  "73": 0.806282722513089,
  "74": 0.8094240837696335,
  "76": 0.8104712041884816,
  "77": 0.812565445026178,
  "78": 0.8178010471204188,
  "79": 0.8198952879581152,
  "80": 0.8209424083769633,
  "82": 0.8219895287958114,
  "86": 0.8240837696335078,
  "87": 0.825130890052356,
  "88": 0.8261780104712041,
  "89": 0.8272251308900522,
  "90": 0.8293193717277486,
  "91": 0.8335078534031413,
  "92": 0.8376963350785339,
  "93": 0.8418848167539266,
  "94": 0.843979057591623,
  "96": 0.8471204188481675,
  "98": 0.8481675392670156,
  "99": 0.8523560209424083,
  "100": 0.8544502617801046,
  "101": 0.8554973821989528,
  "102": 0.8565445026178009,
  "103": 0.857591623036649,
  "105": 0.8596858638743454,
  "106": 0.8628272251308899,
  "107": 0.8649214659685863,
  "109": 0.8659685863874345,
  "111": 0.8680628272251308,
  "113": 0.8712041884816754,
  "114": 0.8732984293193717,
  "115": 0.8743455497382199,
  "117": 0.8764397905759163,
  "118": 0.8774869109947644,
  "119": 0.8795811518324608,
  "120": 0.8816753926701572,
  "121": 0.8827225130890053,
  "122": 0.8858638743455498,
  "123": 0.8890052356020943,
  "125": 0.8900523560209425,
  "126": 0.8910994764397906,
  "128": 0.8921465968586387,
  "129": 0.8952879581151832,
  "131": 0.8963350785340314,
  "137": 0.900523560209424,
  "138": 0.9047120418848167,
  "140": 0.9089005235602093,
  "141": 0.9120418848167539,
  "142": 0.9141361256544502,
  "143": 0.9151832460732984,
  "144": 0.9172774869109948,
  "145": 0.9204188481675393,
  "146": 0.9225130890052357,
  "149": 0.924607329842932,
  "150": 0.9287958115183247,
  "151": 0.9298429319371728,
  "152": 0.930890052356021,
  "153": 0.9319371727748691,
  "154": 0.9329842931937172,
  "155": 0.9340314136125654,
  "156": 0.938219895287958,
  "157": 0.9403141361256544,
  "159": 0.9465968586387434,
  "160": 0.9486910994764398,
  "163": 0.9507853403141362,
  "165": 0.9518324607329843,
  "166": 0.9528795811518325,
  "167": 0.9539267015706806,
  "169": 0.9549738219895287,
  "170": 0.9570680628272251,
  "171": 0.9612565445026178,
  "173": 0.9623036649214659,
  "174": 0.963350785340314,
  "175": 0.9675392670157067,
  "176": 0.9696335078534031,
  "177": 0.9706806282722512,
  "178": 0.9738219895287957,
  "180": 0.9748691099476439,
  "181": 0.975916230366492,
  "182": 0.9769633507853401,
  "183": 0.9780104712041883,
  "184": 0.9790575916230364,
  "187": 0.9811518324607328,
  "188": 0.9842931937172773,
  "189": 0.9863874345549737,
  "191": 0.9874345549738218,
  "192": 0.9895287958115182,
  "193": 0.9905759162303663,
  "195": 0.9926701570680627,
  "197": 0.9947643979057591,
  "198": 0.9968586387434555,
  "199": 0.9979057591623036,
  "200": 1.0
}