{
  "2": 0.049367088607594936,
  "3": 0.08481012658227849,
  "4": 0.1278481012658228,
  "5": 0.1569620253164557,
  "6": 0.18734177215189873,
  "7": 0.21772151898734177,
  "8": 0.23417721518987342,
  "9": 0.25443037974683547,
  "10": 0.27721518987341776,
  "11": 0.3113924050632912,
  "12": 0.32658227848101273,
  "13": 0.3481012658227849,
  "14": 0.36075949367088617,
  "15": 0.3772151898734178,
  "16": 0.3974683544303798,
  "17": 0.41265822784810136,
  "18": 0.42531645569620263,
  "19": 0.43924050632911404,
  "20": 0.45822784810126593,
  "21": 0.46455696202531654,
  "22": 0.48101265822784817,
  "23": 0.4911392405063292,
  "24": 0.5012658227848102,
  "25": 0.5151898734177216,
  "26": 0.529113924050633,
  "27": 0.540506329113924,
  "28": 0.5481012658227848,
  "29": 0.5569620253164558,
  "30": 0.5658227848101267,
  "31": 0.5810126582278482,
  "32": 0.5911392405063293,
  "33": 0.5949367088607597,
  "34": 0.6012658227848103,
  "35": 0.6037974683544306,
  "36": 0.6139240506329117,
  "37": 0.6240506329113927,
  "38": 0.6354430379746838,
  "39": 0.6405063291139244,
  "40": 0.6518987341772154,
  "41": 0.6556962025316458,
  "42": 0.6645569620253168,
  "43": 0.667088607594937,
  "44": 0.6696202531645573,
  "45": 0.6835443037974687,
  "46": 0.6873417721518991,
  "47": 0.6974683544303801,
  "48": 0.7050632911392409,
  "49": 0.7126582278481017,
  "50": 0.715189873417722,
  "51": 0.7253164556962031,
  "52": 0.7329113924050639,
  "53": 0.7367088607594943,
  "54": 0.7481012658227854,
  "55": 0.7531645569620259,
  "56": 0.7620253164556968,
  "57": 0.7683544303797475,
  "58": 0.7746835443037982,
  "59": 0.7797468354430387,
  "60": 0.7873417721518995,
  "62": 0.7949367088607603,
  "63": 0.7987341772151907,
  "64": 0.801265822784811,
  "65": 0.8037974683544312,
  "66": 0.8101265822784819,
  "67": 0.8151898734177224,
  "68": 0.8215189873417731,
  "69": 0.8253164556962035,
  "70": 0.8278481012658238,
  "71": 0.8291139240506339,
  "72": 0.830379746835444,
  "73": 0.8329113924050643,
  "74": 0.8354430379746846,
  "75": 0.8367088607594947,
  "76": 0.8379746835443048,
  "77": 0.8417721518987352,
  "78": 0.8430379746835454,
  "79": 0.8468354430379758,
  "80": 0.849367088607596,
  "81": 0.8556962025316467,
  "82": 0.8594936708860771,
  "84": 0.8620253164556974,
  "85": 0.8645569620253176,
  "86": 0.8670886075949379,
  "88": 0.868354430379748,
  "90": 0.8734177215189886,
  "91": 0.8759493670886088,
  "93": 0.877215189873419,
  "94": 0.8784810126582291,
  "95": 0.8810126582278494,
  "98": 0.8822784810126595,
  "99": 0.8835443037974696,
  "100": 0.8873417721519,
  "101": 0.8898734177215203,
  "102": 0.8924050632911406,
  "103": 0.896202531645571,
  "104": 0.8987341772151912,
  "105": 0.9012658227848115,
  "107": 0.9050632911392419,
  "109": 0.906329113924052,
  "110": 0.9075949367088622,
  "113": 0.9088607594936723,
  "114": 0.9101265822784824,
  "116": 0.9113924050632926,
  "117": 0.9126582278481027,
  "119": 0.9139240506329128,
  "120": 0.9164556962025331,
  "121": 0.9177215189873432,
  "122": 0.9202531645569635,
  "123": 0.9240506329113939,
  "124": 0.925316455696204,
  "125": 0.9278481012658243,
  "126": 0.9316455696202547,
  "127": 0.9329113924050648,
  "128": 0.9379746835443054,
  "129": 0.9392405063291155,
  "130": 0.9405063291139256,
  "131": 0.9430379746835459,
  "132": 0.9455696202531662,
  "133": 0.9468354430379763,
  "134": 0.9481012658227864,
  "136": 0.9493670886075966,
  "137": 0.9506329113924067,
  "139": 0.953164556962027,
  "140": 0.9544303797468371,
  "142": 0.9569620253164574,
  "143": 0.9582278481012675,
  "144": 0.9607594936708878,
  "149": 0.9620253164556979,
  "150": 0.963291139240508,
  "151": 0.9645569620253182,
  "152": 0.9670886075949384,
  "153": 0.9683544303797486,
  "159": 0.9696202531645587,
  "160": 0.972151898734179,
  "165": 0.9734177215189891,
  "166": 0.9746835443037992,
  "171": 0.9772151898734195,
  "173": 0.9784810126582296,
  "174": 0.9797468354430398,
  "176": 0.9810126582278499,
  "178": 0.98227848101266,
  "183": 0.9848101265822803,
  "184": 0.9873417721519006,
  "185": 0.9886075949367107,
  "186": 0.9898734177215208,
  "188": 0.991139240506331,
  "191": 0.9924050632911411,
  "194": 0.9936708860759512,
  "195": 0.9962025316455715,
  "197": 0.9974683544303816,
  "198": 0.9987341772151918,
  "200": 1.0000000000000018
}