{
  "2": 0.039525691699604744,
  "3": 0.07509881422924902,
  "4": 0.1106719367588933,
  "5": 0.13306982872200265,
  "6": 0.15415019762845852,
  "7": 0.18181818181818185,
  "8": 0.2068511198945982,
  "9": 0.23320158102766803,
  "10": 0.2529644268774704,
  "11": 0.2793148880105402,
  "12": 0.2990777338603426,
  "13": 0.313570487483531,
  "14": 0.3293807641633729,
  "15": 0.34387351778656133,
  "16": 0.35573122529644274,
  "17": 0.36627140974967065,
  "18": 0.3847167325428195,
  "19": 0.4044795783926219,
  "20": 0.42160737812911725,
  "21": 0.43478260869565216,
  "22": 0.44664031620553357,
  "23": 0.46903820816864294,
  "24": 0.48484848484848486,
  "25": 0.5098814229249012,
  "26": 0.5243741765480896,
  "27": 0.5322793148880105,
  "28": 0.544137022397892,
  "29": 0.5520421607378129,
  "30": 0.5731225296442687,
  "31": 0.5770750988142291,
  "32": 0.5810276679841896,
  "33": 0.5862977602108036,
  "34": 0.5981554677206851,
  "35": 0.606060606060606,
  "36": 0.6205533596837943,
  "37": 0.6350461133069827,
  "38": 0.6455862977602106,
  "39": 0.660079051383399,
  "40": 0.6719367588932804,
  "41": 0.6772068511198944,
  "42": 0.6851119894598153,
  "43": 0.6890645586297758,
  "44": 0.6969696969696967,
  "45": 0.7035573122529641,
  "46": 0.7127799736495386,
  "47": 0.7206851119894595,
  "48": 0.72463768115942,
  "49": 0.7338603425559944,
  "50": 0.7404479578392619,
  "51": 0.7457180500658759,
  "52": 0.7483530961791829,
  "53": 0.7549407114624503,
  "54": 0.7602108036890644,
  "55": 0.7667984189723318,
  "56": 0.7733860342555993,
  "57": 0.7799736495388667,
  "58": 0.7826086956521737,
  "59": 0.7878787878787877,
  "60": 0.7891963109354412,
  "61": 0.7905138339920946,
  "62": 0.7957839262187086,
  "63": 0.8023715415019761,
  "64": 0.810276679841897,
  "65": 0.8168642951251645,
  "66": 0.8208168642951249,
  "67": 0.8260869565217389,
  "68": 0.8287220026350459,
  "69": 0.8313570487483529,
  "70": 0.8366271409749669,
  "71": 0.8405797101449274,
  "72": 0.8458498023715414,
  "73": 0.8484848484848484,
  "74": 0.8511198945981554,
  "75": 0.8537549407114624,
  "76": 0.8603425559947299,
  "77": 0.8642951251646903,
  "78": 0.8656126482213438,
  "79": 0.8708827404479578,
  "80": 0.8735177865612648,
  "81": 0.8774703557312252,
  "82": 0.8814229249011857,
  "83": 0.8827404479578391,
  "84": 0.8840579710144926,
  "85": 0.888010540184453,
  "86": 0.8893280632411065,
  "87": 0.8906455862977599,
  "88": 0.8959156785243739,
  "89": 0.8972332015810274,
  "90": 0.8985507246376808,
  "91": 0.9038208168642948,
  "92": 0.9051383399209483,
  "93": 0.9090909090909087,
  "94": 0.9143610013175227,
  "95": 0.9183135704874832,
  "96": 0.9209486166007902,
  "97": 0.9222661396574436,
  "98": 0.9235836627140971,
  "99": 0.9262187088274041,
  "100": 0.9275362318840575,
  "101": 0.9301712779973645,
  "102": 0.934123847167325,
  "103": 0.9354413702239784,
  "104": 0.9380764163372854,
  "105": 0.9393939393939389,
  "106": 0.9420289855072459,
  "107": 0.9446640316205529,
  "108": 0.9472990777338599,
  "109": 0.9512516469038204,
  "111": 0.9525691699604738,
  "113": 0.9552042160737808,
  "115": 0.9565217391304343,
  "119": 0.9578392621870877,
  "122": 0.9591567852437412,
  "123": 0.9604743083003946,
  "124": 0.961791831357048,
  "126": 0.9631093544137015,
  "127": 0.9644268774703549,
  "128": 0.9657444005270084,
  "129": 0.9696969696969688,
  "131": 0.9710144927536223,
  "132": 0.9723320158102757,
  "134": 0.9736495388669292,
  "135": 0.9749670619235826,
  "136": 0.9776021080368896,
  "137": 0.9789196310935431,
  "139": 0.9815546772068501,
  "140": 0.9828722002635035,
  "144": 0.984189723320157,
  "146": 0.9855072463768104,
  "148": 0.9868247694334639,
  "159": 0.9881422924901173,
  "163": 0.9894598155467708,
  "165": 0.9907773386034242,
  "166": 0.9947299077733847,
  "189": 0.9960474308300381,
  "191": 0.9973649538866916,
  "198": 0.998682476943345,
  "200": 0.9999999999999984
}