{
  "2": 0.031331592689295036,
  "3": 0.10704960835509139,
  "4": 0.1409921671018277,
  "5": 0.17493472584856398,
  "6": 0.20234986945169714,
  "7": 0.22715404699738906,
  "8": 0.24673629242819844,
  "9": 0.27023498694516973,
  "10": 0.2885117493472585,
  "11": 0.3093994778067885,
  "12": 0.3302872062663185,
  "13": 0.34725848563968664,
  "14": 0.3590078328981723,
  "15": 0.3733681462140992,
  "16": 0.38511749347258484,
  "17": 0.3981723237597911,
  "18": 0.41514360313315923,
  "19": 0.4268929503916449,
  "20": 0.4412532637075718,
  "21": 0.4464751958224543,
  "22": 0.4595300261096606,
  "23": 0.4647519582245431,
  "24": 0.468668407310705,
  "25": 0.4778067885117494,
  "26": 0.48563968668407315,
  "27": 0.4869451697127938,
  "28": 0.4986945169712794,
  "29": 0.5052219321148825,
  "30": 0.5143603133159269,
  "31": 0.5300261096605744,
  "32": 0.5365535248041775,
  "33": 0.54177545691906,
  "34": 0.5509138381201044,
  "35": 0.5535248041775457,
  "36": 0.5548302872062663,
  "37": 0.5613577023498694,
  "38": 0.5652741514360312,
  "39": 0.5718015665796343,
  "40": 0.5848563968668405,
  "41": 0.5900783289817231,
  "42": 0.5966057441253262,
  "43": 0.6018276762402087,
  "44": 0.6083550913838118,
  "45": 0.6148825065274149,
  "46": 0.6201044386422975,
  "47": 0.62532637075718,
  "48": 0.6292428198433418,
  "49": 0.6305483028720624,
  "50": 0.6344647519582243,
  "51": 0.6436031331592686,
  "52": 0.6488250652741512,
  "53": 0.6514360313315924,
  "54": 0.6605744125326368,
  "56": 0.6631853785900781,
  "57": 0.6657963446475194,
  "58": 0.6723237597911225,
  "59": 0.6801566579634463,
  "60": 0.6853785900783288,
  "61": 0.6866840731070494,
  "62": 0.6906005221932112,
  "63": 0.6932114882506525,
  "64": 0.7010443864229763,
  "65": 0.7023498694516969,
  "66": 0.7062663185378587,
  "68": 0.7114882506527412,
  "69": 0.7140992167101825,
  "70": 0.7180156657963443,
  "71": 0.7258485639686681,
  "72": 0.7271540469973887,
  "73": 0.7323759791122713,
  "74": 0.7349869451697125,
  "75": 0.7375979112271538,
  "76": 0.7402088772845951,
  "77": 0.7415143603133156,
  "78": 0.7441253263707569,
  "79": 0.7480417754569187,
  "80": 0.7493472584856393,
  "81": 0.7519582245430806,
  "83": 0.7597911227154044,
  "84": 0.7676240208877282,
  "85": 0.7741514360313313,
  "86": 0.7793733681462138,
  "87": 0.7859007832898169,
  "88": 0.79242819843342,
  "89": 0.7976501305483026,
  "90": 0.8015665796344644,
  "91": 0.802872062663185,
  "92": 0.8080939947780675,
  "93": 0.8107049608355088,
  "94": 0.8133159268929501,
  "95": 0.8185378590078326,
  "96": 0.8211488250652739,
  "97": 0.8237597911227151,
  "99": 0.8250652741514357,
  "101": 0.8263707571801563,
  "102": 0.8302872062663181,
  "104": 0.8315926892950387,
  "105": 0.83420365535248,
  "106": 0.8407310704960831,
  "107": 0.8433420365535244,
  "108": 0.8446475195822449,
  "109": 0.8472584856396862,
  "110": 0.851174934725848,
  "111": 0.8537859007832893,
  "112": 0.8550913838120099,
  "113": 0.8577023498694512,
  "114": 0.8603133159268924,
  "115": 0.861618798955613,
  "116": 0.8642297650130543,
  "117": 0.8681462140992161,
  "118": 0.8694516971279367,
  "120": 0.8707571801566573,
  "121": 0.8746736292428191,
  "122": 0.8772845953002604,
  "123": 0.8798955613577016,
  "124": 0.8851174934725842,
  "126": 0.889033942558746,
  "127": 0.8903394255874666,
  "128": 0.8955613577023491,
  "129": 0.899477806788511,
  "130": 0.9020887728459522,
  "131": 0.9033942558746728,
  "134": 0.9046997389033934,
  "135": 0.906005221932114,
  "136": 0.9086161879895552,
  "137": 0.9099216710182758,
  "139": 0.9112271540469964,
  "140": 0.9151436031331582,
  "141": 0.9164490861618788,
  "142": 0.9203655352480407,
  "143": 0.9216710182767612,
  "145": 0.9229765013054818,
  "146": 0.9242819843342024,
  "147": 0.925587467362923,
  "150": 0.9268929503916435,
  "151": 0.9281984334203641,
  "154": 0.9295039164490847,
  "155": 0.9334203655352465,
  "156": 0.9360313315926878,
  "157": 0.9386422976501291,
  "159": 0.9399477806788497,
  "160": 0.9425587467362909,
  "162": 0.9451697127937322,
  "164": 0.9477806788511735,
  "166": 0.9503916449086147,
  "167": 0.953002610966056,
  "170": 0.9543080939947766,
  "171": 0.9556135770234971,
  "172": 0.9569190600522177,
  "174": 0.9582245430809383,
  "175": 0.9595300261096589,
  "177": 0.9608355091383795,
  "178": 0.9621409921671,
  "181": 0.9634464751958206,
  "182": 0.9673629242819825,
  "183": 0.968668407310703,
  "185": 0.9738903394255856,
  "186": 0.9751958224543061,
  "187": 0.9778067885117474,
  "188": 0.979112271540468,
  "189": 0.9843342036553505,
  "190": 0.9856396866840711,
  "191": 0.9869451697127917,
  "193": 0.9882506527415122,
  "194": 0.9908616187989535,
  "196": 0.9947780678851154,
  "198": 0.9960835509138359,
  "199": 0.9999999999999978
}