{
  "2": 0.0412796697626419,
  "3": 0.1331269349845201,
  "4": 0.1826625386996904,
  "5": 0.23839009287925697,
  "6": 0.2807017543859649,
  "7": 0.31682146542827655,
  "8": 0.3498452012383901,
  "9": 0.3962848297213622,
  "10": 0.4158926728586171,
  "11": 0.43446852425180593,
  "12": 0.4509803921568627,
  "13": 0.46749226006191946,
  "14": 0.4840041279669762,
  "15": 0.5046439628482972,
  "16": 0.5159958720330237,
  "17": 0.5335397316821464,
  "18": 0.5521155830753353,
  "19": 0.5593395252837976,
  "20": 0.5737874097007223,
  "21": 0.5872033023735809,
  "22": 0.5975232198142414,
  "23": 0.6057791537667697,
  "24": 0.6160990712074302,
  "25": 0.6264189886480908,
  "26": 0.632610939112487,
  "27": 0.6429308565531475,
  "28": 0.6491228070175438,
  "29": 0.6573787409700721,
  "30": 0.6646026831785344,
  "31": 0.676986584107327,
  "32": 0.6852425180598554,
  "33": 0.6893704850361195,
  "34": 0.6914344685242516,
  "35": 0.6965944272445819,
  "36": 0.700722394220846,
  "37": 0.7069143446852423,
  "38": 0.7110423116615064,
  "39": 0.7162022703818367,
  "40": 0.723426212590299,
  "41": 0.7244582043343651,
  "42": 0.7285861713106293,
  "43": 0.7306501547987614,
  "44": 0.7337461300309596,
  "45": 0.7389060887512898,
  "46": 0.7409700722394219,
  "47": 0.7471620227038182,
  "48": 0.7512899896800823,
  "49": 0.7554179566563465,
  "50": 0.7616099071207427,
  "52": 0.767801857585139,
  "53": 0.7729618163054692,
  "54": 0.7770897832817334,
  "55": 0.7801857585139316,
  "56": 0.7812177502579977,
  "57": 0.7853457172342618,
  "58": 0.7863777089783279,
  "59": 0.78844169246646,
  "60": 0.7905056759545921,
  "61": 0.7936016511867903,
  "63": 0.7956656346749224,
  "64": 0.7966976264189884,
  "65": 0.7977296181630545,
  "66": 0.7997936016511866,
  "67": 0.8018575851393187,
  "68": 0.8049535603715169,
  "69": 0.807017543859649,
  "70": 0.8080495356037151,
  "71": 0.8121775025799792,
  "72": 0.8152734778121774,
  "74": 0.8173374613003095,
  "75": 0.8194014447884416,
  "76": 0.8214654282765737,
  "77": 0.8224974200206397,
  "78": 0.8245614035087718,
  "79": 0.8255933952528379,
  "80": 0.82765737874097,
  "82": 0.8317853457172342,
  "83": 0.8348813209494323,
  "84": 0.8359133126934984,
  "85": 0.8369453044375645,
  "86": 0.8400412796697627,
  "87": 0.8410732714138288,
  "89": 0.8431372549019609,
  "90": 0.8472652218782251,
  "91": 0.8482972136222912,
  "92": 0.8493292053663573,
  "93": 0.8534571723426214,
  "94": 0.8565531475748196,
  "95": 0.8575851393188857,
  "96": 0.8596491228070178,
  "97": 0.862745098039216,
  "98": 0.8689370485036122,
  "99": 0.8699690402476783,
  "100": 0.8730650154798765,
  "101": 0.8740970072239426,
  "102": 0.8751289989680087,
  "103": 0.8771929824561407,
  "104": 0.8792569659442728,
  "105": 0.8864809081527352,
  "106": 0.8885448916408673,
  "107": 0.8926728586171314,
  "108": 0.8937048503611975,
  "109": 0.8957688338493296,
  "111": 0.8968008255933957,
  "112": 0.8978328173374618,
  "113": 0.8998968008255939,
  "114": 0.901960784313726,
  "115": 0.9050567595459241,
  "117": 0.9060887512899902,
  "118": 0.9071207430340563,
  "119": 0.9081527347781224,
  "120": 0.9102167182662545,
  "121": 0.9112487100103206,
  "122": 0.9143446852425188,
  "123": 0.9153766769865849,
  "124": 0.918472652218783,
  "126": 0.9205366357069151,
  "127": 0.9236326109391133,
  "128": 0.9246646026831794,
  "129": 0.9256965944272455,
  "130": 0.9267285861713116,
  "132": 0.9277605779153777,
  "133": 0.9298245614035098,
  "134": 0.9308565531475759,
  "135": 0.933952528379774,
  "136": 0.9370485036119722,
  "137": 0.9380804953560383,
  "138": 0.9391124871001044,
  "139": 0.9411764705882365,
  "141": 0.9432404540763686,
  "142": 0.9453044375645007,
  "143": 0.9463364293085668,
  "145": 0.9473684210526329,
  "146": 0.950464396284831,
  "147": 0.9525283797729631,
  "149": 0.9545923632610952,
  "150": 0.9556243550051613,
  "152": 0.9587203302373595,
  "153": 0.9607843137254916,
  "154": 0.9618163054695577,
  "155": 0.9628482972136237,
  "157": 0.9659442724458219,
  "158": 0.966976264189888,
  "159": 0.9680082559339541,
  "160": 0.9690402476780202,
  "161": 0.9700722394220863,
  "163": 0.9721362229102184,
  "164": 0.9731682146542845,
  "167": 0.9742002063983506,
  "170": 0.9752321981424167,
  "171": 0.9772961816305488,
  "172": 0.9783281733746149,
  "176": 0.979360165118681,
  "177": 0.981424148606813,
  "181": 0.9824561403508791,
  "182": 0.9845201238390112,
  "183": 0.9855521155830773,
  "185": 0.9886480908152755,
  "186": 0.9896800825593416,
  "189": 0.9907120743034077,
  "192": 0.9917440660474738,
  "193": 0.994840041279672,
  "194": 0.9958720330237381,
  "195": 0.9969040247678042,
  "196": 0.9979360165118702,
  "197": 1.0000000000000024
}