{
  "2": 0.0189873417721519,
  "3": 0.056962025316455694,
  "4": 0.07278481012658228,
  "5": 0.0949367088607595,
  "6": 0.11075949367088608,
  "7": 0.13132911392405064,
  "8": 0.1487341772151899,
  "9": 0.16930379746835444,
  "10": 0.18512658227848103,
  "11": 0.2009493670886076,
  "12": 0.22151898734177217,
  "13": 0.23575949367088608,
  "14": 0.25,
  "15": 0.25949367088607594,
  "16": 0.27531645569620256,
  "17": 0.28797468354430383,
  "18": 0.3022151898734178,
  "19": 0.3117088607594937,
  "20": 0.32278481012658233,
  "21": 0.3322784810126583,
  "22": 0.3417721518987342,
  "23": 0.35601265822784817,
  "24": 0.3670886075949368,
  "25": 0.37500000000000006,
  "26": 0.389240506329114,
  "27": 0.4003164556962026,
  "28": 0.4066455696202532,
  "29": 0.4113924050632912,
  "30": 0.4193037974683545,
  "31": 0.4319620253164558,
  "32": 0.4367088607594938,
  "33": 0.4430379746835444,
  "34": 0.458860759493671,
  "35": 0.4667721518987343,
  "36": 0.4715189873417723,
  "37": 0.4810126582278482,
  "38": 0.48734177215189883,
  "39": 0.4968354430379748,
  "40": 0.5047468354430381,
  "41": 0.5094936708860761,
  "42": 0.5158227848101268,
  "43": 0.5189873417721521,
  "44": 0.5253164556962028,
  "45": 0.5300632911392408,
  "46": 0.5363924050632914,
  "47": 0.5443037974683548,
  "48": 0.5537974683544308,
  "49": 0.5601265822784814,
  "50": 0.5632911392405068,
  "51": 0.5727848101265828,
  "52": 0.5759493670886081,
  "53": 0.5806962025316461,
  "54": 0.5886075949367094,
  "55": 0.5933544303797474,
  "56": 0.5965189873417728,
  "57": 0.6028481012658234,
  "59": 0.6075949367088614,
  "60": 0.6139240506329121,
  "61": 0.6186708860759501,
  "62": 0.6234177215189881,
  "64": 0.6250000000000008,
  "65": 0.6281645569620261,
  "66": 0.6313291139240514,
  "67": 0.6329113924050641,
  "68": 0.6392405063291148,
  "69": 0.6439873417721528,
  "70": 0.6503164556962034,
  "71": 0.6550632911392414,
  "72": 0.6582278481012668,
  "73": 0.6613924050632921,
  "74": 0.6677215189873428,
  "75": 0.6740506329113934,
  "76": 0.6772151898734188,
  "77": 0.6835443037974694,
  "78": 0.6898734177215201,
  "79": 0.6946202531645581,
  "80": 0.6977848101265834,
  "81": 0.7009493670886088,
  "82": 0.7041139240506341,
  "83": 0.7104430379746848,
  "84": 0.7120253164556974,
  "85": 0.7151898734177228,
  "86": 0.7199367088607608,
  "87": 0.7262658227848114,
  "88": 0.7310126582278494,
  "89": 0.7357594936708874,
  "90": 0.7420886075949381,
  "91": 0.7436708860759508,
  "92": 0.7468354430379761,
  "93": 0.7484177215189888,
  "94": 0.7531645569620268,
  "95": 0.7594936708860774,
  "96": 0.7610759493670901,
  "97": 0.7642405063291154,
  "98": 0.7689873417721534,
  "99": 0.7721518987341788,
  "100": 0.7753164556962041,
  "101": 0.7784810126582294,
  "102": 0.7816455696202548,
  "103": 0.7848101265822801,
  "104": 0.7879746835443054,
  "105": 0.7927215189873434,
  "106": 0.7974683544303814,
  "107": 0.8006329113924068,
  "108": 0.8037974683544321,
  "109": 0.8053797468354448,
  "110": 0.8085443037974701,
  "111": 0.8101265822784828,
  "112": 0.8180379746835461,
  "113": 0.8243670886075968,
  "115": 0.8275316455696221,
  "116": 0.8291139240506348,
  "117": 0.8306962025316474,
  "118": 0.8338607594936728,
  "119": 0.8370253164556981,
  "120": 0.8401898734177234,
  "122": 0.8433544303797488,
  "123": 0.8481012658227868,
  "124": 0.8496835443037994,
  "125": 0.8512658227848121,
  "126": 0.8528481012658248,
  "127": 0.8544303797468374,
  "128": 0.8591772151898754,
  "129": 0.8607594936708881,
  "130": 0.8623417721519008,
  "131": 0.8670886075949388,
  "132": 0.8702531645569641,
  "133": 0.8718354430379768,
  "134": 0.8750000000000021,
  "135": 0.8797468354430401,
  "136": 0.8813291139240528,
  "137": 0.8844936708860781,
  "139": 0.8876582278481034,
  "140": 0.8892405063291161,
  "142": 0.8955696202531668,
  "143": 0.9018987341772174,
  "144": 0.9034810126582301,
  "145": 0.9050632911392428,
  "146": 0.9066455696202554,
  "147": 0.9098101265822808,
  "148": 0.9129746835443061,
  "149": 0.9145569620253188,
  "150": 0.9161392405063314,
  "151": 0.9177215189873441,
  "152": 0.9224683544303821,
  "153": 0.9240506329113948,
  "154": 0.9272151898734201,
  "155": 0.9303797468354454,
  "156": 0.9319620253164581,
  "158": 0.9335443037974708,
  "159": 0.9367088607594961,
  "160": 0.9382911392405088,
  "162": 0.9398734177215214,
  "166": 0.9414556962025341,
  "168": 0.9430379746835468,
  "169": 0.9446202531645594,
  "171": 0.9477848101265848,
  "173": 0.9541139240506354,
  "174": 0.9572784810126608,
  "175": 0.9604430379746861,
  "176": 0.9620253164556988,
  "177": 0.9636075949367114,
  "178": 0.9667721518987368,
  "180": 0.9683544303797494,
  "181": 0.9731012658227874,
  "182": 0.9762658227848128,
  "185": 0.9794303797468381,
  "186": 0.9825949367088634,
  "187": 0.9841772151898761,
  "189": 0.9857594936708888,
  "190": 0.9873417721519014,
  "192": 0.9905063291139268,
  "193": 0.9920886075949394,
  "199": 0.9984177215189901,
  "200": 1.0000000000000027
}