{
  "2": 0.02442528735632184,
  "3": 0.05890804597701149,
  "4": 0.10057471264367815,
  "5": 0.1264367816091954,
  "6": 0.15229885057471262,
  "7": 0.1839080459770115,
  "8": 0.20402298850574713,
  "9": 0.2413793103448276,
  "10": 0.26436781609195403,
  "11": 0.28879310344827586,
  "12": 0.2974137931034483,
  "13": 0.3232758620689655,
  "14": 0.3448275862068966,
  "15": 0.3649425287356322,
  "16": 0.38936781609195403,
  "17": 0.40373563218390807,
  "18": 0.41522988505747127,
  "19": 0.4267241379310345,
  "20": 0.4324712643678161,
  "21": 0.4482758620689655,
  "22": 0.46551724137931033,
  "23": 0.4755747126436781,
  "24": 0.48994252873563215,
  "25": 0.5057471264367815,
  "26": 0.5158045977011494,
  "27": 0.5258620689655172,
  "28": 0.5344827586206896,
  "29": 0.5445402298850575,
  "30": 0.5574712643678161,
  "31": 0.5704022988505748,
  "32": 0.5761494252873565,
  "33": 0.5847701149425288,
  "34": 0.596264367816092,
  "35": 0.6034482758620691,
  "37": 0.6106321839080461,
  "38": 0.6163793103448277,
  "39": 0.6206896551724139,
  "40": 0.6278735632183909,
  "41": 0.6321839080459771,
  "42": 0.6379310344827588,
  "44": 0.6436781609195404,
  "45": 0.6566091954022991,
  "46": 0.65948275862069,
  "47": 0.6652298850574716,
  "48": 0.6695402298850578,
  "49": 0.6781609195402302,
  "50": 0.6795977011494255,
  "51": 0.6810344827586209,
  "52": 0.6839080459770117,
  "53": 0.6910919540229887,
  "54": 0.6954022988505749,
  "55": 0.6982758620689657,
  "56": 0.7040229885057474,
  "57": 0.7140804597701153,
  "58": 0.7198275862068969,
  "59": 0.7270114942528739,
  "60": 0.7284482758620693,
  "61": 0.7313218390804601,
  "62": 0.7327586206896555,
  "63": 0.7399425287356325,
  "64": 0.7428160919540233,
  "65": 0.7442528735632187,
  "66": 0.7485632183908049,
  "67": 0.7500000000000002,
  "68": 0.7571839080459772,
  "69": 0.7614942528735634,
  "70": 0.7701149425287358,
  "71": 0.774425287356322,
  "72": 0.7758620689655173,
  "74": 0.781609195402299,
  "75": 0.7830459770114944,
  "76": 0.7859195402298852,
  "77": 0.7902298850574714,
  "78": 0.7931034482758622,
  "79": 0.8002873563218392,
  "81": 0.8017241379310346,
  "83": 0.8060344827586208,
  "85": 0.810344827586207,
  "86": 0.8117816091954023,
  "87": 0.8160919540229885,
  "88": 0.8218390804597702,
  "89": 0.824712643678161,
  "90": 0.831896551724138,
  "91": 0.8333333333333334,
  "92": 0.8347701149425287,
  "93": 0.8419540229885057,
  "94": 0.8462643678160919,
  "95": 0.8505747126436781,
  "96": 0.8548850574712643,
  "97": 0.8577586206896551,
  "99": 0.8635057471264368,
  "100": 0.8663793103448276,
  "101": 0.8692528735632185,
  "102": 0.8721264367816093,
  "103": 0.8735632183908046,
  "104": 0.8793103448275863,
  "106": 0.8836206896551725,
  "107": 0.8850574712643678,
  "109": 0.889367816091954,
  "111": 0.8908045977011494,
  "112": 0.8922413793103448,
  "113": 0.8951149425287356,
  "116": 0.8965517241379309,
  "117": 0.9022988505747126,
  "118": 0.903735632183908,
  "119": 0.9051724137931033,
  "120": 0.9066091954022987,
  "121": 0.9094827586206895,
  "124": 0.9123563218390803,
  "125": 0.9137931034482757,
  "126": 0.915229885057471,
  "127": 0.9181034482758619,
  "128": 0.9209770114942527,
  "129": 0.9238505747126435,
  "131": 0.9267241379310344,
  "132": 0.9281609195402297,
  "133": 0.9310344827586206,
  "135": 0.9324712643678159,
  "136": 0.9339080459770113,
  "138": 0.9367816091954021,
  "139": 0.9410919540229883,
  "140": 0.9425287356321836,
  "141": 0.943965517241379,
  "143": 0.9468390804597698,
  "144": 0.9482758620689652,
  "146": 0.9497126436781606,
  "149": 0.9511494252873559,
  "151": 0.9554597701149421,
  "152": 0.9583333333333329,
  "153": 0.9597701149425283,
  "154": 0.9626436781609191,
  "157": 0.9640804597701145,
  "159": 0.9669540229885053,
  "160": 0.9683908045977007,
  "161": 0.969827586206896,
  "162": 0.9712643678160914,
  "163": 0.9727011494252867,
  "164": 0.9741379310344821,
  "167": 0.9770114942528729,
  "168": 0.9784482758620683,
  "169": 0.9798850574712636,
  "170": 0.981321839080459,
  "171": 0.9841954022988498,
  "173": 0.9856321839080452,
  "177": 0.9870689655172405,
  "180": 0.9885057471264359,
  "182": 0.9899425287356313,
  "187": 0.9913793103448266,
  "188": 0.992816091954022,
  "191": 0.9956896551724128,
  "192": 0.9985632183908036,
  "200": 0.999999999999999
}