{
  "2": 0.043795620437956206,
  "3": 0.10583941605839417,
  "4": 0.15693430656934307,
  "5": 0.19951338199513383,
  "6": 0.24209245742092458,
  "7": 0.2688564476885645,
  "8": 0.28588807785888076,
  "9": 0.3077858880778589,
  "10": 0.3236009732360097,
  "11": 0.35036496350364965,
  "12": 0.3771289537712896,
  "13": 0.3978102189781022,
  "14": 0.4257907542579076,
  "15": 0.44525547445255476,
  "16": 0.45985401459854014,
  "17": 0.47810218978102187,
  "18": 0.4939172749391727,
  "19": 0.5121654501216545,
  "20": 0.5316301703163017,
  "21": 0.5364963503649635,
  "22": 0.546228710462287,
  "23": 0.5571776155717761,
  "24": 0.5693430656934306,
  "25": 0.5827250608272506,
  "26": 0.5948905109489051,
  "27": 0.5961070559610706,
  "28": 0.6009732360097324,
  "29": 0.6155717761557178,
  "30": 0.6277372262773723,
  "31": 0.6362530413625305,
  "32": 0.6447688564476887,
  "33": 0.659367396593674,
  "34": 0.6642335766423358,
  "35": 0.6715328467153285,
  "36": 0.6800486618004867,
  "37": 0.6909975669099758,
  "38": 0.6946472019464722,
  "39": 0.6982968369829686,
  "40": 0.7080291970802922,
  "42": 0.712895377128954,
  "43": 0.7165450121654504,
  "44": 0.7238442822384431,
  "45": 0.7287104622871049,
  "46": 0.7384428223844285,
  "47": 0.7457420924574212,
  "48": 0.7530413625304139,
  "49": 0.7603406326034066,
  "50": 0.7664233576642339,
  "51": 0.7761557177615575,
  "52": 0.785888077858881,
  "53": 0.7883211678832119,
  "54": 0.8017031630170319,
  "55": 0.8065693430656937,
  "56": 0.8138686131386864,
  "57": 0.8187347931873482,
  "58": 0.8223844282238446,
  "59": 0.8248175182481755,
  "60": 0.8309002433090028,
  "61": 0.8357664233576646,
  "62": 0.8406326034063264,
  "64": 0.8442822384428228,
  "65": 0.8454987834549883,
  "67": 0.8479318734793192,
  "68": 0.8515815085158156,
  "69": 0.8564476885644774,
  "70": 0.8637469586374701,
  "71": 0.8673965936739665,
  "72": 0.8698296836982974,
  "74": 0.8759124087591247,
  "75": 0.8771289537712902,
  "76": 0.8807785888077866,
  "77": 0.8819951338199521,
  "78": 0.884428223844283,
  "79": 0.8892944038929448,
  "80": 0.8929440389294412,
  "81": 0.8965936739659376,
  "82": 0.8990267639902685,
  "83": 0.9026763990267649,
  "84": 0.9038929440389304,
  "85": 0.9075425790754268,
  "86": 0.9087591240875923,
  "87": 0.9111922141119232,
  "91": 0.9148418491484196,
  "92": 0.9160583941605851,
  "93": 0.918491484184916,
  "94": 0.9209245742092469,
  "95": 0.9221411192214124,
  "96": 0.9257907542579088,
  "98": 0.9270072992700743,
  "99": 0.9282238442822398,
  "100": 0.9318734793187362,
  "102": 0.9330900243309017,
  "104": 0.9343065693430672,
  "105": 0.9379562043795636,
  "106": 0.9391727493917291,
  "108": 0.9428223844282255,
  "109": 0.9464720194647219,
  "110": 0.9489051094890528,
  "111": 0.9501216545012183,
  "113": 0.9537712895377147,
  "114": 0.9562043795620456,
  "115": 0.9574209245742111,
  "116": 0.9586374695863766,
  "117": 0.9610705596107075,
  "120": 0.9647201946472039,
  "130": 0.9659367396593694,
  "132": 0.9671532846715349,
  "133": 0.9695863746958658,
  "134": 0.9708029197080313,
  "137": 0.9720194647201968,
  "138": 0.9732360097323624,
  "141": 0.9744525547445279,
  "142": 0.9756690997566934,
  "143": 0.9768856447688589,
  "144": 0.9781021897810244,
  "145": 0.9793187347931899,
  "146": 0.9805352798053554,
  "147": 0.9817518248175209,
  "149": 0.9829683698296864,
  "152": 0.9841849148418519,
  "153": 0.9854014598540174,
  "156": 0.9866180048661829,
  "158": 0.9878345498783484,
  "169": 0.9890510948905139,
  "170": 0.9902676399026794,
  "173": 0.9914841849148449,
  "180": 0.9927007299270104,
  "182": 0.9951338199513413,
  "185": 0.9963503649635068,
  "189": 0.9975669099756723,
  "195": 0.9987834549878378,
  "199": 1.0000000000000033
}