{
  "2": 0.04231166150670795,
  "3": 0.07533539731682146,
  "4": 0.14551083591331268,
  "5": 0.21465428276573786,
  "6": 0.26418988648090813,
  "7": 0.3075335397316821,
  "8": 0.3436532507739938,
  "9": 0.3725490196078431,
  "10": 0.4107327141382868,
  "11": 0.4385964912280701,
  "12": 0.4705882352941176,
  "13": 0.5067079463364292,
  "14": 0.5304437564499483,
  "15": 0.5500515995872033,
  "16": 0.5603715170278638,
  "17": 0.5789473684210527,
  "18": 0.5985552115583076,
  "19": 0.6130030959752323,
  "20": 0.6264189886480909,
  "21": 0.6470588235294118,
  "22": 0.6594427244582044,
  "23": 0.6697626418988649,
  "24": 0.6790505675954593,
  "25": 0.6893704850361199,
  "26": 0.6996904024767804,
  "27": 0.7048503611971106,
  "28": 0.7089783281733748,
  "29": 0.7110423116615069,
  "30": 0.715170278637771,
  "31": 0.7182662538699692,
  "32": 0.7244582043343655,
  "33": 0.7306501547987617,
  "34": 0.7347781217750259,
  "35": 0.73890608875129,
  "36": 0.7420020639834882,
  "37": 0.7450980392156864,
  "38": 0.7481940144478846,
  "39": 0.7502579979360167,
  "40": 0.7533539731682148,
  "41": 0.7585139318885451,
  "42": 0.7605779153766772,
  "43": 0.7636738906088754,
  "44": 0.7678018575851395,
  "45": 0.7698658410732716,
  "46": 0.7750257997936019,
  "47": 0.777089783281734,
  "48": 0.779153766769866,
  "49": 0.7843137254901963,
  "50": 0.7894736842105265,
  "51": 0.7936016511867907,
  "52": 0.7966976264189889,
  "53": 0.800825593395253,
  "54": 0.8039215686274512,
  "55": 0.8070175438596494,
  "56": 0.8121775025799797,
  "57": 0.8142414860681118,
  "58": 0.8163054695562438,
  "59": 0.819401444788442,
  "60": 0.8245614035087723,
  "61": 0.8255933952528384,
  "62": 0.8307533539731686,
  "64": 0.8328173374613007,
  "65": 0.8359133126934989,
  "66": 0.836945304437565,
  "67": 0.8379772961816311,
  "69": 0.8410732714138293,
  "70": 0.8421052631578954,
  "71": 0.8462332301341595,
  "72": 0.8482972136222916,
  "73": 0.8524251805985558,
  "74": 0.8544891640866878,
  "75": 0.858617131062952,
  "76": 0.8596491228070181,
  "78": 0.8606811145510842,
  "79": 0.8648090815273484,
  "80": 0.8658410732714145,
  "81": 0.8668730650154806,
  "82": 0.8679050567595467,
  "84": 0.8689370485036128,
  "85": 0.8710010319917448,
  "88": 0.8720330237358109,
  "89": 0.8751289989680091,
  "91": 0.8771929824561412,
  "94": 0.8782249742002073,
  "95": 0.8792569659442734,
  "96": 0.8833849329205375,
  "97": 0.8864809081527357,
  "99": 0.8875128998968018,
  "100": 0.8885448916408679,
  "101": 0.890608875129,
  "102": 0.8916408668730661,
  "103": 0.8926728586171322,
  "104": 0.8937048503611983,
  "105": 0.8968008255933965,
  "106": 0.8978328173374626,
  "107": 0.8988648090815287,
  "108": 0.8998968008255948,
  "109": 0.9009287925696609,
  "111": 0.904024767801859,
  "112": 0.9060887512899911,
  "113": 0.9071207430340572,
  "114": 0.9091847265221893,
  "115": 0.9102167182662554,
  "117": 0.9122807017543875,
  "118": 0.9153766769865856,
  "119": 0.9174406604747177,
  "121": 0.9184726522187838,
  "122": 0.9195046439628499,
  "123": 0.920536635706916,
  "124": 0.9226006191950481,
  "125": 0.9236326109391142,
  "126": 0.9277605779153784,
  "130": 0.9298245614035104,
  "131": 0.9318885448916425,
  "133": 0.9339525283797746,
  "135": 0.9360165118679067,
  "136": 0.9380804953560388,
  "137": 0.9391124871001049,
  "138": 0.940144478844171,
  "140": 0.9411764705882371,
  "141": 0.9432404540763691,
  "142": 0.9463364293085673,
  "143": 0.9473684210526334,
  "144": 0.9494324045407655,
  "145": 0.9525283797729637,
  "147": 0.9545923632610958,
  "149": 0.9566563467492278,
  "150": 0.9576883384932939,
  "151": 0.959752321981426,
  "152": 0.9649122807017563,
  "153": 0.9659442724458224,
  "154": 0.9690402476780205,
  "157": 0.9721362229102187,
  "159": 0.9731682146542848,
  "160": 0.9742002063983509,
  "162": 0.975232198142417,
  "163": 0.9762641898864831,
  "164": 0.9772961816305492,
  "165": 0.9783281733746153,
  "166": 0.9793601651186814,
  "170": 0.9814241486068135,
  "173": 0.9834881320949456,
  "175": 0.9845201238390117,
  "176": 0.9855521155830778,
  "177": 0.9865841073271439,
  "180": 0.98761609907121,
  "183": 0.988648090815276,
  "184": 0.9907120743034081,
  "189": 0.9917440660474742,
  "192": 0.9938080495356063,
  "193": 0.9948400412796724,
  "197": 0.9969040247678045,
  "198": 0.9979360165118706,
  "199": 1.0000000000000027
}