{
  "2": 0.04504504504504504,
  "3": 0.0990990990990991,
  "4": 0.2072072072072072,
  "5": 0.26126126126126126,
  "6": 0.3063063063063063,
  "7": 0.34234234234234234,
  "8": 0.38738738738738737,
  "9": 0.4054054054054054,
  "10": 0.4504504504504504,
  "11": 0.49549549549549543,
  "12": 0.5315315315315314,
  "13": 0.5675675675675674,
  "14": 0.5855855855855855,
  "15": 0.6036036036036035,
  "16": 0.6396396396396395,
  "17": 0.6666666666666665,
  "18": 0.6846846846846846,
  "19": 0.7027027027027026,
  "20": 0.7117117117117117,
  "21": 0.7207207207207207,
  "24": 0.7297297297297297,
  "25": 0.7477477477477478,
  "26": 0.7927927927927928,
  "27": 0.8018018018018018,
  "28": 0.8108108108108109,
  "29": 0.8198198198198199,
  "34": 0.8378378378378379,
  "35": 0.855855855855856,
  "36": 0.864864864864865,
  "37": 0.873873873873874,
  "39": 0.8828828828828831,
  "40": 0.8918918918918921,
  "41": 0.9099099099099102,
  "42": 0.9189189189189192,
  "51": 0.9369369369369372,
  "52": 0.9549549549549553,
  "53": 0.9639639639639643,
  "55": 0.9729729729729734,
  "63": 0.9819819819819824,
  "68": 0.9909909909909914,
  "70": 1.0000000000000004
}