{
  "2": 0.05529225908372828,
  "3": 0.10110584518167456,
  "4": 0.15481832543443919,
  "5": 0.19273301737756715,
  "6": 0.22590837282780413,
  "7": 0.26066350710900477,
  "8": 0.27804107424960506,
  "9": 0.30963665086887837,
  "10": 0.33017377567140604,
  "11": 0.34913112164297,
  "12": 0.377567140600316,
  "13": 0.3996840442338073,
  "14": 0.4123222748815166,
  "15": 0.4360189573459716,
  "16": 0.4549763033175356,
  "17": 0.47551342812006325,
  "18": 0.4960505529225909,
  "19": 0.5086887835703002,
  "20": 0.5276461295418642,
  "21": 0.5339652448657188,
  "22": 0.5466034755134281,
  "23": 0.5655608214849921,
  "24": 0.5734597156398105,
  "25": 0.5876777251184835,
  "26": 0.6018957345971565,
  "27": 0.6066350710900476,
  "28": 0.6208530805687206,
  "29": 0.6255924170616116,
  "30": 0.6303317535545027,
  "31": 0.6492890995260666,
  "32": 0.6556082148499213,
  "33": 0.6603475513428123,
  "34": 0.671406003159558,
  "35": 0.6793048973143764,
  "36": 0.6887835703001584,
  "37": 0.6935229067930494,
  "38": 0.6982622432859404,
  "39": 0.7014218009478678,
  "40": 0.7061611374407588,
  "41": 0.7140600315955772,
  "42": 0.7235387045813592,
  "43": 0.7314375987361775,
  "44": 0.7377567140600322,
  "45": 0.7409162717219595,
  "46": 0.7440758293838868,
  "47": 0.7535545023696688,
  "48": 0.7598736176935235,
  "49": 0.7630331753554508,
  "50": 0.7693522906793054,
  "51": 0.7756714060031601,
  "52": 0.7851500789889421,
  "53": 0.7914691943127967,
  "54": 0.7993680884676151,
  "56": 0.8056872037914697,
  "57": 0.8151658767772517,
  "58": 0.8246445497630337,
  "59": 0.8293838862559247,
  "60": 0.8325434439178521,
  "61": 0.8372827804107431,
  "62": 0.8451816745655615,
  "63": 0.8483412322274888,
  "65": 0.8530805687203799,
  "66": 0.8562401263823072,
  "67": 0.8625592417061618,
  "68": 0.8704581358609802,
  "69": 0.8751974723538712,
  "70": 0.8815165876777259,
  "71": 0.8830963665086896,
  "72": 0.8846761453396533,
  "73": 0.886255924170617,
  "74": 0.8909952606635081,
  "75": 0.8941548183254354,
  "76": 0.8973143759873627,
  "77": 0.9004739336492901,
  "78": 0.9067930489731447,
  "79": 0.9115323854660358,
  "80": 0.9146919431279631,
  "81": 0.9162717219589268,
  "82": 0.9194312796208541,
  "83": 0.9257503949447088,
  "84": 0.9273301737756725,
  "85": 0.9304897314375998,
  "86": 0.9320695102685636,
  "87": 0.9368088467614546,
  "88": 0.9399684044233819,
  "90": 0.944707740916273,
  "92": 0.9462875197472367,
  "93": 0.949447077409164,
  "97": 0.9510268562401277,
  "98": 0.9526066350710914,
  "103": 0.9557661927330188,
  "106": 0.9573459715639825,
  "107": 0.9605055292259098,
  "108": 0.9620853080568735,
  "109": 0.9636650868878373,
  "110": 0.965244865718801,
  "111": 0.9668246445497647,
  "115": 0.9684044233807284,
  "118": 0.9699842022116921,
  "120": 0.9715639810426558,
  "123": 0.9731437598736196,
  "126": 0.9763033175355469,
  "128": 0.9778830963665106,
  "135": 0.9794628751974743,
  "137": 0.981042654028438,
  "139": 0.9826224328594018,
  "140": 0.9842022116903655,
  "146": 0.9857819905213292,
  "148": 0.9905213270142202,
  "151": 0.992101105845184,
  "162": 0.9936808846761477,
  "175": 0.9952606635071114,
  "187": 0.9968404423380751,
  "188": 0.9984202211690388,
  "199": 1.0000000000000024
}