{
  "2": 0.038946162657502864,
  "3": 0.09507445589919816,
  "4": 0.13974799541809851,
  "5": 0.1764032073310424,
  "6": 0.2016036655211913,
  "7": 0.23482245131729668,
  "8": 0.24742268041237114,
  "9": 0.26689576174112256,
  "10": 0.27720504009163804,
  "11": 0.29553264604810997,
  "12": 0.30813287514318444,
  "13": 0.3241695303550974,
  "14": 0.33791523482245134,
  "15": 0.3516609392898053,
  "16": 0.36426116838487976,
  "17": 0.3722794959908362,
  "18": 0.38029782359679265,
  "19": 0.3860252004581901,
  "20": 0.39977090492554407,
  "21": 0.41008018327605955,
  "22": 0.41924398625429554,
  "23": 0.424971363115693,
  "24": 0.43069873997709046,
  "25": 0.4444444444444444,
  "26": 0.4547537227949599,
  "27": 0.4627720504009164,
  "28": 0.4719358533791524,
  "29": 0.4799541809851089,
  "30": 0.4822451317296679,
  "31": 0.48682703321878584,
  "32": 0.4914089347079038,
  "33": 0.49828178694158076,
  "34": 0.5074455899198167,
  "35": 0.5154639175257731,
  "36": 0.5177548682703321,
  "37": 0.5211912943871706,
  "38": 0.531500572737686,
  "39": 0.536082474226804,
  "40": 0.5395189003436425,
  "41": 0.5441008018327604,
  "42": 0.5509736540664374,
  "43": 0.5544100801832759,
  "44": 0.5555555555555554,
  "45": 0.5567010309278349,
  "46": 0.5704467353951888,
  "47": 0.5750286368843067,
  "48": 0.5784650630011452,
  "49": 0.5819014891179837,
  "50": 0.5853379152348221,
  "51": 0.5887743413516606,
  "52": 0.5979381443298966,
  "53": 0.601374570446735,
  "55": 0.6025200458190145,
  "56": 0.6071019473081325,
  "57": 0.610538373424971,
  "58": 0.61282932416953,
  "59": 0.6151202749140889,
  "60": 0.6174112256586479,
  "61": 0.6242840778923249,
  "62": 0.6265750286368839,
  "63": 0.6323024054982813,
  "64": 0.6345933562428403,
  "65": 0.6368843069873993,
  "66": 0.6471935853379147,
  "67": 0.6517754868270327,
  "68": 0.6552119129438712,
  "69": 0.6643757159221071,
  "70": 0.6666666666666661,
  "71": 0.6701030927835046,
  "72": 0.673539518900343,
  "73": 0.678121420389461,
  "74": 0.682703321878579,
  "75": 0.6872852233676969,
  "76": 0.6907216494845354,
  "77": 0.6941580756013739,
  "78": 0.6998854524627713,
  "79": 0.7021764032073303,
  "80": 0.7067583046964483,
  "81": 0.7101947308132868,
  "82": 0.7136311569301252,
  "83": 0.7182130584192432,
  "84": 0.7216494845360817,
  "85": 0.7262313860251997,
  "86": 0.7342497136311561,
  "87": 0.7388316151202741,
  "88": 0.7399770904925536,
  "89": 0.7422680412371125,
  "90": 0.7445589919816715,
  "91": 0.7491408934707895,
  "92": 0.750286368843069,
  "93": 0.7514318442153485,
  "94": 0.7537227949599075,
  "95": 0.754868270332187,
  "96": 0.7560137457044664,
  "97": 0.7571592210767459,
  "98": 0.7605956471935844,
  "99": 0.7640320733104229,
  "100": 0.7663230240549819,
  "101": 0.7720504009163793,
  "102": 0.7731958762886588,
  "103": 0.7777777777777768,
  "104": 0.7823596792668948,
  "105": 0.7857961053837332,
  "106": 0.7903780068728512,
  "107": 0.7949599083619692,
  "108": 0.7961053837342487,
  "109": 0.7995418098510871,
  "110": 0.8018327605956461,
  "111": 0.8052691867124846,
  "112": 0.8098510882016026,
  "113": 0.8109965635738821,
  "114": 0.8121420389461615,
  "115": 0.815578465063,
  "116": 0.8190148911798385,
  "118": 0.820160366552118,
  "119": 0.822451317296677,
  "120": 0.8258877434135155,
  "121": 0.8270332187857949,
  "122": 0.8304696449026334,
  "123": 0.8339060710194719,
  "124": 0.8361970217640309,
  "126": 0.8396334478808694,
  "127": 0.8407789232531488,
  "128": 0.8419243986254283,
  "129": 0.8453608247422668,
  "130": 0.8487972508591053,
  "132": 0.8510882016036643,
  "133": 0.8568155784650617,
  "134": 0.8579610538373412,
  "136": 0.8591065292096207,
  "137": 0.8659793814432977,
  "138": 0.8682703321878567,
  "140": 0.8694158075601361,
  "141": 0.8751431844215336,
  "142": 0.8774341351660926,
  "143": 0.8808705612829311,
  "145": 0.8820160366552106,
  "146": 0.88316151202749,
  "147": 0.8865979381443285,
  "148": 0.887743413516608,
  "150": 0.892325315005726,
  "151": 0.894616265750285,
  "152": 0.8980526918671234,
  "153": 0.9003436426116824,
  "154": 0.9060710194730799,
  "155": 0.9072164948453594,
  "156": 0.9095074455899184,
  "157": 0.9106529209621979,
  "158": 0.9117983963344773,
  "159": 0.9140893470790363,
  "160": 0.9175257731958748,
  "161": 0.9186712485681543,
  "163": 0.9209621993127133,
  "164": 0.9221076746849928,
  "165": 0.9243986254295518,
  "166": 0.9289805269186697,
  "167": 0.9324169530355082,
  "168": 0.9335624284077877,
  "169": 0.9347079037800672,
  "170": 0.9369988545246262,
  "171": 0.9392898052691852,
  "172": 0.9438717067583031,
  "174": 0.9495990836197006,
  "175": 0.953035509736539,
  "176": 0.955326460481098,
  "177": 0.9587628865979365,
  "178": 0.959908361970216,
  "179": 0.9610538373424955,
  "180": 0.9633447880870545,
  "182": 0.9690721649484519,
  "183": 0.9725085910652904,
  "185": 0.9747995418098494,
  "186": 0.9782359679266879,
  "187": 0.9805269186712469,
  "188": 0.9816723940435264,
  "189": 0.9839633447880853,
  "190": 0.9873997709049238,
  "192": 0.9896907216494828,
  "193": 0.9908361970217623,
  "194": 0.9931271477663213,
  "195": 0.9942726231386008,
  "196": 0.9954180985108803,
  "197": 0.9965635738831597,
  "199": 0.9988545246277187,
  "200": 0.9999999999999982
}