{
  "2": 0.050452781371280724,
  "3": 0.10219922380336352,
  "4": 0.1591203104786546,
  "5": 0.19404915912031048,
  "6": 0.23673997412677877,
  "7": 0.2703751617076326,
  "8": 0.29754204398447603,
  "9": 0.33117723156532985,
  "10": 0.35834411384217335,
  "11": 0.3777490297542044,
  "12": 0.3984476067270375,
  "13": 0.4178525226390685,
  "14": 0.43467011642949543,
  "15": 0.45407503234152646,
  "16": 0.46701164294954717,
  "17": 0.4864165588615782,
  "18": 0.4954721862871927,
  "19": 0.5097024579560154,
  "20": 0.5252263906856403,
  "21": 0.539456662354463,
  "22": 0.557567917205692,
  "23": 0.5717981888745147,
  "24": 0.5847347994825354,
  "25": 0.5912031047865457,
  "26": 0.6015523932729623,
  "27": 0.6106080206985768,
  "28": 0.6209573091849934,
  "29": 0.632600258732212,
  "30": 0.6377749029754203,
  "31": 0.6442432082794306,
  "32": 0.652005174644243,
  "33": 0.6649417852522637,
  "34": 0.6765847347994823,
  "35": 0.6843467011642947,
  "36": 0.6908150064683051,
  "37": 0.6985769728331175,
  "38": 0.7037516170763257,
  "39": 0.7128072445019402,
  "40": 0.7179818887451485,
  "41": 0.728331177231565,
  "42": 0.7322121604139713,
  "43": 0.7360931435963776,
  "44": 0.7412677878395858,
  "45": 0.7490297542043982,
  "46": 0.7554980595084085,
  "47": 0.7567917205692106,
  "48": 0.7593790426908148,
  "49": 0.7697283311772314,
  "50": 0.7749029754204396,
  "51": 0.7839586028460541,
  "52": 0.7878395860284604,
  "53": 0.7917205692108666,
  "54": 0.7968952134540749,
  "55": 0.8059508408796894,
  "56": 0.8072445019404915,
  "57": 0.8098318240620956,
  "58": 0.8137128072445019,
  "59": 0.8188874514877101,
  "60": 0.8214747736093143,
  "61": 0.8240620957309185,
  "62": 0.8279430789133247,
  "63": 0.831824062095731,
  "64": 0.8357050452781373,
  "66": 0.8382923673997414,
  "67": 0.8421733505821477,
  "68": 0.8473479948253559,
  "69": 0.8499353169469601,
  "70": 0.8564036222509704,
  "71": 0.8576972833117725,
  "72": 0.8615782664941788,
  "73": 0.8628719275549809,
  "75": 0.8667529107373871,
  "76": 0.8680465717981892,
  "77": 0.8745148771021996,
  "78": 0.8771021992238037,
  "79": 0.882276843467012,
  "81": 0.883570504527814,
  "82": 0.8848641655886161,
  "85": 0.8861578266494182,
  "86": 0.8887451487710224,
  "88": 0.8913324708926266,
  "89": 0.8939197930142307,
  "90": 0.8965071151358349,
  "92": 0.897800776196637,
  "93": 0.8990944372574391,
  "94": 0.9003880983182412,
  "95": 0.9055627425614494,
  "96": 0.9107373868046577,
  "97": 0.9146183699870639,
  "98": 0.915912031047866,
  "99": 0.9184993531694702,
  "101": 0.9197930142302723,
  "103": 0.9210866752910744,
  "104": 0.9223803363518764,
  "105": 0.9249676584734806,
  "106": 0.9262613195342827,
  "107": 0.9275549805950848,
  "108": 0.932729624838293,
  "111": 0.9353169469598972,
  "115": 0.9391979301423035,
  "116": 0.9417852522639076,
  "117": 0.9430789133247097,
  "119": 0.9443725743855118,
  "120": 0.9456662354463139,
  "122": 0.946959896507116,
  "125": 0.9508408796895222,
  "126": 0.9534282018111264,
  "127": 0.9560155239327306,
  "128": 0.9573091849935327,
  "130": 0.9586028460543348,
  "131": 0.9611901681759389,
  "136": 0.962483829236741,
  "139": 0.9637774902975431,
  "141": 0.9650711513583452,
  "145": 0.9663648124191473,
  "146": 0.9689521345407515,
  "148": 0.9702457956015536,
  "150": 0.9715394566623556,
  "151": 0.9728331177231577,
  "152": 0.9741267787839598,
  "155": 0.9754204398447619,
  "165": 0.976714100905564,
  "170": 0.9793014230271682,
  "171": 0.9818887451487723,
  "174": 0.9844760672703765,
  "175": 0.9857697283311786,
  "178": 0.9870633893919807,
  "179": 0.9896507115135849,
  "181": 0.990944372574387,
  "185": 0.9935316946959911,
  "192": 0.9948253557567932,
  "194": 0.9961190168175953,
  "195": 0.9974126778783974,
  "196": 0.9987063389391995,
  "197": 1.0000000000000016
}