{
  "2": 0.04845360824742268,
  "3": 0.11958762886597937,
  "4": 0.17938144329896907,
  "5": 0.23505154639175257,
  "6": 0.2865979381443299,
  "7": 0.32783505154639175,
  "8": 0.3597938144329897,
  "9": 0.39793814432989694,
  "10": 0.43195876288659796,
  "11": 0.465979381443299,
  "12": 0.4793814432989691,
  "13": 0.49896907216494846,
  "14": 0.5123711340206185,
  "15": 0.5298969072164949,
  "16": 0.5494845360824743,
  "17": 0.5628865979381443,
  "18": 0.5773195876288659,
  "19": 0.5958762886597938,
  "20": 0.6051546391752577,
  "21": 0.6154639175257731,
  "22": 0.6237113402061855,
  "23": 0.636082474226804,
  "24": 0.6422680412371132,
  "25": 0.6474226804123709,
  "26": 0.6546391752577317,
  "27": 0.6597938144329895,
  "28": 0.6670103092783503,
  "29": 0.674226804123711,
  "30": 0.6835051546391749,
  "31": 0.6927835051546388,
  "32": 0.6958762886597935,
  "33": 0.7010309278350512,
  "34": 0.7051546391752573,
  "35": 0.7113402061855666,
  "36": 0.7185567010309274,
  "37": 0.721649484536082,
  "38": 0.7226804123711336,
  "39": 0.7309278350515459,
  "40": 0.7371134020618552,
  "41": 0.7412371134020613,
  "42": 0.7432989690721644,
  "43": 0.7474226804123706,
  "44": 0.7536082474226798,
  "45": 0.757731958762886,
  "46": 0.7618556701030922,
  "47": 0.7628865979381437,
  "48": 0.7649484536082468,
  "49": 0.7670103092783499,
  "50": 0.7731958762886592,
  "51": 0.7762886597938138,
  "52": 0.7814432989690715,
  "53": 0.7835051546391746,
  "54": 0.7855670103092777,
  "55": 0.7886597938144323,
  "56": 0.7917525773195869,
  "57": 0.7927835051546385,
  "58": 0.7958762886597931,
  "59": 0.7979381443298962,
  "61": 0.7999999999999993,
  "62": 0.8010309278350508,
  "63": 0.8041237113402054,
  "64": 0.805154639175257,
  "65": 0.8072164948453601,
  "66": 0.8092783505154632,
  "67": 0.8123711340206178,
  "68": 0.8134020618556693,
  "69": 0.818556701030927,
  "70": 0.8195876288659786,
  "71": 0.8216494845360817,
  "73": 0.8247422680412363,
  "74": 0.8257731958762878,
  "76": 0.8268041237113394,
  "77": 0.8288659793814425,
  "78": 0.829896907216494,
  "79": 0.8329896907216486,
  "80": 0.8350515463917517,
  "81": 0.8371134020618548,
  "82": 0.8381443298969063,
  "85": 0.8391752577319579,
  "86": 0.841237113402061,
  "87": 0.8432989690721641,
  "88": 0.8443298969072156,
  "89": 0.8463917525773187,
  "91": 0.8494845360824733,
  "93": 0.8515463917525764,
  "94": 0.852577319587628,
  "96": 0.8536082474226795,
  "97": 0.8597938144329887,
  "98": 0.8608247422680403,
  "99": 0.865979381443298,
  "100": 0.8711340206185557,
  "101": 0.8742268041237103,
  "102": 0.877319587628865,
  "104": 0.8793814432989681,
  "105": 0.8814432989690711,
  "106": 0.8824742268041227,
  "107": 0.8835051546391742,
  "109": 0.8845360824742258,
  "110": 0.8876288659793804,
  "111": 0.890721649484535,
  "112": 0.8917525773195866,
  "113": 0.8938144329896897,
  "114": 0.8979381443298958,
  "115": 0.8989690721649474,
  "116": 0.8999999999999989,
  "117": 0.9010309278350505,
  "118": 0.902061855670102,
  "121": 0.9041237113402051,
  "123": 0.9051546391752566,
  "124": 0.9092783505154628,
  "125": 0.9103092783505143,
  "126": 0.9123711340206174,
  "127": 0.913402061855669,
  "130": 0.9144329896907205,
  "132": 0.9175257731958751,
  "133": 0.9185567010309267,
  "135": 0.9195876288659782,
  "137": 0.9206185567010298,
  "138": 0.9257731958762875,
  "139": 0.9288659793814421,
  "140": 0.9309278350515452,
  "142": 0.9340206185566998,
  "143": 0.9360824742268029,
  "144": 0.938144329896906,
  "145": 0.9422680412371122,
  "147": 0.9443298969072152,
  "148": 0.9453608247422668,
  "150": 0.9463917525773183,
  "151": 0.9484536082474214,
  "152": 0.9505154639175245,
  "154": 0.9525773195876276,
  "156": 0.9536082474226791,
  "159": 0.9546391752577307,
  "160": 0.9556701030927822,
  "161": 0.9567010309278338,
  "163": 0.9577319587628853,
  "164": 0.9587628865979368,
  "165": 0.9608247422680399,
  "166": 0.9618556701030915,
  "168": 0.9639175257731946,
  "169": 0.9659793814432976,
  "170": 0.9670103092783492,
  "171": 0.9690721649484523,
  "172": 0.9711340206185554,
  "173": 0.9731958762886584,
  "175": 0.97422680412371,
  "177": 0.9762886597938131,
  "179": 0.9793814432989677,
  "180": 0.9804123711340192,
  "182": 0.9824742268041223,
  "183": 0.9845360824742254,
  "185": 0.985567010309277,
  "186": 0.9865979381443285,
  "188": 0.98762886597938,
  "191": 0.9886597938144316,
  "192": 0.9896907216494831,
  "193": 0.9917525773195862,
  "195": 0.9927835051546378,
  "196": 0.9938144329896893,
  "199": 0.9948453608247408,
  "200": 0.9999999999999986
}