{
  "2": 0.097,
  "3": 0.535,
  "4": 0.801,
  "5": 0.883,
  "6": 0.922,
  "7": 0.9430000000000001,
  "8": 0.9570000000000001,
  "9": 0.9600000000000001,
  "10": 0.9660000000000001,
  "11": 0.9750000000000001,
  "12": 0.9760000000000001,
  "13": 0.9770000000000001,
  "20": 0.9780000000000001,
  "21": 0.9800000000000001,
  "22": 0.9820000000000001,
  "23": 0.9840000000000001,
  "25": 0.9860000000000001,
  "27": 0.9880000000000001,
  "28": 0.9890000000000001,
  "34": 0.9900000000000001,
  "36": 0.9910000000000001,
  "37": 0.9950000000000001,
  "39": 0.9960000000000001,
  "40": 0.9980000000000001,
  "44": 0.9990000000000001,
  "46": 1.0
}