{
  "2": 0.36681222707423583,
  "3": 0.5403930131004366,
  "4": 0.6353711790393013,
  "5": 0.7074235807860262,
  "6": 0.759825327510917,
  "7": 0.8013100436681223,
  "8": 0.8286026200873363,
  "9": 0.8482532751091704,
  "10": 0.8613537117903931,
  "11": 0.8744541484716158,
  "12": 0.88646288209607,
  "13": 0.9006550218340613,
  "14": 0.9148471615720526,
  "15": 0.9203056768558954,
  "16": 0.9355895196506552,
  "17": 0.9443231441048037,
  "18": 0.9519650655021836,
  "19": 0.9606986899563321,
  "20": 0.9694323144104806,
  "21": 0.9759825327510919,
  "22": 0.9803493449781662,
  "23": 0.9814410480349347,
  "24": 0.9847161572052404,
  "25": 0.9890829694323147,
  "27": 0.9934497816593889,
  "28": 0.9945414847161574,
  "29": 0.9978165938864632,
  "30": 0.9989082969432317,
  "35": 1.0000000000000002
}