{
  "2": 0.025280898876404494,
  "3": 0.0449438202247191,
  "4": 0.0898876404494382,
  "5": 0.11376404494382023,
  "6": 0.1446629213483146,
  "7": 0.16292134831460672,
  "8": 0.1839887640449438,
  "9": 0.2092696629213483,
  "10": 0.2387640449438202,
  "11": 0.25561797752808985,
  "12": 0.273876404494382,
  "13": 0.29634831460674155,
  "14": 0.31601123595505615,
  "15": 0.3426966292134831,
  "16": 0.3581460674157303,
  "17": 0.372191011235955,
  "18": 0.38061797752808985,
  "19": 0.3890449438202247,
  "20": 0.4101123595505618,
  "21": 0.42696629213483145,
  "22": 0.4452247191011236,
  "23": 0.46348314606741575,
  "24": 0.476123595505618,
  "25": 0.48314606741573035,
  "26": 0.49297752808988765,
  "27": 0.5,
  "28": 0.5112359550561798,
  "29": 0.5224719101123596,
  "30": 0.5365168539325843,
  "31": 0.550561797752809,
  "32": 0.5603932584269663,
  "33": 0.5674157303370787,
  "34": 0.5716292134831461,
  "35": 0.5814606741573034,
  "36": 0.5926966292134832,
  "37": 0.5997191011235956,
  "38": 0.603932584269663,
  "39": 0.6095505617977529,
  "40": 0.6151685393258428,
  "41": 0.6221910112359552,
  "42": 0.63061797752809,
  "43": 0.6362359550561799,
  "44": 0.6404494382022473,
  "45": 0.6488764044943821,
  "46": 0.6530898876404495,
  "47": 0.6587078651685394,
  "48": 0.6629213483146068,
  "49": 0.6657303370786517,
  "50": 0.6713483146067416,
  "51": 0.6769662921348315,
  "52": 0.6839887640449439,
  "53": 0.6924157303370787,
  "54": 0.6938202247191012,
  "55": 0.6994382022471911,
  "56": 0.7078651685393259,
  "57": 0.7148876404494383,
  "58": 0.7176966292134832,
  "59": 0.7205056179775281,
  "60": 0.7219101123595506,
  "61": 0.7247191011235955,
  "62": 0.7303370786516854,
  "63": 0.7387640449438202,
  "64": 0.7457865168539326,
  "65": 0.7485955056179775,
  "66": 0.7528089887640449,
  "67": 0.7542134831460674,
  "68": 0.7612359550561798,
  "69": 0.7654494382022472,
  "71": 0.7682584269662921,
  "73": 0.7724719101123595,
  "74": 0.7780898876404494,
  "75": 0.7851123595505618,
  "76": 0.7865168539325843,
  "77": 0.7893258426966292,
  "78": 0.7949438202247191,
  "79": 0.7963483146067416,
  "80": 0.800561797752809,
  "81": 0.8019662921348315,
  "82": 0.8061797752808989,
  "83": 0.8089887640449438,
  "84": 0.8146067415730337,
  "85": 0.8202247191011236,
  "86": 0.8258426966292135,
  "87": 0.8300561797752809,
  "88": 0.8342696629213483,
  "90": 0.8412921348314607,
  "91": 0.8441011235955056,
  "92": 0.8455056179775281,
  "93": 0.848314606741573,
  "94": 0.8525280898876404,
  "96": 0.8581460674157303,
  "97": 0.8623595505617977,
  "98": 0.8693820224719101,
  "99": 0.872191011235955,
  "100": 0.8735955056179775,
  "101": 0.8764044943820224,
  "102": 0.8778089887640449,
  "104": 0.8806179775280898,
  "105": 0.8848314606741572,
  "106": 0.8876404494382021,
  "107": 0.8918539325842695,
  "108": 0.893258426966292,
  "109": 0.8946629213483145,
  "111": 0.8974719101123594,
  "112": 0.8988764044943819,
  "115": 0.9002808988764044,
  "117": 0.9030898876404493,
  "118": 0.9058988764044942,
  "119": 0.9073033707865167,
  "120": 0.9101123595505616,
  "123": 0.9129213483146065,
  "124": 0.914325842696629,
  "125": 0.9157303370786515,
  "126": 0.9185393258426964,
  "127": 0.9213483146067413,
  "128": 0.9227528089887638,
  "129": 0.9241573033707863,
  "130": 0.9255617977528088,
  "132": 0.9269662921348313,
  "135": 0.9283707865168538,
  "137": 0.9297752808988763,
  "142": 0.9325842696629212,
  "144": 0.9339887640449437,
  "146": 0.9353932584269662,
  "147": 0.9367977528089887,
  "148": 0.9396067415730336,
  "150": 0.9410112359550561,
  "152": 0.9424157303370786,
  "153": 0.946629213483146,
  "154": 0.9480337078651685,
  "155": 0.949438202247191,
  "157": 0.9522471910112359,
  "158": 0.9536516853932584,
  "160": 0.9564606741573033,
  "161": 0.9592696629213482,
  "163": 0.9606741573033707,
  "165": 0.9620786516853932,
  "166": 0.9648876404494381,
  "168": 0.967696629213483,
  "170": 0.9705056179775279,
  "172": 0.9733146067415728,
  "173": 0.9747191011235953,
  "174": 0.9761235955056178,
  "175": 0.9789325842696627,
  "177": 0.9803370786516852,
  "180": 0.9831460674157301,
  "181": 0.9845505617977526,
  "186": 0.9859550561797751,
  "187": 0.98876404494382,
  "188": 0.9901685393258425,
  "189": 0.991573033707865,
  "191": 0.9929775280898875,
  "195": 0.99438202247191,
  "197": 0.9985955056179774,
  "200": 0.9999999999999999
}