{
  "2": 0.023206751054852322,
  "3": 0.056962025316455694,
  "4": 0.0949367088607595,
  "5": 0.11181434599156119,
  "6": 0.12658227848101267,
  "7": 0.15611814345991562,
  "8": 0.17932489451476794,
  "9": 0.1919831223628692,
  "10": 0.2109704641350211,
  "11": 0.21940928270042195,
  "12": 0.23206751054852323,
  "13": 0.23839662447257387,
  "14": 0.25105485232067515,
  "15": 0.27004219409282704,
  "16": 0.2805907172995781,
  "17": 0.3016877637130802,
  "18": 0.3143459915611815,
  "19": 0.31645569620253167,
  "20": 0.3270042194092827,
  "21": 0.3459915611814346,
  "22": 0.3628691983122363,
  "23": 0.37130801687763715,
  "24": 0.3839662447257384,
  "25": 0.3924050632911393,
  "26": 0.3966244725738397,
  "27": 0.40084388185654013,
  "28": 0.409282700421941,
  "29": 0.4156118143459916,
  "30": 0.42616033755274263,
  "31": 0.43248945147679324,
  "32": 0.4430379746835443,
  "33": 0.45569620253164556,
  "34": 0.4662447257383966,
  "35": 0.4725738396624472,
  "36": 0.4894514767932489,
  "37": 0.5042194092827004,
  "38": 0.5084388185654007,
  "39": 0.5232067510548523,
  "40": 0.540084388185654,
  "41": 0.5443037974683543,
  "42": 0.5485232067510547,
  "43": 0.5527426160337551,
  "44": 0.5611814345991559,
  "45": 0.5654008438818563,
  "46": 0.5696202531645567,
  "47": 0.573839662447257,
  "48": 0.5822784810126579,
  "49": 0.5843881856540081,
  "50": 0.5907172995780587,
  "51": 0.5991561181434596,
  "53": 0.6054852320675103,
  "54": 0.6118143459915609,
  "55": 0.6202531645569618,
  "56": 0.6265822784810124,
  "57": 0.6329113924050631,
  "58": 0.6392405063291138,
  "59": 0.641350210970464,
  "60": 0.6434599156118141,
  "61": 0.6603375527426159,
  "62": 0.6645569620253162,
  "63": 0.6729957805907171,
  "64": 0.6772151898734174,
  "65": 0.6814345991561178,
  "66": 0.6856540084388182,
  "67": 0.6919831223628689,
  "68": 0.6962025316455692,
  "69": 0.7004219409282696,
  "70": 0.70464135021097,
  "71": 0.715189873417721,
  "72": 0.7172995780590712,
  "73": 0.7236286919831219,
  "74": 0.725738396624472,
  "75": 0.7299578059071724,
  "76": 0.7447257383966239,
  "77": 0.7468354430379741,
  "79": 0.7510548523206745,
  "81": 0.7531645569620247,
  "82": 0.7616033755274255,
  "83": 0.7679324894514762,
  "84": 0.7721518987341766,
  "85": 0.7763713080168769,
  "86": 0.7805907172995773,
  "87": 0.7848101265822777,
  "88": 0.789029535864978,
  "89": 0.7932489451476784,
  "90": 0.7974683544303788,
  "91": 0.8059071729957796,
  "92": 0.81012658227848,
  "93": 0.8122362869198302,
  "94": 0.8185654008438809,
  "95": 0.8227848101265812,
  "96": 0.8270042194092816,
  "97": 0.8354430379746824,
  "98": 0.8375527426160326,
  "99": 0.841772151898733,
  "102": 0.8438818565400832,
  "104": 0.8459915611814334,
  "105": 0.8502109704641337,
  "106": 0.8523206751054839,
  "107": 0.8544303797468341,
  "108": 0.8649789029535851,
  "112": 0.873417721518986,
  "113": 0.8776371308016864,
  "114": 0.8797468354430366,
  "115": 0.8818565400843867,
  "116": 0.8860759493670871,
  "119": 0.8881856540084373,
  "120": 0.8924050632911377,
  "121": 0.896624472573838,
  "123": 0.8987341772151882,
  "124": 0.9029535864978886,
  "125": 0.9050632911392388,
  "126": 0.9092827004219391,
  "127": 0.9156118143459898,
  "129": 0.91772151898734,
  "130": 0.9198312236286902,
  "131": 0.9219409282700404,
  "133": 0.9240506329113906,
  "134": 0.9282700421940909,
  "135": 0.9303797468354411,
  "139": 0.9324894514767913,
  "140": 0.9345991561181415,
  "143": 0.9409282700421921,
  "144": 0.9430379746835423,
  "147": 0.9451476793248925,
  "149": 0.9472573839662427,
  "151": 0.9493670886075929,
  "152": 0.9535864978902933,
  "153": 0.9556962025316434,
  "154": 0.9578059071729936,
  "156": 0.9599156118143438,
  "159": 0.962025316455694,
  "160": 0.9641350210970442,
  "162": 0.9662447257383944,
  "164": 0.9683544303797446,
  "165": 0.9704641350210947,
  "166": 0.9746835443037951,
  "168": 0.9789029535864955,
  "169": 0.9810126582278457,
  "171": 0.9831223628691959,
  "179": 0.985232067510546,
  "181": 0.9873417721518962,
  "182": 0.9894514767932464,
  "186": 0.9915611814345966,
  "191": 0.9936708860759468,
  "194": 0.995780590717297,
  "198": 0.9978902953586472,
  "200": 0.9999999999999973
}