{
  "2": 0.03719599427753934,
  "3": 0.09585121602288985,
  "4": 0.13447782546494993,
  "5": 0.17024320457796854,
  "6": 0.1945636623748212,
  "7": 0.22174535050071534,
  "8": 0.24892703862660948,
  "9": 0.2660944206008584,
  "10": 0.28326180257510736,
  "11": 0.29613733905579404,
  "12": 0.3047210300429185,
  "13": 0.3319027181688126,
  "14": 0.3433476394849786,
  "15": 0.369098712446352,
  "16": 0.38340486409155944,
  "17": 0.4048640915593706,
  "18": 0.4206008583690988,
  "19": 0.43633762517882696,
  "20": 0.44778254649499294,
  "21": 0.45922746781115886,
  "22": 0.4735336194563663,
  "23": 0.48068669527897,
  "24": 0.4892703862660945,
  "25": 0.49499284692417744,
  "26": 0.5121602288984264,
  "27": 0.5164520743919886,
  "28": 0.525035765379113,
  "29": 0.5336194563662374,
  "30": 0.5393419170243204,
  "31": 0.5507868383404864,
  "32": 0.5565092989985694,
  "33": 0.5622317596566524,
  "34": 0.5765379113018598,
  "35": 0.5908440629470673,
  "36": 0.5937052932761088,
  "37": 0.6008583690987125,
  "38": 0.6094420600858369,
  "39": 0.6123032904148784,
  "40": 0.6208869814020028,
  "41": 0.6266094420600858,
  "42": 0.6394849785407726,
  "43": 0.6466380543633763,
  "44": 0.648068669527897,
  "45": 0.6552217453505007,
  "46": 0.6666666666666666,
  "47": 0.6695278969957081,
  "48": 0.6781115879828326,
  "49": 0.6838340486409156,
  "50": 0.6895565092989986,
  "51": 0.6967095851216023,
  "52": 0.703862660944206,
  "53": 0.7067238912732475,
  "54": 0.7153075822603719,
  "55": 0.721030042918455,
  "56": 0.7238912732474965,
  "57": 0.726752503576538,
  "58": 0.7296137339055795,
  "59": 0.7310443490701002,
  "60": 0.7353361945636624,
  "61": 0.7381974248927039,
  "62": 0.7467811158798283,
  "63": 0.7510729613733905,
  "64": 0.753934191702432,
  "65": 0.7582260371959942,
  "66": 0.7639484978540773,
  "67": 0.7696709585121603,
  "68": 0.776824034334764,
  "69": 0.7796852646638055,
  "70": 0.7839771101573677,
  "71": 0.7896995708154507,
  "73": 0.7954220314735337,
  "74": 0.7968526466380544,
  "76": 0.8011444921316166,
  "78": 0.8025751072961373,
  "79": 0.8111587982832618,
  "80": 0.8140200286123033,
  "81": 0.821173104434907,
  "82": 0.82689556509299,
  "83": 0.8283261802575107,
  "84": 0.8326180257510729,
  "85": 0.8369098712446351,
  "86": 0.8397711015736766,
  "87": 0.8469241773962803,
  "88": 0.8540772532188841,
  "90": 0.8583690987124463,
  "91": 0.8612303290414878,
  "92": 0.8640915593705293,
  "93": 0.8669527896995708,
  "94": 0.8698140200286123,
  "95": 0.871244635193133,
  "96": 0.8783977110157367,
  "97": 0.8812589413447782,
  "98": 0.8841201716738197,
  "99": 0.8869814020028612,
  "100": 0.8884120171673819,
  "101": 0.8927038626609441,
  "102": 0.8941344778254648,
  "103": 0.8955650929899855,
  "105": 0.8969957081545062,
  "106": 0.9027181688125893,
  "107": 0.9055793991416308,
  "109": 0.9070100143061515,
  "110": 0.9084406294706722,
  "111": 0.9098712446351929,
  "113": 0.9113018597997136,
  "119": 0.9155937052932758,
  "120": 0.9170243204577965,
  "122": 0.919885550786838,
  "123": 0.9241773962804002,
  "124": 0.9256080114449209,
  "126": 0.9270386266094416,
  "127": 0.9284692417739623,
  "128": 0.929899856938483,
  "129": 0.9313304721030037,
  "134": 0.9341917024320452,
  "135": 0.9356223175965659,
  "136": 0.9399141630901281,
  "138": 0.9413447782546488,
  "140": 0.9442060085836903,
  "144": 0.9470672389127318,
  "148": 0.9484978540772525,
  "150": 0.951359084406294,
  "151": 0.9527896995708147,
  "152": 0.9599427753934184,
  "153": 0.9613733905579391,
  "154": 0.9628040057224598,
  "157": 0.9642346208869805,
  "158": 0.967095851216022,
  "160": 0.9685264663805427,
  "161": 0.9699570815450634,
  "164": 0.9713876967095841,
  "165": 0.9742489270386256,
  "169": 0.9785407725321879,
  "171": 0.9799713876967086,
  "172": 0.9814020028612293,
  "176": 0.98283261802575,
  "181": 0.9842632331902706,
  "184": 0.9856938483547913,
  "185": 0.9885550786838329,
  "190": 0.9899856938483536,
  "192": 0.9928469241773951,
  "193": 0.9942775393419158,
  "195": 0.9957081545064365,
  "196": 0.998569384835478,
  "197": 0.9999999999999987
}