{
  "2": 0.289,
  "3": 0.487,
  "4": 0.5569999999999999,
  "5": 0.617,
  "6": 0.656,
  "7": 0.7060000000000001,
  "8": 0.7380000000000001,
  "9": 0.7760000000000001,
  "10": 0.8160000000000002,
  "11": 0.8380000000000002,
  "12": 0.8610000000000002,
  "13": 0.8870000000000002,
  "14": 0.9050000000000002,
  "15": 0.9160000000000003,
  "16": 0.9260000000000003,
  "17": 0.9340000000000003,
  "18": 0.9420000000000003,
  "19": 0.9470000000000003,
  "20": 0.9520000000000003,
  "21": 0.9550000000000003,
  "22": 0.9590000000000003,
  "23": 0.9600000000000003,
  "24": 0.9620000000000003,
  "25": 0.9640000000000003,
  "29": 0.9680000000000003,
  "32": 0.9690000000000003,
  "33": 0.9700000000000003,
  "34": 0.9740000000000003,
  "35": 0.9750000000000003,
  "36": 0.9770000000000003,
  "38": 0.9780000000000003,
  "39": 0.9790000000000003,
  "40": 0.9800000000000003,
  "41": 0.9810000000000003,
  "42": 0.9820000000000003,
  "43": 0.9840000000000003,
  "47": 0.9850000000000003,
  "48": 0.9860000000000003,
  "53": 0.9870000000000003,
  "57": 0.9890000000000003,
  "59": 0.9900000000000003,
  "61": 0.9910000000000003,
  "67": 0.9920000000000003,
  "70": 0.9930000000000003,
  "71": 0.9940000000000003,
  "140": 1.0000000000000002,
  "74": 0.9950000000000003,
  "76": 0.9960000000000003,
  "80": 0.9970000000000003,
  "91": 0.9980000000000003,
  "94": 0.9990000000000003
}