{
  "2": 0.07142857142857142,
  "3": 0.18733153638814015,
  "4": 0.24932614555256064,
  "5": 0.31805929919137466,
  "6": 0.35714285714285715,
  "7": 0.39892183288409705,
  "8": 0.41913746630727766,
  "9": 0.4460916442048518,
  "10": 0.47304582210242596,
  "11": 0.4851752021563343,
  "12": 0.5000000000000001,
  "13": 0.5107816711590297,
  "14": 0.5498652291105122,
  "15": 0.6159029649595688,
  "16": 0.6711590296495957,
  "17": 0.6940700808625337,
  "18": 0.7169811320754718,
  "19": 0.7304582210242588,
  "20": 0.7425876010781672,
  "21": 0.7520215633423182,
  "22": 0.7681940700808626,
  "23": 0.7762803234501349,
  "24": 0.7884097035040433,
  "25": 0.7924528301886794,
  "26": 0.7964959568733155,
  "27": 0.803234501347709,
  "28": 0.8045822102425877,
  "29": 0.8086253369272238,
  "30": 0.8207547169811322,
  "31": 0.8328840970350406,
  "32": 0.8355795148247981,
  "33": 0.8423180592991916,
  "34": 0.8517520215633425,
  "35": 0.858490566037736,
  "36": 0.8652291105121295,
  "37": 0.8733153638814017,
  "38": 0.8773584905660379,
  "39": 0.8840970350404314,
  "40": 0.88544474393531,
  "41": 0.8908355795148248,
  "42": 0.894878706199461,
  "43": 0.9016172506738545,
  "44": 0.9070080862533693,
  "45": 0.9110512129380054,
  "46": 0.9150943396226415,
  "47": 0.921832884097035,
  "48": 0.9258760107816711,
  "49": 0.9326145552560646,
  "50": 0.9353099730458221,
  "51": 0.9420485175202156,
  "52": 0.9460916442048517,
  "54": 0.9474393530997304,
  "55": 0.9514824797843665,
  "56": 0.9555256064690026,
  "57": 0.9595687331536388,
  "58": 0.9649595687331536,
  "59": 0.9663072776280323,
  "60": 0.9716981132075471,
  "61": 0.9743935309973045,
  "62": 0.9797843665768193,
  "63": 0.9824797843665768,
  "64": 0.9838274932614555,
  "66": 0.9865229110512129,
  "67": 0.9878706199460916,
  "69": 0.9892183288409703,
  "70": 0.990566037735849,
  "73": 0.9919137466307276,
  "75": 0.9932614555256063,
  "76": 0.994609164420485,
  "80": 0.9973045822102424,
  "88": 0.9986522911051211,
  "95": 0.9999999999999998
}