{
  "2": 0.0421377183967112,
  "3": 0.1212744090441932,
  "4": 0.1778006166495375,
  "5": 0.22404933196300103,
  "6": 0.26002055498458376,
  "7": 0.2970195272353546,
  "8": 0.32990750256937307,
  "9": 0.35765673175745116,
  "10": 0.382322713257965,
  "11": 0.4008221993833504,
  "12": 0.41726618705035967,
  "13": 0.43473792394655697,
  "14": 0.45118191161356624,
  "15": 0.46865364850976354,
  "16": 0.488180883864337,
  "17": 0.5087358684480986,
  "18": 0.5251798561151079,
  "19": 0.5334018499486125,
  "20": 0.5467625899280575,
  "21": 0.552929085303186,
  "22": 0.5683453237410071,
  "23": 0.5878725590955806,
  "24": 0.5991778006166494,
  "25": 0.6125385405960944,
  "26": 0.6166495375128467,
  "27": 0.6228160328879752,
  "28": 0.6300102774922917,
  "29": 0.6361767728674201,
  "30": 0.6413155190133605,
  "31": 0.647482014388489,
  "32": 0.6495375128468651,
  "33": 0.6567317574511816,
  "34": 0.6628982528263101,
  "35": 0.6659815005138743,
  "37": 0.6700924974306266,
  "38": 0.6813977389516954,
  "39": 0.6824254881808834,
  "40": 0.6896197327852,
  "41": 0.6937307297019523,
  "42": 0.6947584789311403,
  "43": 0.6957862281603283,
  "44": 0.6998972250770806,
  "45": 0.7029804727646448,
  "46": 0.7091469681397733,
  "47": 0.7112024665981495,
  "48": 0.7153134635149018,
  "49": 0.7173689619732779,
  "50": 0.7225077081192183,
  "51": 0.7245632065775944,
  "52": 0.7286742034943468,
  "53": 0.7379239465570394,
  "54": 0.7430626927029798,
  "55": 0.7461459403905439,
  "56": 0.7492291880781081,
  "57": 0.7533401849948604,
  "58": 0.7543679342240485,
  "59": 0.7574511819116126,
  "60": 0.762589928057553,
  "61": 0.7667009249743053,
  "62": 0.7687564234326815,
  "63": 0.7738951695786218,
  "64": 0.775950668036998,
  "65": 0.7790339157245622,
  "66": 0.7810894141829383,
  "67": 0.7852004110996906,
  "68": 0.7862281603288787,
  "70": 0.7923946557040071,
  "71": 0.7944501541623833,
  "72": 0.7975334018499475,
  "73": 0.7995889003083236,
  "75": 0.8006166495375117,
  "76": 0.8026721479958878,
  "77": 0.804727646454264,
  "78": 0.8098663926002043,
  "79": 0.8119218910585805,
  "80": 0.8129496402877685,
  "81": 0.8150051387461447,
  "82": 0.819116135662897,
  "83": 0.8232271325796493,
  "84": 0.8252826310380255,
  "85": 0.8263103802672135,
  "86": 0.8293936279547777,
  "87": 0.834532374100718,
  "88": 0.8376156217882822,
  "89": 0.8386433710174702,
  "90": 0.8406988694758464,
  "91": 0.8417266187050344,
  "92": 0.8468653648509747,
  "93": 0.8478931140801628,
  "94": 0.8499486125385389,
  "95": 0.850976361767727,
  "96": 0.8540596094552911,
  "97": 0.8581706063720435,
  "98": 0.8591983556012315,
  "100": 0.8622816032887957,
  "101": 0.8643371017471718,
  "103": 0.866392600205548,
  "106": 0.8684480986639241,
  "107": 0.8694758478931122,
  "108": 0.8735868448098645,
  "109": 0.8756423432682406,
  "110": 0.8766700924974287,
  "111": 0.8776978417266167,
  "112": 0.8787255909558047,
  "113": 0.8797533401849927,
  "114": 0.8807810894141808,
  "115": 0.8818088386433688,
  "116": 0.884892086330933,
  "117": 0.8900308324768733,
  "118": 0.8961973278520018,
  "119": 0.8972250770811898,
  "120": 0.8982528263103778,
  "121": 0.901336073997942,
  "122": 0.90236382322713,
  "123": 0.9033915724563181,
  "124": 0.9044193216855061,
  "125": 0.9054470709146941,
  "127": 0.9064748201438821,
  "128": 0.9095580678314463,
  "130": 0.9105858170606344,
  "131": 0.9126413155190105,
  "132": 0.9146968139773867,
  "133": 0.918807810894139,
  "134": 0.919835560123327,
  "136": 0.9229188078108912,
  "138": 0.9249743062692674,
  "139": 0.9280575539568315,
  "140": 0.9290853031860196,
  "141": 0.9301130524152076,
  "142": 0.9331963001027718,
  "143": 0.9342240493319598,
  "144": 0.9352517985611478,
  "145": 0.937307297019524,
  "146": 0.938335046248712,
  "147": 0.9393627954779,
  "148": 0.9414182939362762,
  "150": 0.9424460431654642,
  "151": 0.9434737923946522,
  "152": 0.9445015416238403,
  "153": 0.9465570400822164,
  "154": 0.9506680369989687,
  "155": 0.9516957862281568,
  "156": 0.9578622816032852,
  "157": 0.9599177800616614,
  "158": 0.9619732785200376,
  "159": 0.9630010277492256,
  "161": 0.9650565262076017,
  "162": 0.9660842754367898,
  "163": 0.9681397738951659,
  "164": 0.9701952723535421,
  "165": 0.9722507708119182,
  "166": 0.9753340184994824,
  "167": 0.9763617677286704,
  "168": 0.9773895169578585,
  "172": 0.9794450154162346,
  "175": 0.9804727646454227,
  "177": 0.9815005138746107,
  "181": 0.9825282631037987,
  "182": 0.9835560123329867,
  "185": 0.9845837615621748,
  "186": 0.9856115107913628,
  "187": 0.988694758478927,
  "188": 0.9907502569373031,
  "191": 0.9938335046248673,
  "192": 0.9948612538540553,
  "193": 0.9969167523124315,
  "195": 0.9979445015416195,
  "198": 0.9989722507708075,
  "199": 0.9999999999999956
}