{
  "2": 0.02920723226703755,
  "3": 0.08344923504867871,
  "4": 0.12378303198887342,
  "5": 0.16411682892906812,
  "6": 0.19471488178025032,
  "7": 0.21557719054242,
  "8": 0.24339360222531292,
  "9": 0.2809457579972183,
  "10": 0.31015299026425586,
  "11": 0.3268428372739916,
  "12": 0.34353268428372735,
  "13": 0.3602225312934631,
  "14": 0.3783031988873435,
  "15": 0.40194714881780247,
  "16": 0.41029207232267034,
  "17": 0.4269819193324061,
  "18": 0.44089012517385257,
  "19": 0.4478442280945758,
  "20": 0.45897079276773295,
  "21": 0.4659248956884562,
  "22": 0.47705146036161333,
  "23": 0.48678720445062584,
  "24": 0.4993045897079276,
  "25": 0.5062586926286509,
  "26": 0.5271210013908205,
  "27": 0.5424200278164116,
  "28": 0.5563282336578581,
  "29": 0.579972183588317,
  "30": 0.5938803894297635,
  "31": 0.6175243393602224,
  "32": 0.6383866481223921,
  "33": 0.6522948539638386,
  "34": 0.6648122392211404,
  "35": 0.6731571627260082,
  "36": 0.6801112656467314,
  "37": 0.6884561891515992,
  "38": 0.6926286509040331,
  "39": 0.6940194714881778,
  "40": 0.700973574408901,
  "41": 0.7065368567454795,
  "42": 0.7134909596662027,
  "43": 0.7190542420027812,
  "44": 0.7260083449235044,
  "45": 0.731571627260083,
  "46": 0.7371349095966615,
  "47": 0.7399165507649508,
  "48": 0.7413073713490954,
  "49": 0.7440890125173847,
  "50": 0.746870653685674,
  "51": 0.7482614742698186,
  "52": 0.7510431154381079,
  "53": 0.7538247566063971,
  "54": 0.7566063977746864,
  "55": 0.7593880389429757,
  "56": 0.7635605006954096,
  "57": 0.7705146036161328,
  "58": 0.7746870653685667,
  "59": 0.7844228094575793,
  "60": 0.7885952712100132,
  "61": 0.7927677329624471,
  "62": 0.7983310152990256,
  "63": 0.8011126564673149,
  "64": 0.8052851182197488,
  "65": 0.8136300417246166,
  "66": 0.8205841446453398,
  "67": 0.8233657858136291,
  "68": 0.8247566063977737,
  "71": 0.8289290681502076,
  "72": 0.8317107093184969,
  "73": 0.8372739916550754,
  "74": 0.842837273991654,
  "75": 0.8497913769123772,
  "76": 0.8553546592489557,
  "77": 0.858136300417245,
  "78": 0.8609179415855343,
  "79": 0.8650904033379682,
  "80": 0.8692628650904021,
  "81": 0.8720445062586913,
  "82": 0.873435326842836,
  "83": 0.8762169680111253,
  "84": 0.8776077885952699,
  "85": 0.8817802503477038,
  "86": 0.8845618915159931,
  "87": 0.8859527121001377,
  "88": 0.8873435326842823,
  "91": 0.8901251738525716,
  "92": 0.8915159944367163,
  "93": 0.8942976356050055,
  "95": 0.8984700973574394,
  "96": 0.9012517385257287,
  "97": 0.9054242002781626,
  "98": 0.9109874826147412,
  "99": 0.9123783031988858,
  "100": 0.9137691237830304,
  "101": 0.9151599443671751,
  "102": 0.9165507649513197,
  "103": 0.919332406119609,
  "104": 0.9207232267037536,
  "105": 0.9221140472878983,
  "106": 0.9235048678720429,
  "107": 0.9248956884561875,
  "110": 0.9262865090403322,
  "114": 0.9276773296244768,
  "115": 0.9332406119610553,
  "116": 0.9360222531293446,
  "117": 0.9401947148817785,
  "120": 0.9415855354659232,
  "123": 0.9443671766342124,
  "126": 0.9457579972183571,
  "131": 0.9485396383866463,
  "134": 0.949930458970791,
  "136": 0.9527121001390803,
  "137": 0.9541029207232249,
  "139": 0.9554937413073695,
  "146": 0.9582753824756588,
  "148": 0.9596662030598034,
  "152": 0.9610570236439481,
  "153": 0.9638386648122373,
  "157": 0.965229485396382,
  "162": 0.9666203059805266,
  "163": 0.9680111265646713,
  "164": 0.9694019471488159,
  "166": 0.9707927677329605,
  "168": 0.9735744089012498,
  "169": 0.9763560500695391,
  "170": 0.9777468706536837,
  "173": 0.9819193324061176,
  "174": 0.9833101529902623,
  "178": 0.9847009735744069,
  "179": 0.9860917941585515,
  "181": 0.9874826147426962,
  "184": 0.9888734353268408,
  "185": 0.9902642559109854,
  "186": 0.9916550764951301,
  "187": 0.9930458970792747,
  "188": 0.995827538247564,
  "189": 0.9972183588317086,
  "193": 0.9986091794158533,
  "196": 0.9999999999999979
}