{
  "2": 0.03566121842496285,
  "3": 0.06835066864784548,
  "4": 0.10698365527488857,
  "5": 0.13967310549777118,
  "6": 0.16196136701337296,
  "7": 0.1961367013372957,
  "8": 0.20802377414561662,
  "9": 0.2288261515601783,
  "10": 0.24814264487369986,
  "11": 0.2674591381872214,
  "12": 0.27934621099554235,
  "13": 0.29271916790490343,
  "14": 0.3179791976225855,
  "15": 0.3358098068350669,
  "16": 0.35661218424962854,
  "17": 0.37592867756315007,
  "18": 0.39821693907875183,
  "19": 0.41753343239227336,
  "20": 0.43090638930163444,
  "21": 0.4442793462109955,
  "22": 0.45468053491827637,
  "23": 0.46953937592867756,
  "24": 0.4814264487369985,
  "25": 0.49925705794947994,
  "26": 0.5037147102526003,
  "27": 0.5304606240713224,
  "28": 0.5423476968796433,
  "29": 0.5468053491827637,
  "30": 0.5646359583952452,
  "31": 0.5780089153046062,
  "32": 0.588410104011887,
  "33": 0.5973254086181277,
  "34": 0.6002971768202079,
  "35": 0.6092124814264486,
  "36": 0.6181277860326893,
  "37": 0.62852897473997,
  "38": 0.6359583952451706,
  "39": 0.640416047548291,
  "40": 0.6478454680534915,
  "41": 0.6597325408618124,
  "42": 0.667161961367013,
  "43": 0.6745913818722136,
  "44": 0.6820208023774141,
  "45": 0.693907875185735,
  "46": 0.7028231797919757,
  "47": 0.705794947994056,
  "48": 0.7072808320950961,
  "49": 0.7087667161961362,
  "50": 0.7132243684992565,
  "51": 0.7147102526002966,
  "52": 0.7176820208023769,
  "53": 0.7206537890044571,
  "54": 0.7265973254086175,
  "55": 0.7355126300148582,
  "56": 0.7384843982169385,
  "57": 0.745913818722139,
  "58": 0.7503714710252594,
  "59": 0.7563150074294198,
  "61": 0.7607726597325402,
  "62": 0.7667161961367006,
  "63": 0.771173848439821,
  "65": 0.7741456166419012,
  "66": 0.7756315007429413,
  "67": 0.7800891530460616,
  "68": 0.784546805349182,
  "69": 0.7904903417533424,
  "70": 0.7949479940564628,
  "71": 0.797919762258543,
  "72": 0.8023774145616633,
  "73": 0.8098068350668639,
  "74": 0.8127786032689441,
  "75": 0.8187221396731046,
  "76": 0.8231797919762249,
  "77": 0.824665676077265,
  "78": 0.8276374442793453,
  "79": 0.8291233283803854,
  "80": 0.8320950965824656,
  "81": 0.8350668647845458,
  "82": 0.8380386329866261,
  "83": 0.8410104011887063,
  "84": 0.8454680534918266,
  "85": 0.8484398216939069,
  "87": 0.8528974739970272,
  "88": 0.8543833580980673,
  "89": 0.8588410104011877,
  "90": 0.8662704309063882,
  "91": 0.8677563150074283,
  "93": 0.8707280832095086,
  "94": 0.8736998514115888,
  "96": 0.8781575037147091,
  "97": 0.8826151560178295,
  "99": 0.8841010401188696,
  "104": 0.8855869242199097,
  "106": 0.89004457652303,
  "108": 0.8930163447251103,
  "111": 0.8945022288261504,
  "112": 0.8989598811292707,
  "113": 0.9004457652303108,
  "114": 0.9034175334323911,
  "117": 0.9049034175334312,
  "118": 0.9063893016344713,
  "119": 0.9078751857355114,
  "120": 0.9093610698365515,
  "122": 0.915304606240712,
  "123": 0.9167904903417521,
  "124": 0.9197622585438323,
  "125": 0.9212481426448724,
  "126": 0.9227340267459125,
  "127": 0.9257057949479928,
  "130": 0.9301634472511131,
  "132": 0.9316493313521532,
  "134": 0.9331352154531933,
  "135": 0.9346210995542334,
  "136": 0.9361069836552736,
  "137": 0.9390787518573538,
  "139": 0.9405646359583939,
  "141": 0.9450222882615142,
  "143": 0.9494799405646346,
  "146": 0.9524517087667148,
  "148": 0.955423476968795,
  "149": 0.9569093610698352,
  "150": 0.9583952451708753,
  "153": 0.9598811292719154,
  "154": 0.9628528974739956,
  "157": 0.9643387815750357,
  "158": 0.9658246656760758,
  "160": 0.967310549777116,
  "161": 0.9702823179791962,
  "164": 0.9717682020802363,
  "165": 0.9732540861812764,
  "166": 0.9747399702823165,
  "171": 0.9777117384843967,
  "172": 0.9791976225854369,
  "173": 0.980683506686477,
  "176": 0.9821693907875171,
  "178": 0.9836552748885572,
  "183": 0.9851411589895973,
  "184": 0.9866270430906374,
  "185": 0.9881129271916775,
  "188": 0.9895988112927177,
  "189": 0.9910846953937578,
  "190": 0.9925705794947979,
  "191": 0.994056463595838,
  "192": 0.9955423476968781,
  "193": 0.9970282317979182,
  "194": 0.9985141158989583,
  "200": 0.9999999999999984
}