{
  "2": 0.343,
  "3": 0.56,
  "4": 0.645,
  "5": 0.729,
  "6": 0.774,
  "7": 0.809,
  "8": 0.8180000000000001,
  "9": 0.8400000000000001,
  "10": 0.8530000000000001,
  "11": 0.8860000000000001,
  "12": 0.9000000000000001,
  "13": 0.9200000000000002,
  "14": 0.9500000000000002,
  "15": 0.9610000000000002,
  "16": 0.9800000000000002,
  "17": 0.9870000000000002,
  "18": 1.0000000000000002
}