{
  "2": 0.3815987933634992,
  "3": 0.5384615384615384,
  "4": 0.6184012066365008,
  "5": 0.6742081447963801,
  "6": 0.7013574660633485,
  "7": 0.7450980392156863,
  "8": 0.7873303167420814,
  "9": 0.8401206636500754,
  "10": 0.8702865761689291,
  "11": 0.8808446455505279,
  "12": 0.8914027149321266,
  "13": 0.894419306184012,
  "15": 0.8974358974358974,
  "16": 0.9019607843137254,
  "20": 0.9049773755656108,
  "21": 0.9125188536953242,
  "22": 0.9170437405731522,
  "23": 0.9200603318250375,
  "24": 0.9230769230769229,
  "25": 0.9276018099547509,
  "26": 0.9351432880844643,
  "27": 0.9381598793363497,
  "28": 0.9441930618401204,
  "29": 0.9457013574660631,
  "30": 0.9517345399698338,
  "31": 0.9547511312217192,
  "32": 0.9622926093514326,
  "33": 0.9668174962292606,
  "34": 0.969834087481146,
  "35": 0.974358974358974,
  "36": 0.9773755656108594,
  "37": 0.9803921568627447,
  "38": 0.9849170437405728,
  "39": 0.9864253393665154,
  "41": 0.9894419306184008,
  "42": 0.9909502262443435,
  "43": 0.9984917043740569,
  "44": 0.9999999999999996
}