{
  "2": 0.3452722063037249,
  "3": 0.4828080229226361,
  "4": 0.5601719197707736,
  "5": 0.6246418338108882,
  "6": 0.667621776504298,
  "7": 0.7005730659025788,
  "8": 0.7249283667621776,
  "9": 0.7650429799426934,
  "10": 0.8094555873925502,
  "11": 0.848137535816619,
  "12": 0.8739255014326648,
  "13": 0.8939828080229226,
  "14": 0.9126074498567335,
  "15": 0.9212034383954154,
  "16": 0.9312320916905443,
  "17": 0.9355300859598853,
  "18": 0.9412607449856732,
  "19": 0.9469914040114612,
  "20": 0.9541547277936961,
  "21": 0.9570200573065901,
  "22": 0.9613180515759311,
  "23": 0.9641833810888251,
  "24": 0.965616045845272,
  "25": 0.969914040114613,
  "26": 0.97134670487106,
  "27": 0.974212034383954,
  "28": 0.975644699140401,
  "30": 0.977077363896848,
  "31": 0.978510028653295,
  "32": 0.9813753581661889,
  "33": 0.9842406876790829,
  "37": 0.9871060171919769,
  "40": 0.9885386819484239,
  "41": 0.9914040114613178,
  "49": 0.9928366762177648,
  "50": 0.9942693409742118,
  "51": 0.9957020057306588,
  "66": 0.9971346704871058,
  "72": 0.9985673352435528,
  "88": 0.9999999999999998
}