{
  "2": 0.015602836879432624,
  "3": 0.06382978723404255,
  "4": 0.09645390070921986,
  "5": 0.11914893617021277,
  "6": 0.1475177304964539,
  "7": 0.1829787234042553,
  "8": 0.20709219858156028,
  "9": 0.22836879432624113,
  "10": 0.24680851063829787,
  "11": 0.25957446808510637,
  "12": 0.28510638297872337,
  "13": 0.3049645390070922,
  "14": 0.32056737588652484,
  "15": 0.33475177304964543,
  "16": 0.35602836879432626,
  "17": 0.3673758865248227,
  "18": 0.38865248226950355,
  "19": 0.4,
  "20": 0.41985815602836885,
  "21": 0.4312056737588653,
  "22": 0.4382978723404256,
  "23": 0.44680851063829796,
  "24": 0.45390070921985826,
  "25": 0.4666666666666668,
  "26": 0.4737588652482271,
  "27": 0.48510638297872355,
  "28": 0.49219858156028384,
  "29": 0.5035460992907803,
  "30": 0.5134751773049647,
  "31": 0.520567375886525,
  "32": 0.5276595744680853,
  "33": 0.5319148936170215,
  "34": 0.5531914893617024,
  "35": 0.5574468085106385,
  "36": 0.5602836879432627,
  "37": 0.5659574468085109,
  "38": 0.5702127659574471,
  "39": 0.5858156028368797,
  "40": 0.5943262411347521,
  "41": 0.6014184397163124,
  "42": 0.6070921985815606,
  "43": 0.6113475177304968,
  "44": 0.617021276595745,
  "45": 0.6226950354609933,
  "46": 0.6241134751773053,
  "47": 0.6297872340425535,
  "48": 0.6354609929078018,
  "49": 0.639716312056738,
  "50": 0.6468085106382983,
  "51": 0.6553191489361706,
  "52": 0.6666666666666671,
  "53": 0.6751773049645394,
  "54": 0.6836879432624118,
  "55": 0.6851063829787238,
  "56": 0.6950354609929082,
  "57": 0.6978723404255324,
  "58": 0.7021276595744685,
  "59": 0.7063829787234047,
  "60": 0.7092198581560288,
  "62": 0.7177304964539012,
  "63": 0.7205673758865253,
  "64": 0.7276595744680856,
  "65": 0.7290780141843977,
  "66": 0.7319148936170218,
  "67": 0.7390070921985821,
  "68": 0.7404255319148941,
  "70": 0.7475177304964544,
  "71": 0.7560283687943268,
  "72": 0.760283687943263,
  "73": 0.761702127659575,
  "74": 0.7631205673758871,
  "75": 0.7687943262411353,
  "76": 0.7730496453900715,
  "77": 0.7744680851063835,
  "78": 0.7773049645390077,
  "79": 0.7801418439716318,
  "80": 0.78581560283688,
  "81": 0.7886524822695041,
  "82": 0.7929078014184403,
  "83": 0.7957446808510644,
  "84": 0.8000000000000006,
  "85": 0.8028368794326247,
  "86": 0.8070921985815609,
  "87": 0.808510638297873,
  "88": 0.8113475177304971,
  "89": 0.8127659574468091,
  "90": 0.8156028368794332,
  "91": 0.8184397163120574,
  "92": 0.8212765957446815,
  "93": 0.8255319148936177,
  "94": 0.8269503546099297,
  "95": 0.8312056737588659,
  "96": 0.83404255319149,
  "97": 0.8354609929078021,
  "98": 0.8368794326241141,
  "99": 0.8397163120567382,
  "100": 0.8411347517730503,
  "101": 0.8425531914893624,
  "102": 0.8439716312056744,
  "103": 0.8453900709219865,
  "104": 0.8510638297872347,
  "105": 0.8524822695035468,
  "106": 0.8553191489361709,
  "108": 0.858156028368795,
  "110": 0.8609929078014191,
  "111": 0.8624113475177312,
  "112": 0.8666666666666674,
  "114": 0.8680851063829794,
  "116": 0.8751773049645397,
  "118": 0.8765957446808518,
  "121": 0.880851063829788,
  "122": 0.8836879432624121,
  "123": 0.8865248226950362,
  "124": 0.8879432624113482,
  "125": 0.8893617021276603,
  "126": 0.8907801418439724,
  "127": 0.8936170212765965,
  "128": 0.8950354609929085,
  "130": 0.8964539007092206,
  "131": 0.8992907801418447,
  "132": 0.9007092198581568,
  "134": 0.9035460992907809,
  "135": 0.9078014184397171,
  "136": 0.9106382978723412,
  "138": 0.9120567375886532,
  "139": 0.9163120567375894,
  "141": 0.9177304964539015,
  "142": 0.9205673758865256,
  "144": 0.9248226950354618,
  "147": 0.9262411347517738,
  "148": 0.9276595744680859,
  "149": 0.929078014184398,
  "150": 0.9333333333333341,
  "151": 0.9347517730496462,
  "152": 0.9375886524822703,
  "153": 0.9418439716312065,
  "155": 0.9446808510638306,
  "158": 0.9460992907801427,
  "159": 0.9475177304964547,
  "161": 0.9489361702127668,
  "162": 0.9517730496453909,
  "164": 0.9560283687943271,
  "165": 0.9574468085106391,
  "166": 0.9588652482269512,
  "168": 0.9602836879432632,
  "169": 0.9631205673758874,
  "170": 0.9659574468085115,
  "173": 0.9687943262411356,
  "174": 0.9702127659574477,
  "175": 0.9716312056737597,
  "178": 0.9730496453900718,
  "179": 0.9744680851063838,
  "180": 0.9758865248226959,
  "182": 0.977304964539008,
  "185": 0.9815602836879441,
  "187": 0.9843971631205682,
  "188": 0.9858156028368803,
  "190": 0.9872340425531924,
  "193": 0.9886524822695044,
  "195": 0.9914893617021285,
  "196": 0.9943262411347527,
  "197": 0.9957446808510647,
  "198": 0.9971631205673768,
  "200": 1.0000000000000009
}