{
  "2": 0.037786774628879895,
  "3": 0.11066126855600539,
  "4": 0.18893387314439947,
  "5": 0.2658569500674764,
  "6": 0.3117408906882591,
  "7": 0.33873144399460187,
  "8": 0.3616734143049932,
  "9": 0.38596491228070173,
  "10": 0.40620782726045884,
  "11": 0.41970310391363025,
  "12": 0.44129554655870445,
  "13": 0.4601889338731444,
  "14": 0.4777327935222672,
  "15": 0.4939271255060729,
  "16": 0.5087719298245614,
  "17": 0.52361673414305,
  "18": 0.5411605937921729,
  "19": 0.5600539811066128,
  "20": 0.5748987854251013,
  "21": 0.581646423751687,
  "22": 0.5910931174089069,
  "23": 0.6005398110661269,
  "24": 0.6153846153846154,
  "25": 0.6275303643724697,
  "26": 0.6329284750337383,
  "27": 0.6437246963562754,
  "28": 0.6464237516869097,
  "29": 0.6531713900134953,
  "30": 0.6585695006747639,
  "31": 0.6707152496626182,
  "32": 0.6747638326585697,
  "33": 0.6855600539811068,
  "34": 0.6896086369770582,
  "35": 0.7004048582995953,
  "36": 0.7044534412955468,
  "37": 0.7085020242914982,
  "38": 0.716599190283401,
  "39": 0.7206477732793525,
  "40": 0.7314439946018896,
  "41": 0.7408906882591095,
  "42": 0.7489878542510123,
  "43": 0.7570850202429151,
  "45": 0.7638326585695008,
  "46": 0.7665317139001351,
  "47": 0.775978407557355,
  "48": 0.7800269905533065,
  "49": 0.7813765182186236,
  "50": 0.7854251012145751,
  "51": 0.7908232118758437,
  "53": 0.793522267206478,
  "54": 0.7962213225371123,
  "55": 0.7975708502024295,
  "56": 0.8002699055330638,
  "57": 0.8029689608636981,
  "58": 0.8070175438596495,
  "59": 0.8097165991902838,
  "60": 0.811066126855601,
  "61": 0.8164642375168696,
  "62": 0.8218623481781382,
  "63": 0.8245614035087725,
  "64": 0.8313090418353581,
  "65": 0.8340080971659924,
  "66": 0.8353576248313096,
  "67": 0.839406207827261,
  "68": 0.8421052631578954,
  "69": 0.8434547908232125,
  "72": 0.8448043184885297,
  "73": 0.847503373819164,
  "74": 0.8488529014844811,
  "75": 0.8515519568151154,
  "76": 0.8529014844804326,
  "77": 0.8542510121457497,
  "78": 0.8582995951417012,
  "79": 0.8596491228070183,
  "80": 0.8623481781376526,
  "81": 0.8650472334682869,
  "82": 0.8677462887989212,
  "83": 0.8731443994601898,
  "84": 0.874493927125507,
  "85": 0.8785425101214585,
  "86": 0.8825910931174099,
  "87": 0.8852901484480442,
  "88": 0.8866396761133614,
  "89": 0.8879892037786785,
  "91": 0.8893387314439957,
  "92": 0.8933873144399471,
  "93": 0.8947368421052643,
  "94": 0.8960863697705814,
  "96": 0.8974358974358986,
  "97": 0.9055330634278014,
  "98": 0.9068825910931185,
  "99": 0.9082321187584357,
  "103": 0.91093117408907,
  "105": 0.9136302294197043,
  "107": 0.9163292847503386,
  "108": 0.9190283400809729,
  "112": 0.92037786774629,
  "113": 0.9217273954116072,
  "115": 0.9230769230769243,
  "117": 0.9244264507422415,
  "118": 0.9257759784075587,
  "120": 0.928475033738193,
  "122": 0.9311740890688273,
  "126": 0.9352226720647787,
  "129": 0.9365721997300959,
  "130": 0.937921727395413,
  "132": 0.9392712550607302,
  "133": 0.9406207827260473,
  "134": 0.9433198380566816,
  "138": 0.9446693657219988,
  "141": 0.9487179487179502,
  "147": 0.9500674763832674,
  "151": 0.9514170040485845,
  "152": 0.9527665317139017,
  "154": 0.955465587044536,
  "157": 0.9568151147098531,
  "161": 0.9608636977058046,
  "164": 0.9635627530364389,
  "165": 0.964912280701756,
  "166": 0.9689608636977075,
  "171": 0.9703103913630247,
  "172": 0.973009446693659,
  "173": 0.9743589743589761,
  "174": 0.9757085020242933,
  "178": 0.9770580296896104,
  "181": 0.9784075573549276,
  "183": 0.9811066126855619,
  "185": 0.9838056680161962,
  "186": 0.9851551956815133,
  "187": 0.9878542510121476,
  "188": 0.9892037786774648,
  "190": 0.9932523616734162,
  "192": 0.9946018893387334,
  "194": 0.9959514170040505,
  "198": 0.9986504723346848,
  "199": 1.000000000000002
}