{
  "2": 0.07066381156316917,
  "3": 0.15417558886509636,
  "4": 0.20770877944325483,
  "5": 0.2569593147751606,
  "6": 0.29764453961456105,
  "7": 0.3661670235546039,
  "8": 0.38115631691648827,
  "9": 0.42826552462526774,
  "10": 0.46252676659528913,
  "11": 0.537473233404711,
  "12": 0.563169164882227,
  "13": 0.6059957173447538,
  "14": 0.6145610278372591,
  "15": 0.6402569593147751,
  "16": 0.6723768736616702,
  "17": 0.6916488222698073,
  "18": 0.7301927194860813,
  "19": 0.7558886509635974,
  "20": 0.7773019271948608,
  "21": 0.7858672376873661,
  "22": 0.8094218415417558,
  "23": 0.8244111349036402,
  "24": 0.8351177730192718,
  "25": 0.8565310492505352,
  "26": 0.8758029978586723,
  "27": 0.892933618843683,
  "28": 0.9143468950749465,
  "29": 0.9357601713062099,
  "30": 0.9571734475374734,
  "31": 0.9721627408993577,
  "32": 0.9785867237687368,
  "33": 0.9850107066381159,
  "34": 0.9871520342612422,
  "37": 0.9892933618843686,
  "39": 0.9914346895074949,
  "41": 0.9935760171306213,
  "43": 0.9957173447537476,
  "45": 0.997858672376874,
  "47": 1.0000000000000002
}