{
  "2": 0.086,
  "3": 0.379,
  "4": 0.584,
  "5": 0.697,
  "6": 0.7949999999999999,
  "7": 0.843,
  "8": 0.871,
  "9": 0.88,
  "10": 0.892,
  "11": 0.902,
  "12": 0.905,
  "13": 0.912,
  "14": 0.916,
  "15": 0.922,
  "16": 0.933,
  "17": 0.9450000000000001,
  "18": 0.9520000000000001,
  "19": 0.9560000000000001,
  "20": 0.9600000000000001,
  "21": 0.9610000000000001,
  "22": 0.9620000000000001,
  "23": 0.9630000000000001,
  "24": 0.9640000000000001,
  "26": 0.9650000000000001,
  "30": 0.9660000000000001,
  "31": 0.9690000000000001,
  "32": 0.9700000000000001,
  "34": 0.9710000000000001,
  "35": 0.9720000000000001,
  "44": 0.9740000000000001,
  "45": 0.9750000000000001,
  "46": 0.9760000000000001,
  "47": 0.9770000000000001,
  "50": 0.9780000000000001,
  "51": 0.9790000000000001,
  "52": 0.9840000000000001,
  "53": 0.9850000000000001,
  "54": 0.9860000000000001,
  "55": 0.9870000000000001,
  "56": 0.9880000000000001,
  "60": 0.9900000000000001,
  "62": 0.9910000000000001,
  "63": 0.9920000000000001,
  "67": 0.9930000000000001,
  "68": 0.9950000000000001,
  "69": 0.9970000000000001,
  "71": 0.9990000000000001,
  "74": 1.0
}