{
  "2": 0.054910242872228086,
  "3": 0.13093980992608237,
  "4": 0.1795142555438226,
  "5": 0.21752903907074975,
  "6": 0.2692713833157339,
  "7": 0.30834213305174235,
  "8": 0.3484688489968321,
  "9": 0.3833157338965153,
  "10": 0.4171066525871172,
  "11": 0.4392819429778247,
  "12": 0.47096092925026395,
  "13": 0.4952481520591341,
  "14": 0.5142555438225976,
  "15": 0.5322069693769799,
  "16": 0.5501583949313621,
  "17": 0.5659978880675818,
  "18": 0.5776135163674762,
  "19": 0.5913410770855332,
  "20": 0.5987328405491024,
  "21": 0.6071805702217529,
  "22": 0.6156282998944034,
  "23": 0.6230200633579726,
  "24": 0.6314677930306231,
  "25": 0.6420274551214361,
  "26": 0.6494192185850053,
  "27": 0.6557550158394931,
  "28": 0.6631467793030623,
  "29": 0.6705385427666315,
  "30": 0.678986272439282,
  "31": 0.682154171066526,
  "32": 0.6884899683210138,
  "33": 0.6979936642027457,
  "34": 0.7053854276663148,
  "35": 0.7085533262935588,
  "36": 0.712777191129884,
  "37": 0.715945089757128,
  "38": 0.7170010559662093,
  "39": 0.7233368532206972,
  "40": 0.7286166842661037,
  "41": 0.7317845828933477,
  "42": 0.7338965153115103,
  "43": 0.7349524815205917,
  "44": 0.7381203801478357,
  "45": 0.7434002111932422,
  "46": 0.7518479408658927,
  "47": 0.7592397043294619,
  "48": 0.7676874340021124,
  "49": 0.7687434002111937,
  "50": 0.7708553326293563,
  "51": 0.7750791974656815,
  "52": 0.7771911298838442,
  "53": 0.7782470960929255,
  "54": 0.7793030623020069,
  "55": 0.7803590285110882,
  "56": 0.7824709609292508,
  "57": 0.7845828933474135,
  "58": 0.7856388595564948,
  "59": 0.7877507919746575,
  "60": 0.7909186906019015,
  "61": 0.7940865892291454,
  "62": 0.7961985216473081,
  "63": 0.7972544878563894,
  "64": 0.7993664202745521,
  "65": 0.8014783526927147,
  "66": 0.8046462513199587,
  "67": 0.8088701161562839,
  "68": 0.8130939809926091,
  "69": 0.8152059134107718,
  "70": 0.8183738120380157,
  "73": 0.8204857444561784,
  "74": 0.822597676874341,
  "75": 0.8247096092925037,
  "76": 0.8278775079197477,
  "77": 0.8299894403379103,
  "79": 0.832101372756073,
  "80": 0.8331573389651543,
  "81": 0.8342133051742356,
  "82": 0.8373812038014796,
  "83": 0.8405491024287236,
  "84": 0.8416050686378049,
  "85": 0.8458289334741301,
  "87": 0.8500527983104553,
  "88": 0.8511087645195367,
  "89": 0.8532206969376993,
  "91": 0.8574445617740245,
  "92": 0.8595564941921872,
  "93": 0.8616684266103498,
  "94": 0.8627243928194311,
  "95": 0.8637803590285125,
  "96": 0.8648363252375938,
  "97": 0.8658922914466751,
  "99": 0.8690601900739191,
  "100": 0.8722280887011631,
  "102": 0.8743400211193257,
  "103": 0.8775079197465697,
  "104": 0.8796198521647324,
  "105": 0.881731784582895,
  "106": 0.8827877507919764,
  "107": 0.8838437170010577,
  "108": 0.884899683210139,
  "109": 0.8859556494192203,
  "110": 0.8870116156283017,
  "111": 0.8922914466737082,
  "112": 0.8965153115100334,
  "113": 0.8996832101372774,
  "114": 0.9039070749736026,
  "115": 0.9060190073917652,
  "116": 0.9091869060190092,
  "117": 0.9102428722280905,
  "118": 0.9134107708553345,
  "119": 0.9155227032734972,
  "120": 0.9176346356916598,
  "121": 0.9186906019007411,
  "123": 0.9197465681098225,
  "124": 0.9218585005279851,
  "126": 0.9260823653643103,
  "129": 0.9292502639915543,
  "130": 0.9334741288278795,
  "132": 0.9355860612460422,
  "134": 0.9376979936642048,
  "135": 0.9398099260823675,
  "138": 0.9408658922914488,
  "141": 0.9419218585005301,
  "143": 0.9429778247096114,
  "144": 0.9450897571277741,
  "145": 0.9472016895459368,
  "148": 0.951425554382262,
  "150": 0.9524815205913433,
  "151": 0.9535374868004246,
  "152": 0.9556494192185873,
  "154": 0.9567053854276686,
  "155": 0.9577613516367499,
  "156": 0.9598732840549126,
  "157": 0.9609292502639939,
  "159": 0.9619852164730752,
  "160": 0.9662090813094004,
  "161": 0.9672650475184817,
  "162": 0.9704329461457257,
  "163": 0.971488912354807,
  "164": 0.9725448785638884,
  "165": 0.9736008447729697,
  "166": 0.9767687434002137,
  "167": 0.977824709609295,
  "168": 0.9799366420274577,
  "170": 0.980992608236539,
  "171": 0.9820485744456203,
  "172": 0.984160506863783,
  "179": 0.9852164730728643,
  "180": 0.9862724392819456,
  "181": 0.987328405491027,
  "185": 0.9883843717001083,
  "188": 0.9894403379091896,
  "190": 0.9915522703273523,
  "192": 0.9926082365364336,
  "193": 0.9936642027455149,
  "195": 0.9989440337909214,
  "197": 1.0000000000000027
}