{
  "2": 0.05527638190954774,
  "3": 0.2964824120603015,
  "4": 0.4733668341708543,
  "5": 0.5688442211055277,
  "6": 0.6522613065326633,
  "7": 0.699497487437186,
  "8": 0.7457286432160805,
  "9": 0.7889447236180905,
  "10": 0.8321608040201006,
  "11": 0.8512562814070352,
  "12": 0.8683417085427136,
  "13": 0.8824120603015077,
  "14": 0.8894472361809046,
  "15": 0.9005025125628141,
  "16": 0.9145728643216081,
  "17": 0.9195979899497488,
  "18": 0.9246231155778896,
  "19": 0.9336683417085428,
  "20": 0.9356783919597992,
  "22": 0.9376884422110555,
  "23": 0.9396984924623119,
  "24": 0.9417085427135682,
  "25": 0.9447236180904526,
  "26": 0.9457286432160807,
  "27": 0.9527638190954777,
  "28": 0.9537688442211059,
  "29": 0.954773869346734,
  "30": 0.9567839195979904,
  "31": 0.9597989949748748,
  "32": 0.9638190954773873,
  "33": 0.9648241206030155,
  "34": 0.9658291457286436,
  "35": 0.9678391959799,
  "39": 0.9688442211055281,
  "40": 0.9698492462311563,
  "43": 0.9708542713567845,
  "44": 0.9728643216080408,
  "45": 0.973869346733669,
  "157": 0.998994974874373,
  "49": 0.9748743718592972,
  "50": 0.9758793969849253,
  "53": 0.9768844221105535,
  "60": 0.9778894472361817,
  "62": 0.979899497487438,
  "65": 0.9809045226130662,
  "66": 0.9819095477386943,
  "68": 0.9839195979899507,
  "70": 0.9849246231155788,
  "71": 0.985929648241207,
  "72": 0.9869346733668352,
  "73": 0.9879396984924633,
  "74": 0.9899497487437197,
  "75": 0.992964824120604,
  "76": 0.9949748743718604,
  "78": 0.9959798994974886,
  "81": 0.9969849246231167,
  "82": 0.9979899497487449,
  "190": 1.000000000000001
}