{
  "2": 0.049214659685863874,
  "3": 0.11518324607329843,
  "4": 0.17486910994764399,
  "5": 0.2094240837696335,
  "6": 0.24083769633507854,
  "7": 0.2774869109947644,
  "8": 0.3068062827225131,
  "9": 0.3424083769633508,
  "10": 0.374869109947644,
  "11": 0.3968586387434555,
  "12": 0.42303664921465967,
  "13": 0.4481675392670157,
  "14": 0.4732984293193717,
  "15": 0.48795811518324606,
  "16": 0.5036649214659685,
  "17": 0.5246073298429319,
  "18": 0.5371727748691099,
  "19": 0.5507853403141361,
  "20": 0.5664921465968585,
  "21": 0.5842931937172774,
  "22": 0.5937172774869109,
  "23": 0.6020942408376962,
  "24": 0.6157068062827225,
  "25": 0.6261780104712041,
  "26": 0.6356020942408377,
  "27": 0.6429319371727749,
  "28": 0.6492146596858639,
  "29": 0.6596858638743456,
  "30": 0.6680628272251309,
  "31": 0.6732984293193717,
  "32": 0.6837696335078534,
  "33": 0.6848167539267015,
  "34": 0.6900523560209423,
  "35": 0.6952879581151831,
  "36": 0.6984293193717276,
  "37": 0.7036649214659684,
  "38": 0.7130890052356019,
  "39": 0.7183246073298427,
  "40": 0.726701570680628,
  "41": 0.732984293193717,
  "42": 0.7361256544502616,
  "43": 0.7392670157068061,
  "44": 0.7434554973821987,
  "45": 0.7486910994764395,
  "46": 0.7507853403141359,
  "47": 0.751832460732984,
  "48": 0.7560209424083767,
  "49": 0.7591623036649212,
  "50": 0.7602094240837693,
  "51": 0.7633507853403139,
  "52": 0.7654450261780102,
  "53": 0.7696335078534029,
  "54": 0.7717277486910993,
  "55": 0.7759162303664919,
  "56": 0.7801047120418846,
  "57": 0.7811518324607327,
  "58": 0.7853403141361254,
  "59": 0.7874345549738218,
  "60": 0.7895287958115181,
  "61": 0.7937172774869108,
  "62": 0.7999999999999998,
  "63": 0.8041884816753925,
  "64": 0.8052356020942406,
  "65": 0.8083769633507851,
  "66": 0.8125654450261778,
  "67": 0.8167539267015704,
  "68": 0.819895287958115,
  "69": 0.8209424083769631,
  "70": 0.8240837696335076,
  "71": 0.826178010471204,
  "72": 0.8282722513089004,
  "75": 0.8314136125654449,
  "76": 0.8356020942408375,
  "78": 0.8376963350785339,
  "79": 0.838743455497382,
  "81": 0.8397905759162302,
  "82": 0.8439790575916228,
  "83": 0.8492146596858636,
  "84": 0.8523560209424081,
  "85": 0.8544502617801045,
  "86": 0.857591623036649,
  "88": 0.8596858638743454,
  "89": 0.8607329842931936,
  "90": 0.8628272251308899,
  "91": 0.8638743455497381,
  "92": 0.8659685863874345,
  "93": 0.8670157068062826,
  "94": 0.869109947643979,
  "95": 0.8712041884816754,
  "96": 0.8732984293193717,
  "97": 0.8764397905759163,
  "98": 0.8785340314136126,
  "99": 0.8795811518324608,
  "100": 0.8806282722513089,
  "101": 0.881675392670157,
  "102": 0.8837696335078534,
  "103": 0.8858638743455498,
  "105": 0.8879581151832462,
  "106": 0.8890052356020943,
  "107": 0.8910994764397907,
  "108": 0.8921465968586388,
  "110": 0.893193717277487,
  "111": 0.8942408376963351,
  "116": 0.8963350785340315,
  "117": 0.8973821989528796,
  "118": 0.8984293193717278,
  "119": 0.8994764397905759,
  "120": 0.900523560209424,
  "122": 0.9047120418848167,
  "123": 0.9057591623036648,
  "124": 0.906806282722513,
  "125": 0.9078534031413611,
  "128": 0.9099476439790575,
  "129": 0.9120418848167539,
  "130": 0.9141361256544502,
  "131": 0.9151832460732984,
  "132": 0.9172774869109948,
  "133": 0.9183246073298429,
  "135": 0.919371727748691,
  "136": 0.9246073298429318,
  "137": 0.92565445026178,
  "138": 0.9267015706806281,
  "140": 0.9287958115183245,
  "141": 0.9308900523560208,
  "143": 0.9329842931937172,
  "144": 0.9361256544502617,
  "145": 0.9382198952879581,
  "146": 0.9403141361256545,
  "148": 0.9413612565445026,
  "150": 0.9424083769633508,
  "151": 0.9465968586387434,
  "153": 0.949738219895288,
  "154": 0.9507853403141361,
  "157": 0.9518324607329842,
  "159": 0.9549738219895287,
  "160": 0.9570680628272251,
  "161": 0.9581151832460733,
  "162": 0.9591623036649214,
  "164": 0.9623036649214659,
  "167": 0.9643979057591623,
  "168": 0.9664921465968587,
  "170": 0.9675392670157068,
  "172": 0.9706806282722513,
  "173": 0.9727748691099477,
  "174": 0.9748691099476441,
  "176": 0.9769633507853405,
  "177": 0.9790575916230368,
  "178": 0.980104712041885,
  "180": 0.9821989528795814,
  "181": 0.9832460732984295,
  "182": 0.9842931937172776,
  "184": 0.9853403141361258,
  "185": 0.9863874345549739,
  "188": 0.9895287958115184,
  "189": 0.9916230366492148,
  "190": 0.9926701570680629,
  "191": 0.9947643979057593,
  "192": 0.9958115183246075,
  "193": 0.9968586387434556,
  "194": 0.9979057591623037,
  "199": 0.9989528795811519,
  "200": 1.0
}