{
  "2": 0.04407135362014691,
  "3": 0.11857292759706192,
  "4": 0.16684155299055614,
  "5": 0.2088142707240294,
  "6": 0.24344176285414482,
  "7": 0.2864637985309549,
  "8": 0.31899265477439664,
  "9": 0.3546694648478489,
  "10": 0.3683105981112277,
  "11": 0.39034627492130114,
  "12": 0.4123819517313746,
  "13": 0.4281217208814271,
  "14": 0.45750262329485836,
  "15": 0.48373557187827915,
  "16": 0.5110178384050368,
  "17": 0.5267576075550893,
  "18": 0.5403987408184681,
  "19": 0.5561385099685205,
  "20": 0.5739769150052467,
  "21": 0.5876180482686255,
  "22": 0.6012591815320043,
  "23": 0.6138509968520462,
  "24": 0.6222455403987409,
  "25": 0.6316894018887724,
  "26": 0.6432318992654775,
  "27": 0.6495278069254985,
  "28": 0.6568730325288563,
  "29": 0.6673662119622247,
  "30": 0.6747114375655825,
  "31": 0.684155299055614,
  "32": 0.6946484784889824,
  "33": 0.6998950682056665,
  "34": 0.7040923399790138,
  "35": 0.7103882476390347,
  "36": 0.7114375655823716,
  "37": 0.7124868835257084,
  "38": 0.7177334732423926,
  "39": 0.7208814270724031,
  "40": 0.7261280167890872,
  "41": 0.7324239244491082,
  "42": 0.7345225603357819,
  "43": 0.7376705141657924,
  "44": 0.7387198321091293,
  "45": 0.7429171038824766,
  "46": 0.7481636935991607,
  "47": 0.7513116474291712,
  "48": 0.7555089192025185,
  "49": 0.7565582371458554,
  "50": 0.758656873032529,
  "51": 0.7639034627492132,
  "52": 0.7681007345225604,
  "53": 0.771248688352571,
  "54": 0.7743966421825815,
  "55": 0.7764952780692552,
  "56": 0.7827911857292762,
  "57": 0.7859391395592867,
  "58": 0.7880377754459604,
  "59": 0.7901364113326341,
  "60": 0.791185729275971,
  "61": 0.7922350472193078,
  "62": 0.7932843651626447,
  "63": 0.7953830010493184,
  "64": 0.797481636935992,
  "65": 0.7995802728226657,
  "68": 0.8048268625393499,
  "69": 0.8058761804826867,
  "70": 0.8079748163693604,
  "71": 0.8121720881427077,
  "72": 0.8132214060860445,
  "73": 0.8174186778593918,
  "74": 0.8205666316894024,
  "75": 0.822665267576076,
  "76": 0.8247639034627497,
  "77": 0.8268625393494234,
  "78": 0.830010493179434,
  "79": 0.8310598111227708,
  "80": 0.8352570828961181,
  "81": 0.836306400839455,
  "82": 0.8394543546694655,
  "84": 0.842602308499476,
  "85": 0.8436516264428129,
  "86": 0.8467995802728234,
  "87": 0.8509968520461707,
  "88": 0.8530954879328444,
  "89": 0.8541448058761812,
  "90": 0.8583420776495285,
  "92": 0.8614900314795391,
  "93": 0.8625393494228759,
  "94": 0.8646379853095496,
  "97": 0.8698845750262337,
  "99": 0.8719832109129074,
  "100": 0.8740818467995811,
  "101": 0.8761804826862548,
  "102": 0.8793284365162654,
  "104": 0.8803777544596022,
  "105": 0.881427072402939,
  "106": 0.8856243441762863,
  "107": 0.8866736621196232,
  "110": 0.8919202518363073,
  "111": 0.894018887722981,
  "112": 0.8961175236096547,
  "113": 0.8971668415529915,
  "114": 0.9003147953830021,
  "116": 0.9013641133263389,
  "117": 0.9024134312696758,
  "120": 0.9034627492130126,
  "121": 0.9045120671563495,
  "123": 0.9055613850996863,
  "124": 0.9066107030430232,
  "125": 0.9087093389296969,
  "126": 0.9097586568730337,
  "127": 0.9129066107030442,
  "128": 0.9160545645330548,
  "130": 0.9181532004197285,
  "131": 0.9202518363064022,
  "132": 0.9223504721930759,
  "133": 0.9244491080797496,
  "134": 0.9265477439664233,
  "135": 0.928646379853097,
  "136": 0.9296956977964338,
  "137": 0.9307450157397706,
  "138": 0.9338929695697812,
  "140": 0.934942287513118,
  "142": 0.9359916054564549,
  "143": 0.9422875131164758,
  "144": 0.9433368310598127,
  "145": 0.94753410283316,
  "146": 0.9485834207764968,
  "147": 0.9496327387198337,
  "148": 0.9506820566631705,
  "149": 0.9527806925498442,
  "150": 0.9559286463798548,
  "151": 0.9580272822665284,
  "153": 0.9590766002098653,
  "154": 0.9622245540398758,
  "155": 0.9632738719832127,
  "158": 0.9643231899265495,
  "159": 0.9653725078698864,
  "160": 0.9664218258132232,
  "162": 0.9695697796432338,
  "163": 0.9706190975865706,
  "164": 0.9716684155299075,
  "165": 0.9727177334732443,
  "166": 0.9737670514165812,
  "167": 0.9769150052465917,
  "168": 0.9779643231899285,
  "174": 0.9790136411332654,
  "177": 0.9821615949632759,
  "178": 0.9842602308499496,
  "180": 0.9853095487932865,
  "181": 0.9863588667366233,
  "182": 0.9874081846799602,
  "183": 0.988457502623297,
  "186": 0.9905561385099707,
  "187": 0.9926547743966444,
  "188": 0.9937040923399812,
  "189": 0.9947534102833181,
  "191": 0.9958027282266549,
  "192": 0.9968520461699918,
  "193": 0.9979013641133286,
  "194": 0.9989506820566655,
  "200": 1.0000000000000022
}