{
  "2": 0.02147239263803681,
  "3": 0.07055214723926381,
  "4": 0.098159509202454,
  "5": 0.13496932515337426,
  "6": 0.17024539877300615,
  "7": 0.19631901840490798,
  "8": 0.2177914110429448,
  "9": 0.24846625766871167,
  "10": 0.25920245398773006,
  "11": 0.2791411042944785,
  "12": 0.299079754601227,
  "13": 0.3174846625766871,
  "14": 0.3312883435582822,
  "15": 0.34049079754601225,
  "16": 0.3558282208588957,
  "17": 0.37576687116564417,
  "18": 0.3911042944785276,
  "19": 0.4110429447852761,
  "20": 0.4233128834355828,
  "21": 0.44171779141104295,
  "22": 0.44785276073619634,
  "23": 0.4631901840490798,
  "24": 0.47085889570552153,
  "25": 0.4846625766871166,
  "26": 0.5,
  "27": 0.5153374233128835,
  "28": 0.5230061349693251,
  "29": 0.5291411042944785,
  "30": 0.5429447852760736,
  "31": 0.5567484662576687,
  "32": 0.5690184049079755,
  "33": 0.584355828220859,
  "34": 0.5858895705521473,
  "35": 0.5950920245398773,
  "36": 0.6058282208588958,
  "37": 0.6242331288343559,
  "38": 0.6303680981595092,
  "39": 0.6365030674846626,
  "40": 0.6411042944785276,
  "41": 0.651840490797546,
  "42": 0.6579754601226994,
  "43": 0.6671779141104294,
  "44": 0.6779141104294478,
  "45": 0.6825153374233128,
  "46": 0.6886503067484662,
  "47": 0.6963190184049078,
  "48": 0.7009202453987728,
  "49": 0.7055214723926378,
  "50": 0.7162576687116563,
  "51": 0.723926380368098,
  "52": 0.7315950920245397,
  "53": 0.7392638036809813,
  "54": 0.7407975460122697,
  "55": 0.7499999999999997,
  "56": 0.756134969325153,
  "57": 0.7622699386503063,
  "58": 0.765337423312883,
  "59": 0.7668711656441713,
  "60": 0.7714723926380364,
  "61": 0.7730061349693247,
  "62": 0.7776073619631897,
  "63": 0.7822085889570547,
  "64": 0.7914110429447847,
  "65": 0.7944785276073614,
  "66": 0.7960122699386497,
  "67": 0.797546012269938,
  "68": 0.8052147239263797,
  "70": 0.8082822085889564,
  "71": 0.8128834355828214,
  "72": 0.8174846625766864,
  "73": 0.8236196319018397,
  "74": 0.8297546012269931,
  "75": 0.8358895705521464,
  "76": 0.8374233128834347,
  "78": 0.8450920245398764,
  "79": 0.8481595092024531,
  "80": 0.8512269938650298,
  "81": 0.8558282208588948,
  "82": 0.8604294478527598,
  "83": 0.8634969325153364,
  "84": 0.8680981595092014,
  "85": 0.8696319018404898,
  "87": 0.8757668711656431,
  "88": 0.8819018404907965,
  "89": 0.8849693251533731,
  "90": 0.8880368098159498,
  "91": 0.8911042944785265,
  "92": 0.8957055214723915,
  "96": 0.9003067484662565,
  "98": 0.9064417177914098,
  "99": 0.9125766871165631,
  "100": 0.9141104294478515,
  "101": 0.9171779141104281,
  "103": 0.9217791411042932,
  "104": 0.9248466257668698,
  "105": 0.9279141104294465,
  "106": 0.9294478527607348,
  "107": 0.9309815950920232,
  "108": 0.9325153374233115,
  "110": 0.9371165644171765,
  "111": 0.9386503067484648,
  "112": 0.9401840490797532,
  "113": 0.9417177914110415,
  "114": 0.9432515337423298,
  "115": 0.9463190184049065,
  "116": 0.9478527607361948,
  "119": 0.9493865030674832,
  "120": 0.9555214723926365,
  "121": 0.9570552147239249,
  "122": 0.9601226993865015,
  "123": 0.9662576687116549,
  "129": 0.9693251533742315,
  "130": 0.9708588957055199,
  "134": 0.9723926380368082,
  "136": 0.9739263803680965,
  "139": 0.9769938650306732,
  "145": 0.9785276073619615,
  "146": 0.9800613496932499,
  "149": 0.9846625766871149,
  "150": 0.9861963190184032,
  "154": 0.9877300613496915,
  "155": 0.9907975460122682,
  "166": 0.9923312883435566,
  "168": 0.9953987730061332,
  "172": 0.9969325153374216,
  "180": 0.9984662576687099,
  "189": 0.9999999999999982
}