{
  "2": 0.04943357363542739,
  "3": 0.14006179196704427,
  "4": 0.1987641606591143,
  "5": 0.24304840370751798,
  "6": 0.2811534500514933,
  "7": 0.31719876416065906,
  "8": 0.35324407826982485,
  "9": 0.380020597322348,
  "10": 0.4150360453141091,
  "11": 0.4541709577754891,
  "12": 0.4871266735324407,
  "13": 0.5139031925849639,
  "14": 0.5303810504634396,
  "15": 0.5437693099897012,
  "16": 0.560247167868177,
  "17": 0.5746652935118433,
  "18": 0.5890834191555095,
  "19": 0.6014418125643664,
  "20": 0.6168898043254374,
  "21": 0.6302780638516989,
  "22": 0.6405767250257464,
  "23": 0.6467559217301748,
  "24": 0.6529351184346033,
  "25": 0.6652935118434601,
  "26": 0.6704428424304838,
  "27": 0.6797116374871265,
  "28": 0.6848609680741502,
  "29": 0.6889804325437692,
  "30": 0.6930998970133881,
  "31": 0.6982492276004119,
  "32": 0.7033985581874356,
  "33": 0.7085478887744593,
  "34": 0.7126673532440783,
  "35": 0.7188465499485067,
  "36": 0.7260556127703399,
  "37": 0.7291452111225541,
  "38": 0.7353244078269826,
  "39": 0.7415036045314111,
  "40": 0.7435633367662206,
  "41": 0.7466529351184348,
  "43": 0.7487126673532443,
  "44": 0.7548918640576727,
  "45": 0.757981462409887,
  "46": 0.7610710607621012,
  "47": 0.7641606591143154,
  "49": 0.7682801235839344,
  "50": 0.7693099897013391,
  "51": 0.7723995880535534,
  "52": 0.7754891864057676,
  "53": 0.7785787847579818,
  "55": 0.781668383110196,
  "56": 0.7837281153450055,
  "57": 0.7847579814624103,
  "58": 0.7888774459320292,
  "59": 0.7960865087538624,
  "60": 0.7971163748712672,
  "61": 0.7981462409886719,
  "62": 0.7991761071060767,
  "63": 0.8012358393408862,
  "64": 0.8043254376931004,
  "66": 0.8053553038105051,
  "67": 0.8084449021627194,
  "68": 0.8105046343975288,
  "69": 0.8115345005149336,
  "70": 0.8135942327497431,
  "71": 0.8146240988671478,
  "72": 0.8197734294541715,
  "73": 0.8238928939237905,
  "74": 0.8259526261586,
  "75": 0.8280123583934095,
  "76": 0.830072090628219,
  "77": 0.8311019567456237,
  "78": 0.8352214212152427,
  "79": 0.8383110195674569,
  "80": 0.8414006179196711,
  "83": 0.8455200823892901,
  "84": 0.8465499485066948,
  "85": 0.8475798146240996,
  "86": 0.8486096807415043,
  "87": 0.8516992790937186,
  "88": 0.853759011328528,
  "89": 0.8558187435633375,
  "90": 0.8589083419155518,
  "91": 0.8609680741503613,
  "92": 0.8630278063851707,
  "93": 0.8650875386199802,
  "95": 0.8671472708547897,
  "96": 0.8712667353244087,
  "97": 0.8722966014418134,
  "98": 0.8784757981462419,
  "99": 0.8805355303810514,
  "101": 0.8815653964984561,
  "102": 0.8846549948506703,
  "103": 0.8856848609680751,
  "104": 0.8867147270854798,
  "105": 0.889804325437694,
  "108": 0.8908341915550988,
  "109": 0.8928939237899083,
  "111": 0.8949536560247178,
  "112": 0.8959835221421225,
  "114": 0.898043254376932,
  "115": 0.8990731204943367,
  "116": 0.902162718846551,
  "117": 0.9031925849639557,
  "118": 0.9042224510813605,
  "121": 0.9073120494335747,
  "122": 0.9083419155509794,
  "125": 0.9093717816683842,
  "126": 0.9114315139031937,
  "127": 0.9134912461380031,
  "128": 0.9155509783728126,
  "130": 0.9176107106076221,
  "131": 0.9196704428424316,
  "132": 0.9207003089598363,
  "133": 0.9217301750772411,
  "134": 0.9248197734294553,
  "135": 0.9258496395468601,
  "136": 0.9268795056642648,
  "137": 0.9320288362512885,
  "138": 0.934088568486098,
  "139": 0.938208032955717,
  "140": 0.9392378990731217,
  "141": 0.9412976313079312,
  "142": 0.9433573635427407,
  "143": 0.9454170957775502,
  "144": 0.9474768280123597,
  "148": 0.9485066941297644,
  "150": 0.9505664263645739,
  "152": 0.9515962924819786,
  "153": 0.9526261585993834,
  "154": 0.9536560247167881,
  "155": 0.9557157569515976,
  "156": 0.9567456230690023,
  "158": 0.9629248197734308,
  "160": 0.9639546858908355,
  "161": 0.966014418125645,
  "163": 0.9670442842430498,
  "165": 0.9680741503604545,
  "167": 0.9691040164778593,
  "168": 0.9711637487126688,
  "169": 0.9732234809474782,
  "170": 0.974253347064883,
  "171": 0.9763130792996925,
  "172": 0.9773429454170972,
  "173": 0.978372811534502,
  "175": 0.9794026776519067,
  "177": 0.9824922760041209,
  "179": 0.9845520082389304,
  "181": 0.9855818743563352,
  "182": 0.9866117404737399,
  "185": 0.9876416065911446,
  "186": 0.9886714727085494,
  "188": 0.9897013388259541,
  "190": 0.9917610710607636,
  "191": 0.9927909371781684,
  "193": 0.9938208032955731,
  "195": 0.9948506694129778,
  "196": 0.9958805355303826,
  "197": 0.9969104016477873,
  "198": 1.0000000000000016
}