{
  "2": 0.083,
  "3": 0.498,
  "4": 0.772,
  "5": 0.854,
  "6": 0.882,
  "7": 0.89,
  "8": 0.907,
  "9": 0.921,
  "10": 0.93,
  "11": 0.933,
  "12": 0.9400000000000001,
  "13": 0.9460000000000001,
  "14": 0.9490000000000001,
  "15": 0.9540000000000001,
  "16": 0.9590000000000001,
  "17": 0.9660000000000001,
  "18": 0.9710000000000001,
  "19": 0.9740000000000001,
  "20": 0.9760000000000001,
  "21": 0.9800000000000001,
  "22": 0.9820000000000001,
  "25": 0.9830000000000001,
  "26": 0.9840000000000001,
  "29": 0.9850000000000001,
  "30": 0.9860000000000001,
  "31": 0.9870000000000001,
  "32": 0.9880000000000001,
  "33": 0.9890000000000001,
  "36": 0.9900000000000001,
  "37": 0.9910000000000001,
  "40": 0.9940000000000001,
  "41": 0.9950000000000001,
  "43": 0.9960000000000001,
  "44": 0.9970000000000001,
  "47": 1.0
}