{
  "averageInDegree": 11.528571428571428,
  "numNodes": 490,
  "selfLinks": 0,
  "numEdges": 5649,
  "decentralized": {
    "average_decentralized_path_length": 36.41188524590164,
    "average_num_unique_nodes": 25.44159836065574,
    "num_paths_missing": 24,
    "num_paths_found": 976
  },
  "averageOutDegree": 11.528571428571428,
  "averagePathLength": 2.7350993784241946
}