{
  "2": 0.024971623155505107,
  "3": 0.08399545970488081,
  "4": 0.13507377979568672,
  "5": 0.16345062429057888,
  "6": 0.1963677639046538,
  "7": 0.21906923950056753,
  "8": 0.23609534619750283,
  "9": 0.2712826333711691,
  "10": 0.2939841089670828,
  "11": 0.31895573212258793,
  "12": 0.3382519863791146,
  "13": 0.3598183881952326,
  "14": 0.37684449489216787,
  "15": 0.4063564131668557,
  "16": 0.42565266742338237,
  "17": 0.43359818388195215,
  "18": 0.44948921679909176,
  "19": 0.4653802497162314,
  "20": 0.481271282633371,
  "21": 0.4903518728717365,
  "22": 0.5051078320090804,
  "23": 0.5130533484676502,
  "24": 0.5255391600454027,
  "25": 0.5334846765039725,
  "26": 0.5516458569807035,
  "27": 0.5584562996594775,
  "28": 0.5652667423382516,
  "29": 0.5834279228149826,
  "30": 0.5936435868331438,
  "31": 0.6015891032917136,
  "32": 0.607264472190692,
  "33": 0.6140749148694662,
  "34": 0.6197502837684447,
  "35": 0.6288308740068101,
  "36": 0.6413166855845627,
  "37": 0.6458569807037454,
  "38": 0.6594778660612937,
  "39": 0.6651532349602721,
  "40": 0.6708286038592506,
  "41": 0.6776390465380246,
  "42": 0.6833144154370031,
  "43": 0.6935300794551643,
  "44": 0.6980703745743471,
  "45": 0.7048808172531211,
  "46": 0.7105561861520996,
  "47": 0.7185017026106694,
  "48": 0.7219069239500564,
  "49": 0.7241770715096478,
  "50": 0.7321225879682176,
  "51": 0.7366628830874004,
  "52": 0.7400681044267874,
  "53": 0.7434733257661744,
  "54": 0.7480136208853572,
  "55": 0.7491486946651529,
  "56": 0.7570942111237227,
  "57": 0.7639046538024967,
  "58": 0.7684449489216795,
  "59": 0.7729852440408622,
  "60": 0.7786606129398407,
  "61": 0.7866061293984105,
  "62": 0.7900113507377975,
  "63": 0.7934165720771845,
  "64": 0.7979568671963673,
  "65": 0.8013620885357543,
  "66": 0.8036322360953456,
  "67": 0.8093076049943241,
  "68": 0.8138479001135068,
  "69": 0.8149829738933025,
  "70": 0.8161180476730983,
  "71": 0.817253121452894,
  "72": 0.8195232690124854,
  "73": 0.8229284903518724,
  "74": 0.8251986379114638,
  "75": 0.8297389330306465,
  "76": 0.8308740068104422,
  "77": 0.8320090805902379,
  "78": 0.8376844494892164,
  "79": 0.8410896708286034,
  "80": 0.8433598183881947,
  "81": 0.8444948921679905,
  "82": 0.8479001135073775,
  "83": 0.8513053348467645,
  "84": 0.8524404086265602,
  "87": 0.853575482406356,
  "88": 0.8547105561861517,
  "89": 0.8558456299659474,
  "90": 0.8592508513053344,
  "91": 0.8615209988649257,
  "92": 0.8660612939841085,
  "94": 0.8671963677639042,
  "95": 0.8717366628830869,
  "96": 0.8740068104426784,
  "97": 0.8751418842224741,
  "98": 0.8796821793416568,
  "99": 0.8808172531214525,
  "100": 0.8819523269012483,
  "101": 0.8842224744608396,
  "102": 0.8876276958002266,
  "103": 0.8898978433598179,
  "104": 0.8921679909194093,
  "105": 0.8933030646992051,
  "106": 0.8967082860385921,
  "107": 0.8978433598183878,
  "108": 0.9012485811577748,
  "109": 0.9023836549375706,
  "110": 0.9069239500567533,
  "111": 0.9103291713961403,
  "112": 0.9125993189557318,
  "115": 0.9137343927355275,
  "116": 0.9148694665153232,
  "117": 0.9182746878547102,
  "119": 0.9205448354143015,
  "120": 0.922814982973893,
  "123": 0.9239500567536887,
  "124": 0.9273552780930757,
  "125": 0.929625425652667,
  "126": 0.9307604994324628,
  "127": 0.9353007945516455,
  "129": 0.9364358683314412,
  "130": 0.9375709421112369,
  "132": 0.9398410896708282,
  "133": 0.940976163450624,
  "134": 0.9421112372304197,
  "135": 0.9432463110102154,
  "136": 0.9443813847900111,
  "137": 0.9466515323496025,
  "138": 0.9477866061293982,
  "140": 0.9500567536889897,
  "143": 0.9511918274687854,
  "144": 0.9523269012485811,
  "148": 0.9545970488081725,
  "149": 0.956867196367764,
  "151": 0.9591373439273554,
  "152": 0.9614074914869468,
  "153": 0.9625425652667425,
  "157": 0.9659477866061296,
  "159": 0.9682179341657209,
  "161": 0.9716231555051079,
  "163": 0.9727582292849036,
  "166": 0.9738933030646993,
  "168": 0.9761634506242907,
  "171": 0.9772985244040864,
  "172": 0.9795686719636778,
  "174": 0.9818388195232692,
  "176": 0.982973893303065,
  "177": 0.9841089670828607,
  "179": 0.9863791146424521,
  "180": 0.9875141884222478,
  "182": 0.9897843359818392,
  "184": 0.9920544835414307,
  "188": 0.9931895573212264,
  "189": 0.9943246311010221,
  "193": 0.9954597048808178,
  "194": 0.9965947786606135,
  "197": 0.998864926220205,
  "198": 1.0000000000000007
}