{
  "2": 0.04536082474226804,
  "3": 0.11855670103092783,
  "4": 0.16288659793814433,
  "5": 0.21958762886597938,
  "6": 0.25463917525773194,
  "7": 0.2896907216494845,
  "8": 0.3257731958762886,
  "9": 0.3536082474226804,
  "10": 0.3876288659793814,
  "11": 0.4144329896907216,
  "12": 0.44432989690721647,
  "13": 0.46185567010309275,
  "14": 0.47731958762886595,
  "15": 0.5020618556701031,
  "16": 0.520618556701031,
  "17": 0.5360824742268042,
  "18": 0.5494845360824743,
  "19": 0.5659793814432991,
  "20": 0.5804123711340207,
  "21": 0.5958762886597939,
  "22": 0.6061855670103093,
  "23": 0.6164948453608248,
  "24": 0.6268041237113402,
  "25": 0.6329896907216495,
  "26": 0.6422680412371133,
  "27": 0.6515463917525772,
  "28": 0.6597938144329896,
  "29": 0.6639175257731957,
  "30": 0.6680412371134019,
  "31": 0.6762886597938143,
  "32": 0.6824742268041235,
  "33": 0.6896907216494843,
  "34": 0.6958762886597936,
  "35": 0.6979381443298966,
  "36": 0.7041237113402059,
  "37": 0.7082474226804121,
  "38": 0.7154639175257729,
  "39": 0.7206185567010306,
  "40": 0.7268041237113398,
  "41": 0.730927835051546,
  "42": 0.7350515463917522,
  "43": 0.7391752577319584,
  "44": 0.7463917525773192,
  "45": 0.7484536082474222,
  "46": 0.7494845360824738,
  "47": 0.7515463917525769,
  "48": 0.75360824742268,
  "49": 0.7546391752577315,
  "50": 0.7587628865979377,
  "51": 0.7608247422680408,
  "54": 0.7649484536082469,
  "55": 0.7659793814432985,
  "56": 0.7690721649484531,
  "57": 0.7711340206185562,
  "58": 0.7731958762886593,
  "60": 0.7752577319587624,
  "61": 0.7773195876288654,
  "62": 0.7804123711340201,
  "63": 0.7824742268041232,
  "64": 0.7865979381443293,
  "65": 0.7886597938144324,
  "66": 0.7938144329896901,
  "67": 0.7948453608247417,
  "68": 0.7969072164948448,
  "69": 0.8010309278350509,
  "70": 0.8041237113402055,
  "71": 0.8072164948453602,
  "72": 0.8103092783505148,
  "73": 0.8123711340206179,
  "74": 0.8164948453608241,
  "75": 0.8175257731958756,
  "76": 0.8185567010309271,
  "77": 0.8226804123711333,
  "78": 0.8247422680412364,
  "80": 0.8309278350515457,
  "82": 0.8340206185567003,
  "83": 0.8371134020618549,
  "85": 0.8381443298969065,
  "86": 0.8412371134020611,
  "87": 0.8422680412371126,
  "89": 0.8443298969072157,
  "90": 0.8463917525773188,
  "91": 0.8474226804123703,
  "92": 0.8515463917525765,
  "93": 0.8536082474226796,
  "94": 0.8556701030927827,
  "95": 0.8567010309278342,
  "96": 0.8587628865979373,
  "97": 0.8597938144329889,
  "98": 0.8618556701030919,
  "99": 0.8649484536082466,
  "100": 0.8670103092783497,
  "101": 0.8690721649484527,
  "102": 0.8701030927835043,
  "103": 0.8711340206185558,
  "104": 0.8731958762886589,
  "105": 0.8762886597938135,
  "106": 0.8783505154639166,
  "107": 0.8804123711340197,
  "108": 0.8814432989690713,
  "109": 0.8845360824742259,
  "110": 0.888659793814432,
  "111": 0.8907216494845351,
  "112": 0.8917525773195867,
  "113": 0.8938144329896898,
  "114": 0.8948453608247413,
  "116": 0.8958762886597929,
  "117": 0.8969072164948444,
  "118": 0.8989690721649475,
  "119": 0.9030927835051537,
  "120": 0.9041237113402052,
  "121": 0.9082474226804114,
  "122": 0.9092783505154629,
  "123": 0.911340206185566,
  "124": 0.9123711340206175,
  "125": 0.9154639175257722,
  "126": 0.9164948453608237,
  "128": 0.9185567010309268,
  "130": 0.9206185567010299,
  "131": 0.9237113402061845,
  "132": 0.924742268041236,
  "133": 0.9257731958762876,
  "134": 0.9278350515463907,
  "135": 0.9288659793814422,
  "136": 0.9319587628865968,
  "137": 0.9329896907216484,
  "138": 0.936082474226803,
  "140": 0.9371134020618546,
  "142": 0.9402061855670092,
  "143": 0.9422680412371123,
  "144": 0.9443298969072154,
  "146": 0.9463917525773184,
  "148": 0.9494845360824731,
  "149": 0.9505154639175246,
  "150": 0.9515463917525762,
  "152": 0.9525773195876277,
  "153": 0.9536082474226792,
  "157": 0.9546391752577308,
  "158": 0.9567010309278339,
  "159": 0.9577319587628854,
  "161": 0.958762886597937,
  "162": 0.9597938144329885,
  "163": 0.96082474226804,
  "164": 0.9639175257731947,
  "166": 0.9659793814432978,
  "167": 0.9670103092783493,
  "169": 0.9701030927835039,
  "171": 0.972164948453607,
  "172": 0.9731958762886586,
  "173": 0.9762886597938132,
  "174": 0.9783505154639163,
  "175": 0.9793814432989678,
  "176": 0.9814432989690709,
  "177": 0.983505154639174,
  "178": 0.9865979381443286,
  "179": 0.9876288659793802,
  "185": 0.9886597938144317,
  "188": 0.9917525773195863,
  "189": 0.9927835051546379,
  "192": 0.9938144329896894,
  "194": 0.996907216494844,
  "195": 0.9979381443298956,
  "197": 0.9989690721649471,
  "200": 0.9999999999999987
}