{
  "2": 0.02560819462227913,
  "3": 0.06914212548015365,
  "4": 0.11651728553137004,
  "5": 0.147247119078105,
  "6": 0.17285531370038412,
  "7": 0.19846350832266324,
  "8": 0.22151088348271447,
  "9": 0.24583866837387963,
  "10": 0.2701664532650448,
  "11": 0.2996158770806658,
  "12": 0.31498079385403327,
  "13": 0.3405889884763124,
  "14": 0.36107554417413573,
  "15": 0.3918053777208707,
  "16": 0.4097311139564661,
  "17": 0.4186939820742638,
  "18": 0.42765685019206146,
  "19": 0.44430217669654287,
  "20": 0.4622279129321383,
  "21": 0.47119078104993595,
  "22": 0.4814340588988476,
  "23": 0.4903969270166453,
  "24": 0.5006402048655569,
  "25": 0.5147247119078104,
  "26": 0.5249679897567221,
  "27": 0.5339308578745198,
  "28": 0.5390524967989756,
  "29": 0.5467349551856593,
  "30": 0.5531370038412291,
  "31": 0.556978233034571,
  "32": 0.5672215108834826,
  "33": 0.5774647887323943,
  "34": 0.5800256081946221,
  "35": 0.583866837387964,
  "36": 0.5928297055057616,
  "37": 0.6017925736235593,
  "38": 0.610755441741357,
  "39": 0.6235595390524965,
  "40": 0.6286811779769523,
  "41": 0.63764404609475,
  "42": 0.6440460947503198,
  "43": 0.6530089628681175,
  "44": 0.6568501920614593,
  "45": 0.665813060179257,
  "47": 0.6722151088348268,
  "48": 0.6824583866837385,
  "49": 0.6862996158770803,
  "50": 0.695262483994878,
  "51": 0.6991037131882198,
  "52": 0.7080665813060175,
  "53": 0.7157490396927012,
  "54": 0.719590268886043,
  "55": 0.7247119078104989,
  "56": 0.7375160051216384,
  "57": 0.749039692701664,
  "58": 0.7528809218950059,
  "59": 0.7541613316261199,
  "60": 0.7580025608194617,
  "61": 0.7618437900128036,
  "62": 0.7708066581306012,
  "64": 0.7759282970550571,
  "65": 0.777208706786171,
  "66": 0.7861715749039687,
  "69": 0.7900128040973106,
  "70": 0.7925736235595384,
  "72": 0.7989756722151082,
  "73": 0.8015364916773361,
  "74": 0.804097311139564,
  "75": 0.8104993597951338,
  "76": 0.8156209987195896,
  "77": 0.8194622279129314,
  "78": 0.8220230473751593,
  "79": 0.8233034571062733,
  "81": 0.8258642765685011,
  "83": 0.829705505761843,
  "84": 0.8335467349551848,
  "85": 0.8373879641485267,
  "86": 0.8399487836107545,
  "87": 0.8412291933418685,
  "88": 0.8425096030729825,
  "89": 0.8437900128040965,
  "90": 0.8450704225352105,
  "91": 0.8489116517285523,
  "92": 0.8540332906530081,
  "94": 0.8553137003841221,
  "95": 0.85787451984635,
  "96": 0.8629961587708058,
  "97": 0.8681177976952617,
  "99": 0.8719590268886035,
  "101": 0.8758002560819453,
  "102": 0.8783610755441732,
  "103": 0.8809218950064011,
  "104": 0.882202304737515,
  "105": 0.883482714468629,
  "106": 0.8860435339308569,
  "107": 0.8898847631241987,
  "108": 0.8924455825864266,
  "112": 0.8950064020486544,
  "113": 0.8962868117797684,
  "115": 0.8975672215108824,
  "116": 0.9001280409731103,
  "118": 0.9026888604353381,
  "119": 0.905249679897566,
  "120": 0.90653008962868,
  "124": 0.907810499359794,
  "125": 0.909090909090908,
  "126": 0.9116517285531358,
  "128": 0.9129321382842498,
  "130": 0.9142125480153638,
  "131": 0.9154929577464778,
  "132": 0.9180537772087056,
  "133": 0.9218950064020475,
  "134": 0.9244558258642753,
  "135": 0.9257362355953893,
  "136": 0.9295774647887312,
  "137": 0.932138284250959,
  "138": 0.933418693982073,
  "139": 0.934699103713187,
  "140": 0.935979513444301,
  "142": 0.9385403329065288,
  "144": 0.9423815620998707,
  "146": 0.9449423815620985,
  "148": 0.9487836107554404,
  "150": 0.9500640204865544,
  "156": 0.9513444302176683,
  "159": 0.9526248399487823,
  "161": 0.9539052496798963,
  "162": 0.9564660691421242,
  "163": 0.9577464788732382,
  "164": 0.9590268886043521,
  "165": 0.9603072983354661,
  "166": 0.962868117797694,
  "169": 0.964148527528808,
  "170": 0.965428937259922,
  "171": 0.966709346991036,
  "172": 0.9731113956466058,
  "174": 0.9743918053777197,
  "176": 0.9756722151088337,
  "177": 0.9782330345710616,
  "178": 0.9807938540332894,
  "179": 0.9846350832266313,
  "181": 0.9859154929577453,
  "183": 0.9871959026888593,
  "185": 0.9884763124199732,
  "188": 0.9897567221510872,
  "193": 0.9910371318822012,
  "194": 0.9935979513444291,
  "195": 0.9961587708066569,
  "196": 0.9974391805377709,
  "199": 0.9999999999999988
}