{
  "2": 0.025200458190148912,
  "3": 0.07560137457044674,
  "4": 0.1156930126002291,
  "5": 0.16838487972508592,
  "6": 0.19473081328751432,
  "7": 0.22107674684994272,
  "8": 0.24284077892325315,
  "9": 0.27720504009163804,
  "10": 0.29667812142038946,
  "11": 0.3230240549828179,
  "12": 0.3436426116838488,
  "13": 0.3711340206185567,
  "14": 0.3928980526918671,
  "15": 0.4146620847651775,
  "16": 0.43413516609392894,
  "17": 0.44329896907216493,
  "18": 0.46048109965635736,
  "19": 0.4673539518900343,
  "20": 0.48682703321878573,
  "21": 0.5005727376861396,
  "22": 0.5177548682703321,
  "23": 0.531500572737686,
  "24": 0.5441008018327604,
  "25": 0.5521191294387169,
  "26": 0.5601374570446733,
  "27": 0.5658648339060708,
  "28": 0.5738831615120272,
  "29": 0.5841924398625427,
  "30": 0.5956471935853376,
  "31": 0.6048109965635735,
  "32": 0.6116838487972505,
  "33": 0.6174112256586479,
  "34": 0.6254295532646044,
  "35": 0.6323024054982813,
  "36": 0.6380297823596788,
  "37": 0.6437571592210762,
  "38": 0.6506300114547532,
  "39": 0.6563573883161506,
  "40": 0.6597938144329891,
  "41": 0.6643757159221071,
  "42": 0.6701030927835046,
  "43": 0.678121420389461,
  "44": 0.682703321878579,
  "45": 0.6872852233676969,
  "46": 0.6953035509736534,
  "47": 0.6975945017182124,
  "48": 0.6998854524627713,
  "49": 0.7044673539518893,
  "50": 0.7170675830469637,
  "51": 0.7227949599083612,
  "52": 0.7250859106529202,
  "53": 0.7342497136311561,
  "54": 0.7399770904925536,
  "55": 0.745704467353951,
  "56": 0.74799541809851,
  "57": 0.7537227949599075,
  "58": 0.7628865979381434,
  "59": 0.7663230240549819,
  "60": 0.7697594501718203,
  "61": 0.7731958762886588,
  "62": 0.7766323024054973,
  "63": 0.7789232531500563,
  "64": 0.7835051546391743,
  "65": 0.7903780068728512,
  "67": 0.7915234822451307,
  "68": 0.7926689576174102,
  "69": 0.7949599083619692,
  "71": 0.7983963344788076,
  "72": 0.8018327605956461,
  "73": 0.8064146620847641,
  "74": 0.8109965635738821,
  "75": 0.817869415807559,
  "76": 0.8190148911798385,
  "77": 0.8213058419243975,
  "78": 0.8235967926689565,
  "79": 0.824742268041236,
  "80": 0.8281786941580744,
  "81": 0.8293241695303539,
  "82": 0.8339060710194719,
  "83": 0.8350515463917514,
  "84": 0.8396334478808694,
  "85": 0.8430698739977078,
  "86": 0.8465063001145463,
  "87": 0.8522336769759438,
  "88": 0.8556701030927822,
  "89": 0.8568155784650617,
  "90": 0.8579610538373412,
  "91": 0.8602520045819002,
  "93": 0.8613974799541797,
  "94": 0.8636884306987387,
  "95": 0.8671248568155772,
  "96": 0.8682703321878567,
  "97": 0.8705612829324156,
  "98": 0.8717067583046951,
  "99": 0.8739977090492541,
  "102": 0.8762886597938131,
  "103": 0.88316151202749,
  "104": 0.8865979381443285,
  "105": 0.887743413516608,
  "106": 0.890034364261167,
  "107": 0.8911798396334465,
  "108": 0.892325315005726,
  "109": 0.894616265750285,
  "110": 0.8957617411225645,
  "111": 0.896907216494844,
  "112": 0.8991981672394029,
  "113": 0.9014891179839619,
  "114": 0.9037800687285209,
  "115": 0.9049255441008004,
  "116": 0.9060710194730799,
  "117": 0.9072164948453594,
  "119": 0.9083619702176389,
  "120": 0.9095074455899184,
  "122": 0.9106529209621979,
  "124": 0.9129438717067568,
  "125": 0.9140893470790363,
  "126": 0.9163802978235953,
  "127": 0.9186712485681543,
  "128": 0.9198167239404338,
  "129": 0.9221076746849928,
  "130": 0.9243986254295518,
  "131": 0.9255441008018312,
  "132": 0.9278350515463902,
  "133": 0.9289805269186697,
  "134": 0.9312714776632287,
  "135": 0.9324169530355082,
  "136": 0.9335624284077877,
  "137": 0.9347079037800672,
  "138": 0.9358533791523467,
  "140": 0.9381443298969057,
  "141": 0.9392898052691852,
  "143": 0.9404352806414646,
  "145": 0.9427262313860236,
  "146": 0.9450171821305826,
  "147": 0.9461626575028621,
  "148": 0.9484536082474211,
  "150": 0.9495990836197006,
  "151": 0.9518900343642596,
  "153": 0.9541809851088185,
  "154": 0.955326460481098,
  "156": 0.9564719358533775,
  "158": 0.9610538373424955,
  "159": 0.9633447880870545,
  "161": 0.9656357388316135,
  "162": 0.9679266895761724,
  "163": 0.9702176403207314,
  "164": 0.9713631156930109,
  "167": 0.9725085910652904,
  "168": 0.9736540664375699,
  "172": 0.9782359679266879,
  "175": 0.9805269186712469,
  "177": 0.9816723940435264,
  "180": 0.9828178694158058,
  "181": 0.9851088201603648,
  "183": 0.9873997709049238,
  "184": 0.9896907216494828,
  "185": 0.9919816723940418,
  "186": 0.9931271477663213,
  "187": 0.9942726231386008,
  "191": 0.9954180985108803,
  "193": 0.9965635738831597,
  "195": 0.9988545246277187,
  "197": 0.9999999999999982
}