{
  "2": 0.083,
  "3": 0.528,
  "4": 0.8,
  "5": 0.874,
  "6": 0.894,
  "7": 0.908,
  "8": 0.936,
  "9": 0.9510000000000001,
  "10": 0.9640000000000001,
  "11": 0.9690000000000001,
  "12": 0.9710000000000001,
  "13": 0.9790000000000001,
  "14": 0.9810000000000001,
  "15": 0.9820000000000001,
  "16": 0.9840000000000001,
  "17": 0.9860000000000001,
  "18": 0.9880000000000001,
  "19": 0.9910000000000001,
  "20": 0.9940000000000001,
  "21": 0.9960000000000001,
  "23": 0.9980000000000001,
  "24": 1.0
}