{
  "65": 1.0000000000000002,
  "2": 0.312,
  "3": 0.51,
  "4": 0.585,
  "5": 0.6479999999999999,
  "6": 0.6849999999999999,
  "7": 0.733,
  "8": 0.766,
  "9": 0.792,
  "10": 0.8200000000000001,
  "11": 0.8410000000000001,
  "12": 0.8650000000000001,
  "13": 0.8910000000000001,
  "14": 0.9040000000000001,
  "15": 0.9250000000000002,
  "16": 0.9390000000000002,
  "17": 0.9490000000000002,
  "18": 0.9590000000000002,
  "19": 0.9640000000000002,
  "20": 0.9680000000000002,
  "21": 0.9700000000000002,
  "22": 0.9760000000000002,
  "23": 0.9780000000000002,
  "24": 0.9790000000000002,
  "25": 0.9820000000000002,
  "26": 0.9830000000000002,
  "27": 0.9870000000000002,
  "28": 0.9880000000000002,
  "30": 0.9890000000000002,
  "31": 0.9920000000000002,
  "32": 0.9940000000000002,
  "33": 0.9950000000000002,
  "37": 0.9970000000000002,
  "44": 0.9980000000000002,
  "58": 0.9990000000000002
}