{
  "2": 0.04525862068965517,
  "3": 0.31573275862068967,
  "4": 0.5323275862068966,
  "5": 0.6390086206896552,
  "6": 0.709051724137931,
  "7": 0.7650862068965517,
  "8": 0.78125,
  "9": 0.8049568965517241,
  "10": 0.8265086206896551,
  "11": 0.8566810344827586,
  "12": 0.8890086206896551,
  "13": 0.9094827586206896,
  "14": 0.9234913793103448,
  "15": 0.9385775862068965,
  "16": 0.9439655172413792,
  "17": 0.9536637931034482,
  "18": 0.9665948275862069,
  "19": 0.9773706896551724,
  "20": 0.9816810344827586,
  "21": 0.9838362068965517,
  "73": 0.995689655172414,
  "23": 0.9849137931034483,
  "36": 0.9859913793103449,
  "66": 0.9946120689655175,
  "46": 0.9870689655172414,
  "48": 0.988146551724138,
  "50": 0.9903017241379312,
  "55": 0.9924568965517243,
  "84": 0.9989224137931038,
  "58": 0.9935344827586209,
  "74": 0.9978448275862072,
  "85": 1.0000000000000002
}