{
  "2": 0.027156549520766772,
  "3": 0.06070287539936102,
  "4": 0.09904153354632587,
  "5": 0.13258785942492013,
  "6": 0.1597444089456869,
  "7": 0.1853035143769968,
  "8": 0.20766773162939295,
  "9": 0.23322683706070285,
  "10": 0.2460063897763578,
  "11": 0.27476038338658143,
  "12": 0.2955271565495207,
  "13": 0.30511182108626195,
  "14": 0.32428115015974435,
  "15": 0.3386581469648562,
  "16": 0.3594249201277955,
  "17": 0.37060702875399354,
  "18": 0.39456869009584655,
  "19": 0.41533546325878584,
  "20": 0.4313099041533545,
  "21": 0.44089456869009575,
  "22": 0.4568690095846644,
  "23": 0.46645367412140565,
  "24": 0.4760383386581469,
  "25": 0.4856230031948881,
  "26": 0.5047923322683705,
  "28": 0.5159744408945686,
  "29": 0.5303514376996804,
  "30": 0.5399361022364216,
  "31": 0.5463258785942491,
  "32": 0.5543130990415335,
  "33": 0.5607028753993609,
  "34": 0.571884984025559,
  "35": 0.5766773162939296,
  "36": 0.5862619808306708,
  "38": 0.595846645367412,
  "39": 0.6038338658146964,
  "40": 0.6118210862619808,
  "41": 0.6150159744408946,
  "42": 0.6182108626198084,
  "43": 0.6261980830670928,
  "44": 0.6309904153354634,
  "45": 0.6389776357827478,
  "46": 0.6437699680511184,
  "47": 0.6469648562300322,
  "48": 0.650159744408946,
  "49": 0.6565495207667734,
  "50": 0.6629392971246009,
  "51": 0.6661341853035146,
  "52": 0.6725239616613421,
  "53": 0.6757188498402559,
  "55": 0.6789137380191697,
  "56": 0.6821086261980834,
  "57": 0.686900958466454,
  "58": 0.6948881789137384,
  "59": 0.7012779552715659,
  "60": 0.7028753993610227,
  "61": 0.7092651757188502,
  "62": 0.7172523961661346,
  "63": 0.7220447284345052,
  "64": 0.723642172523962,
  "65": 0.7316293929712464,
  "66": 0.7348242811501602,
  "67": 0.7428115015974446,
  "68": 0.7460063897763584,
  "69": 0.7476038338658152,
  "71": 0.749201277955272,
  "72": 0.7523961661341858,
  "73": 0.7555910543130996,
  "74": 0.7587859424920134,
  "75": 0.763578274760384,
  "76": 0.7651757188498408,
  "77": 0.7715654952076683,
  "78": 0.774760383386582,
  "79": 0.7811501597444095,
  "80": 0.7875399361022369,
  "81": 0.7939297124600644,
  "83": 0.7955271565495212,
  "84": 0.8003194888178918,
  "85": 0.8019169329073487,
  "87": 0.8067092651757193,
  "88": 0.8083067092651761,
  "89": 0.809904153354633,
  "90": 0.8115015974440898,
  "91": 0.8146964856230036,
  "92": 0.8194888178913742,
  "95": 0.821086261980831,
  "96": 0.8242811501597448,
  "97": 0.8258785942492016,
  "99": 0.833865814696486,
  "100": 0.8370607028753998,
  "101": 0.8402555910543136,
  "102": 0.8434504792332274,
  "104": 0.8450479233226842,
  "105": 0.8498402555910548,
  "106": 0.8514376996805116,
  "108": 0.8530351437699685,
  "111": 0.8546325878594253,
  "112": 0.8610223642172528,
  "113": 0.8642172523961665,
  "114": 0.8658146964856234,
  "115": 0.870607028753994,
  "117": 0.8738019169329078,
  "118": 0.8753993610223646,
  "119": 0.8769968051118214,
  "120": 0.8801916932907352,
  "121": 0.883386581469649,
  "122": 0.8897763578274764,
  "123": 0.8913738019169333,
  "124": 0.8961661341853039,
  "128": 0.8977635782747607,
  "129": 0.8993610223642176,
  "130": 0.9009584664536744,
  "131": 0.9041533546325882,
  "132": 0.905750798722045,
  "133": 0.9073482428115018,
  "134": 0.9089456869009587,
  "137": 0.9121405750798725,
  "139": 0.9137380191693293,
  "140": 0.9153354632587861,
  "141": 0.916932907348243,
  "142": 0.9185303514376998,
  "143": 0.9217252396166136,
  "144": 0.9249201277955273,
  "145": 0.9265175718849842,
  "147": 0.929712460063898,
  "148": 0.9313099041533548,
  "150": 0.9345047923322686,
  "151": 0.9361022364217254,
  "152": 0.9392971246006392,
  "153": 0.940894568690096,
  "158": 0.9440894568690098,
  "159": 0.9504792332268373,
  "160": 0.9520766773162941,
  "161": 0.9568690095846647,
  "162": 0.9584664536741215,
  "164": 0.9600638977635784,
  "165": 0.9632587859424921,
  "166": 0.964856230031949,
  "168": 0.9664536741214058,
  "169": 0.9680511182108626,
  "172": 0.9696485623003195,
  "174": 0.9712460063897763,
  "176": 0.9744408945686901,
  "180": 0.9760383386581469,
  "182": 0.9776357827476038,
  "186": 0.9808306709265175,
  "187": 0.9824281150159744,
  "188": 0.9840255591054312,
  "189": 0.987220447284345,
  "190": 0.9904153354632588,
  "192": 0.9920127795527156,
  "193": 0.9936102236421724,
  "195": 0.9952076677316293,
  "197": 0.9968051118210861,
  "198": 0.9999999999999999
}