{
  "2": 0.046228710462287104,
  "3": 0.13017031630170317,
  "4": 0.17883211678832117,
  "5": 0.22992700729927007,
  "6": 0.2725060827250608,
  "7": 0.30170316301703165,
  "8": 0.3272506082725061,
  "9": 0.3527980535279806,
  "10": 0.3722627737226278,
  "11": 0.4063260340632604,
  "12": 0.4330900243309003,
  "13": 0.45498783454987846,
  "14": 0.4793187347931875,
  "15": 0.502433090024331,
  "16": 0.5291970802919709,
  "17": 0.5462287104622872,
  "18": 0.5559610705596107,
  "19": 0.5693430656934307,
  "20": 0.5839416058394161,
  "21": 0.5985401459854015,
  "22": 0.610705596107056,
  "23": 0.624087591240876,
  "24": 0.6350364963503651,
  "25": 0.6435523114355233,
  "26": 0.6532846715328469,
  "27": 0.6605839416058396,
  "28": 0.6690997566909977,
  "29": 0.677615571776156,
  "30": 0.6836982968369832,
  "31": 0.6861313868613141,
  "32": 0.6897810218978105,
  "33": 0.6922141119221414,
  "34": 0.6970802919708032,
  "35": 0.7031630170316305,
  "36": 0.7092457420924578,
  "37": 0.7116788321167887,
  "38": 0.7141119221411196,
  "39": 0.7165450121654505,
  "40": 0.7201946472019469,
  "41": 0.7238442822384433,
  "42": 0.7250608272506088,
  "43": 0.7274939172749397,
  "44": 0.733576642335767,
  "45": 0.7408759124087597,
  "46": 0.7445255474452561,
  "47": 0.7481751824817525,
  "48": 0.7506082725060834,
  "51": 0.7518248175182489,
  "52": 0.7530413625304144,
  "53": 0.7566909975669108,
  "57": 0.7579075425790763,
  "58": 0.7627737226277381,
  "59": 0.765206812652069,
  "60": 0.7688564476885654,
  "61": 0.7712895377128963,
  "62": 0.7737226277372272,
  "63": 0.7773722627737236,
  "64": 0.7858880778588818,
  "65": 0.7907542579075436,
  "66": 0.7992700729927018,
  "67": 0.8053527980535291,
  "68": 0.8090024330900255,
  "69": 0.8138686131386873,
  "70": 0.8175182481751837,
  "71": 0.8309002433090037,
  "72": 0.8394160583941619,
  "73": 0.8418491484184928,
  "74": 0.8491484184914855,
  "75": 0.8564476885644782,
  "76": 0.8600973236009746,
  "77": 0.8613138686131401,
  "78": 0.863746958637471,
  "80": 0.8649635036496365,
  "81": 0.866180048661802,
  "82": 0.8698296836982984,
  "83": 0.8734793187347948,
  "84": 0.8771289537712912,
  "85": 0.8807785888077876,
  "86": 0.8832116788321185,
  "87": 0.8868613138686149,
  "88": 0.8905109489051113,
  "89": 0.897810218978104,
  "90": 0.9002433090024349,
  "91": 0.9026763990267658,
  "92": 0.9038929440389313,
  "93": 0.9051094890510968,
  "94": 0.9087591240875932,
  "95": 0.9099756690997587,
  "96": 0.9136253041362551,
  "97": 0.916058394160586,
  "100": 0.9172749391727515,
  "102": 0.918491484184917,
  "107": 0.9221411192214134,
  "112": 0.9233576642335789,
  "114": 0.9245742092457444,
  "115": 0.9282238442822408,
  "116": 0.9294403892944063,
  "119": 0.9306569343065718,
  "121": 0.9318734793187373,
  "125": 0.9355231143552337,
  "126": 0.9379562043795646,
  "127": 0.9391727493917301,
  "128": 0.9403892944038956,
  "129": 0.9476885644768883,
  "130": 0.9525547445255501,
  "131": 0.9537712895377156,
  "132": 0.957420924574212,
  "133": 0.9586374695863775,
  "134": 0.9610705596107084,
  "136": 0.9622871046228739,
  "137": 0.9635036496350394,
  "138": 0.9659367396593703,
  "139": 0.9695863746958667,
  "142": 0.9708029197080322,
  "145": 0.9720194647201977,
  "146": 0.9756690997566941,
  "147": 0.9768856447688596,
  "148": 0.9781021897810251,
  "150": 0.9793187347931906,
  "152": 0.9805352798053562,
  "155": 0.9817518248175217,
  "156": 0.9829683698296872,
  "158": 0.9854014598540181,
  "159": 0.987834549878349,
  "161": 0.9890510948905145,
  "163": 0.99026763990268,
  "167": 0.9914841849148455,
  "170": 0.992700729927011,
  "176": 0.9939172749391765,
  "177": 0.995133819951342,
  "183": 0.9963503649635075,
  "187": 0.9987834549878384,
  "199": 1.0000000000000038
}