{
  "2": 0.04315659679408138,
  "3": 0.08261405672009864,
  "4": 0.1381011097410604,
  "5": 0.16769420468557336,
  "6": 0.19112207151664612,
  "7": 0.2157829839704069,
  "8": 0.2404438964241677,
  "9": 0.26633785450061653,
  "10": 0.2836004932182491,
  "11": 0.3070283600493218,
  "12": 0.33785450061652283,
  "13": 0.36128236744759556,
  "14": 0.3834771886559803,
  "15": 0.3995067817509248,
  "16": 0.41060419235511714,
  "17": 0.4254007398273736,
  "18": 0.43403205918618987,
  "19": 0.4475955610357583,
  "20": 0.4648581997533909,
  "21": 0.4759556103575832,
  "22": 0.4882860665844636,
  "23": 0.49938347718865594,
  "24": 0.5141800246609124,
  "25": 0.5265104808877928,
  "26": 0.5450061652281134,
  "27": 0.561035758323058,
  "28": 0.5721331689272503,
  "29": 0.5844636251541308,
  "30": 0.5955610357583231,
  "31": 0.6041923551171393,
  "32": 0.6091245376078914,
  "33": 0.6226880394574599,
  "34": 0.6325524044389642,
  "35": 0.6424167694204685,
  "36": 0.6498150431565968,
  "37": 0.6535141800246609,
  "38": 0.6633785450061652,
  "39": 0.6695437731196054,
  "40": 0.6732429099876696,
  "41": 0.6769420468557337,
  "42": 0.6929716399506782,
  "43": 0.6979038224414303,
  "44": 0.7077681874229347,
  "45": 0.7102342786683108,
  "46": 0.7139334155363749,
  "47": 0.7237977805178792,
  "48": 0.7262638717632554,
  "49": 0.7324290998766956,
  "50": 0.7361282367447597,
  "51": 0.7398273736128238,
  "52": 0.7447595561035759,
  "53": 0.74845869297164,
  "54": 0.7533908754623921,
  "55": 0.7595561035758324,
  "56": 0.7632552404438965,
  "57": 0.7657213316892726,
  "58": 0.7731196054254008,
  "59": 0.7768187422934649,
  "60": 0.780517879161529,
  "61": 0.781750924784217,
  "62": 0.782983970406905,
  "63": 0.784217016029593,
  "64": 0.7879161528976572,
  "65": 0.7928483353884093,
  "66": 0.7940813810110973,
  "67": 0.7965474722564734,
  "68": 0.7977805178791614,
  "69": 0.7990135635018494,
  "70": 0.8051787916152896,
  "71": 0.8076448828606657,
  "72": 0.8150431565967939,
  "73": 0.81750924784217,
  "74": 0.8249075215782983,
  "75": 0.8273736128236744,
  "76": 0.8286066584463624,
  "77": 0.8310727496917385,
  "78": 0.8335388409371146,
  "79": 0.8347718865598026,
  "80": 0.8372379778051787,
  "81": 0.8384710234278667,
  "82": 0.8409371146732428,
  "83": 0.843403205918619,
  "84": 0.844636251541307,
  "85": 0.845869297163995,
  "86": 0.847102342786683,
  "87": 0.8495684340320591,
  "88": 0.8520345252774352,
  "89": 0.8557336621454993,
  "90": 0.8594327990135634,
  "91": 0.8618988902589395,
  "93": 0.8643649815043156,
  "94": 0.8668310727496917,
  "95": 0.8705302096177558,
  "96": 0.872996300863132,
  "97": 0.8766954377311961,
  "98": 0.8779284833538841,
  "99": 0.8816276202219482,
  "101": 0.8828606658446362,
  "103": 0.8840937114673242,
  "104": 0.8865598027127003,
  "105": 0.8902589395807644,
  "106": 0.8914919852034524,
  "108": 0.8964241676942045,
  "109": 0.9013563501849566,
  "110": 0.9038224414303327,
  "111": 0.9062885326757089,
  "112": 0.9075215782983969,
  "113": 0.9087546239210849,
  "114": 0.913686806411837,
  "115": 0.9173859432799011,
  "117": 0.9210850801479652,
  "119": 0.9247842170160293,
  "121": 0.9260172626387173,
  "122": 0.9284833538840934,
  "124": 0.9309494451294695,
  "125": 0.9334155363748456,
  "126": 0.9346485819975336,
  "128": 0.9358816276202216,
  "129": 0.9383477188655978,
  "130": 0.9395807644882858,
  "133": 0.9420468557336619,
  "134": 0.9432799013563499,
  "136": 0.945745992601726,
  "137": 0.946979038224414,
  "138": 0.9494451294697901,
  "142": 0.9531442663378542,
  "145": 0.9543773119605422,
  "148": 0.9568434032059183,
  "150": 0.9580764488286063,
  "152": 0.9593094944512943,
  "153": 0.9605425400739823,
  "154": 0.9617755856966703,
  "155": 0.9642416769420464,
  "156": 0.9654747225647344,
  "158": 0.9667077681874224,
  "162": 0.9679408138101104,
  "163": 0.9691738594327984,
  "165": 0.9704069050554864,
  "166": 0.9728729963008625,
  "167": 0.9741060419235505,
  "168": 0.9765721331689267,
  "173": 0.9790382244143028,
  "174": 0.9815043156596789,
  "175": 0.9827373612823669,
  "178": 0.9839704069050549,
  "183": 0.9852034525277429,
  "185": 0.9864364981504309,
  "187": 0.9876695437731189,
  "188": 0.9889025893958069,
  "189": 0.9901356350184949,
  "190": 0.992601726263871,
  "193": 0.993834771886559,
  "194": 0.995067817509247,
  "195": 0.996300863131935,
  "199": 0.9987669543773111,
  "200": 0.9999999999999991
}