{
  "2": 0.09264853977844914,
  "3": 0.21148036253776437,
  "4": 0.3031218529707956,
  "5": 0.3625377643504532,
  "6": 0.4340382678751259,
  "7": 0.47129909365558914,
  "8": 0.5125881168177241,
  "9": 0.5256797583081572,
  "10": 0.5438066465256798,
  "11": 0.5669687814702921,
  "12": 0.5790533736153072,
  "13": 0.5850956696878147,
  "14": 0.5871097683786505,
  "15": 0.5961732124874118,
  "16": 0.607250755287009,
  "17": 0.6132930513595165,
  "18": 0.6173212487411882,
  "19": 0.6253776435045316,
  "20": 0.6324269889224571,
  "21": 0.6364551863041288,
  "22": 0.6414904330312184,
  "23": 0.6485397784491439,
  "24": 0.6576032225579053,
  "25": 0.6767371601208458,
  "26": 0.6847935548841892,
  "27": 0.6978851963746223,
  "28": 0.7099697885196374,
  "29": 0.7170191339375629,
  "30": 0.7210473313192346,
  "31": 0.7270896273917421,
  "32": 0.7371601208459213,
  "33": 0.7482376636455185,
  "34": 0.7573011077542798,
  "35": 0.7653575025176232,
  "36": 0.769385699899295,
  "37": 0.7713997985901307,
  "38": 0.7724068479355487,
  "39": 0.7784491440080562,
  "40": 0.7794561933534742,
  "41": 0.7824773413897279,
  "42": 0.7905337361530713,
  "43": 0.7925478348439071,
  "44": 0.7945619335347429,
  "45": 0.7965760322255787,
  "46": 0.7975830815709967,
  "47": 0.7995971802618325,
  "48": 0.8006042296072504,
  "49": 0.8036253776435042,
  "50": 0.8046324269889221,
  "51": 0.8086606243705938,
  "52": 0.8136958710976835,
  "53": 0.8157099697885193,
  "54": 0.8207452165156089,
  "55": 0.8267875125881164,
  "56": 0.832829808660624,
  "57": 0.8378650553877136,
  "58": 0.8429003021148033,
  "59": 0.8519637462235646,
  "60": 0.860020140986908,
  "61": 0.8640483383685797,
  "62": 0.8690835850956694,
  "63": 0.8811681772406845,
  "64": 0.8862034239677742,
  "65": 0.8932527693856996,
  "66": 0.8982880161127893,
  "67": 0.8992950654582073,
  "68": 0.9053373615307148,
  "69": 0.9073514602215506,
  "71": 0.9093655589123864,
  "72": 0.9103726082578043,
  "73": 0.9133937562940581,
  "75": 0.914400805639476,
  "76": 0.9164149043303118,
  "77": 0.9174219536757298,
  "79": 0.9194360523665656,
  "80": 0.9204431017119835,
  "81": 0.9224572004028193,
  "82": 0.9234642497482373,
  "83": 0.926485397784491,
  "84": 0.9284994964753268,
  "87": 0.9295065458207448,
  "88": 0.9305135951661627,
  "90": 0.9325276938569985,
  "92": 0.9335347432024165,
  "93": 0.9355488418932523,
  "94": 0.938569989929506,
  "97": 0.9405840886203418,
  "99": 0.9425981873111776,
  "101": 0.9436052366565956,
  "102": 0.9476334340382673,
  "103": 0.9496475327291031,
  "104": 0.9516616314199389,
  "105": 0.9536757301107747,
  "108": 0.9556898288016105,
  "110": 0.9566968781470284,
  "111": 0.9587109768378642,
  "112": 0.9607250755287,
  "113": 0.9637462235649538,
  "114": 0.9657603222557896,
  "115": 0.9687814702920433,
  "118": 0.9697885196374613,
  "121": 0.9718026183282971,
  "122": 0.9738167170191329,
  "129": 0.9748237663645508,
  "142": 0.9758308157099688,
  "146": 0.9778449144008046,
  "148": 0.9788519637462225,
  "154": 0.9798590130916405,
  "158": 0.9818731117824763,
  "160": 0.9828801611278942,
  "164": 0.98489425981873,
  "165": 0.985901309164148,
  "166": 0.9879154078549838,
  "167": 0.9889224572004017,
  "170": 0.9909365558912375,
  "171": 0.9919436052366555,
  "176": 0.9939577039274913,
  "177": 0.9949647532729092,
  "178": 0.9959718026183272,
  "181": 0.9969788519637451,
  "184": 0.9979859013091631,
  "185": 0.998992950654581,
  "188": 0.999999999999999
}