{
  "2": 0.015544041450777202,
  "3": 0.07124352331606218,
  "4": 0.11010362694300518,
  "5": 0.14378238341968913,
  "6": 0.17487046632124353,
  "7": 0.2033678756476684,
  "8": 0.22409326424870465,
  "9": 0.2616580310880829,
  "10": 0.27461139896373055,
  "11": 0.2914507772020725,
  "12": 0.30958549222797926,
  "13": 0.3316062176165803,
  "14": 0.34585492227979275,
  "15": 0.3523316062176166,
  "16": 0.3678756476683938,
  "17": 0.38601036269430056,
  "18": 0.40155440414507776,
  "19": 0.42227979274611405,
  "20": 0.43393782383419693,
  "21": 0.4468911917098446,
  "22": 0.4585492227979275,
  "23": 0.4676165803108808,
  "24": 0.47668393782383417,
  "25": 0.4909326424870466,
  "26": 0.49870466321243523,
  "27": 0.5051813471502591,
  "28": 0.5194300518134716,
  "29": 0.528497409326425,
  "30": 0.5349740932642488,
  "31": 0.545336787564767,
  "32": 0.5544041450777204,
  "33": 0.562176165803109,
  "34": 0.5712435233160624,
  "35": 0.5803108808290158,
  "36": 0.5880829015544045,
  "37": 0.5919689119170988,
  "38": 0.5984455958549226,
  "39": 0.6113989637305703,
  "40": 0.6178756476683942,
  "41": 0.6295336787564771,
  "42": 0.6437823834196896,
  "43": 0.6515544041450783,
  "44": 0.6580310880829021,
  "45": 0.6683937823834203,
  "46": 0.681347150259068,
  "47": 0.6865284974093271,
  "48": 0.6891191709844566,
  "49": 0.6917098445595862,
  "50": 0.7007772020725396,
  "51": 0.7046632124352339,
  "52": 0.709844559585493,
  "53": 0.7111398963730577,
  "54": 0.7176165803108816,
  "55": 0.7253886010362702,
  "56": 0.7305699481865293,
  "57": 0.7370466321243532,
  "58": 0.7422279792746123,
  "59": 0.7448186528497418,
  "60": 0.7474093264248713,
  "61": 0.7525906735751304,
  "62": 0.75518134715026,
  "63": 0.7577720207253895,
  "64": 0.7603626943005191,
  "65": 0.7707253886010372,
  "66": 0.7733160621761668,
  "67": 0.7810880829015554,
  "68": 0.7849740932642497,
  "69": 0.7875647668393793,
  "70": 0.7940414507772031,
  "71": 0.7966321243523327,
  "72": 0.800518134715027,
  "73": 0.8044041450777213,
  "74": 0.8069948186528508,
  "75": 0.8134715025906747,
  "76": 0.817357512953369,
  "77": 0.8225388601036281,
  "79": 0.8264248704663224,
  "80": 0.8329015544041463,
  "81": 0.8367875647668406,
  "82": 0.8419689119170997,
  "83": 0.8471502590673587,
  "84": 0.8484455958549235,
  "85": 0.8510362694300531,
  "86": 0.8523316062176178,
  "87": 0.8562176165803121,
  "88": 0.8588082901554417,
  "89": 0.8613989637305712,
  "90": 0.862694300518136,
  "91": 0.8639896373057008,
  "93": 0.8678756476683951,
  "94": 0.8717616580310894,
  "95": 0.874352331606219,
  "96": 0.8782383419689133,
  "98": 0.879533678756478,
  "100": 0.8860103626943019,
  "101": 0.8886010362694314,
  "102": 0.8898963730569962,
  "103": 0.891191709844561,
  "105": 0.8937823834196905,
  "107": 0.8950777202072553,
  "108": 0.8976683937823848,
  "109": 0.8989637305699496,
  "111": 0.9015544041450791,
  "112": 0.9041450777202087,
  "114": 0.9054404145077735,
  "116": 0.9093264248704678,
  "117": 0.9106217616580325,
  "118": 0.9132124352331621,
  "121": 0.9145077720207269,
  "123": 0.9158031088082916,
  "124": 0.9183937823834212,
  "125": 0.9209844559585507,
  "126": 0.924870466321245,
  "127": 0.9274611398963746,
  "129": 0.9313471502590689,
  "130": 0.9326424870466337,
  "131": 0.9339378238341984,
  "132": 0.9352331606217632,
  "133": 0.936528497409328,
  "134": 0.9391191709844575,
  "135": 0.9404145077720223,
  "137": 0.9430051813471518,
  "138": 0.9443005181347166,
  "139": 0.9455958549222814,
  "140": 0.9494818652849757,
  "145": 0.9520725388601052,
  "148": 0.9546632124352348,
  "149": 0.9559585492227995,
  "150": 0.9572538860103643,
  "151": 0.9611398963730586,
  "153": 0.9624352331606234,
  "154": 0.9637305699481882,
  "155": 0.965025906735753,
  "156": 0.9663212435233177,
  "157": 0.9689119170984473,
  "161": 0.970207253886012,
  "162": 0.9715025906735768,
  "163": 0.9727979274611416,
  "164": 0.9740932642487063,
  "166": 0.9753886010362711,
  "173": 0.9766839378238359,
  "175": 0.9792746113989654,
  "176": 0.9805699481865302,
  "177": 0.981865284974095,
  "181": 0.9857512953367893,
  "182": 0.9870466321243541,
  "184": 0.9883419689119188,
  "185": 0.9896373056994836,
  "186": 0.9909326424870484,
  "187": 0.9922279792746131,
  "190": 0.9935233160621779,
  "194": 0.9961139896373075,
  "195": 0.9974093264248722,
  "198": 0.998704663212437,
  "199": 1.0000000000000018
}