{
  "2": 0.043704474505723206,
  "3": 0.12486992715920917,
  "4": 0.17273673257023933,
  "5": 0.22580645161290322,
  "6": 0.26326742976066597,
  "7": 0.3028095733610822,
  "8": 0.3381893860561915,
  "9": 0.35900104058272636,
  "10": 0.38293444328824144,
  "11": 0.41207075962539025,
  "12": 0.4432882414151925,
  "13": 0.4620187304890739,
  "14": 0.48491155046826223,
  "15": 0.5005202913631633,
  "16": 0.5244536940686785,
  "17": 0.5411030176899063,
  "18": 0.5473465140478668,
  "19": 0.5619146722164412,
  "20": 0.5806451612903226,
  "21": 0.5910509885535901,
  "22": 0.6045785639958378,
  "23": 0.6108220603537983,
  "24": 0.616024973985432,
  "25": 0.6285119667013529,
  "26": 0.639958376690947,
  "27": 0.6503642039542145,
  "28": 0.6586888657648284,
  "29": 0.6638917793964622,
  "30": 0.6742976066597296,
  "31": 0.6774193548387099,
  "32": 0.6805411030176901,
  "33": 0.6836628511966704,
  "34": 0.6899063475546309,
  "35": 0.6940686784599378,
  "36": 0.7023933402705518,
  "37": 0.709677419354839,
  "38": 0.7148803329864727,
  "39": 0.7190426638917796,
  "40": 0.7232049947970866,
  "41": 0.7294484911550471,
  "42": 0.7315296566077005,
  "43": 0.7325702393340273,
  "44": 0.7356919875130076,
  "45": 0.7398543184183145,
  "46": 0.7440166493236214,
  "47": 0.7481789802289284,
  "48": 0.7523413111342353,
  "49": 0.757544224765869,
  "51": 0.761706555671176,
  "52": 0.7658688865764829,
  "53": 0.7669094693028097,
  "54": 0.7710718002081166,
  "55": 0.7741935483870969,
  "56": 0.7804370447450574,
  "57": 0.7814776274713842,
  "58": 0.7845993756503644,
  "59": 0.7856399583766912,
  "61": 0.786680541103018,
  "62": 0.7887617065556715,
  "63": 0.7918834547346517,
  "64": 0.795005202913632,
  "65": 0.7960457856399588,
  "66": 0.7970863683662855,
  "67": 0.7981269510926123,
  "70": 0.8022892819979193,
  "71": 0.8043704474505727,
  "72": 0.8064516129032262,
  "73": 0.8106139438085331,
  "75": 0.8137356919875134,
  "76": 0.8158168574401669,
  "77": 0.8189386056191471,
  "78": 0.8210197710718006,
  "79": 0.8220603537981274,
  "80": 0.8241415192507808,
  "81": 0.8251821019771076,
  "82": 0.8283038501560879,
  "84": 0.8314255983350681,
  "85": 0.8345473465140484,
  "86": 0.8355879292403752,
  "87": 0.836628511966702,
  "89": 0.8397502601456822,
  "90": 0.8418314255983357,
  "91": 0.8428720083246625,
  "92": 0.8470343392299694,
  "93": 0.8491155046826229,
  "94": 0.8532778355879298,
  "97": 0.8553590010405833,
  "98": 0.8574401664932367,
  "99": 0.860561914672217,
  "101": 0.8616024973985438,
  "103": 0.864724245577524,
  "104": 0.8699271592091578,
  "105": 0.8740894901144647,
  "106": 0.8782518210197716,
  "107": 0.8803329864724251,
  "108": 0.8813735691987519,
  "109": 0.8834547346514053,
  "110": 0.8886576482830391,
  "111": 0.8917793964620193,
  "112": 0.8928199791883461,
  "113": 0.8938605619146729,
  "114": 0.8959417273673264,
  "115": 0.8969823100936531,
  "116": 0.8990634755463066,
  "117": 0.9011446409989601,
  "118": 0.9021852237252869,
  "120": 0.9053069719042671,
  "121": 0.9063475546305939,
  "122": 0.9073881373569207,
  "126": 0.9084287200832475,
  "127": 0.9125910509885544,
  "128": 0.9157127991675347,
  "130": 0.9188345473465149,
  "132": 0.9209157127991684,
  "133": 0.9229968782518219,
  "134": 0.9271592091571288,
  "136": 0.9281997918834556,
  "137": 0.9313215400624358,
  "138": 0.9323621227887626,
  "139": 0.9344432882414161,
  "140": 0.9354838709677429,
  "143": 0.9396462018730498,
  "145": 0.9417273673257033,
  "146": 0.9427679500520301,
  "147": 0.9438085327783569,
  "148": 0.9458896982310103,
  "149": 0.9469302809573371,
  "151": 0.9479708636836639,
  "152": 0.9510926118626442,
  "153": 0.9531737773152976,
  "156": 0.9542143600416244,
  "157": 0.9562955254942779,
  "158": 0.9594172736732581,
  "159": 0.9604578563995849,
  "162": 0.9625390218522384,
  "164": 0.9635796045785652,
  "165": 0.964620187304892,
  "166": 0.9698231009365257,
  "170": 0.9708636836628525,
  "172": 0.9719042663891793,
  "174": 0.9739854318418327,
  "175": 0.9760665972944862,
  "176": 0.9791883454734664,
  "177": 0.9812695109261199,
  "178": 0.9823100936524467,
  "180": 0.9833506763787735,
  "181": 0.9843912591051003,
  "182": 0.9854318418314271,
  "184": 0.9875130072840805,
  "185": 0.989594172736734,
  "187": 0.9906347554630608,
  "188": 0.9916753381893876,
  "189": 0.9947970863683678,
  "192": 0.9968782518210213,
  "193": 0.9979188345473481,
  "195": 0.9989594172736749,
  "197": 1.0000000000000016
}