{
  "2": 0.04455958549222798,
  "3": 0.1316062176165803,
  "4": 0.1844559585492228,
  "5": 0.24248704663212436,
  "6": 0.2994818652849741,
  "7": 0.338860103626943,
  "8": 0.37823834196891193,
  "9": 0.40207253886010363,
  "10": 0.44455958549222796,
  "11": 0.48393782383419687,
  "12": 0.49844559585492226,
  "13": 0.5139896373056995,
  "14": 0.5243523316062176,
  "15": 0.538860103626943,
  "16": 0.5575129533678757,
  "17": 0.5740932642487047,
  "18": 0.5886010362694301,
  "19": 0.6031088082901555,
  "20": 0.6186528497409327,
  "21": 0.6362694300518136,
  "22": 0.6435233160621763,
  "23": 0.650777202072539,
  "24": 0.6569948186528498,
  "25": 0.6652849740932644,
  "26": 0.6746113989637307,
  "27": 0.6818652849740934,
  "28": 0.6911917098445597,
  "29": 0.7036269430051815,
  "30": 0.7139896373056996,
  "31": 0.7222797927461142,
  "32": 0.7295336787564769,
  "33": 0.7336787564766841,
  "34": 0.734715025906736,
  "35": 0.7378238341968915,
  "36": 0.7409326424870469,
  "37": 0.7450777202072542,
  "38": 0.7492227979274614,
  "39": 0.7544041450777205,
  "40": 0.7606217616580313,
  "41": 0.7668393782383421,
  "42": 0.7699481865284976,
  "43": 0.7709844559585495,
  "44": 0.7761658031088086,
  "45": 0.7823834196891194,
  "46": 0.784455958549223,
  "47": 0.7906735751295338,
  "48": 0.7927461139896375,
  "49": 0.7948186528497411,
  "50": 0.7979274611398965,
  "51": 0.8000000000000002,
  "53": 0.8031088082901556,
  "54": 0.8051813471502592,
  "55": 0.8093264248704665,
  "56": 0.8134715025906737,
  "57": 0.8155440414507773,
  "58": 0.8176165803108809,
  "59": 0.8196891191709845,
  "60": 0.82279792746114,
  "62": 0.8248704663212436,
  "64": 0.8290155440414508,
  "65": 0.8331606217616581,
  "66": 0.8341968911917099,
  "67": 0.8362694300518135,
  "70": 0.8373056994818654,
  "71": 0.839378238341969,
  "72": 0.8414507772020726,
  "73": 0.8435233160621762,
  "74": 0.8466321243523317,
  "75": 0.8476683937823836,
  "76": 0.850777202072539,
  "77": 0.8538860103626945,
  "78": 0.8549222797927464,
  "79": 0.8559585492227982,
  "80": 0.8569948186528501,
  "82": 0.858031088082902,
  "83": 0.8590673575129538,
  "84": 0.8611398963730574,
  "85": 0.8642487046632129,
  "86": 0.8652849740932648,
  "88": 0.8663212435233166,
  "89": 0.8673575129533685,
  "90": 0.8694300518134721,
  "91": 0.8715025906735757,
  "92": 0.8735751295336793,
  "93": 0.8756476683937829,
  "94": 0.8766839378238348,
  "95": 0.8797927461139903,
  "96": 0.8818652849740939,
  "97": 0.8849740932642494,
  "98": 0.8860103626943012,
  "99": 0.8891191709844567,
  "100": 0.8932642487046639,
  "101": 0.8943005181347158,
  "102": 0.8953367875647676,
  "104": 0.8963730569948195,
  "105": 0.8974093264248714,
  "106": 0.899481865284975,
  "107": 0.9005181347150268,
  "108": 0.9015544041450787,
  "109": 0.9025906735751306,
  "110": 0.9036269430051824,
  "112": 0.905699481865286,
  "113": 0.9077720207253897,
  "115": 0.9098445595854933,
  "117": 0.9108808290155451,
  "119": 0.911917098445597,
  "120": 0.9129533678756488,
  "123": 0.9139896373057007,
  "125": 0.9160621761658043,
  "127": 0.9170984455958562,
  "128": 0.918134715025908,
  "129": 0.9202072538860117,
  "130": 0.9212435233160635,
  "131": 0.9233160621761671,
  "132": 0.924352331606219,
  "133": 0.9264248704663226,
  "134": 0.9284974093264262,
  "135": 0.9305699481865298,
  "137": 0.9316062176165817,
  "138": 0.9326424870466336,
  "140": 0.9336787564766854,
  "141": 0.935751295336789,
  "143": 0.9367875647668409,
  "144": 0.9378238341968927,
  "146": 0.9398963730569964,
  "148": 0.9419689119171,
  "149": 0.9450777202072554,
  "150": 0.9471502590673591,
  "151": 0.9512953367875663,
  "153": 0.9523316062176181,
  "154": 0.9554404145077736,
  "156": 0.9575129533678772,
  "157": 0.9616580310880845,
  "158": 0.9637305699481881,
  "159": 0.9647668393782399,
  "162": 0.9658031088082918,
  "163": 0.9668393782383436,
  "164": 0.9689119170984473,
  "166": 0.9709844559585509,
  "167": 0.9740932642487063,
  "169": 0.9751295336787582,
  "170": 0.9772020725388618,
  "171": 0.9782383419689137,
  "172": 0.9803108808290173,
  "174": 0.9823834196891209,
  "178": 0.9834196891191728,
  "179": 0.9854922279792764,
  "181": 0.9865284974093282,
  "182": 0.9875647668393801,
  "185": 0.988601036269432,
  "186": 0.9917098445595874,
  "189": 0.9927461139896393,
  "191": 0.9937823834196912,
  "193": 0.994818652849743,
  "194": 0.9958549222797949,
  "195": 0.9968911917098467,
  "196": 0.9979274611398986,
  "200": 1.0000000000000022
}