{
  "2": 0.0498960498960499,
  "3": 0.11954261954261955,
  "4": 0.1704781704781705,
  "5": 0.2234927234927235,
  "6": 0.27234927234927236,
  "7": 0.3097713097713098,
  "8": 0.34615384615384615,
  "9": 0.3783783783783784,
  "10": 0.4126819126819127,
  "11": 0.44490644490644493,
  "12": 0.472972972972973,
  "13": 0.5010395010395011,
  "14": 0.5166320166320167,
  "15": 0.5332640332640334,
  "16": 0.5530145530145532,
  "17": 0.5654885654885656,
  "18": 0.5758835758835761,
  "19": 0.5862785862785864,
  "20": 0.5987525987525989,
  "21": 0.6153846153846155,
  "22": 0.625779625779626,
  "23": 0.6330561330561333,
  "24": 0.6476091476091479,
  "25": 0.6538461538461542,
  "26": 0.6590436590436594,
  "27": 0.6663201663201667,
  "28": 0.675675675675676,
  "29": 0.6829521829521833,
  "30": 0.6923076923076926,
  "31": 0.6954261954261958,
  "32": 0.6995841995841999,
  "33": 0.7058212058212061,
  "34": 0.7099792099792103,
  "36": 0.7193347193347196,
  "37": 0.7245322245322248,
  "38": 0.7297297297297299,
  "39": 0.7338877338877341,
  "40": 0.7370062370062372,
  "41": 0.7411642411642414,
  "42": 0.7463617463617466,
  "43": 0.7536382536382539,
  "44": 0.758835758835759,
  "45": 0.7598752598752601,
  "46": 0.7629937629937632,
  "47": 0.7661122661122663,
  "48": 0.7692307692307695,
  "49": 0.7713097713097716,
  "50": 0.7733887733887737,
  "51": 0.7765072765072768,
  "52": 0.781704781704782,
  "53": 0.7848232848232851,
  "54": 0.7889812889812893,
  "55": 0.7910602910602913,
  "56": 0.7920997920997923,
  "58": 0.7962577962577965,
  "59": 0.7983367983367986,
  "60": 0.8004158004158006,
  "61": 0.8045738045738048,
  "63": 0.8066528066528069,
  "64": 0.8097713097713101,
  "65": 0.8118503118503122,
  "67": 0.8139293139293142,
  "68": 0.8180873180873184,
  "69": 0.8212058212058215,
  "70": 0.8222453222453225,
  "71": 0.8264033264033267,
  "72": 0.8284823284823288,
  "73": 0.8295218295218298,
  "74": 0.8316008316008319,
  "75": 0.8326403326403329,
  "76": 0.8336798336798339,
  "77": 0.8347193347193349,
  "78": 0.8399168399168401,
  "79": 0.8419958419958422,
  "80": 0.8451143451143454,
  "81": 0.8492723492723495,
  "82": 0.8513513513513515,
  "83": 0.8534303534303536,
  "84": 0.8544698544698546,
  "86": 0.8555093555093556,
  "87": 0.8565488565488566,
  "88": 0.8596673596673597,
  "89": 0.8617463617463619,
  "90": 0.865904365904366,
  "91": 0.866943866943867,
  "92": 0.8700623700623702,
  "93": 0.8711018711018712,
  "94": 0.8731808731808732,
  "95": 0.8742203742203742,
  "97": 0.8762993762993763,
  "99": 0.8794178794178794,
  "101": 0.8804573804573804,
  "102": 0.8825363825363826,
  "103": 0.8846153846153846,
  "104": 0.8877338877338877,
  "105": 0.8898128898128899,
  "106": 0.8918918918918919,
  "107": 0.8939708939708939,
  "110": 0.8960498960498959,
  "111": 0.898128898128898,
  "112": 0.9033264033264031,
  "113": 0.9054054054054053,
  "116": 0.9064449064449063,
  "117": 0.9074844074844073,
  "118": 0.9085239085239083,
  "119": 0.9106029106029103,
  "120": 0.9116424116424113,
  "121": 0.9126819126819123,
  "122": 0.9158004158004155,
  "125": 0.9178794178794176,
  "127": 0.9199584199584196,
  "128": 0.9220374220374217,
  "129": 0.9230769230769227,
  "131": 0.9241164241164237,
  "132": 0.9261954261954257,
  "134": 0.9272349272349267,
  "135": 0.9293139293139288,
  "138": 0.9313929313929308,
  "140": 0.9355509355509349,
  "141": 0.9376299376299371,
  "142": 0.9386694386694381,
  "143": 0.9397089397089391,
  "144": 0.9407484407484401,
  "145": 0.9417879417879411,
  "146": 0.9428274428274421,
  "147": 0.9449064449064442,
  "148": 0.9469854469854462,
  "150": 0.9490644490644482,
  "152": 0.9501039501039492,
  "154": 0.9532224532224524,
  "155": 0.9553014553014545,
  "156": 0.9573804573804565,
  "157": 0.9604989604989597,
  "159": 0.9625779625779618,
  "160": 0.9636174636174628,
  "161": 0.9646569646569638,
  "162": 0.9656964656964648,
  "163": 0.968814968814968,
  "164": 0.9708939708939701,
  "165": 0.9729729729729721,
  "166": 0.9750519750519742,
  "168": 0.9760914760914752,
  "169": 0.9771309771309762,
  "170": 0.9781704781704772,
  "173": 0.9792099792099782,
  "174": 0.9802494802494792,
  "175": 0.9812889812889802,
  "177": 0.9823284823284812,
  "178": 0.9854469854469844,
  "180": 0.9864864864864854,
  "181": 0.9896049896049885,
  "182": 0.9906444906444896,
  "183": 0.9916839916839906,
  "186": 0.9937629937629926,
  "187": 0.9948024948024936,
  "194": 0.9958419958419946,
  "197": 0.9989604989604978,
  "199": 0.9999999999999988
}