{
  "2": 0.061027837259100645,
  "3": 0.11777301927194861,
  "4": 0.15203426124197003,
  "5": 0.1809421841541756,
  "6": 0.21199143468950749,
  "7": 0.25160599571734477,
  "8": 0.28586723768736616,
  "9": 0.31049250535331907,
  "10": 0.3297644539614561,
  "11": 0.34796573875802994,
  "12": 0.3704496788008565,
  "13": 0.3875802997858672,
  "14": 0.40578158458244107,
  "15": 0.4229122055674518,
  "16": 0.43254817987152033,
  "17": 0.4464668094218415,
  "18": 0.45289079229122053,
  "19": 0.4668094218415417,
  "20": 0.47858672376873657,
  "21": 0.4850107066381156,
  "22": 0.4903640256959314,
  "23": 0.5010706638115631,
  "24": 0.5117773019271947,
  "25": 0.5256959314775159,
  "26": 0.5396145610278371,
  "27": 0.5524625267665951,
  "28": 0.557815845824411,
  "29": 0.5685224839400427,
  "30": 0.577087794432548,
  "31": 0.5856531049250533,
  "32": 0.5877944325481796,
  "33": 0.5942184154175587,
  "34": 0.5995717344753746,
  "35": 0.6006423982869378,
  "37": 0.6038543897216273,
  "38": 0.6049250535331905,
  "39": 0.6070663811563168,
  "40": 0.60813704496788,
  "41": 0.6113490364025695,
  "42": 0.6156316916488223,
  "43": 0.6177730192719486,
  "44": 0.6188436830835118,
  "45": 0.6209850107066381,
  "46": 0.6231263383297645,
  "47": 0.6241970021413277,
  "48": 0.6274089935760172,
  "49": 0.6306209850107067,
  "50": 0.6349036402569594,
  "51": 0.6370449678800858,
  "52": 0.6413276231263385,
  "53": 0.6423982869379017,
  "54": 0.6498929336188438,
  "55": 0.6584582441113491,
  "56": 0.663811563169165,
  "57": 0.6691648822269809,
  "58": 0.676659528907923,
  "59": 0.6809421841541757,
  "60": 0.6905781584582442,
  "61": 0.6970021413276233,
  "62": 0.7002141327623128,
  "63": 0.701284796573876,
  "64": 0.7044967880085655,
  "65": 0.7087794432548182,
  "66": 0.7119914346895078,
  "67": 0.7194860813704499,
  "68": 0.7216274089935762,
  "69": 0.7237687366167026,
  "71": 0.7269807280513921,
  "72": 0.7280513918629553,
  "73": 0.7291220556745185,
  "75": 0.7334047109207712,
  "76": 0.7376873661670239,
  "77": 0.744111349036403,
  "78": 0.7451820128479661,
  "79": 0.7483940042826557,
  "81": 0.7494646680942189,
  "82": 0.750535331905782,
  "84": 0.7526766595289084,
  "85": 0.7537473233404716,
  "86": 0.7580299785867243,
  "87": 0.7601713062098506,
  "89": 0.7612419700214138,
  "90": 0.762312633832977,
  "91": 0.7655246252676665,
  "92": 0.7676659528907929,
  "93": 0.7730192719486088,
  "95": 0.7783725910064246,
  "96": 0.780513918629551,
  "97": 0.7826552462526774,
  "98": 0.7880085653104932,
  "99": 0.7901498929336196,
  "100": 0.7912205567451828,
  "101": 0.7933618843683091,
  "102": 0.7955032119914355,
  "103": 0.798715203426125,
  "104": 0.7997858672376882,
  "105": 0.8019271948608145,
  "106": 0.8040685224839409,
  "107": 0.8072805139186304,
  "108": 0.8083511777301936,
  "109": 0.81049250535332,
  "110": 0.8115631691648831,
  "112": 0.8147751605995727,
  "113": 0.8201284796573886,
  "114": 0.8254817987152044,
  "115": 0.828693790149894,
  "116": 0.8297644539614571,
  "118": 0.8308351177730203,
  "119": 0.8372591006423994,
  "120": 0.8394004282655257,
  "121": 0.8415417558886521,
  "122": 0.8436830835117785,
  "123": 0.8458244111349048,
  "124": 0.8501070663811575,
  "125": 0.8543897216274102,
  "126": 0.8629550321199155,
  "127": 0.8683083511777314,
  "128": 0.8736616702355473,
  "129": 0.8768736616702368,
  "130": 0.8811563169164895,
  "131": 0.8854389721627423,
  "132": 0.8940042826552476,
  "133": 0.8961456102783739,
  "134": 0.8993576017130634,
  "135": 0.9014989293361898,
  "136": 0.9047109207708793,
  "137": 0.9079229122055689,
  "138": 0.9122055674518216,
  "139": 0.9186295503212006,
  "140": 0.9197002141327638,
  "141": 0.9229122055674533,
  "142": 0.9250535331905797,
  "143": 0.9261241970021429,
  "144": 0.9293361884368324,
  "145": 0.9314775160599588,
  "146": 0.9325481798715219,
  "148": 0.9357601713062115,
  "150": 0.9379014989293378,
  "151": 0.938972162740901,
  "152": 0.9400428265524642,
  "153": 0.9443254817987169,
  "154": 0.9453961456102801,
  "155": 0.9486081370449696,
  "156": 0.950749464668096,
  "157": 0.9528907922912223,
  "158": 0.9550321199143487,
  "159": 0.9614561027837277,
  "161": 0.9625267665952909,
  "164": 0.9635974304068541,
  "165": 0.9646680942184173,
  "166": 0.9668094218415436,
  "167": 0.9710920770877963,
  "168": 0.9721627408993595,
  "169": 0.9743040685224859,
  "170": 0.975374732334049,
  "172": 0.9764453961456122,
  "173": 0.9775160599571754,
  "174": 0.9785867237687386,
  "175": 0.9796573875803017,
  "176": 0.9807280513918649,
  "178": 0.9817987152034281,
  "181": 0.9828693790149913,
  "182": 0.987152034261244,
  "187": 0.9882226980728072,
  "188": 0.9892933618843703,
  "189": 0.9914346895074967,
  "190": 0.9925053533190599,
  "191": 0.993576017130623,
  "195": 0.9957173447537494,
  "196": 0.9967880085653126,
  "197": 0.9978586723768758,
  "198": 0.9989293361884389,
  "199": 1.000000000000002
}