{
  "2": 0.060574948665297744,
  "3": 0.1673511293634497,
  "4": 0.27618069815195073,
  "5": 0.3593429158110883,
  "6": 0.406570841889117,
  "7": 0.4568788501026694,
  "8": 0.48767967145790553,
  "9": 0.5030800821355236,
  "10": 0.5225872689938398,
  "11": 0.5503080082135523,
  "12": 0.5759753593429158,
  "13": 0.5995893223819302,
  "14": 0.6170431211498973,
  "15": 0.6386036960985626,
  "16": 0.6529774127310062,
  "17": 0.6683778234086243,
  "18": 0.6786447638603696,
  "19": 0.688911704312115,
  "20": 0.6991786447638604,
  "21": 0.7125256673511293,
  "22": 0.7207392197125256,
  "23": 0.7299794661190965,
  "24": 0.7361396303901437,
  "25": 0.7433264887063655,
  "26": 0.7515400410677618,
  "27": 0.7597535934291582,
  "28": 0.7679671457905545,
  "29": 0.7741273100616017,
  "30": 0.7792607802874745,
  "31": 0.782340862422998,
  "32": 0.7874743326488708,
  "33": 0.7926078028747435,
  "34": 0.7987679671457908,
  "35": 0.8039014373716635,
  "36": 0.8080082135523616,
  "37": 0.8121149897330597,
  "38": 0.8193018480492815,
  "39": 0.8275154004106778,
  "40": 0.8336755646817251,
  "41": 0.8357289527720742,
  "42": 0.8388090349075977,
  "44": 0.8408624229979468,
  "45": 0.8429158110882958,
  "46": 0.8439425051334704,
  "48": 0.8490759753593431,
  "49": 0.8562628336755649,
  "50": 0.8583162217659139,
  "51": 0.860369609856263,
  "52": 0.8634496919917866,
  "53": 0.8644763860369611,
  "54": 0.8655030800821356,
  "55": 0.8675564681724847,
  "56": 0.8685831622176592,
  "58": 0.8696098562628337,
  "59": 0.8706365503080082,
  "60": 0.8716632443531828,
  "61": 0.8747433264887063,
  "62": 0.8778234086242299,
  "63": 0.879876796714579,
  "64": 0.8860369609856262,
  "65": 0.8891170431211498,
  "66": 0.8921971252566734,
  "67": 0.8942505133470224,
  "68": 0.8963039014373715,
  "69": 0.8983572895277205,
  "70": 0.9045174537987678,
  "71": 0.9065708418891169,
  "72": 0.9117043121149896,
  "73": 0.9147843942505132,
  "74": 0.9158110882956877,
  "75": 0.9178644763860367,
  "76": 0.9209445585215603,
  "77": 0.9229979466119094,
  "78": 0.9291581108829566,
  "79": 0.9342915811088294,
  "80": 0.937371663244353,
  "81": 0.9383983572895275,
  "82": 0.9425051334702256,
  "83": 0.9445585215605746,
  "84": 0.9455852156057492,
  "85": 0.9486652977412727,
  "86": 0.9496919917864473,
  "87": 0.9517453798767963,
  "88": 0.9537987679671454,
  "90": 0.9558521560574944,
  "91": 0.9579055441478435,
  "93": 0.958932238193018,
  "94": 0.9620123203285416,
  "97": 0.9630390143737161,
  "99": 0.9640657084188906,
  "105": 0.9650924024640651,
  "106": 0.9661190965092397,
  "109": 0.9681724845995887,
  "110": 0.9712525667351123,
  "113": 0.9743326488706359,
  "115": 0.9753593429158104,
  "116": 0.9763860369609849,
  "118": 0.9774127310061594,
  "119": 0.978439425051334,
  "123": 0.9794661190965085,
  "124": 0.9815195071868575,
  "131": 0.9825462012320321,
  "132": 0.9835728952772066,
  "136": 0.9845995893223811,
  "147": 0.9856262833675556,
  "149": 0.9866529774127302,
  "153": 0.9876796714579047,
  "154": 0.9907597535934283,
  "157": 0.9917864476386028,
  "162": 0.9948665297741264,
  "164": 0.9969199178644754,
  "165": 0.9989733059548245,
  "192": 0.999999999999999
}