{
  "2": 0.06097560975609756,
  "3": 0.10243902439024391,
  "4": 0.15243902439024393,
  "5": 0.18780487804878052,
  "6": 0.21951219512195125,
  "7": 0.25,
  "8": 0.27682926829268295,
  "9": 0.3060975609756098,
  "10": 0.33048780487804885,
  "11": 0.3500000000000001,
  "12": 0.37439024390243913,
  "13": 0.38902439024390256,
  "14": 0.403658536585366,
  "15": 0.4243902439024392,
  "16": 0.4439024390243904,
  "17": 0.46829268292682946,
  "18": 0.49146341463414656,
  "19": 0.5097560975609758,
  "20": 0.5231707317073173,
  "21": 0.5341463414634149,
  "22": 0.5463414634146344,
  "23": 0.5634146341463417,
  "24": 0.5719512195121954,
  "25": 0.5853658536585369,
  "26": 0.5963414634146345,
  "27": 0.6024390243902442,
  "28": 0.6158536585365857,
  "29": 0.6280487804878052,
  "30": 0.6365853658536589,
  "31": 0.6439024390243906,
  "32": 0.6475609756097565,
  "33": 0.659756097560976,
  "34": 0.6670731707317077,
  "35": 0.6792682926829272,
  "36": 0.685365853658537,
  "37": 0.6878048780487809,
  "38": 0.6975609756097565,
  "39": 0.7048780487804882,
  "40": 0.7085365853658541,
  "41": 0.7195121951219516,
  "42": 0.7243902439024394,
  "43": 0.7292682926829273,
  "44": 0.7390243902439029,
  "45": 0.7463414634146346,
  "46": 0.7500000000000004,
  "47": 0.7512195121951224,
  "48": 0.7597560975609761,
  "49": 0.76219512195122,
  "50": 0.7646341463414639,
  "51": 0.7731707317073175,
  "52": 0.7780487804878053,
  "53": 0.7817073170731712,
  "54": 0.7841463414634151,
  "55": 0.7902439024390249,
  "56": 0.7951219512195127,
  "57": 0.7975609756097566,
  "58": 0.8012195121951224,
  "59": 0.8048780487804883,
  "60": 0.8109756097560981,
  "61": 0.813414634146342,
  "62": 0.8158536585365859,
  "63": 0.8182926829268298,
  "64": 0.8207317073170737,
  "65": 0.8231707317073176,
  "66": 0.8280487804878054,
  "67": 0.8317073170731712,
  "68": 0.839024390243903,
  "71": 0.8414634146341469,
  "72": 0.8439024390243908,
  "73": 0.8487804878048786,
  "75": 0.8512195121951225,
  "76": 0.8524390243902444,
  "77": 0.8560975609756103,
  "78": 0.8621951219512201,
  "79": 0.8658536585365859,
  "80": 0.8695121951219518,
  "81": 0.8719512195121957,
  "83": 0.8731707317073176,
  "84": 0.8756097560975615,
  "86": 0.8780487804878054,
  "87": 0.8792682926829274,
  "88": 0.8853658536585371,
  "89": 0.8865853658536591,
  "90": 0.887804878048781,
  "92": 0.890243902439025,
  "93": 0.8914634146341469,
  "94": 0.8926829268292689,
  "95": 0.8951219512195128,
  "96": 0.8963414634146347,
  "97": 0.8975609756097567,
  "98": 0.9024390243902445,
  "99": 0.9073170731707323,
  "100": 0.9097560975609762,
  "101": 0.9109756097560981,
  "102": 0.914634146341464,
  "103": 0.915853658536586,
  "104": 0.9170731707317079,
  "105": 0.9195121951219518,
  "106": 0.9219512195121957,
  "107": 0.9231707317073177,
  "108": 0.9243902439024396,
  "109": 0.9280487804878055,
  "111": 0.9304878048780494,
  "113": 0.9353658536585372,
  "114": 0.9365853658536591,
  "117": 0.939024390243903,
  "118": 0.940243902439025,
  "119": 0.941463414634147,
  "121": 0.9439024390243909,
  "123": 0.9451219512195128,
  "125": 0.9463414634146348,
  "127": 0.9475609756097567,
  "129": 0.9487804878048787,
  "130": 0.9512195121951226,
  "131": 0.9524390243902445,
  "132": 0.9536585365853665,
  "134": 0.9548780487804884,
  "135": 0.9573170731707323,
  "136": 0.9585365853658543,
  "138": 0.9597560975609762,
  "139": 0.9609756097560982,
  "140": 0.9634146341463421,
  "141": 0.964634146341464,
  "146": 0.967073170731708,
  "149": 0.9682926829268299,
  "151": 0.9695121951219519,
  "152": 0.9707317073170738,
  "153": 0.9731707317073177,
  "155": 0.9768292682926836,
  "157": 0.9780487804878055,
  "160": 0.9792682926829275,
  "163": 0.9804878048780494,
  "164": 0.9817073170731714,
  "166": 0.9829268292682933,
  "167": 0.9841463414634153,
  "168": 0.9853658536585372,
  "172": 0.9878048780487811,
  "176": 0.9890243902439031,
  "179": 0.990243902439025,
  "180": 0.991463414634147,
  "182": 0.992682926829269,
  "186": 0.9939024390243909,
  "187": 0.9951219512195129,
  "188": 0.9963414634146348,
  "191": 0.9975609756097568,
  "192": 0.9987804878048787,
  "197": 1.0000000000000007
}