{
  "2": 0.036061026352288486,
  "3": 0.08876560332871011,
  "4": 0.14008321775312066,
  "5": 0.16366158113730928,
  "6": 0.19417475728155337,
  "7": 0.22052704576976417,
  "8": 0.2441054091539528,
  "9": 0.2732316227461858,
  "10": 0.3037447988904299,
  "11": 0.3217753120665741,
  "12": 0.349514563106796,
  "13": 0.37170596393897354,
  "14": 0.39112343966712887,
  "15": 0.407766990291262,
  "16": 0.436893203883495,
  "17": 0.4466019417475727,
  "18": 0.466019417475728,
  "19": 0.47711511789181676,
  "20": 0.4882108183079055,
  "21": 0.4979195561719832,
  "22": 0.5076282940360609,
  "23": 0.5256588072122051,
  "24": 0.5325936199722606,
  "25": 0.5492371705963938,
  "26": 0.5603328710124825,
  "27": 0.5742024965325935,
  "28": 0.5852981969486822,
  "29": 0.596393897364771,
  "30": 0.6047156726768376,
  "31": 0.6130374479889041,
  "32": 0.6199722607489596,
  "33": 0.6324549237170595,
  "34": 0.639389736477115,
  "35": 0.6421636615811371,
  "36": 0.6477115117891815,
  "37": 0.6490984743411926,
  "39": 0.6504854368932037,
  "40": 0.654646324549237,
  "41": 0.6560332871012481,
  "42": 0.6588072122052703,
  "43": 0.6601941747572814,
  "44": 0.6629680998613036,
  "45": 0.669902912621359,
  "46": 0.6712898751733701,
  "47": 0.6726768377253812,
  "48": 0.6782246879334256,
  "49": 0.6823855755894589,
  "50": 0.6851595006934811,
  "51": 0.6865464632454922,
  "52": 0.6907073509015255,
  "53": 0.6948682385575587,
  "55": 0.6976421636615809,
  "56": 0.7004160887656031,
  "58": 0.7018030513176142,
  "60": 0.7045769764216364,
  "61": 0.7087378640776697,
  "62": 0.7115117891816919,
  "63": 0.7156726768377252,
  "64": 0.7198335644937585,
  "65": 0.7267683772538139,
  "66": 0.7295423023578361,
  "67": 0.7364771151178916,
  "68": 0.7378640776699027,
  "69": 0.7434119278779471,
  "71": 0.7489597780859915,
  "72": 0.7531206657420247,
  "73": 0.757281553398058,
  "74": 0.7614424410540913,
  "76": 0.7642163661581135,
  "77": 0.7697642163661579,
  "78": 0.7725381414701801,
  "79": 0.7766990291262134,
  "80": 0.7780859916782245,
  "81": 0.7794729542302355,
  "83": 0.7808599167822466,
  "84": 0.7850208044382799,
  "85": 0.7877947295423021,
  "87": 0.7905686546463243,
  "89": 0.7919556171983354,
  "90": 0.7975034674063798,
  "91": 0.7988904299583909,
  "92": 0.8030513176144242,
  "93": 0.8044382801664353,
  "95": 0.8058252427184464,
  "96": 0.8072122052704575,
  "97": 0.8085991678224685,
  "98": 0.8113730929264907,
  "99": 0.8141470180305129,
  "100": 0.8183079056865462,
  "103": 0.8224687933425795,
  "104": 0.8238557558945906,
  "105": 0.8252427184466017,
  "107": 0.829403606102635,
  "108": 0.8307905686546461,
  "109": 0.8363384188626904,
  "110": 0.8432732316227459,
  "111": 0.8460471567267681,
  "112": 0.8529819694868236,
  "114": 0.8557558945908458,
  "115": 0.8571428571428569,
  "117": 0.8599167822468791,
  "118": 0.8626907073509013,
  "119": 0.8640776699029123,
  "120": 0.8668515950069345,
  "121": 0.8696255201109567,
  "122": 0.8723994452149789,
  "123": 0.87378640776699,
  "124": 0.8751733703190011,
  "125": 0.8765603328710122,
  "126": 0.8793342579750344,
  "127": 0.8848821081830788,
  "129": 0.887656033287101,
  "130": 0.8890429958391121,
  "131": 0.8918169209431343,
  "132": 0.8932038834951453,
  "133": 0.8945908460471564,
  "134": 0.8959778085991675,
  "136": 0.8973647711511786,
  "137": 0.902912621359223,
  "138": 0.9070735090152563,
  "139": 0.9084604715672674,
  "141": 0.9112343966712896,
  "142": 0.9126213592233007,
  "143": 0.9181692094313451,
  "144": 0.9195561719833562,
  "146": 0.9223300970873783,
  "148": 0.9237170596393894,
  "149": 0.9251040221914005,
  "152": 0.9264909847434116,
  "153": 0.9375866851595004,
  "154": 0.9403606102635226,
  "156": 0.9431345353675448,
  "157": 0.9445214979195559,
  "158": 0.945908460471567,
  "159": 0.947295423023578,
  "160": 0.9542302357836335,
  "162": 0.9556171983356446,
  "163": 0.9570041608876557,
  "166": 0.9583911234396668,
  "167": 0.9597780859916779,
  "168": 0.961165048543689,
  "169": 0.9639389736477112,
  "172": 0.9653259361997223,
  "173": 0.9667128987517334,
  "175": 0.9680998613037445,
  "176": 0.9708737864077667,
  "177": 0.9722607489597778,
  "178": 0.9750346740638,
  "182": 0.9778085991678221,
  "183": 0.9791955617198332,
  "185": 0.9833564493758665,
  "186": 0.9861303744798887,
  "187": 0.9875173370318998,
  "190": 0.9889042995839109,
  "192": 0.990291262135922,
  "193": 0.9930651872399442,
  "195": 0.9944521497919553,
  "197": 0.9958391123439664,
  "198": 0.9986130374479886,
  "200": 0.9999999999999997
}