{
  "2": 0.036011080332409975,
  "3": 0.062326869806094184,
  "4": 0.10249307479224376,
  "5": 0.12742382271468145,
  "6": 0.15650969529085873,
  "7": 0.1925207756232687,
  "8": 0.22160664819944598,
  "9": 0.24792243767313019,
  "10": 0.2659279778393352,
  "11": 0.2811634349030471,
  "12": 0.2977839335180056,
  "13": 0.31578947368421056,
  "14": 0.33518005540166207,
  "15": 0.350415512465374,
  "16": 0.3711911357340721,
  "17": 0.3933518005540167,
  "18": 0.40720221606648205,
  "19": 0.4113573407202217,
  "20": 0.41828254847645435,
  "21": 0.43628808864265933,
  "22": 0.4529085872576178,
  "23": 0.45983379501385047,
  "24": 0.4750692520775624,
  "25": 0.48891966759002775,
  "26": 0.5013850415512466,
  "27": 0.5055401662049862,
  "28": 0.5193905817174516,
  "29": 0.5277008310249308,
  "30": 0.5387811634349031,
  "31": 0.5484764542936289,
  "32": 0.5567867036011082,
  "33": 0.5623268698060943,
  "34": 0.569252077562327,
  "35": 0.5831024930747923,
  "36": 0.5858725761772854,
  "37": 0.5927977839335181,
  "38": 0.6011080332409974,
  "39": 0.6080332409972301,
  "40": 0.6121883656509697,
  "41": 0.6204986149584489,
  "42": 0.623268698060942,
  "43": 0.6288088642659281,
  "44": 0.6329639889196677,
  "45": 0.6412742382271469,
  "46": 0.6537396121883657,
  "47": 0.6551246537396123,
  "48": 0.6592797783933518,
  "49": 0.6620498614958449,
  "50": 0.6634349030470914,
  "51": 0.6689750692520775,
  "52": 0.6717451523545706,
  "53": 0.6828254847645429,
  "54": 0.6897506925207756,
  "55": 0.6925207756232686,
  "56": 0.6939058171745152,
  "57": 0.6952908587257617,
  "58": 0.6966759002770082,
  "59": 0.7022160664819943,
  "60": 0.7049861495844874,
  "61": 0.7119113573407201,
  "62": 0.7146814404432131,
  "63": 0.7188365650969527,
  "64": 0.7243767313019388,
  "65": 0.7299168975069249,
  "66": 0.7382271468144042,
  "67": 0.7423822714681437,
  "68": 0.7465373961218833,
  "69": 0.7479224376731298,
  "70": 0.7534626038781159,
  "71": 0.7548476454293624,
  "72": 0.756232686980609,
  "73": 0.7617728531855951,
  "74": 0.7645429362880881,
  "75": 0.7659279778393346,
  "76": 0.7728531855955674,
  "77": 0.7742382271468139,
  "78": 0.7797783933518,
  "79": 0.7811634349030465,
  "80": 0.782548476454293,
  "81": 0.7853185595567861,
  "82": 0.7880886426592791,
  "83": 0.7922437673130187,
  "84": 0.7950138504155118,
  "85": 0.8005540166204979,
  "86": 0.8047091412742374,
  "87": 0.808864265927977,
  "88": 0.8102493074792235,
  "89": 0.81163434903047,
  "90": 0.8130193905817166,
  "91": 0.8157894736842096,
  "92": 0.8185595567867027,
  "93": 0.8199445983379492,
  "94": 0.8240997229916888,
  "95": 0.8254847645429353,
  "96": 0.8282548476454283,
  "97": 0.8337950138504144,
  "98": 0.835180055401661,
  "99": 0.837950138504154,
  "100": 0.8393351800554005,
  "101": 0.8421052631578936,
  "102": 0.8448753462603866,
  "103": 0.8476454293628797,
  "104": 0.8490304709141262,
  "105": 0.8518005540166192,
  "107": 0.8573407202216053,
  "108": 0.8601108033240984,
  "109": 0.8614958448753449,
  "110": 0.8628808864265914,
  "112": 0.8684210526315775,
  "113": 0.8698060941828241,
  "114": 0.8711911357340706,
  "115": 0.8739612188365636,
  "116": 0.8753462603878102,
  "117": 0.8767313019390567,
  "118": 0.887811634349029,
  "120": 0.8919667590027686,
  "121": 0.8947368421052616,
  "122": 0.8961218836565081,
  "123": 0.8988919667590012,
  "124": 0.9002770083102477,
  "125": 0.9016620498614942,
  "126": 0.9030470914127408,
  "127": 0.9044321329639873,
  "128": 0.9072022160664803,
  "129": 0.9099722991689734,
  "131": 0.9127423822714664,
  "132": 0.9155124653739595,
  "133": 0.916897506925206,
  "135": 0.919667590027699,
  "138": 0.9210526315789456,
  "140": 0.9224376731301921,
  "142": 0.9252077562326851,
  "143": 0.9279778393351782,
  "144": 0.9293628808864247,
  "145": 0.9307479224376712,
  "146": 0.9335180055401643,
  "147": 0.9362880886426573,
  "148": 0.9376731301939039,
  "149": 0.9390581717451504,
  "150": 0.9404432132963969,
  "153": 0.9418282548476434,
  "154": 0.9445983379501365,
  "155": 0.9473684210526295,
  "156": 0.9501385041551226,
  "158": 0.9515235457063691,
  "163": 0.9529085872576156,
  "164": 0.9542936288088621,
  "165": 0.9556786703601087,
  "166": 0.9570637119113552,
  "167": 0.9584487534626017,
  "168": 0.9612188365650948,
  "170": 0.9639889196675878,
  "171": 0.9653739612188343,
  "172": 0.9681440443213274,
  "173": 0.9709141274238204,
  "177": 0.9736842105263135,
  "178": 0.9778393351800531,
  "179": 0.9806094182825461,
  "180": 0.9819944598337926,
  "182": 0.9847645429362857,
  "186": 0.9861495844875322,
  "187": 0.9889196675900253,
  "188": 0.9916897506925183,
  "189": 0.9930747922437648,
  "190": 0.9944598337950113,
  "193": 0.9958448753462579,
  "197": 0.9972299168975044,
  "199": 0.9986149584487509,
  "200": 0.9999999999999974
}