{
  "2": 0.031135531135531136,
  "3": 0.07142857142857142,
  "4": 0.10989010989010989,
  "5": 0.1391941391941392,
  "6": 0.163003663003663,
  "7": 0.21062271062271062,
  "8": 0.23809523809523808,
  "9": 0.27106227106227104,
  "10": 0.315018315018315,
  "11": 0.326007326007326,
  "12": 0.3498168498168498,
  "13": 0.3626373626373626,
  "14": 0.3864468864468864,
  "15": 0.40842490842490836,
  "16": 0.42490842490842484,
  "17": 0.4487179487179487,
  "18": 0.46336996336996333,
  "19": 0.47619047619047616,
  "20": 0.4908424908424908,
  "21": 0.5018315018315018,
  "22": 0.5128205128205128,
  "23": 0.5366300366300366,
  "24": 0.5457875457875457,
  "25": 0.553113553113553,
  "26": 0.5714285714285714,
  "27": 0.5897435897435898,
  "28": 0.5970695970695971,
  "29": 0.6043956043956044,
  "30": 0.6172161172161171,
  "31": 0.6245421245421244,
  "32": 0.6355311355311354,
  "33": 0.6483516483516482,
  "34": 0.6611721611721609,
  "35": 0.6739926739926737,
  "36": 0.6794871794871792,
  "37": 0.6849816849816847,
  "38": 0.6886446886446883,
  "39": 0.6996336996336993,
  "40": 0.712454212454212,
  "41": 0.7252747252747248,
  "42": 0.7271062271062266,
  "43": 0.7344322344322339,
  "44": 0.7417582417582412,
  "45": 0.7509157509157504,
  "46": 0.7582417582417577,
  "47": 0.7637362637362631,
  "48": 0.7728937728937723,
  "49": 0.7747252747252741,
  "50": 0.7802197802197796,
  "51": 0.7893772893772887,
  "52": 0.7930402930402923,
  "53": 0.7948717948717942,
  "54": 0.796703296703296,
  "55": 0.8040293040293033,
  "56": 0.8186813186813179,
  "57": 0.8315018315018307,
  "58": 0.8351648351648343,
  "59": 0.8443223443223434,
  "60": 0.8498168498168489,
  "61": 0.8534798534798526,
  "62": 0.858974358974358,
  "63": 0.8681318681318672,
  "64": 0.8717948717948708,
  "65": 0.8736263736263726,
  "66": 0.8754578754578745,
  "67": 0.8772893772893763,
  "68": 0.8791208791208781,
  "70": 0.8846153846153836,
  "71": 0.8864468864468854,
  "73": 0.8882783882783872,
  "75": 0.8919413919413909,
  "76": 0.8956043956043945,
  "77": 0.8974358974358964,
  "79": 0.9029304029304018,
  "80": 0.9047619047619037,
  "81": 0.9084249084249073,
  "83": 0.9102564102564091,
  "84": 0.912087912087911,
  "86": 0.9139194139194128,
  "87": 0.9157509157509146,
  "88": 0.9194139194139183,
  "90": 0.9249084249084237,
  "91": 0.9304029304029292,
  "92": 0.932234432234431,
  "93": 0.9358974358974347,
  "94": 0.9377289377289365,
  "95": 0.9413919413919402,
  "96": 0.943223443223442,
  "97": 0.9450549450549438,
  "98": 0.9468864468864456,
  "99": 0.9523809523809511,
  "101": 0.9542124542124529,
  "102": 0.9560439560439548,
  "106": 0.9578754578754566,
  "107": 0.9597069597069584,
  "110": 0.9615384615384602,
  "112": 0.9633699633699621,
  "113": 0.9652014652014639,
  "116": 0.9670329670329657,
  "117": 0.9688644688644675,
  "118": 0.9706959706959694,
  "129": 0.9725274725274712,
  "132": 0.974358974358973,
  "134": 0.9761904761904748,
  "135": 0.9780219780219767,
  "137": 0.9798534798534785,
  "146": 0.9816849816849803,
  "149": 0.9835164835164821,
  "154": 0.985347985347984,
  "156": 0.9871794871794858,
  "158": 0.9908424908424894,
  "161": 0.9926739926739913,
  "168": 0.9945054945054931,
  "169": 0.9963369963369949,
  "175": 0.9981684981684967,
  "182": 0.9999999999999986
}