{
  "2": 0.061068702290076333,
  "3": 0.13994910941475827,
  "4": 0.21374045801526717,
  "5": 0.28498727735368956,
  "6": 0.3460559796437659,
  "7": 0.4631043256997455,
  "8": 0.4961832061068702,
  "9": 0.549618320610687,
  "10": 0.6030534351145038,
  "11": 0.633587786259542,
  "12": 0.6793893129770993,
  "13": 0.7404580152671756,
  "14": 0.7582697201017812,
  "15": 0.8040712468193384,
  "16": 0.8167938931297709,
  "17": 0.8244274809160305,
  "18": 0.8524173027989821,
  "19": 0.8651399491094146,
  "20": 0.8931297709923662,
  "21": 0.9007633587786258,
  "22": 0.9134860050890583,
  "23": 0.9287531806615774,
  "24": 0.9338422391857505,
  "25": 0.9389312977099236,
  "26": 0.9465648854961831,
  "28": 0.9541984732824427,
  "29": 0.9592875318066157,
  "30": 0.9643765903307888,
  "31": 0.9669211195928753,
  "33": 0.9694656488549618,
  "34": 0.9720101781170483,
  "35": 0.9745547073791347,
  "38": 0.9770992366412212,
  "39": 0.9796437659033077,
  "40": 0.9821882951653942,
  "46": 0.9847328244274807,
  "47": 0.9872773536895671,
  "48": 0.9898218829516536,
  "72": 0.9999999999999996,
  "55": 0.9923664122137401,
  "57": 0.9949109414758266,
  "63": 0.9974554707379131
}