{
  "2": 0.034858387799564274,
  "3": 0.10021786492374729,
  "4": 0.14814814814814817,
  "5": 0.1928104575163399,
  "6": 0.22331154684095864,
  "7": 0.26143790849673204,
  "8": 0.29302832244008714,
  "9": 0.3213507625272331,
  "10": 0.35947712418300654,
  "11": 0.39106753812636164,
  "12": 0.4084967320261438,
  "13": 0.42919389978213507,
  "14": 0.4553376906318083,
  "15": 0.4749455337690632,
  "16": 0.4891067538126362,
  "17": 0.5021786492374728,
  "18": 0.5174291938997821,
  "19": 0.5348583877995643,
  "20": 0.5511982570806101,
  "21": 0.570806100217865,
  "22": 0.5784313725490198,
  "23": 0.5893246187363836,
  "24": 0.6013071895424839,
  "25": 0.6165577342047932,
  "26": 0.6274509803921571,
  "27": 0.632897603485839,
  "28": 0.638344226579521,
  "29": 0.6481481481481484,
  "30": 0.6557734204793031,
  "31": 0.661220043572985,
  "32": 0.6688453159041398,
  "33": 0.68082788671024,
  "34": 0.6873638344226582,
  "35": 0.6928104575163402,
  "36": 0.6993464052287585,
  "37": 0.7058823529411767,
  "38": 0.7113289760348587,
  "39": 0.7200435729847497,
  "40": 0.7254901960784317,
  "41": 0.7342047930283228,
  "42": 0.740740740740741,
  "43": 0.7472766884531593,
  "44": 0.7494553376906321,
  "45": 0.7538126361655776,
  "46": 0.7592592592592595,
  "47": 0.763616557734205,
  "48": 0.7679738562091505,
  "49": 0.7701525054466233,
  "50": 0.7723311546840961,
  "51": 0.7799564270152508,
  "52": 0.7843137254901963,
  "53": 0.7897603485838782,
  "54": 0.7952069716775602,
  "55": 0.7995642701525056,
  "56": 0.8028322440087148,
  "57": 0.8050108932461876,
  "58": 0.8115468409586059,
  "59": 0.8137254901960786,
  "60": 0.8169934640522878,
  "61": 0.8257080610021789,
  "62": 0.8311546840958608,
  "63": 0.8333333333333336,
  "64": 0.8387799564270155,
  "65": 0.843137254901961,
  "66": 0.8442265795206974,
  "67": 0.8474945533769065,
  "68": 0.8496732026143793,
  "69": 0.8551198257080612,
  "70": 0.8594771241830067,
  "71": 0.8649237472766886,
  "72": 0.8671023965141614,
  "73": 0.8692810457516342,
  "75": 0.8725490196078434,
  "76": 0.8747276688453162,
  "77": 0.8779956427015253,
  "78": 0.8790849673202616,
  "79": 0.880174291938998,
  "81": 0.8823529411764708,
  "82": 0.8877995642701527,
  "83": 0.8921568627450982,
  "84": 0.8932461873638345,
  "85": 0.8965141612200437,
  "86": 0.89760348583878,
  "87": 0.9019607843137255,
  "88": 0.9030501089324618,
  "91": 0.9052287581699346,
  "92": 0.9074074074074074,
  "93": 0.9117647058823529,
  "94": 0.9139433551198257,
  "95": 0.9172113289760349,
  "97": 0.9193899782135077,
  "100": 0.9226579520697168,
  "101": 0.9237472766884531,
  "102": 0.9259259259259259,
  "103": 0.9270152505446623,
  "104": 0.9281045751633986,
  "105": 0.929193899782135,
  "107": 0.9313725490196078,
  "108": 0.9346405228758169,
  "109": 0.9368191721132897,
  "110": 0.9389978213507625,
  "112": 0.9411764705882353,
  "113": 0.9433551198257081,
  "114": 0.9455337690631809,
  "115": 0.9466230936819172,
  "117": 0.94880174291939,
  "118": 0.9498910675381264,
  "127": 0.9509803921568627,
  "128": 0.952069716775599,
  "129": 0.9542483660130718,
  "130": 0.9553376906318082,
  "132": 0.9586056644880173,
  "134": 0.9607843137254901,
  "136": 0.9618736383442265,
  "137": 0.9629629629629628,
  "140": 0.9640522875816991,
  "141": 0.9651416122004355,
  "142": 0.9662309368191718,
  "143": 0.9673202614379082,
  "145": 0.9684095860566445,
  "147": 0.9694989106753809,
  "148": 0.9705882352941172,
  "149": 0.9716775599128535,
  "150": 0.9738562091503263,
  "151": 0.9749455337690627,
  "153": 0.9771241830065355,
  "154": 0.9782135076252718,
  "156": 0.9793028322440082,
  "159": 0.9803921568627445,
  "160": 0.9814814814814808,
  "165": 0.9825708061002172,
  "168": 0.9836601307189535,
  "169": 0.9847494553376899,
  "170": 0.9858387799564262,
  "171": 0.9869281045751626,
  "174": 0.9880174291938989,
  "185": 0.9891067538126352,
  "192": 0.991285403050108,
  "193": 0.9934640522875808,
  "196": 0.9956427015250536,
  "198": 0.99673202614379,
  "199": 0.9989106753812628,
  "200": 0.9999999999999991
}