{
  "2": 0.03991811668372569,
  "3": 0.12589559877175027,
  "4": 0.1873080859774821,
  "5": 0.24872057318321394,
  "6": 0.2896622313203685,
  "7": 0.3295803480040942,
  "8": 0.37052200614124875,
  "9": 0.40429887410440124,
  "10": 0.4421699078812692,
  "11": 0.4616171954964176,
  "12": 0.47389969293756395,
  "13": 0.49744114636642783,
  "14": 0.5168884339815762,
  "15": 0.5301944728761515,
  "16": 0.5527123848515865,
  "17": 0.5721596724667348,
  "18": 0.586489252814739,
  "19": 0.6038894575230297,
  "20": 0.6161719549641761,
  "21": 0.6305015353121802,
  "22": 0.6376663254861823,
  "23": 0.6509723643807576,
  "24": 0.6622313203684751,
  "25": 0.6734902763561926,
  "26": 0.6827021494370524,
  "27": 0.6898669396110545,
  "28": 0.6929375639713411,
  "29": 0.6990788126919143,
  "30": 0.7052200614124875,
  "31": 0.709314227226203,
  "32": 0.716479017400205,
  "33": 0.724667349027636,
  "34": 0.7308085977482092,
  "35": 0.7369498464687824,
  "36": 0.7420675537359267,
  "37": 0.7482088024564999,
  "38": 0.7523029682702154,
  "39": 0.7533265097236442,
  "40": 0.7563971340839308,
  "41": 0.7594677584442174,
  "42": 0.7635619242579329,
  "43": 0.7686796315250772,
  "44": 0.7768679631525082,
  "45": 0.777891504605937,
  "46": 0.7809621289662236,
  "47": 0.7881269191402257,
  "48": 0.7901740020470834,
  "49": 0.7922210849539412,
  "50": 0.79324462640737,
  "51": 0.7942681678607989,
  "52": 0.7963152507676566,
  "53": 0.801432958034801,
  "54": 0.8055271238485164,
  "55": 0.808597748208803,
  "56": 0.8116683725690896,
  "57": 0.8147389969293762,
  "58": 0.816786079836234,
  "59": 0.8188331627430917,
  "60": 0.8208802456499494,
  "61": 0.8229273285568072,
  "62": 0.8280450358239515,
  "64": 0.8311156601842381,
  "65": 0.8341862845445247,
  "66": 0.8352098259979536,
  "67": 0.8362333674513824,
  "68": 0.8372569089048113,
  "69": 0.8382804503582402,
  "70": 0.8423746161719556,
  "71": 0.8433981576253845,
  "72": 0.8464687819856711,
  "73": 0.8495394063459577,
  "74": 0.8515864892528154,
  "75": 0.854657113613102,
  "76": 0.8556806550665309,
  "78": 0.8567041965199598,
  "79": 0.8577277379733886,
  "80": 0.8618219037871041,
  "81": 0.8638689866939618,
  "82": 0.8659160696008196,
  "84": 0.8689866939611062,
  "85": 0.870010235414535,
  "86": 0.8710337768679639,
  "87": 0.8720573183213928,
  "88": 0.8730808597748216,
  "89": 0.8741044012282505,
  "91": 0.8761514841351082,
  "92": 0.8771750255885371,
  "95": 0.878198567041966,
  "96": 0.8802456499488237,
  "97": 0.8812691914022526,
  "98": 0.8833162743091103,
  "99": 0.885363357215968,
  "100": 0.8884339815762546,
  "101": 0.8925281473899701,
  "103": 0.8945752302968278,
  "104": 0.8955987717502567,
  "106": 0.8966223132036856,
  "108": 0.8996929375639722,
  "109": 0.900716479017401,
  "111": 0.9017400204708299,
  "112": 0.9058341862845454,
  "113": 0.9068577277379742,
  "117": 0.9099283520982608,
  "118": 0.9119754350051186,
  "120": 0.9140225179119763,
  "121": 0.9170931422722629,
  "122": 0.9181166837256918,
  "123": 0.9191402251791206,
  "124": 0.9211873080859784,
  "126": 0.924257932446265,
  "127": 0.9252814738996938,
  "128": 0.9263050153531227,
  "130": 0.9273285568065516,
  "132": 0.9283520982599804,
  "134": 0.9324462640736959,
  "135": 0.9355168884339825,
  "136": 0.9365404298874114,
  "137": 0.9375639713408402,
  "138": 0.9385875127942691,
  "139": 0.939611054247698,
  "141": 0.9416581371545557,
  "142": 0.9447287615148423,
  "143": 0.9457523029682712,
  "144": 0.9467758444217,
  "145": 0.9488229273285578,
  "147": 0.9518935516888444,
  "148": 0.9529170931422732,
  "150": 0.954964176049131,
  "153": 0.9580348004094176,
  "156": 0.9590583418628464,
  "157": 0.9611054247697042,
  "158": 0.962128966223133,
  "159": 0.9651995905834196,
  "160": 0.9662231320368485,
  "161": 0.9672466734902774,
  "164": 0.9692937563971351,
  "166": 0.970317297850564,
  "167": 0.9713408393039928,
  "168": 0.9723643807574217,
  "169": 0.9733879222108506,
  "170": 0.9744114636642794,
  "171": 0.977482088024566,
  "174": 0.9785056294779949,
  "175": 0.9795291709314238,
  "176": 0.9805527123848526,
  "177": 0.9825997952917104,
  "178": 0.9846468781985681,
  "180": 0.9866939611054258,
  "181": 0.9877175025588547,
  "183": 0.9897645854657124,
  "184": 0.9907881269191413,
  "186": 0.992835209825999,
  "192": 0.9948822927328568,
  "193": 0.9959058341862856,
  "196": 0.9979529170931434,
  "199": 1.000000000000001
}