{
  "2": 0.04218106995884774,
  "3": 0.11419753086419754,
  "4": 0.17386831275720166,
  "5": 0.22839506172839508,
  "6": 0.2726337448559671,
  "7": 0.31378600823045266,
  "8": 0.3559670781893004,
  "9": 0.3868312757201646,
  "10": 0.42592592592592593,
  "11": 0.4506172839506173,
  "12": 0.4732510288065844,
  "13": 0.49074074074074076,
  "14": 0.5113168724279835,
  "15": 0.5339506172839505,
  "16": 0.5473251028806584,
  "17": 0.5658436213991769,
  "18": 0.5761316872427983,
  "19": 0.5884773662551439,
  "20": 0.6049382716049382,
  "21": 0.6172839506172838,
  "22": 0.6244855967078188,
  "23": 0.6347736625514402,
  "24": 0.6419753086419752,
  "25": 0.6502057613168722,
  "26": 0.6563786008230451,
  "27": 0.6584362139917694,
  "28": 0.6635802469135801,
  "30": 0.6718106995884772,
  "31": 0.6769547325102878,
  "32": 0.6820987654320985,
  "33": 0.6923868312757199,
  "34": 0.6975308641975305,
  "35": 0.700617283950617,
  "36": 0.7057613168724276,
  "37": 0.7129629629629626,
  "38": 0.7211934156378597,
  "39": 0.7273662551440325,
  "40": 0.7335390946502054,
  "41": 0.7366255144032918,
  "42": 0.7397119341563783,
  "43": 0.7417695473251026,
  "44": 0.7427983539094647,
  "45": 0.744855967078189,
  "46": 0.7479423868312755,
  "47": 0.7489711934156376,
  "48": 0.7499999999999997,
  "49": 0.752057613168724,
  "50": 0.7561728395061725,
  "51": 0.7602880658436211,
  "52": 0.7644032921810696,
  "54": 0.7705761316872425,
  "55": 0.7716049382716046,
  "57": 0.7736625514403289,
  "58": 0.7757201646090532,
  "59": 0.7798353909465018,
  "60": 0.7829218106995882,
  "61": 0.7860082304526746,
  "63": 0.7911522633744853,
  "64": 0.7921810699588474,
  "65": 0.796296296296296,
  "66": 0.7983539094650203,
  "67": 0.8004115226337446,
  "68": 0.803497942386831,
  "69": 0.8055555555555554,
  "70": 0.8096707818930039,
  "71": 0.8137860082304524,
  "72": 0.8189300411522631,
  "73": 0.8199588477366252,
  "74": 0.8220164609053495,
  "75": 0.8240740740740738,
  "76": 0.8271604938271603,
  "78": 0.8292181069958846,
  "79": 0.8302469135802467,
  "80": 0.8333333333333331,
  "81": 0.8343621399176953,
  "82": 0.8353909465020574,
  "83": 0.8374485596707817,
  "84": 0.8415637860082302,
  "85": 0.8436213991769546,
  "86": 0.8446502057613167,
  "87": 0.8456790123456788,
  "88": 0.8487654320987652,
  "90": 0.8539094650205759,
  "91": 0.8569958847736623,
  "92": 0.8590534979423866,
  "93": 0.862139917695473,
  "95": 0.8641975308641974,
  "96": 0.8662551440329217,
  "97": 0.868312757201646,
  "99": 0.8693415637860081,
  "100": 0.8713991769547325,
  "101": 0.8744855967078189,
  "103": 0.8765432098765432,
  "104": 0.8775720164609053,
  "105": 0.8796296296296297,
  "106": 0.8847736625514403,
  "107": 0.8858024691358024,
  "108": 0.8878600823045267,
  "110": 0.8888888888888888,
  "111": 0.8919753086419753,
  "112": 0.8960905349794238,
  "114": 0.8981481481481481,
  "115": 0.9002057613168725,
  "118": 0.9012345679012346,
  "119": 0.9032921810699589,
  "120": 0.904320987654321,
  "121": 0.9063786008230453,
  "122": 0.9094650205761318,
  "125": 0.9104938271604939,
  "127": 0.9125514403292182,
  "128": 0.9146090534979425,
  "129": 0.9156378600823046,
  "132": 0.9187242798353911,
  "133": 0.9218106995884775,
  "134": 0.9228395061728396,
  "135": 0.925925925925926,
  "136": 0.9269547325102881,
  "137": 0.9300411522633746,
  "138": 0.9310699588477367,
  "139": 0.9320987654320988,
  "141": 0.9331275720164609,
  "142": 0.9351851851851852,
  "143": 0.9362139917695473,
  "144": 0.9382716049382717,
  "145": 0.9393004115226338,
  "147": 0.9423868312757202,
  "148": 0.9434156378600823,
  "149": 0.9454732510288066,
  "150": 0.9465020576131687,
  "152": 0.9475308641975309,
  "153": 0.948559670781893,
  "154": 0.9506172839506173,
  "155": 0.9516460905349794,
  "156": 0.9557613168724279,
  "157": 0.9598765432098765,
  "161": 0.9609053497942386,
  "166": 0.9619341563786007,
  "167": 0.9629629629629628,
  "169": 0.9650205761316871,
  "170": 0.9681069958847736,
  "171": 0.9691358024691357,
  "173": 0.9701646090534978,
  "174": 0.9722222222222221,
  "175": 0.9753086419753085,
  "176": 0.9763374485596706,
  "181": 0.978395061728395,
  "184": 0.9794238683127571,
  "185": 0.9814814814814814,
  "186": 0.9825102880658435,
  "187": 0.9845679012345678,
  "188": 0.9855967078189299,
  "189": 0.986625514403292,
  "191": 0.9876543209876542,
  "192": 0.9907407407407406,
  "196": 0.9948559670781891,
  "197": 0.9958847736625512,
  "198": 0.9989711934156377,
  "199": 0.9999999999999998
}