{
  "2": 0.020905923344947737,
  "3": 0.08130081300813008,
  "4": 0.12311265969802555,
  "5": 0.15331010452961674,
  "6": 0.18350754936120792,
  "7": 0.20325203252032523,
  "8": 0.22648083623693382,
  "9": 0.24390243902439027,
  "10": 0.272938443670151,
  "11": 0.2984901277584205,
  "12": 0.32171893147502906,
  "13": 0.3391405342624855,
  "14": 0.3530778164924507,
  "15": 0.36701509872241583,
  "16": 0.37979094076655057,
  "17": 0.39721254355400704,
  "18": 0.41347270615563303,
  "19": 0.42624854819976776,
  "20": 0.44250871080139376,
  "21": 0.45063879210220675,
  "22": 0.4738675958188153,
  "23": 0.4878048780487805,
  "24": 0.4970963995354239,
  "25": 0.5063879210220673,
  "26": 0.5121951219512194,
  "27": 0.527293844367015,
  "28": 0.5412311265969801,
  "29": 0.5505226480836236,
  "30": 0.5574912891986062,
  "31": 0.5760743321718931,
  "32": 0.5818815331010452,
  "33": 0.5888501742160278,
  "34": 0.5958188153310104,
  "35": 0.5993031358885017,
  "36": 0.6097560975609756,
  "37": 0.6202090592334495,
  "38": 0.6248548199767712,
  "39": 0.6353077816492451,
  "40": 0.6387921022067363,
  "41": 0.6422764227642276,
  "42": 0.6457607433217188,
  "43": 0.6538908246225319,
  "44": 0.6550522648083623,
  "45": 0.6631823461091754,
  "46": 0.667828106852497,
  "47": 0.6724738675958187,
  "48": 0.6736353077816492,
  "49": 0.6794425087108013,
  "50": 0.6852497096399534,
  "52": 0.6910569105691055,
  "53": 0.6968641114982576,
  "54": 0.7015098722415792,
  "55": 0.7026713124274097,
  "56": 0.7049941927990705,
  "57": 0.7108013937282226,
  "58": 0.7166085946573747,
  "59": 0.720092915214866,
  "60": 0.7224157955865268,
  "61": 0.7270615563298485,
  "62": 0.7282229965156789,
  "63": 0.7293844367015093,
  "64": 0.7328687572590006,
  "65": 0.7363530778164918,
  "66": 0.7386759581881527,
  "67": 0.7456445993031353,
  "68": 0.7479674796747962,
  "69": 0.7526132404181178,
  "70": 0.7572590011614395,
  "71": 0.7653890824622526,
  "72": 0.7711962833914047,
  "73": 0.7758420441347263,
  "74": 0.7793263646922176,
  "75": 0.7828106852497089,
  "76": 0.7874564459930306,
  "77": 0.7932636469221827,
  "78": 0.7944250871080131,
  "79": 0.7979094076655043,
  "80": 0.802555168408826,
  "81": 0.8048780487804869,
  "82": 0.8072009291521477,
  "83": 0.8095238095238085,
  "84": 0.8130081300812998,
  "85": 0.8164924506387911,
  "86": 0.8211382113821127,
  "87": 0.8234610917537736,
  "88": 0.8292682926829257,
  "89": 0.8362369337979083,
  "90": 0.8455284552845518,
  "91": 0.8501742160278735,
  "92": 0.8524970963995343,
  "93": 0.8559814169570256,
  "95": 0.8583042973286864,
  "96": 0.8594657375145168,
  "97": 0.8629500580720081,
  "98": 0.8641114982578385,
  "99": 0.8664343786294993,
  "100": 0.8675958188153298,
  "101": 0.871080139372821,
  "102": 0.8722415795586514,
  "103": 0.8780487804878035,
  "104": 0.8803716608594644,
  "105": 0.8815331010452948,
  "107": 0.8850174216027861,
  "109": 0.8861788617886165,
  "111": 0.8885017421602773,
  "113": 0.8908246225319382,
  "114": 0.8943089430894294,
  "115": 0.8989547038327511,
  "116": 0.9001161440185815,
  "117": 0.901277584204412,
  "118": 0.9024390243902424,
  "119": 0.9047619047619032,
  "120": 0.9059233449477336,
  "121": 0.9082462253193945,
  "122": 0.9094076655052249,
  "123": 0.9128919860627162,
  "124": 0.9140534262485466,
  "128": 0.9163763066202074,
  "129": 0.9210220673635291,
  "130": 0.9221835075493595,
  "132": 0.9245063879210204,
  "133": 0.9268292682926812,
  "134": 0.9303135888501725,
  "135": 0.9326364692218333,
  "139": 0.9337979094076637,
  "140": 0.9349593495934941,
  "141": 0.937282229965155,
  "142": 0.9384436701509854,
  "143": 0.9419279907084767,
  "144": 0.9430894308943071,
  "145": 0.9442508710801375,
  "146": 0.9454123112659679,
  "147": 0.9477351916376288,
  "148": 0.9523809523809504,
  "150": 0.9547038327526113,
  "151": 0.9558652729384417,
  "152": 0.9605110336817634,
  "158": 0.9616724738675938,
  "159": 0.9639953542392546,
  "160": 0.9663182346109155,
  "162": 0.9674796747967459,
  "163": 0.9686411149825763,
  "167": 0.9698025551684067,
  "168": 0.9721254355400676,
  "169": 0.973286875725898,
  "170": 0.9744483159117284,
  "171": 0.9756097560975588,
  "172": 0.9779326364692197,
  "176": 0.9790940766550501,
  "179": 0.9802555168408805,
  "180": 0.981416957026711,
  "183": 0.9837398373983718,
  "184": 0.9849012775842022,
  "185": 0.987224157955863,
  "186": 0.9883855981416935,
  "187": 0.9895470383275239,
  "188": 0.9930313588850151,
  "190": 0.9941927990708456,
  "192": 0.995354239256676,
  "193": 0.9965156794425064,
  "196": 0.9976771196283368,
  "199": 0.9988385598141672,
  "200": 0.9999999999999977
}