{
  "2": 0.039936102236421724,
  "3": 0.08626198083067092,
  "4": 0.14057507987220447,
  "5": 0.18370607028753994,
  "6": 0.21405750798722045,
  "7": 0.2476038338658147,
  "8": 0.28753993610223644,
  "9": 0.3306709265175719,
  "10": 0.36421725239616615,
  "11": 0.38817891373801916,
  "12": 0.4057507987220447,
  "13": 0.4233226837060703,
  "14": 0.4440894568690096,
  "15": 0.46645367412140576,
  "16": 0.48562300319488816,
  "17": 0.5015974440894568,
  "18": 0.5143769968051117,
  "19": 0.535143769968051,
  "20": 0.5591054313099041,
  "21": 0.5766773162939296,
  "22": 0.5894568690095845,
  "23": 0.5990415335463257,
  "24": 0.608626198083067,
  "25": 0.6118210862619807,
  "26": 0.6261980830670926,
  "27": 0.634185303514377,
  "28": 0.6421725239616614,
  "29": 0.6533546325878594,
  "30": 0.6613418530351438,
  "31": 0.6677316293929713,
  "32": 0.6789137380191693,
  "33": 0.6884984025559105,
  "34": 0.6980830670926518,
  "35": 0.7140575079872205,
  "36": 0.7236421725239617,
  "37": 0.7300319488817891,
  "38": 0.7364217252396166,
  "39": 0.7460063897763578,
  "40": 0.7539936102236422,
  "41": 0.7651757188498403,
  "43": 0.768370607028754,
  "44": 0.7763578274760384,
  "45": 0.781150159744409,
  "46": 0.7843450479233228,
  "47": 0.7859424920127797,
  "48": 0.7891373801916934,
  "49": 0.7987220447284347,
  "50": 0.8019169329073484,
  "51": 0.8083067092651759,
  "52": 0.8178913738019171,
  "53": 0.819488817891374,
  "54": 0.8258785942492014,
  "55": 0.8290734824281152,
  "56": 0.832268370607029,
  "57": 0.8354632587859427,
  "58": 0.8370607028753996,
  "59": 0.8386581469648564,
  "60": 0.8450479233226839,
  "62": 0.8530351437699683,
  "63": 0.8578274760383389,
  "64": 0.8610223642172526,
  "65": 0.8642172523961664,
  "66": 0.8658146964856233,
  "67": 0.869009584664537,
  "68": 0.8738019169329077,
  "69": 0.8785942492012783,
  "70": 0.881789137380192,
  "71": 0.8833865814696489,
  "74": 0.8849840255591057,
  "75": 0.8865814696485625,
  "76": 0.89297124600639,
  "77": 0.8945686900958468,
  "78": 0.8961661341853037,
  "79": 0.8993610223642174,
  "80": 0.9009584664536743,
  "81": 0.9025559105431311,
  "82": 0.904153354632588,
  "84": 0.9057507987220448,
  "85": 0.9073482428115016,
  "87": 0.9105431309904154,
  "88": 0.9137380191693292,
  "89": 0.915335463258786,
  "90": 0.9169329073482428,
  "91": 0.9185303514376997,
  "93": 0.9217252396166135,
  "95": 0.9233226837060703,
  "96": 0.9249201277955271,
  "98": 0.926517571884984,
  "99": 0.9281150159744408,
  "102": 0.9297124600638976,
  "103": 0.9345047923322682,
  "105": 0.9361022364217251,
  "109": 0.9376996805111819,
  "113": 0.9392971246006387,
  "114": 0.9440894568690094,
  "116": 0.9456869009584662,
  "117": 0.947284345047923,
  "119": 0.9488817891373799,
  "120": 0.9504792332268367,
  "121": 0.9520766773162935,
  "124": 0.9536741214057504,
  "128": 0.9552715654952072,
  "130": 0.958466453674121,
  "131": 0.9600638977635778,
  "132": 0.9616613418530346,
  "136": 0.9632587859424915,
  "142": 0.9664536741214053,
  "144": 0.969648562300319,
  "145": 0.9712460063897759,
  "146": 0.9728434504792327,
  "147": 0.9744408945686895,
  "154": 0.9760383386581464,
  "155": 0.9776357827476032,
  "156": 0.980830670926517,
  "157": 0.9824281150159738,
  "162": 0.9856230031948876,
  "163": 0.9872204472843444,
  "165": 0.9888178913738013,
  "166": 0.9904153354632581,
  "169": 0.9920127795527149,
  "172": 0.9936102236421718,
  "180": 0.9952076677316286,
  "182": 0.9968051118210854,
  "184": 0.9984025559105423,
  "199": 0.9999999999999991
}