{
  "2": 0.012539184952978056,
  "3": 0.048066875653082555,
  "4": 0.07419017763845351,
  "5": 0.10553814002089865,
  "6": 0.12852664576802508,
  "7": 0.14315569487983282,
  "8": 0.15464994775339602,
  "9": 0.17763845350052246,
  "10": 0.19017763845350052,
  "11": 0.19958202716823406,
  "12": 0.219435736677116,
  "13": 0.2246603970741902,
  "14": 0.23719958202716826,
  "15": 0.2486938349007315,
  "16": 0.26227795193312436,
  "17": 0.27272727272727276,
  "18": 0.27899686520376177,
  "19": 0.28631138975966564,
  "20": 0.29467084639498436,
  "21": 0.31034482758620696,
  "22": 0.3187042842215257,
  "23": 0.3249738766980147,
  "24": 0.3333333333333334,
  "25": 0.3406478578892373,
  "26": 0.34482758620689663,
  "27": 0.3521421107628005,
  "28": 0.36154649947753403,
  "29": 0.36677115987460823,
  "30": 0.37304075235109724,
  "31": 0.37826541274817144,
  "32": 0.38662486938349017,
  "33": 0.39289446185997917,
  "34": 0.4012539184952979,
  "35": 0.4075235109717869,
  "36": 0.41588296760710564,
  "37": 0.42110762800417983,
  "38": 0.4284221525600837,
  "39": 0.4336468129571579,
  "40": 0.43782654127481724,
  "41": 0.44305120167189144,
  "42": 0.44618599791013597,
  "43": 0.4493207941483805,
  "44": 0.45350052246603983,
  "45": 0.45663531870428437,
  "46": 0.45872518286311403,
  "47": 0.4597701149425289,
  "48": 0.4629049111807734,
  "49": 0.47126436781609216,
  "50": 0.47753396029258116,
  "51": 0.48380355276907017,
  "52": 0.48589341692789983,
  "53": 0.49216300940438884,
  "54": 0.4932079414838037,
  "55": 0.49529780564263337,
  "56": 0.49738766980146304,
  "57": 0.5047021943573669,
  "58": 0.5088819226750262,
  "59": 0.5130616509926855,
  "61": 0.5161964472309301,
  "63": 0.5193312434691746,
  "64": 0.5224660397074191,
  "65": 0.5235109717868339,
  "66": 0.5256008359456636,
  "67": 0.529780564263323,
  "68": 0.5350052246603971,
  "69": 0.5391849529780565,
  "70": 0.5433646812957158,
  "71": 0.5464994775339603,
  "72": 0.5517241379310345,
  "74": 0.5559038662486938,
  "75": 0.561128526645768,
  "76": 0.5621734587251828,
  "77": 0.5663531870428421,
  "78": 0.5694879832810866,
  "79": 0.5715778474399164,
  "80": 0.5726227795193312,
  "81": 0.5747126436781609,
  "82": 0.5757575757575757,
  "83": 0.5788923719958202,
  "86": 0.579937304075235,
  "88": 0.5830721003134796,
  "89": 0.5851619644723093,
  "90": 0.5862068965517241,
  "91": 0.5882967607105538,
  "92": 0.5914315569487983,
  "93": 0.5935214211076281,
  "95": 0.5945663531870429,
  "96": 0.5966562173458726,
  "97": 0.5987460815047023,
  "98": 0.6018808777429469,
  "99": 0.6050156739811914,
  "100": 0.6081504702194359,
  "101": 0.6112852664576804,
  "102": 0.614420062695925,
  "103": 0.6165099268547547,
  "105": 0.6175548589341695,
  "107": 0.6185997910135843,
  "108": 0.6196447230929991,
  "109": 0.6227795193312436,
  "110": 0.6248693834900734,
  "111": 0.6269592476489031,
  "112": 0.6280041797283179,
  "113": 0.6300940438871476,
  "114": 0.6321839080459773,
  "116": 0.6342737722048071,
  "117": 0.6353187042842219,
  "119": 0.6363636363636367,
  "120": 0.6394984326018812,
  "121": 0.6415882967607109,
  "122": 0.6426332288401257,
  "124": 0.6436781609195406,
  "125": 0.6447230929989554,
  "126": 0.6468129571577851,
  "128": 0.6489028213166148,
  "129": 0.6499477533960296,
  "131": 0.6509926854754444,
  "132": 0.6530825496342741,
  "134": 0.6562173458725187,
  "136": 0.6593521421107632,
  "137": 0.6614420062695929,
  "138": 0.6645768025078375,
  "139": 0.667711598746082,
  "140": 0.6708463949843265,
  "141": 0.6718913270637413,
  "142": 0.6750261233019859,
  "143": 0.6781609195402304,
  "144": 0.6812957157784749,
  "145": 0.6823406478578897,
  "146": 0.6833855799373045,
  "148": 0.6865203761755491,
  "151": 0.6886102403343788,
  "154": 0.6896551724137936,
  "155": 0.6927899686520381,
  "156": 0.6959247648902827,
  "158": 0.6990595611285272,
  "159": 0.7011494252873569,
  "160": 0.7042842215256014,
  "161": 0.7063740856844312,
  "163": 0.7084639498432609,
  "164": 0.7105538140020906,
  "165": 0.7115987460815054,
  "166": 0.7126436781609202,
  "167": 0.713688610240335,
  "168": 0.7147335423197498,
  "170": 0.7157784743991646,
  "171": 0.7168234064785795,
  "172": 0.7189132706374092,
  "176": 0.7210031347962389,
  "177": 0.7220480668756537,
  "178": 0.7241379310344834,
  "179": 0.7251828631138982,
  "180": 0.726227795193313,
  "185": 0.7272727272727278,
  "186": 0.7293625914315576,
  "187": 0.7304075235109724,
  "188": 0.7314524555903872,
  "189": 0.732497387669802,
  "191": 0.7335423197492168,
  "192": 0.7345872518286316,
  "193": 0.7356321839080464,
  "196": 0.7366771159874612,
  "198": 0.737722048066876,
  "199": 0.7387669801462908,
  "200": 0.7398119122257056,
  "202": 0.7408568443051204,
  "203": 0.7419017763845352,
  "204": 0.7450365726227798,
  "207": 0.7460815047021946,
  "210": 0.7471264367816094,
  "215": 0.7492163009404391,
  "216": 0.7502612330198539,
  "217": 0.7513061650992687,
  "218": 0.7533960292580985,
  "219": 0.756530825496343,
  "220": 0.7575757575757578,
  "222": 0.7586206896551726,
  "224": 0.7596656217345874,
  "225": 0.7617554858934171,
  "226": 0.7628004179728319,
  "227": 0.7638453500522467,
  "229": 0.7648902821316615,
  "234": 0.7669801462904913,
  "235": 0.769070010449321,
  "236": 0.7701149425287358,
  "239": 0.7711598746081506,
  "240": 0.7722048066875654,
  "241": 0.7732497387669802,
  "244": 0.77533960292581,
  "245": 0.7763845350052248,
  "246": 0.7774294670846396,
  "247": 0.7784743991640544,
  "249": 0.7805642633228841,
  "251": 0.7826541274817138,
  "252": 0.7847439916405435,
  "256": 0.7857889237199583,
  "258": 0.7878787878787881,
  "260": 0.7910135841170326,
  "261": 0.7920585161964474,
  "262": 0.7931034482758622,
  "263": 0.7962382445141067,
  "264": 0.7972831765935215,
  "265": 0.7993730407523513,
  "266": 0.801462904911181,
  "267": 0.8035527690700107,
  "268": 0.8077324973876701,
  "269": 0.8098223615464998,
  "276": 0.8108672936259146,
  "278": 0.8119122257053294,
  "279": 0.8150470219435739,
  "281": 0.8171368861024036,
  "282": 0.8192267502612334,
  "283": 0.8213166144200631,
  "284": 0.8234064785788928,
  "286": 0.8244514106583076,
  "289": 0.8254963427377224,
  "292": 0.8265412748171372,
  "294": 0.827586206896552,
  "295": 0.8286311389759669,
  "296": 0.8296760710553817,
  "298": 0.8307210031347965,
  "302": 0.8317659352142113,
  "303": 0.8328108672936261,
  "304": 0.8349007314524558,
  "305": 0.8369905956112855,
  "306": 0.8380355276907003,
  "307": 0.8390804597701151,
  "308": 0.84012539184953,
  "309": 0.8432601880877745,
  "313": 0.8443051201671893,
  "315": 0.846394984326019,
  "316": 0.8474399164054338,
  "317": 0.8495297805642635,
  "321": 0.8516196447230933,
  "322": 0.8526645768025081,
  "325": 0.8537095088819229,
  "328": 0.8547544409613377,
  "331": 0.8557993730407525,
  "332": 0.8568443051201673,
  "335": 0.8578892371995821,
  "337": 0.8589341692789969,
  "338": 0.8610240334378266,
  "340": 0.8620689655172414,
  "342": 0.8631138975966562,
  "344": 0.865203761755486,
  "346": 0.8662486938349008,
  "348": 0.8693834900731453,
  "349": 0.871473354231975,
  "350": 0.8725182863113898,
  "355": 0.8735632183908046,
  "357": 0.8746081504702194,
  "360": 0.877742946708464,
  "365": 0.8798328108672937,
  "367": 0.8808777429467085,
  "368": 0.8829676071055382,
  "369": 0.884012539184953,
  "370": 0.8850574712643678,
  "371": 0.8861024033437827,
  "373": 0.8871473354231975,
  "375": 0.8892371995820272,
  "377": 0.890282131661442,
  "379": 0.8923719958202717,
  "382": 0.8934169278996865,
  "385": 0.8944618599791013,
  "387": 0.8955067920585161,
  "390": 0.8965517241379309,
  "395": 0.8986415882967607,
  "401": 0.9007314524555904,
  "402": 0.9017763845350052,
  "406": 0.90282131661442,
  "410": 0.9038662486938348,
  "412": 0.9049111807732496,
  "418": 0.9059561128526644,
  "420": 0.909090909090909,
  "422": 0.9101358411703238,
  "426": 0.9111807732497386,
  "428": 0.9122257053291534,
  "432": 0.9132706374085682,
  "434": 0.914315569487983,