{
  "2": 0.04777070063694268,
  "3": 0.1337579617834395,
  "4": 0.18683651804670914,
  "5": 0.24203821656050956,
  "6": 0.28343949044585987,
  "7": 0.321656050955414,
  "8": 0.35987261146496813,
  "9": 0.38535031847133755,
  "10": 0.41188959660297236,
  "11": 0.43949044585987257,
  "12": 0.47133757961783435,
  "13": 0.4957537154989384,
  "14": 0.5074309978768577,
  "15": 0.5276008492569002,
  "16": 0.5445859872611465,
  "17": 0.564755838641189,
  "18": 0.5828025477707006,
  "19": 0.6040339702760085,
  "20": 0.6199575371549894,
  "21": 0.6284501061571125,
  "22": 0.6358811040339702,
  "23": 0.6443736730360934,
  "24": 0.6581740976645435,
  "25": 0.6602972399150743,
  "26": 0.6698513800424628,
  "27": 0.6751592356687898,
  "28": 0.6804670912951167,
  "29": 0.6900212314225053,
  "30": 0.6963906581740976,
  "31": 0.7016985138004246,
  "32": 0.7059447983014862,
  "33": 0.7101910828025477,
  "34": 0.7176220806794055,
  "35": 0.7197452229299363,
  "36": 0.7239915074309978,
  "37": 0.7303609341825902,
  "38": 0.732484076433121,
  "39": 0.7346072186836518,
  "40": 0.7399150743099787,
  "41": 0.7420382165605095,
  "42": 0.7505307855626326,
  "43": 0.756900212314225,
  "44": 0.7579617834394904,
  "45": 0.7600849256900212,
  "46": 0.7653927813163481,
  "47": 0.7696390658174097,
  "48": 0.7717622080679405,
  "49": 0.7738853503184713,
  "50": 0.7760084925690021,
  "51": 0.7770700636942675,
  "52": 0.7876857749469214,
  "53": 0.791932059447983,
  "54": 0.7929936305732483,
  "55": 0.7951167728237791,
  "56": 0.7993630573248407,
  "57": 0.8014861995753715,
  "58": 0.8036093418259023,
  "59": 0.8046709129511677,
  "60": 0.8067940552016984,
  "61": 0.81104033970276,
  "62": 0.8142250530785562,
  "63": 0.8174097664543524,
  "65": 0.8216560509554139,
  "66": 0.8237791932059447,
  "67": 0.8280254777070063,
  "69": 0.8312101910828025,
  "71": 0.8343949044585987,
  "72": 0.8365180467091294,
  "73": 0.8375796178343948,
  "74": 0.840764331210191,
  "77": 0.8439490445859872,
  "78": 0.846072186836518,
  "79": 0.8471337579617834,
  "80": 0.8492569002123141,
  "81": 0.8513800424628449,
  "82": 0.8545647558386411,
  "83": 0.8577494692144373,
  "84": 0.8588110403397027,
  "86": 0.8609341825902335,
  "87": 0.8630573248407643,
  "88": 0.8641188959660296,
  "89": 0.8662420382165604,
  "91": 0.8683651804670912,
  "92": 0.8694267515923566,
  "93": 0.8726114649681528,
  "95": 0.875796178343949,
  "96": 0.8768577494692144,
  "98": 0.8779193205944797,
  "100": 0.8789808917197451,
  "103": 0.8811040339702759,
  "104": 0.8842887473460721,
  "105": 0.8853503184713375,
  "107": 0.8874734607218683,
  "108": 0.8895966029723991,
  "109": 0.8906581740976645,
  "110": 0.8917197452229298,
  "112": 0.8938428874734606,
  "114": 0.8959660297239914,
  "118": 0.8980891719745222,
  "119": 0.9012738853503184,
  "120": 0.9023354564755838,
  "121": 0.9044585987261146,
  "122": 0.90552016985138,
  "123": 0.9087048832271761,
  "124": 0.9097664543524415,
  "125": 0.9108280254777069,
  "126": 0.9129511677282377,
  "127": 0.9140127388535031,
  "128": 0.9150743099787685,
  "129": 0.9171974522292993,
  "130": 0.9203821656050954,
  "131": 0.9235668789808916,
  "134": 0.9256900212314224,
  "135": 0.9288747346072186,
  "136": 0.9320594479830148,
  "137": 0.9331210191082802,
  "139": 0.9352441613588109,
  "140": 0.9363057324840763,
  "142": 0.9373673036093417,
  "144": 0.9405520169851379,
  "148": 0.9426751592356687,
  "150": 0.9447983014861995,
  "152": 0.9469214437367303,
  "153": 0.949044585987261,
  "155": 0.9501061571125264,
  "156": 0.9511677282377918,
  "157": 0.9522292993630572,
  "159": 0.9532908704883226,
  "160": 0.954352441613588,
  "161": 0.9554140127388534,
  "162": 0.9575371549893842,
  "165": 0.959660297239915,
  "166": 0.9607218683651804,
  "167": 0.9617834394904458,
  "168": 0.9639065817409765,
  "170": 0.9660297239915073,
  "171": 0.9670912951167727,
  "173": 0.9692144373673035,
  "174": 0.9702760084925689,
  "175": 0.9713375796178343,
  "176": 0.9734607218683651,
  "177": 0.9766454352441613,
  "180": 0.978768577494692,
  "181": 0.9798301486199574,
  "182": 0.9830148619957536,
  "185": 0.9851380042462844,
  "188": 0.9883227176220806,
  "190": 0.989384288747346,
  "191": 0.9904458598726114,
  "192": 0.9915074309978767,
  "194": 0.9957537154989383,
  "195": 0.9978768577494691,
  "197": 0.9989384288747345,
  "199": 0.9999999999999999
}