{
  "2": 0.028081123244929798,
  "3": 0.0686427457098284,
  "4": 0.0982839313572543,
  "5": 0.1263650546021841,
  "6": 0.1513260530421217,
  "7": 0.1778471138845554,
  "8": 0.1950078003120125,
  "9": 0.2152886115444618,
  "10": 0.2418096723868955,
  "11": 0.26053042121684866,
  "12": 0.27301092043681746,
  "13": 0.28549141965678626,
  "14": 0.3073322932917317,
  "15": 0.33541341653666146,
  "16": 0.34321372854914195,
  "17": 0.35413416536661463,
  "18": 0.3697347893915756,
  "19": 0.3868954758190327,
  "20": 0.4024960998439937,
  "21": 0.4180967238689547,
  "22": 0.42901716068642737,
  "23": 0.43993759750390005,
  "24": 0.45709828393135715,
  "25": 0.46177847113884546,
  "26": 0.47113884555382207,
  "27": 0.4804992199687987,
  "28": 0.4945397815912636,
  "29": 0.500780031201248,
  "30": 0.5101404056162246,
  "31": 0.5257410296411856,
  "32": 0.5413416536661466,
  "33": 0.5585023400936037,
  "34": 0.5709828393135725,
  "35": 0.5741029641185648,
  "36": 0.5850234009360374,
  "37": 0.5975039001560063,
  "38": 0.6068642745709829,
  "39": 0.6177847113884556,
  "40": 0.6302652106084243,
  "41": 0.6396255850234009,
  "42": 0.6505460218408736,
  "43": 0.6583463338533542,
  "44": 0.6692667706708268,
  "45": 0.6755070202808112,
  "46": 0.6911076443057722,
  "47": 0.7004680187207488,
  "49": 0.7035881435257411,
  "50": 0.7082683307332294,
  "51": 0.717628705148206,
  "52": 0.7254290171606865,
  "54": 0.7269890795631826,
  "55": 0.7316692667706709,
  "56": 0.7379095163806553,
  "57": 0.7410296411856475,
  "58": 0.7441497659906398,
  "59": 0.747269890795632,
  "61": 0.7535101404056164,
  "62": 0.7597503900156007,
  "63": 0.764430577223089,
  "64": 0.7706708268330734,
  "65": 0.7815912636505461,
  "66": 0.7831513260530422,
  "67": 0.7909516380655227,
  "68": 0.8003120124804993,
  "69": 0.8049921996879876,
  "70": 0.8081123244929799,
  "71": 0.8096723868954759,
  "72": 0.8127925117004682,
  "73": 0.8237129485179409,
  "74": 0.8252730109204369,
  "75": 0.8315132605304213,
  "76": 0.8330733229329174,
  "77": 0.8346333853354134,
  "78": 0.8377535101404057,
  "79": 0.84399375975039,
  "80": 0.8471138845553823,
  "81": 0.8517940717628706,
  "82": 0.8595943837753511,
  "83": 0.8642745709828394,
  "84": 0.8658346333853355,
  "85": 0.8673946957878316,
  "86": 0.8736349453978159,
  "87": 0.875195007800312,
  "88": 0.8783151326053042,
  "89": 0.8861154446177848,
  "92": 0.889235569422777,
  "93": 0.8923556942277693,
  "94": 0.8939157566302653,
  "95": 0.8954758190327614,
  "96": 0.9001560062402497,
  "97": 0.903276131045242,
  "98": 0.904836193447738,
  "99": 0.9110764430577224,
  "100": 0.9126365054602185,
  "101": 0.9157566302652107,
  "102": 0.9173166926677068,
  "105": 0.9188767550702028,
  "107": 0.9204368174726989,
  "109": 0.9235569422776911,
  "110": 0.9266770670826834,
  "114": 0.9297971918876756,
  "115": 0.9313572542901717,
  "116": 0.9329173166926678,
  "117": 0.93603744149766,
  "118": 0.9407176287051483,
  "120": 0.9453978159126366,
  "121": 0.9469578783151327,
  "124": 0.9485179407176287,
  "129": 0.9500780031201248,
  "131": 0.953198127925117,
  "134": 0.9547581903276131,
  "135": 0.9563182527301092,
  "137": 0.9578783151326052,
  "138": 0.9625585023400935,
  "140": 0.9641185647425896,
  "141": 0.9656786271450857,
  "146": 0.9672386895475817,
  "148": 0.9687987519500778,
  "149": 0.9703588143525739,
  "150": 0.9750390015600622,
  "152": 0.9765990639625582,
  "153": 0.9781591263650543,
  "154": 0.9797191887675504,
  "156": 0.9812792511700464,
  "170": 0.9828393135725425,
  "172": 0.9843993759750386,
  "174": 0.9859594383775346,
  "178": 0.9875195007800307,
  "191": 0.9890795631825268,
  "196": 0.9906396255850228,
  "198": 0.9921996879875189,
  "466": 0.9999999999999992,
  "308": 0.9984399375975032,
  "258": 0.995319812792511,
  "295": 0.9968798751950071,
  "237": 0.993759750390015
}