{
  "2": 0.035453597497393116,
  "3": 0.1032325338894682,
  "4": 0.1470281543274244,
  "5": 0.19499478623566213,
  "6": 0.23670490093847757,
  "7": 0.2659019812304484,
  "8": 0.3034410844629823,
  "9": 0.3399374348279458,
  "10": 0.37539103232533894,
  "11": 0.4098018769551617,
  "12": 0.43274244004171014,
  "13": 0.46193952033368096,
  "14": 0.47653806047966635,
  "15": 0.4984358706986445,
  "16": 0.5234619395203337,
  "17": 0.5370177267987487,
  "18": 0.5589155370177268,
  "19": 0.5724713242961418,
  "20": 0.5870698644421272,
  "21": 0.6006256517205422,
  "22": 0.6141814389989572,
  "23": 0.6298227320125129,
  "24": 0.6371220020855056,
  "25": 0.6465067778936391,
  "26": 0.6569343065693429,
  "27": 0.6704900938477579,
  "28": 0.6736183524504691,
  "29": 0.6809176225234618,
  "30": 0.6892596454640249,
  "31": 0.6976016684045879,
  "32": 0.7017726798748695,
  "33": 0.705943691345151,
  "34": 0.7132429614181437,
  "35": 0.7215849843587068,
  "36": 0.7226277372262772,
  "37": 0.7236704900938475,
  "38": 0.7299270072992698,
  "39": 0.7340980187695514,
  "40": 0.7424400417101145,
  "41": 0.7445255474452552,
  "42": 0.7486965589155368,
  "43": 0.7507820646506775,
  "44": 0.7528675703858183,
  "45": 0.760166840458811,
  "46": 0.7643378519290925,
  "47": 0.7664233576642333,
  "49": 0.7674661105318037,
  "50": 0.7685088633993741,
  "51": 0.773722627737226,
  "52": 0.7778936392075075,
  "53": 0.7789363920750779,
  "54": 0.7799791449426483,
  "55": 0.7820646506777891,
  "56": 0.7862356621480706,
  "57": 0.7893639207507818,
  "58": 0.7914494264859225,
  "59": 0.7935349322210633,
  "60": 0.7945776850886337,
  "61": 0.7997914494264856,
  "62": 0.8039624608967672,
  "63": 0.8081334723670487,
  "64": 0.8123044838373302,
  "65": 0.814389989572471,
  "66": 0.8154327424400414,
  "67": 0.8164754953076118,
  "68": 0.8185610010427525,
  "69": 0.8216892596454637,
  "71": 0.8248175182481748,
  "72": 0.8258602711157452,
  "73": 0.8289885297184564,
  "74": 0.8321167883211675,
  "75": 0.8331595411887379,
  "76": 0.8373305526590195,
  "77": 0.8394160583941602,
  "78": 0.8425443169968714,
  "79": 0.8435870698644418,
  "80": 0.8456725755995825,
  "82": 0.8467153284671529,
  "83": 0.8477580813347233,
  "84": 0.8508863399374345,
  "85": 0.8561001042752864,
  "86": 0.8571428571428568,
  "87": 0.8602711157455679,
  "88": 0.8613138686131383,
  "89": 0.8644421272158495,
  "90": 0.8665276329509902,
  "91": 0.868613138686131,
  "93": 0.8696558915537014,
  "94": 0.8706986444212718,
  "96": 0.8748696558915533,
  "97": 0.8779979144942645,
  "98": 0.882168925964546,
  "100": 0.8852971845672571,
  "101": 0.8863399374348275,
  "102": 0.8884254431699683,
  "103": 0.8905109489051091,
  "104": 0.8925964546402498,
  "105": 0.8936392075078202,
  "106": 0.895724713242961,
  "108": 0.8978102189781018,
  "109": 0.9009384775808129,
  "111": 0.9019812304483833,
  "112": 0.9051094890510945,
  "113": 0.9071949947862352,
  "114": 0.9113660062565168,
  "115": 0.9134515119916575,
  "116": 0.9165797705943687,
  "117": 0.9186652763295095,
  "118": 0.9207507820646502,
  "119": 0.922836287799791,
  "120": 0.9249217935349318,
  "123": 0.9270072992700725,
  "124": 0.9280500521376429,
  "125": 0.9290928050052133,
  "126": 0.9322210636079244,
  "128": 0.9343065693430652,
  "129": 0.936392075078206,
  "130": 0.9374348279457764,
  "134": 0.9384775808133468,
  "136": 0.9416058394160579,
  "138": 0.9426485922836283,
  "140": 0.9447340980187691,
  "144": 0.9457768508863394,
  "145": 0.9468196037539098,
  "147": 0.9478623566214802,
  "148": 0.949947862356621,
  "152": 0.9509906152241914,
  "153": 0.9530761209593321,
  "154": 0.9541188738269025,
  "155": 0.9562043795620433,
  "157": 0.9572471324296137,
  "160": 0.9582898852971841,
  "161": 0.9593326381647544,
  "162": 0.9603753910323248,
  "163": 0.9624608967674656,
  "165": 0.963503649635036,
  "166": 0.9645464025026064,
  "167": 0.9666319082377471,
  "168": 0.9687174139728879,
  "169": 0.9697601668404583,
  "170": 0.9708029197080287,
  "171": 0.9728884254431694,
  "175": 0.9739311783107398,
  "176": 0.9749739311783102,
  "177": 0.977059436913451,
  "180": 0.9781021897810214,
  "184": 0.9791449426485918,
  "186": 0.9801876955161621,
  "187": 0.9822732012513029,
  "188": 0.9833159541188733,
  "190": 0.9864442127215844,
  "191": 0.9895724713242956,
  "192": 0.990615224191866,
  "194": 0.9916579770594364,
  "197": 0.9937434827945771,
  "198": 0.9968717413972883,
  "199": 0.9989572471324291,
  "200": 0.9999999999999994
}