{
  "2": 0.105,
  "3": 0.529,
  "4": 0.772,
  "5": 0.839,
  "6": 0.874,
  "7": 0.891,
  "8": 0.905,
  "9": 0.916,
  "10": 0.937,
  "11": 0.9420000000000001,
  "12": 0.9450000000000001,
  "13": 0.9500000000000001,
  "14": 0.9600000000000001,
  "15": 0.9610000000000001,
  "16": 0.9680000000000001,
  "17": 0.9740000000000001,
  "18": 0.9780000000000001,
  "19": 0.9830000000000001,
  "20": 0.9860000000000001,
  "21": 0.9890000000000001,
  "22": 0.9900000000000001,
  "23": 0.9920000000000001,
  "24": 0.9930000000000001,
  "25": 0.9940000000000001,
  "26": 0.9970000000000001,
  "27": 0.9980000000000001,
  "33": 0.9990000000000001,
  "36": 1.0
}