{
  "2": 0.105,
  "3": 0.542,
  "4": 0.758,
  "5": 0.844,
  "6": 0.886,
  "7": 0.914,
  "8": 0.934,
  "9": 0.9470000000000001,
  "10": 0.9540000000000001,
  "11": 0.9640000000000001,
  "12": 0.9670000000000001,
  "13": 0.9710000000000001,
  "14": 0.9740000000000001,
  "15": 0.9780000000000001,
  "16": 0.9800000000000001,
  "17": 0.9830000000000001,
  "18": 0.9840000000000001,
  "19": 0.9870000000000001,
  "20": 0.9880000000000001,
  "21": 0.9890000000000001,
  "23": 0.9910000000000001,
  "24": 0.9920000000000001,
  "27": 0.9940000000000001,
  "29": 0.9950000000000001,
  "32": 0.9960000000000001,
  "34": 0.9970000000000001,
  "39": 0.9980000000000001,
  "40": 0.9990000000000001,
  "61": 1.0
}