{
  "2": 0.04016477857878476,
  "3": 0.12358393408856849,
  "4": 0.18331616889804325,
  "5": 0.23583934088568487,
  "6": 0.2729145211122554,
  "7": 0.30484037075180226,
  "8": 0.3316168898043254,
  "9": 0.3728115345005149,
  "10": 0.39958805355303806,
  "11": 0.4243048403707518,
  "12": 0.44799176107106076,
  "13": 0.4737384140061792,
  "14": 0.4974253347064882,
  "15": 0.5128733264675592,
  "16": 0.5314109165808445,
  "17": 0.5427394438722966,
  "18": 0.5509783728115345,
  "19": 0.5715756951596292,
  "20": 0.5849639546858908,
  "21": 0.592173017507724,
  "22": 0.6035015447991761,
  "23": 0.6179196704428424,
  "24": 0.6251287332646756,
  "25": 0.6302780638516993,
  "26": 0.6426364572605561,
  "27": 0.6529351184346035,
  "28": 0.6611740473738414,
  "29": 0.6652935118434604,
  "30": 0.6704428424304841,
  "31": 0.6735324407826984,
  "32": 0.6797116374871268,
  "33": 0.6838311019567458,
  "34": 0.6920700308959837,
  "35": 0.6930998970133885,
  "36": 0.695159629248198,
  "37": 0.7013388259526264,
  "38": 0.7106076210092691,
  "39": 0.7126673532440786,
  "40": 0.7167868177136976,
  "41": 0.722966014418126,
  "42": 0.7260556127703403,
  "43": 0.7322348094747687,
  "44": 0.7332646755921735,
  "45": 0.7373841400617924,
  "46": 0.7415036045314114,
  "47": 0.7466529351184351,
  "48": 0.7476828012358399,
  "49": 0.7487126673532446,
  "50": 0.7518022657054588,
  "51": 0.7528321318228636,
  "52": 0.7538619979402683,
  "53": 0.7548918640576731,
  "55": 0.7569515962924825,
  "56": 0.7579814624098873,
  "57": 0.7651905252317205,
  "58": 0.7662203913491252,
  "60": 0.7693099897013395,
  "61": 0.7723995880535537,
  "62": 0.7765190525231727,
  "63": 0.7826982492276011,
  "64": 0.7837281153450059,
  "65": 0.7847579814624106,
  "66": 0.7878475798146248,
  "67": 0.7919670442842438,
  "68": 0.7929969104016485,
  "69": 0.7960865087538628,
  "70": 0.8002059732234817,
  "72": 0.8012358393408865,
  "74": 0.8043254376931007,
  "75": 0.8063851699279102,
  "76": 0.8115345005149339,
  "77": 0.8156539649845529,
  "78": 0.8197734294541719,
  "79": 0.8228630278063861,
  "80": 0.8300720906282193,
  "81": 0.8341915550978383,
  "83": 0.8372811534500525,
  "84": 0.839340885684862,
  "85": 0.843460350154481,
  "86": 0.8444902162718857,
  "87": 0.8486096807415047,
  "88": 0.8516992790937189,
  "89": 0.8558187435633379,
  "90": 0.8578784757981474,
  "92": 0.8599382080329568,
  "93": 0.8630278063851711,
  "95": 0.8640576725025758,
  "96": 0.8661174047373853,
  "97": 0.86714727085479,
  "99": 0.8692070030895995,
  "100": 0.8743563336766232,
  "102": 0.875386199794028,
  "103": 0.8774459320288375,
  "104": 0.8784757981462422,
  "105": 0.8805355303810517,
  "106": 0.8836251287332659,
  "107": 0.8877445932028849,
  "108": 0.8918640576725039,
  "109": 0.8939237899073134,
  "111": 0.8959835221421228,
  "112": 0.8970133882595276,
  "113": 0.8980432543769323,
  "114": 0.9011328527291466,
  "115": 0.903192584963956,
  "116": 0.907312049433575,
  "117": 0.9124613800205987,
  "118": 0.9134912461380035,
  "119": 0.9145211122554082,
  "120": 0.9165808444902177,
  "123": 0.9196704428424319,
  "124": 0.9217301750772414,
  "126": 0.9248197734294556,
  "127": 0.9258496395468604,
  "129": 0.9279093717816699,
  "130": 0.9299691040164794,
  "136": 0.9330587023686936,
  "137": 0.9351184346035031,
  "139": 0.9361483007209078,
  "140": 0.9371781668383126,
  "142": 0.939237899073122,
  "143": 0.9402677651905268,
  "144": 0.9443872296601458,
  "145": 0.9454170957775505,
  "146": 0.9485066941297647,
  "147": 0.9495365602471695,
  "148": 0.951596292481979,
  "149": 0.9526261585993837,
  "150": 0.9536560247167885,
  "151": 0.9546858908341932,
  "153": 0.9577754891864074,
  "154": 0.9608650875386217,
  "155": 0.9618949536560264,
  "156": 0.9629248197734311,
  "157": 0.9639546858908359,
  "158": 0.9649845520082406,
  "160": 0.9660144181256454,
  "161": 0.9680741503604549,
  "162": 0.9701338825952643,
  "163": 0.9721936148300738,
  "165": 0.9732234809474786,
  "166": 0.9752832131822881,
  "168": 0.9763130792996928,
  "170": 0.9804325437693118,
  "171": 0.9814624098867165,
  "173": 0.9824922760041213,
  "175": 0.983522142121526,
  "176": 0.9845520082389307,
  "177": 0.9855818743563355,
  "178": 0.9866117404737402,
  "179": 0.9886714727085497,
  "181": 0.9897013388259545,
  "182": 0.9907312049433592,
  "183": 0.9917610710607639,
  "184": 0.9927909371781687,
  "186": 0.9938208032955734,
  "187": 0.9948506694129782,
  "190": 0.9958805355303829,
  "191": 0.9979402677651924,
  "192": 0.9989701338825971,
  "195": 1.0000000000000018
}