{
  "2": 0.05966277561608301,
  "3": 0.185473411154345,
  "4": 0.24383916990920884,
  "5": 0.30479896238651105,
  "6": 0.33722438391699094,
  "7": 0.3605706874189365,
  "8": 0.390402075226978,
  "9": 0.40985732814526593,
  "10": 0.4526588845654994,
  "11": 0.47081712062256814,
  "12": 0.49286640726329445,
  "13": 0.5175097276264592,
  "14": 0.5447470817120623,
  "15": 0.5940337224383918,
  "16": 0.6381322957198444,
  "17": 0.6601815823605708,
  "18": 0.6900129701686123,
  "19": 0.7068741893644619,
  "20": 0.714656290531777,
  "21": 0.7302204928664073,
  "22": 0.7496757457846953,
  "23": 0.7548638132295721,
  "24": 0.7587548638132297,
  "25": 0.7600518806744488,
  "26": 0.7652399481193256,
  "27": 0.7717250324254216,
  "28": 0.7795071335927367,
  "29": 0.7859922178988327,
  "30": 0.8002594033722438,
  "31": 0.8080415045395589,
  "32": 0.8145265888456549,
  "33": 0.8261997405966276,
  "34": 0.8326848249027236,
  "35": 0.8391699092088195,
  "36": 0.849546044098573,
  "37": 0.8547341115434498,
  "38": 0.8612191958495458,
  "39": 0.8651102464332033,
  "40": 0.8690012970168609,
  "41": 0.8702983138780801,
  "42": 0.8741893644617377,
  "43": 0.876783398184176,
  "44": 0.8845654993514912,
  "45": 0.8858625162127104,
  "46": 0.8975356679636831,
  "47": 0.9014267185473407,
  "48": 0.9053177691309983,
  "49": 0.9066147859922175,
  "50": 0.9092088197146558,
  "51": 0.9118028534370942,
  "52": 0.9195849546044094,
  "53": 0.9247730220492861,
  "54": 0.9286640726329437,
  "56": 0.9338521400778205,
  "57": 0.9364461738002589,
  "58": 0.9390402075226972,
  "60": 0.9403372243839164,
  "61": 0.9455252918287932,
  "62": 0.9481193255512316,
  "63": 0.9494163424124508,
  "64": 0.95071335927367,
  "65": 0.9546044098573275,
  "66": 0.9610894941634235,
  "68": 0.9649805447470811,
  "69": 0.9675745784695194,
  "70": 0.9701686121919578,
  "71": 0.9727626459143962,
  "72": 0.9753566796368346,
  "74": 0.9792477302204922,
  "76": 0.9831387808041497,
  "80": 0.9857328145265881,
  "81": 0.9870298313878073,
  "83": 0.9883268482490265,
  "84": 0.9896238651102457,
  "86": 0.9909208819714649,
  "87": 0.9922178988326841,
  "91": 0.9948119325551225,
  "92": 0.9961089494163416,
  "93": 0.9974059662775608,
  "96": 0.99870298313878,
  "103": 0.9999999999999992
}