{
  "2": 0.05181347150259067,
  "3": 0.10362694300518134,
  "4": 0.16580310880829013,
  "5": 0.17616580310880828,
  "6": 0.21243523316062174,
  "7": 0.25388601036269426,
  "8": 0.30051813471502586,
  "9": 0.32124352331606215,
  "10": 0.38341968911917096,
  "11": 0.39896373056994816,
  "12": 0.4404145077720207,
  "13": 0.4715025906735751,
  "14": 0.49222797927461137,
  "15": 0.5077720207253886,
  "16": 0.5181347150259068,
  "17": 0.5440414507772021,
  "18": 0.5647668393782384,
  "19": 0.5854922279792746,
  "20": 0.6062176165803108,
  "21": 0.616580310880829,
  "22": 0.6321243523316062,
  "23": 0.6424870466321244,
  "24": 0.6683937823834197,
  "25": 0.694300518134715,
  "26": 0.7150259067357513,
  "27": 0.7305699481865284,
  "28": 0.7564766839378237,
  "30": 0.7720207253886009,
  "31": 0.7927461139896371,
  "32": 0.8031088082901553,
  "33": 0.8134715025906735,
  "35": 0.8290155440414506,
  "39": 0.8341968911917097,
  "40": 0.8393782383419688,
  "41": 0.8445595854922279,
  "42": 0.8652849740932641,
  "43": 0.8756476683937823,
  "44": 0.8860103626943004,
  "45": 0.8963730569948186,
  "46": 0.9015544041450777,
  "47": 0.9067357512953368,
  "49": 0.9119170984455959,
  "54": 0.917098445595855,
  "56": 0.922279792746114,
  "59": 0.9274611398963731,
  "60": 0.9326424870466322,
  "63": 0.9378238341968913,
  "65": 0.9430051813471504,
  "67": 0.9533678756476686,
  "74": 0.9585492227979276,
  "75": 0.9637305699481867,
  "78": 0.9689119170984458,
  "83": 0.9740932642487049,
  "87": 0.979274611398964,
  "89": 0.9844559585492231,
  "90": 0.9896373056994822,
  "104": 0.9948186528497412,
  "138": 1.0000000000000002
}