{
  "2": 0.012875536480686695,
  "3": 0.045779685264663805,
  "4": 0.09155937052932761,
  "5": 0.13161659513590845,
  "6": 0.16309012875536483,
  "7": 0.18311874105865525,
  "8": 0.20028612303290416,
  "9": 0.2174535050071531,
  "10": 0.23748211731044352,
  "11": 0.2589413447782547,
  "12": 0.2818311874105866,
  "13": 0.2947067238912733,
  "14": 0.3118741058655222,
  "15": 0.31902718168812594,
  "16": 0.33333333333333337,
  "17": 0.3476394849785408,
  "18": 0.357653791130186,
  "19": 0.3733905579399142,
  "20": 0.38340486409155944,
  "21": 0.39771101573676687,
  "22": 0.41344778254649506,
  "23": 0.42203147353361953,
  "24": 0.4277539341917025,
  "25": 0.4377682403433477,
  "26": 0.45207439198855515,
  "27": 0.4649499284692418,
  "28": 0.4706723891273248,
  "29": 0.4735336194563663,
  "30": 0.4835479256080115,
  "31": 0.492131616595136,
  "32": 0.5007153075822605,
  "33": 0.503576537911302,
  "34": 0.5078683834048642,
  "35": 0.5135908440629472,
  "36": 0.5221745350500716,
  "37": 0.5264663805436338,
  "38": 0.5321888412017168,
  "39": 0.5407725321888412,
  "40": 0.5493562231759657,
  "41": 0.5536480686695279,
  "42": 0.5593705293276109,
  "43": 0.5665236051502146,
  "44": 0.575107296137339,
  "45": 0.5779685264663805,
  "46": 0.5865522174535049,
  "47": 0.5908440629470672,
  "48": 0.5965665236051502,
  "50": 0.6022889842632332,
  "51": 0.6123032904148784,
  "52": 0.6137339055793991,
  "53": 0.6180257510729613,
  "54": 0.6266094420600857,
  "55": 0.6337625178826894,
  "56": 0.6437768240343347,
  "57": 0.6466380543633762,
  "58": 0.6509298998569384,
  "59": 0.6580829756795421,
  "60": 0.6609442060085836,
  "61": 0.669527896995708,
  "62": 0.6709585121602287,
  "63": 0.6781115879828324,
  "64": 0.6824034334763946,
  "65": 0.6909871244635191,
  "66": 0.6952789699570813,
  "67": 0.6995708154506435,
  "68": 0.7067238912732472,
  "70": 0.7095851216022887,
  "71": 0.7138769670958509,
  "72": 0.7181688125894131,
  "73": 0.7210300429184546,
  "74": 0.7267525035765376,
  "75": 0.7310443490700999,
  "76": 0.7339055793991414,
  "77": 0.7381974248927036,
  "78": 0.7453505007153073,
  "79": 0.7496423462088695,
  "80": 0.7510729613733902,
  "81": 0.7539341917024317,
  "82": 0.7610872675250354,
  "83": 0.7625178826895561,
  "84": 0.7639484978540768,
  "85": 0.7668097281831183,
  "87": 0.7711015736766805,
  "88": 0.7725321888412012,
  "89": 0.7753934191702427,
  "90": 0.7768240343347634,
  "91": 0.7825464949928465,
  "92": 0.785407725321888,
  "93": 0.7882689556509295,
  "94": 0.7896995708154502,
  "95": 0.7911301859799709,
  "96": 0.7939914163090124,
  "97": 0.7968526466380539,
  "98": 0.7997138769670954,
  "99": 0.8040057224606576,
  "100": 0.8054363376251783,
  "101": 0.8097281831187405,
  "103": 0.812589413447782,
  "105": 0.8154506437768235,
  "106": 0.818311874105865,
  "107": 0.8211731044349065,
  "108": 0.8254649499284687,
  "109": 0.8268955650929894,
  "110": 0.8326180257510725,
  "112": 0.835479256080114,
  "114": 0.8383404864091555,
  "115": 0.8440629470672385,
  "116": 0.8454935622317592,
  "117": 0.8469241773962799,
  "119": 0.8483547925608006,
  "120": 0.8497854077253213,
  "121": 0.851216022889842,
  "122": 0.8540772532188835,
  "123": 0.856938483547925,
  "124": 0.8597997138769665,
  "125": 0.8612303290414872,
  "126": 0.8640915593705287,
  "127": 0.8669527896995702,
  "128": 0.8698140200286117,
  "129": 0.8712446351931324,
  "130": 0.8726752503576531,
  "131": 0.8741058655221738,
  "132": 0.8769670958512154,
  "133": 0.8798283261802569,
  "135": 0.8826895565092984,
  "137": 0.8855507868383399,
  "138": 0.8869814020028606,
  "139": 0.8912732474964228,
  "140": 0.8927038626609435,
  "141": 0.8941344778254642,
  "142": 0.8955650929899849,
  "143": 0.8984263233190264,
  "146": 0.8998569384835471,
  "147": 0.9027181688125886,
  "148": 0.9055793991416301,
  "150": 0.9070100143061508,
  "151": 0.911301859799713,
  "152": 0.9127324749642337,
  "153": 0.9141630901287544,
  "154": 0.9184549356223166,
  "155": 0.9198855507868373,
  "157": 0.9227467811158788,
  "159": 0.9241773962803995,
  "160": 0.9284692417739617,
  "161": 0.9298998569384824,
  "162": 0.9341917024320446,
  "163": 0.9370529327610861,
  "165": 0.9384835479256068,
  "166": 0.942775393419169,
  "167": 0.9456366237482106,
  "168": 0.9484978540772521,
  "169": 0.9499284692417728,
  "171": 0.954220314735335,
  "172": 0.9570815450643765,
  "173": 0.959942775393418,
  "175": 0.9613733905579387,
  "176": 0.9628040057224594,
  "177": 0.9670958512160216,
  "178": 0.9685264663805423,
  "179": 0.9713876967095838,
  "180": 0.9771101573676668,
  "183": 0.9785407725321875,
  "185": 0.9799713876967082,
  "188": 0.9842632331902704,
  "189": 0.9871244635193119,
  "190": 0.9899856938483534,
  "194": 0.992846924177395,
  "196": 0.9942775393419157,
  "197": 0.9957081545064363,
  "198": 0.997138769670957,
  "199": 0.9985693848354777,
  "200": 0.9999999999999984
}