{
  "2": 0.109,
  "3": 0.555,
  "4": 0.7470000000000001,
  "5": 0.8280000000000001,
  "6": 0.8730000000000001,
  "7": 0.8950000000000001,
  "8": 0.9200000000000002,
  "9": 0.9400000000000002,
  "10": 0.9490000000000002,
  "11": 0.9540000000000002,
  "12": 0.9590000000000002,
  "13": 0.9610000000000002,
  "14": 0.9660000000000002,
  "15": 0.9690000000000002,
  "16": 0.9710000000000002,
  "17": 0.9740000000000002,
  "18": 0.9760000000000002,
  "19": 0.9790000000000002,
  "20": 0.9800000000000002,
  "21": 0.9820000000000002,
  "23": 0.9860000000000002,
  "24": 0.9880000000000002,
  "25": 0.9890000000000002,
  "27": 0.9900000000000002,
  "28": 0.9910000000000002,
  "29": 0.9920000000000002,
  "32": 0.9930000000000002,
  "33": 0.9940000000000002,
  "34": 0.9950000000000002,
  "35": 0.9960000000000002,
  "39": 0.9970000000000002,
  "43": 0.9980000000000002,
  "46": 0.9990000000000002,
  "54": 1.0000000000000002
}