{
  "2": 0.03719599427753934,
  "3": 0.07010014306151646,
  "4": 0.09155937052932762,
  "5": 0.13161659513590845,
  "6": 0.16165951359084407,
  "7": 0.1816881258941345,
  "8": 0.20171673819742492,
  "9": 0.22031473533619458,
  "10": 0.24177396280400573,
  "11": 0.2560801144492132,
  "12": 0.27753934191702434,
  "13": 0.2947067238912733,
  "14": 0.3118741058655222,
  "15": 0.3276108726752504,
  "16": 0.34477825464949935,
  "17": 0.3619456366237483,
  "18": 0.37482117310443497,
  "19": 0.39484978540772536,
  "20": 0.41058655221745355,
  "21": 0.4220314735336195,
  "22": 0.4320457796852647,
  "23": 0.4420600858369099,
  "24": 0.4506437768240344,
  "25": 0.4606580829756796,
  "26": 0.4692417739628041,
  "27": 0.48068669527897,
  "28": 0.4992846924177397,
  "29": 0.5092989985693849,
  "30": 0.5164520743919886,
  "31": 0.5264663805436338,
  "32": 0.5393419170243205,
  "33": 0.5507868383404865,
  "34": 0.5522174535050072,
  "35": 0.5622317596566524,
  "36": 0.5693848354792561,
  "37": 0.580829756795422,
  "38": 0.5822603719599427,
  "39": 0.5879828326180258,
  "40": 0.597997138769671,
  "41": 0.6022889842632332,
  "42": 0.6051502145922747,
  "43": 0.6065808297567954,
  "44": 0.6123032904148784,
  "45": 0.6223175965665236,
  "46": 0.6280400572246067,
  "47": 0.6337625178826897,
  "48": 0.6351931330472104,
  "49": 0.6380543633762519,
  "50": 0.6494992846924178,
  "51": 0.65379113018598,
  "52": 0.6580829756795422,
  "53": 0.6623748211731044,
  "54": 0.6666666666666666,
  "55": 0.6709585121602288,
  "56": 0.6738197424892703,
  "57": 0.6809728183118741,
  "58": 0.6852646638054363,
  "59": 0.6938483547925607,
  "60": 0.6952789699570814,
  "61": 0.7010014306151644,
  "62": 0.7038626609442059,
  "63": 0.7138769670958511,
  "64": 0.7195994277539342,
  "65": 0.7253218884120172,
  "66": 0.7310443490701002,
  "67": 0.7324749642346209,
  "68": 0.7381974248927039,
  "70": 0.7424892703862661,
  "71": 0.7453505007153076,
  "72": 0.7525035765379113,
  "73": 0.7582260371959944,
  "74": 0.7668097281831188,
  "75": 0.7725321888412018,
  "76": 0.776824034334764,
  "77": 0.7796852646638055,
  "78": 0.7811158798283262,
  "79": 0.7825464949928469,
  "80": 0.7868383404864091,
  "82": 0.7911301859799713,
  "83": 0.7954220314735335,
  "84": 0.8011444921316165,
  "85": 0.8054363376251787,
  "86": 0.8082975679542203,
  "87": 0.809728183118741,
  "88": 0.8111587982832617,
  "89": 0.8125894134477823,
  "90": 0.814020028612303,
  "91": 0.8211731044349068,
  "92": 0.825464949928469,
  "93": 0.8297567954220312,
  "94": 0.8354792560801142,
  "95": 0.8397711015736764,
  "96": 0.8469241773962801,
  "98": 0.8497854077253216,
  "101": 0.8512160228898423,
  "102": 0.8555078683834045,
  "103": 0.8569384835479252,
  "104": 0.8626609442060083,
  "105": 0.8655221745350498,
  "108": 0.869814020028612,
  "109": 0.8726752503576535,
  "110": 0.8783977110157365,
  "111": 0.8841201716738195,
  "112": 0.886981402002861,
  "113": 0.8884120171673817,
  "114": 0.8898426323319024,
  "115": 0.8941344778254646,
  "116": 0.8955650929899853,
  "117": 0.896995708154506,
  "118": 0.8998569384835475,
  "119": 0.9041487839771097,
  "120": 0.908440629470672,
  "121": 0.9098712446351926,
  "126": 0.9141630901287549,
  "127": 0.9170243204577964,
  "129": 0.9184549356223171,
  "131": 0.9198855507868378,
  "135": 0.9213161659513585,
  "137": 0.9256080114449207,
  "138": 0.9270386266094414,
  "139": 0.9298998569384829,
  "142": 0.9313304721030036,
  "143": 0.9341917024320451,
  "144": 0.9370529327610866,
  "147": 0.9384835479256073,
  "148": 0.9427753934191695,
  "149": 0.945636623748211,
  "150": 0.9470672389127317,
  "156": 0.9499284692417732,
  "157": 0.9527896995708147,
  "158": 0.9556509298998562,
  "159": 0.9570815450643769,
  "160": 0.9585121602288976,
  "162": 0.9599427753934183,
  "164": 0.961373390557939,
  "165": 0.9628040057224597,
  "166": 0.9642346208869804,
  "169": 0.9670958512160219,
  "170": 0.9685264663805426,
  "172": 0.9699570815450633,
  "173": 0.9728183118741048,
  "175": 0.9742489270386255,
  "176": 0.9756795422031462,
  "177": 0.9785407725321877,
  "182": 0.9814020028612293,
  "184": 0.98283261802575,
  "186": 0.9842632331902706,
  "189": 0.9885550786838329,
  "190": 0.9899856938483536,
  "191": 0.9914163090128743,
  "192": 0.992846924177395,
  "194": 0.9957081545064365,
  "198": 0.998569384835478,
  "199": 0.9999999999999987
}