{
  "2": 0.05692803437164339,
  "3": 0.10848549946294307,
  "4": 0.1439312567132116,
  "5": 0.1761546723952739,
  "6": 0.21374865735767992,
  "7": 0.26638023630504837,
  "8": 0.3136412459720731,
  "9": 0.3361976369495167,
  "10": 0.35660580021482285,
  "11": 0.3877551020408164,
  "12": 0.40279269602577883,
  "13": 0.42105263157894746,
  "14": 0.4296455424274974,
  "15": 0.4457572502685286,
  "16": 0.45542427497314725,
  "17": 0.47046186895810965,
  "18": 0.4758324382384534,
  "19": 0.4833512352309346,
  "20": 0.4876476906552096,
  "21": 0.494092373791622,
  "22": 0.49731471535982824,
  "23": 0.5016111707841032,
  "24": 0.5166487647690656,
  "25": 0.5306122448979593,
  "26": 0.5338345864661656,
  "27": 0.540279269602578,
  "28": 0.548872180451128,
  "29": 0.5617615467239528,
  "30": 0.5649838882921591,
  "31": 0.5725026852846402,
  "32": 0.5767991407089151,
  "33": 0.5821697099892589,
  "34": 0.5875402792696026,
  "35": 0.5918367346938775,
  "36": 0.5939849624060151,
  "37": 0.5961331901181526,
  "38": 0.5972073039742213,
  "39": 0.602577873254565,
  "40": 0.6090225563909775,
  "41": 0.6165413533834587,
  "42": 0.6219119226638025,
  "43": 0.62406015037594,
  "44": 0.6251342642320087,
  "45": 0.6315789473684211,
  "46": 0.6337271750805586,
  "47": 0.6380236305048336,
  "48": 0.6423200859291085,
  "49": 0.6466165413533834,
  "50": 0.6498388829215896,
  "51": 0.6562835660580021,
  "52": 0.6584317937701396,
  "53": 0.6627282491944145,
  "54": 0.669172932330827,
  "55": 0.6723952738990332,
  "56": 0.6766917293233081,
  "57": 0.6799140708915143,
  "58": 0.6842105263157893,
  "59": 0.6863587540279268,
  "60": 0.6906552094522017,
  "61": 0.6960257787325455,
  "62": 0.7003222341568204,
  "63": 0.7024704618689579,
  "64": 0.7046186895810954,
  "65": 0.7078410311493016,
  "66": 0.7142857142857141,
  "67": 0.7175080558539203,
  "68": 0.722878625134264,
  "69": 0.7239527389903327,
  "70": 0.7303974221267452,
  "71": 0.7325456498388827,
  "72": 0.7357679914070889,
  "73": 0.7379162191192264,
  "74": 0.740064446831364,
  "75": 0.7411385606874327,
  "76": 0.7432867883995702,
  "77": 0.7475832438238451,
  "78": 0.7508055853920513,
  "80": 0.75187969924812,
  "81": 0.756176154672395,
  "82": 0.7593984962406012,
  "83": 0.7626208378088074,
  "84": 0.7679914070891511,
  "85": 0.7712137486573574,
  "86": 0.7776584317937698,
  "88": 0.7798066595059073,
  "89": 0.7830290010741136,
  "90": 0.7851772287862511,
  "91": 0.789473684210526,
  "92": 0.7948442534908697,
  "93": 0.7969924812030073,
  "94": 0.8045112781954884,
  "95": 0.8055853920515571,
  "96": 0.8066595059076258,
  "97": 0.8088077336197633,
  "98": 0.809881847475832,
  "99": 0.8120300751879695,
  "100": 0.8141783029001071,
  "101": 0.8174006444683133,
  "102": 0.8195488721804508,
  "103": 0.8216970998925883,
  "105": 0.822771213748657,
  "106": 0.8238453276047257,
  "108": 0.8249194414607944,
  "109": 0.8259935553168631,
  "110": 0.8292158968850694,
  "111": 0.8313641245972069,
  "112": 0.8324382384532756,
  "114": 0.8335123523093443,
  "115": 0.834586466165413,
  "116": 0.8356605800214817,
  "118": 0.8378088077336192,
  "119": 0.8388829215896879,
  "120": 0.8410311493018254,
  "121": 0.8442534908700317,
  "122": 0.8474758324382379,
  "123": 0.8485499462943066,
  "124": 0.8496240601503753,
  "125": 0.8539205155746502,
  "126": 0.8560687432867877,
  "130": 0.8571428571428564,
  "131": 0.8603651987110627,
  "132": 0.8625134264232002,
  "133": 0.8646616541353377,
  "135": 0.8657357679914064,
  "136": 0.8678839957035439,
  "137": 0.8711063372717501,
  "138": 0.8732545649838876,
  "139": 0.8764769065520939,
  "140": 0.8796992481203001,
  "141": 0.8818474758324376,
  "142": 0.8850698174006438,
  "144": 0.8893662728249188,
  "145": 0.8904403866809875,
  "146": 0.8936627282491937,
  "147": 0.8958109559613312,
  "149": 0.8990332975295374,
  "151": 0.9001074113856061,
  "152": 0.9033297529538123,
  "153": 0.9119226638023623,
  "154": 0.9140708915144998,
  "156": 0.9162191192266373,
  "157": 0.9194414607948436,
  "158": 0.9237379162191185,
  "159": 0.9269602577873247,
  "160": 0.9301825993555309,
  "161": 0.9334049409237372,
  "162": 0.9366272824919434,
  "164": 0.9377013963480121,
  "165": 0.9387755102040808,
  "166": 0.9409237379162183,
  "167": 0.9452201933404932,
  "168": 0.950590762620837,
  "169": 0.9527389903329745,
  "170": 0.954887218045112,
  "171": 0.9570354457572495,
  "172": 0.959183673469387,
  "173": 0.9602577873254557,
  "174": 0.9624060150375933,
  "175": 0.9656283566057995,
  "176": 0.9667024704618682,
  "177": 0.9688506981740057,
  "178": 0.9720730397422119,
  "179": 0.9752953813104182,
  "180": 0.9785177228786244,
  "181": 0.9795918367346931,
  "182": 0.9806659505907618,
  "183": 0.9828141783028993,
  "184": 0.983888292158968,
  "185": 0.9860365198711055,
  "186": 0.9903329752953804,
  "188": 0.9914070891514492,
  "189": 0.9924812030075179,
  "192": 0.9957035445757241,
  "195": 0.9967776584317928,
  "198": 0.9989258861439303,
  "200": 0.999999999999999
}