{
  "2": 0.05178365937859609,
  "3": 0.12197928653624857,
  "4": 0.16340621403912542,
  "5": 0.20713463751438432,
  "6": 0.23590333716915993,
  "7": 0.2681242807825086,
  "8": 0.30379746835443033,
  "9": 0.3325661680092059,
  "10": 0.3590333716915995,
  "11": 0.38434982738780205,
  "12": 0.4004602991944764,
  "13": 0.4154200230149597,
  "14": 0.43037974683544306,
  "15": 0.44879171461449946,
  "16": 0.46720368239355586,
  "17": 0.48101265822784817,
  "18": 0.49482163406214047,
  "19": 0.5086306098964327,
  "20": 0.523590333716916,
  "21": 0.5385500575373993,
  "22": 0.5443037974683543,
  "23": 0.5581127733026466,
  "24": 0.5696202531645569,
  "25": 0.5799769850402761,
  "26": 0.5937859608745684,
  "27": 0.6029919447640966,
  "28": 0.6121979286536248,
  "29": 0.6179516685845798,
  "30": 0.628308400460299,
  "31": 0.6306098964326811,
  "32": 0.6386651323360182,
  "33": 0.6455696202531643,
  "34": 0.6570771001150746,
  "35": 0.6639815880322207,
  "36": 0.6662830840046028,
  "37": 0.6708860759493669,
  "38": 0.6743383199079399,
  "39": 0.6835443037974681,
  "40": 0.6915995397008052,
  "41": 0.6985040276179514,
  "42": 0.7077100115074796,
  "43": 0.7180667433831988,
  "44": 0.729574223245109,
  "45": 0.7376294591484461,
  "46": 0.7445339470655923,
  "47": 0.7479861910241653,
  "48": 0.7525891829689294,
  "49": 0.7560414269275024,
  "50": 0.7617951668584575,
  "51": 0.7686996547756036,
  "52": 0.7710011507479857,
  "53": 0.7744533947065587,
  "54": 0.7779056386651317,
  "55": 0.7802071346375138,
  "56": 0.7836593785960868,
  "57": 0.7859608745684689,
  "58": 0.7882623705408509,
  "59": 0.796317606444188,
  "60": 0.7986191024165701,
  "61": 0.8043728423475252,
  "62": 0.8066743383199072,
  "63": 0.8101265822784802,
  "64": 0.8124280782508623,
  "65": 0.8147295742232443,
  "66": 0.8204833141541994,
  "67": 0.8227848101265814,
  "68": 0.8273878020713455,
  "69": 0.8308400460299186,
  "70": 0.8331415420023006,
  "71": 0.8365937859608736,
  "72": 0.8411967779056377,
  "73": 0.8434982738780198,
  "74": 0.8515535097813569,
  "75": 0.856156501726121,
  "76": 0.857307249712312,
  "77": 0.858457997698503,
  "79": 0.8596087456846939,
  "80": 0.8630609896432669,
  "81": 0.865362485615649,
  "82": 0.86651323360184,
  "83": 0.868814729574222,
  "84": 0.872266973532795,
  "86": 0.875719217491368,
  "87": 0.8780207134637501,
  "88": 0.8814729574223231,
  "89": 0.8849252013808961,
  "90": 0.8872266973532782,
  "92": 0.8906789413118512,
  "94": 0.8941311852704242,
  "95": 0.8964326812428063,
  "96": 0.8975834292289973,
  "97": 0.8987341772151882,
  "98": 0.9033371691599523,
  "99": 0.9044879171461433,
  "101": 0.9056386651323343,
  "102": 0.9079401611047163,
  "103": 0.9090909090909073,
  "104": 0.9113924050632893,
  "105": 0.9125431530494803,
  "106": 0.9148446490218624,
  "108": 0.9182968929804354,
  "109": 0.9205983889528174,
  "110": 0.9228998849251995,
  "111": 0.9240506329113904,
  "112": 0.9252013808975814,
  "113": 0.9263521288837724,
  "115": 0.9298043728423454,
  "117": 0.9309551208285364,
  "118": 0.9321058688147273,
  "119": 0.9344073647871094,
  "123": 0.9367088607594914,
  "125": 0.9378596087456824,
  "127": 0.9390103567318734,
  "131": 0.9401611047180644,
  "133": 0.9424626006904464,
  "134": 0.9447640966628285,
  "137": 0.9459148446490194,
  "139": 0.9470655926352104,
  "140": 0.9482163406214014,
  "141": 0.9493670886075923,
  "142": 0.9528193325661654,
  "143": 0.9539700805523563,
  "144": 0.9551208285385473,
  "145": 0.9574223245109293,
  "148": 0.9585730724971203,
  "149": 0.9620253164556933,
  "151": 0.9631760644418843,
  "153": 0.9643268124280753,
  "155": 0.9654775604142662,
  "156": 0.9677790563866483,
  "157": 0.9689298043728393,
  "158": 0.9700805523590302,
  "161": 0.9712313003452212,
  "162": 0.9723820483314122,
  "165": 0.9735327963176031,
  "167": 0.9758342922899852,
  "168": 0.9769850402761762,
  "173": 0.9781357882623671,
  "174": 0.9804372842347492,
  "175": 0.9815880322209402,
  "176": 0.9827387802071311,
  "178": 0.9850402761795132,
  "179": 0.9873417721518952,
  "181": 0.9896432681242773,
  "183": 0.9907940161104682,
  "185": 0.9919447640966592,
  "186": 0.9930955120828502,
  "187": 0.9942462600690412,
  "189": 0.9953970080552321,
  "195": 0.9988492520138051,
  "196": 0.9999999999999961
}