{
  "2": 0.103,
  "3": 0.549,
  "4": 0.807,
  "5": 0.904,
  "6": 0.9460000000000001,
  "7": 0.9530000000000001,
  "8": 0.9560000000000001,
  "9": 0.9600000000000001,
  "10": 0.9680000000000001,
  "11": 0.9820000000000001,
  "12": 0.9870000000000001,
  "13": 0.9890000000000001,
  "14": 0.9910000000000001,
  "15": 0.9920000000000001,
  "16": 0.9930000000000001,
  "17": 0.9980000000000001,
  "19": 0.9990000000000001,
  "23": 1.0
}