{
  "2": 0.04021164021164021,
  "3": 0.12486772486772486,
  "4": 0.18941798941798943,
  "5": 0.24232804232804234,
  "6": 0.27724867724867724,
  "7": 0.30687830687830686,
  "8": 0.33544973544973544,
  "9": 0.35555555555555557,
  "10": 0.3862433862433863,
  "11": 0.4063492063492064,
  "12": 0.4317460317460318,
  "13": 0.45714285714285724,
  "14": 0.47724867724867737,
  "15": 0.4962962962962964,
  "16": 0.5164021164021165,
  "17": 0.5312169312169314,
  "18": 0.543915343915344,
  "19": 0.5544973544973546,
  "20": 0.5703703703703704,
  "21": 0.5820105820105821,
  "22": 0.6021164021164022,
  "23": 0.6137566137566138,
  "24": 0.6253968253968255,
  "25": 0.6380952380952382,
  "26": 0.6465608465608467,
  "27": 0.6550264550264552,
  "28": 0.6645502645502647,
  "29": 0.6772486772486773,
  "30": 0.6825396825396826,
  "31": 0.68994708994709,
  "32": 0.692063492063492,
  "33": 0.7079365079365079,
  "34": 0.711111111111111,
  "35": 0.7142857142857142,
  "36": 0.7227513227513227,
  "37": 0.729100529100529,
  "38": 0.7322751322751322,
  "39": 0.7343915343915343,
  "40": 0.7386243386243385,
  "41": 0.7428571428571428,
  "42": 0.7460317460317459,
  "43": 0.7544973544973544,
  "44": 0.7587301587301587,
  "45": 0.7619047619047619,
  "46": 0.762962962962963,
  "47": 0.7671957671957672,
  "48": 0.7724867724867726,
  "49": 0.7767195767195768,
  "50": 0.7830687830687831,
  "51": 0.7873015873015874,
  "52": 0.7904761904761906,
  "53": 0.7925925925925926,
  "54": 0.7936507936507937,
  "55": 0.7968253968253969,
  "56": 0.798941798941799,
  "57": 0.8021164021164021,
  "58": 0.8031746031746032,
  "59": 0.8042328042328043,
  "60": 0.8052910052910054,
  "61": 0.8084656084656086,
  "63": 0.8095238095238096,
  "64": 0.8105820105820107,
  "65": 0.814814814814815,
  "66": 0.8169312169312171,
  "67": 0.8190476190476191,
  "68": 0.8211640211640212,
  "69": 0.8253968253968255,
  "71": 0.8285714285714286,
  "73": 0.8296296296296297,
  "74": 0.8328042328042329,
  "75": 0.8412698412698414,
  "76": 0.8423280423280425,
  "77": 0.8433862433862436,
  "78": 0.8476190476190478,
  "79": 0.850793650793651,
  "80": 0.8518518518518521,
  "81": 0.8550264550264552,
  "82": 0.8560846560846563,
  "83": 0.8571428571428574,
  "84": 0.8592592592592595,
  "85": 0.8603174603174606,
  "86": 0.8624338624338627,
  "87": 0.8677248677248679,
  "88": 0.86984126984127,
  "89": 0.871957671957672,
  "91": 0.8751322751322752,
  "92": 0.8772486772486773,
  "94": 0.8783068783068784,
  "96": 0.8793650793650795,
  "97": 0.8804232804232806,
  "99": 0.8835978835978837,
  "100": 0.8867724867724869,
  "101": 0.8920634920634922,
  "103": 0.8962962962962965,
  "105": 0.8994708994708996,
  "107": 0.9005291005291007,
  "109": 0.9026455026455028,
  "111": 0.9037037037037039,
  "113": 0.905820105820106,
  "117": 0.907936507936508,
  "119": 0.9100529100529101,
  "120": 0.9111111111111112,
  "121": 0.9121693121693123,
  "123": 0.9153439153439155,
  "124": 0.9174603174603175,
  "125": 0.9206349206349207,
  "126": 0.9216931216931218,
  "127": 0.9238095238095239,
  "129": 0.9280423280423281,
  "130": 0.9291005291005292,
  "131": 0.9322751322751324,
  "132": 0.9333333333333335,
  "133": 0.9343915343915346,
  "134": 0.9365079365079366,
  "135": 0.9375661375661377,
  "136": 0.9386243386243388,
  "137": 0.941798941798942,
  "138": 0.9428571428571431,
  "139": 0.9449735449735451,
  "141": 0.9470899470899472,
  "143": 0.9492063492063493,
  "144": 0.9534391534391535,
  "145": 0.9555555555555556,
  "146": 0.9576719576719577,
  "149": 0.9587301587301588,
  "151": 0.9597883597883599,
  "153": 0.960846560846561,
  "157": 0.961904761904762,
  "158": 0.9629629629629631,
  "161": 0.9640211640211642,
  "162": 0.9650793650793653,
  "166": 0.9661375661375664,
  "167": 0.9671957671957675,
  "171": 0.9703703703703707,
  "174": 0.9724867724867727,
  "175": 0.9746031746031748,
  "176": 0.9788359788359791,
  "177": 0.9809523809523811,
  "179": 0.9830687830687832,
  "181": 0.9851851851851853,
  "182": 0.9862433862433864,
  "183": 0.9873015873015875,
  "191": 0.9894179894179895,
  "193": 0.9904761904761906,
  "194": 0.9915343915343917,
  "195": 0.9925925925925928,
  "196": 0.9936507936507939,
  "197": 0.994708994708995,
  "198": 0.9978835978835982,
  "200": 1.0000000000000002
}