{
  "2": 0.040100250626566414,
  "3": 0.12280701754385964,
  "4": 0.22055137844611528,
  "5": 0.3032581453634085,
  "6": 0.3508771929824561,
  "7": 0.39849624060150374,
  "8": 0.43609022556390975,
  "9": 0.45864661654135336,
  "10": 0.49122807017543857,
  "11": 0.5137844611528821,
  "12": 0.531328320802005,
  "13": 0.5488721804511278,
  "14": 0.5614035087719298,
  "15": 0.581453634085213,
  "16": 0.6090225563909775,
  "17": 0.6416040100250626,
  "18": 0.6516290726817042,
  "19": 0.6716791979949874,
  "20": 0.6917293233082706,
  "21": 0.6992481203007519,
  "22": 0.7293233082706767,
  "23": 0.7568922305764412,
  "24": 0.7669172932330828,
  "25": 0.7694235588972431,
  "26": 0.7794486215538847,
  "27": 0.7944862155388471,
  "28": 0.8070175438596492,
  "29": 0.8145363408521304,
  "30": 0.8220551378446117,
  "31": 0.829573934837093,
  "32": 0.8320802005012533,
  "33": 0.8395989974937346,
  "34": 0.8421052631578949,
  "35": 0.8446115288220553,
  "36": 0.8471177944862156,
  "37": 0.849624060150376,
  "38": 0.8521303258145363,
  "39": 0.8546365914786966,
  "41": 0.857142857142857,
  "42": 0.8646616541353382,
  "44": 0.8721804511278195,
  "45": 0.8746867167919798,
  "46": 0.8796992481203006,
  "47": 0.8847117794486214,
  "48": 0.8872180451127818,
  "49": 0.8897243107769421,
  "50": 0.8922305764411025,
  "51": 0.8997493734335837,
  "52": 0.907268170426065,
  "53": 0.9172932330827066,
  "54": 0.9248120300751879,
  "55": 0.9298245614035087,
  "56": 0.9373433583959898,
  "57": 0.9398496240601502,
  "58": 0.9423558897243105,
  "59": 0.9448621553884708,
  "61": 0.9473684210526312,
  "62": 0.9548872180451125,
  "63": 0.9624060150375937,
  "65": 0.9674185463659145,
  "70": 0.969924812030075,
  "71": 0.9749373433583958,
  "72": 0.9774436090225562,
  "76": 0.9799498746867166,
  "80": 0.9824561403508769,
  "88": 0.9849624060150373,
  "97": 0.9874686716791976,
  "98": 0.989974937343358,
  "99": 0.9974937343358392,
  "100": 0.9999999999999996
}