{
  "2": 0.04126547455295736,
  "3": 0.10729023383768913,
  "4": 0.19257221458046767,
  "5": 0.2640990371389271,
  "6": 0.31224209078404397,
  "7": 0.3411279229711141,
  "8": 0.35900962861072894,
  "9": 0.37414030261347997,
  "10": 0.41540577716643734,
  "11": 0.43741403026134795,
  "12": 0.4704264099037138,
  "13": 0.4979367262723521,
  "14": 0.5089408528198074,
  "15": 0.5213204951856946,
  "16": 0.5433287482806052,
  "17": 0.5515818431911966,
  "18": 0.5708390646492434,
  "19": 0.5900962861072901,
  "20": 0.6038514442916093,
  "21": 0.6093535075653369,
  "22": 0.6162310866574965,
  "23": 0.6231086657496561,
  "24": 0.6286107290233837,
  "25": 0.6341127922971113,
  "26": 0.638239339752407,
  "27": 0.6437414030261346,
  "28": 0.6478679504814303,
  "29": 0.6492434662998622,
  "30": 0.6574965612104536,
  "31": 0.6616231086657494,
  "32": 0.667125171939477,
  "33": 0.6698762035763408,
  "34": 0.6740027510316365,
  "35": 0.6808803301237961,
  "36": 0.68363136176066,
  "37": 0.6850068775790918,
  "38": 0.6877579092159557,
  "39": 0.6918844566712514,
  "40": 0.697386519944979,
  "41": 0.6987620357634109,
  "42": 0.7042640990371385,
  "43": 0.7056396148555704,
  "44": 0.7097661623108661,
  "45": 0.7138927097661618,
  "46": 0.7152682255845937,
  "47": 0.7207702888583213,
  "48": 0.7317744154057766,
  "49": 0.7372764786795042,
  "50": 0.7386519944979361,
  "51": 0.7400275103163679,
  "52": 0.7427785419532318,
  "53": 0.7441540577716637,
  "55": 0.7455295735900955,
  "56": 0.7524071526822551,
  "57": 0.7565337001375508,
  "58": 0.7579092159559827,
  "59": 0.7620357634112784,
  "60": 0.7661623108665742,
  "61": 0.7730398899587337,
  "62": 0.7744154057771656,
  "63": 0.7771664374140295,
  "64": 0.7812929848693252,
  "65": 0.7854195323246209,
  "66": 0.7922971114167805,
  "67": 0.7964236588720762,
  "68": 0.800550206327372,
  "69": 0.8060522696010995,
  "71": 0.814305364511691,
  "72": 0.8198074277854186,
  "74": 0.8225584594222825,
  "75": 0.82806052269601,
  "76": 0.8294360385144419,
  "77": 0.8321870701513058,
  "78": 0.8335625859697376,
  "79": 0.8376891334250334,
  "80": 0.843191196698761,
  "82": 0.8445667125171928,
  "84": 0.8459422283356247,
  "85": 0.8514442916093523,
  "86": 0.8528198074277842,
  "88": 0.855570839064648,
  "89": 0.8610729023383756,
  "90": 0.8707015130673991,
  "91": 0.8734525447042629,
  "92": 0.8775790921595586,
  "93": 0.8830811554332862,
  "94": 0.887207702888582,
  "95": 0.8899587345254458,
  "96": 0.8940852819807416,
  "98": 0.8968363136176054,
  "99": 0.8982118294360373,
  "100": 0.902338376891333,
  "101": 0.9050894085281969,
  "102": 0.9064649243466287,
  "103": 0.9105914718019245,
  "104": 0.9119669876203563,
  "106": 0.9147180192572202,
  "109": 0.916093535075652,
  "110": 0.9174690508940839,
  "113": 0.9202200825309478,
  "114": 0.9215955983493797,
  "116": 0.9229711141678115,
  "117": 0.9257221458046754,
  "119": 0.9270976616231072,
  "121": 0.9284731774415391,
  "122": 0.929848693259971,
  "123": 0.9312242090784029,
  "126": 0.9325997248968347,
  "129": 0.9339752407152666,
  "130": 0.9353507565336985,
  "131": 0.9367262723521304,
  "133": 0.9394773039889942,
  "134": 0.9408528198074261,
  "135": 0.9436038514442899,
  "137": 0.9463548830811538,
  "138": 0.9477303988995857,
  "140": 0.9504814305364495,
  "142": 0.9518569463548814,
  "143": 0.9532324621733133,
  "144": 0.9546079779917451,
  "147": 0.955983493810177,
  "148": 0.9628610729023366,
  "152": 0.9642365887207685,
  "155": 0.9656121045392003,
  "156": 0.9669876203576322,
  "157": 0.969738651994496,
  "159": 0.9711141678129279,
  "162": 0.9724896836313598,
  "164": 0.9738651994497917,
  "167": 0.9752407152682235,
  "172": 0.9766162310866554,
  "175": 0.9779917469050873,
  "176": 0.9793672627235191,
  "178": 0.982118294360383,
  "180": 0.9848693259972469,
  "183": 0.9876203576341107,
  "186": 0.9889958734525426,
  "187": 0.9903713892709745,
  "191": 0.9931224209078383,
  "192": 0.9944979367262702,
  "195": 0.997248968363134,
  "197": 0.9986244841815659,
  "198": 0.9999999999999978
}