{
  "2": 0.04411764705882353,
  "3": 0.0784313725490196,
  "4": 0.10784313725490197,
  "5": 0.1454248366013072,
  "6": 0.184640522875817,
  "7": 0.2058823529411765,
  "8": 0.24183006535947715,
  "9": 0.2663398692810458,
  "10": 0.2843137254901961,
  "11": 0.31045751633986934,
  "12": 0.3398692810457517,
  "13": 0.3594771241830066,
  "14": 0.3725490196078432,
  "15": 0.3807189542483661,
  "16": 0.3986928104575164,
  "17": 0.4183006535947713,
  "18": 0.4379084967320262,
  "19": 0.45424836601307195,
  "20": 0.477124183006536,
  "21": 0.48692810457516345,
  "22": 0.4967320261437909,
  "23": 0.508169934640523,
  "24": 0.5228758169934641,
  "25": 0.5343137254901961,
  "26": 0.5506535947712419,
  "27": 0.5588235294117647,
  "28": 0.5686274509803921,
  "29": 0.5735294117647058,
  "30": 0.588235294117647,
  "31": 0.599673202614379,
  "32": 0.6045751633986927,
  "33": 0.6127450980392155,
  "34": 0.6258169934640521,
  "35": 0.6388888888888886,
  "36": 0.6470588235294115,
  "37": 0.6503267973856206,
  "38": 0.6552287581699343,
  "39": 0.6666666666666663,
  "40": 0.6732026143790846,
  "41": 0.6813725490196074,
  "42": 0.6911764705882348,
  "43": 0.7042483660130714,
  "44": 0.7140522875816988,
  "45": 0.7189542483660125,
  "46": 0.7254901960784308,
  "47": 0.7271241830065354,
  "48": 0.7303921568627445,
  "49": 0.7401960784313719,
  "50": 0.7418300653594765,
  "51": 0.7467320261437902,
  "52": 0.7516339869281039,
  "53": 0.7532679738562085,
  "54": 0.7565359477124176,
  "55": 0.7598039215686268,
  "56": 0.7630718954248359,
  "57": 0.7647058823529405,
  "58": 0.7712418300653587,
  "59": 0.7745098039215679,
  "60": 0.7794117647058816,
  "61": 0.7826797385620907,
  "62": 0.7875816993464044,
  "63": 0.7924836601307181,
  "64": 0.7957516339869273,
  "65": 0.7973856209150318,
  "66": 0.7990196078431364,
  "67": 0.8022875816993456,
  "68": 0.8039215686274501,
  "69": 0.8055555555555547,
  "70": 0.8071895424836593,
  "71": 0.812091503267973,
  "72": 0.8153594771241821,
  "73": 0.8186274509803912,
  "74": 0.8202614379084958,
  "75": 0.8218954248366004,
  "76": 0.8284313725490187,
  "77": 0.8316993464052278,
  "78": 0.8415032679738552,
  "79": 0.8447712418300644,
  "80": 0.8513071895424826,
  "81": 0.8562091503267963,
  "82": 0.86111111111111,
  "83": 0.8643790849673192,
  "84": 0.8660130718954238,
  "85": 0.8676470588235283,
  "86": 0.8709150326797375,
  "87": 0.8741830065359466,
  "89": 0.8758169934640512,
  "91": 0.8774509803921557,
  "92": 0.8790849673202603,
  "93": 0.8807189542483649,
  "94": 0.883986928104574,
  "95": 0.8856209150326786,
  "96": 0.8905228758169923,
  "97": 0.8937908496732014,
  "98": 0.8970588235294106,
  "99": 0.9003267973856197,
  "100": 0.9019607843137243,
  "101": 0.9052287581699334,
  "103": 0.906862745098038,
  "104": 0.9117647058823517,
  "105": 0.9150326797385608,
  "110": 0.91830065359477,
  "111": 0.9199346405228745,
  "113": 0.9264705882352928,
  "114": 0.929738562091502,
  "115": 0.9313725490196065,
  "116": 0.9330065359477111,
  "117": 0.9346405228758157,
  "118": 0.9379084967320248,
  "119": 0.9395424836601294,
  "120": 0.941176470588234,
  "124": 0.9428104575163385,
  "125": 0.9444444444444431,
  "126": 0.9460784313725477,
  "128": 0.9493464052287568,
  "130": 0.9509803921568614,
  "133": 0.9526143790849659,
  "134": 0.9542483660130705,
  "136": 0.9575163398692796,
  "140": 0.9591503267973842,
  "143": 0.9607843137254888,
  "145": 0.9640522875816979,
  "146": 0.9656862745098025,
  "150": 0.9673202614379071,
  "151": 0.9689542483660116,
  "156": 0.9722222222222208,
  "165": 0.9738562091503253,
  "169": 0.9754901960784299,
  "170": 0.9771241830065345,
  "171": 0.978758169934639,
  "175": 0.9803921568627436,
  "179": 0.9820261437908482,
  "181": 0.9836601307189528,
  "184": 0.9852941176470573,
  "185": 0.9885620915032665,
  "186": 0.990196078431371,
  "189": 0.9934640522875802,
  "191": 0.9983660130718939,
  "199": 0.9999999999999984
}