{
  "2": 0.06656804733727811,
  "3": 0.10798816568047338,
  "4": 0.15236686390532544,
  "5": 0.19230769230769232,
  "6": 0.22781065088757396,
  "7": 0.27218934911242604,
  "8": 0.29289940828402367,
  "9": 0.3165680473372781,
  "10": 0.34023668639053256,
  "11": 0.371301775147929,
  "12": 0.39349112426035504,
  "13": 0.4171597633136095,
  "14": 0.44230769230769235,
  "15": 0.45857988165680474,
  "16": 0.47633136094674555,
  "17": 0.492603550295858,
  "18": 0.5162721893491125,
  "19": 0.5384615384615384,
  "20": 0.5547337278106509,
  "21": 0.5680473372781065,
  "22": 0.576923076923077,
  "23": 0.5902366863905326,
  "24": 0.5991124260355031,
  "25": 0.6139053254437871,
  "26": 0.6257396449704142,
  "27": 0.6405325443786982,
  "28": 0.6464497041420119,
  "29": 0.650887573964497,
  "30": 0.6553254437869822,
  "31": 0.6686390532544378,
  "32": 0.6789940828402367,
  "33": 0.6878698224852071,
  "34": 0.7011834319526628,
  "35": 0.7144970414201184,
  "36": 0.7263313609467456,
  "37": 0.7396449704142012,
  "38": 0.7470414201183432,
  "39": 0.7544378698224852,
  "40": 0.7633136094674556,
  "42": 0.7736686390532544,
  "43": 0.7781065088757396,
  "44": 0.7825443786982248,
  "45": 0.7884615384615384,
  "46": 0.7914201183431953,
  "47": 0.8017751479289941,
  "48": 0.8047337278106509,
  "49": 0.8165680473372781,
  "50": 0.8254437869822485,
  "51": 0.8284023668639053,
  "52": 0.834319526627219,
  "53": 0.8402366863905326,
  "54": 0.8446745562130178,
  "55": 0.8461538461538461,
  "56": 0.8505917159763313,
  "57": 0.8535502958579881,
  "58": 0.856508875739645,
  "59": 0.8579881656804733,
  "60": 0.8609467455621301,
  "61": 0.8683431952662721,
  "62": 0.8727810650887573,
  "63": 0.8786982248520709,
  "64": 0.8816568047337278,
  "65": 0.8875739644970414,
  "66": 0.8905325443786982,
  "67": 0.893491124260355,
  "68": 0.8964497041420119,
  "69": 0.9023668639053255,
  "71": 0.9082840236686391,
  "72": 0.911242603550296,
  "73": 0.9156804733727811,
  "74": 0.9171597633136095,
  "75": 0.9186390532544378,
  "76": 0.9215976331360947,
  "78": 0.923076923076923,
  "79": 0.9245562130177514,
  "80": 0.9289940828402365,
  "81": 0.9304733727810649,
  "83": 0.9334319526627217,
  "84": 0.9363905325443785,
  "85": 0.9378698224852069,
  "88": 0.9393491124260352,
  "90": 0.9408284023668636,
  "92": 0.9437869822485204,
  "93": 0.9452662721893488,
  "94": 0.949704142011834,
  "97": 0.9511834319526623,
  "98": 0.9526627218934907,
  "99": 0.9571005917159758,
  "101": 0.9585798816568042,
  "102": 0.9600591715976325,
  "104": 0.9615384615384609,
  "105": 0.9644970414201177,
  "107": 0.9659763313609461,
  "109": 0.9674556213017744,
  "110": 0.9689349112426028,
  "111": 0.9704142011834311,
  "113": 0.9718934911242595,
  "114": 0.9733727810650878,
  "115": 0.9748520710059162,
  "117": 0.9763313609467446,
  "118": 0.9778106508875729,
  "121": 0.9792899408284013,
  "122": 0.9822485207100581,
  "134": 0.9852071005917149,
  "135": 0.9866863905325433,
  "136": 0.9881656804733716,
  "137": 0.9896449704142,
  "140": 0.9911242603550283,
  "149": 0.9926035502958567,
  "153": 0.994082840236685,
  "158": 0.9955621301775134,
  "160": 0.9970414201183417,
  "166": 0.9985207100591701,
  "192": 0.9999999999999984
}