{
  "2": 0.016058394160583942,
  "3": 0.05255474452554744,
  "4": 0.09197080291970802,
  "5": 0.12262773722627737,
  "6": 0.15328467153284672,
  "7": 0.19124087591240876,
  "8": 0.21897810218978103,
  "9": 0.2510948905109489,
  "10": 0.27445255474452557,
  "11": 0.28905109489051095,
  "12": 0.3007299270072993,
  "13": 0.31532846715328466,
  "14": 0.34014598540145985,
  "15": 0.3605839416058394,
  "16": 0.3751824817518248,
  "17": 0.3927007299270073,
  "18": 0.40729927007299266,
  "19": 0.41459854014598535,
  "20": 0.42919708029197073,
  "21": 0.4437956204379561,
  "22": 0.44525547445255464,
  "23": 0.45547445255474445,
  "24": 0.46277372262773714,
  "25": 0.475912408759124,
  "26": 0.4832116788321167,
  "27": 0.4919708029197079,
  "28": 0.5051094890510948,
  "29": 0.5255474452554744,
  "30": 0.5372262773722627,
  "31": 0.545985401459854,
  "32": 0.5532846715328467,
  "33": 0.5664233576642336,
  "34": 0.5708029197080292,
  "35": 0.5839416058394161,
  "36": 0.5941605839416059,
  "37": 0.6,
  "38": 0.6102189781021897,
  "39": 0.6175182481751824,
  "40": 0.6248175182481751,
  "41": 0.6262773722627737,
  "42": 0.635036496350365,
  "43": 0.6423357664233577,
  "44": 0.6481751824817518,
  "45": 0.6496350364963503,
  "46": 0.6554744525547445,
  "47": 0.6613138686131386,
  "48": 0.6671532846715327,
  "49": 0.6729927007299268,
  "50": 0.6744525547445254,
  "51": 0.6817518248175181,
  "52": 0.6846715328467151,
  "53": 0.6905109489051092,
  "54": 0.6963503649635033,
  "55": 0.6978102189781019,
  "56": 0.703649635036496,
  "57": 0.7080291970802917,
  "58": 0.7124087591240873,
  "59": 0.71970802919708,
  "60": 0.7255474452554741,
  "61": 0.7284671532846712,
  "62": 0.7313868613138682,
  "63": 0.7474452554744522,
  "64": 0.7547445255474449,
  "65": 0.7576642335766419,
  "66": 0.7664233576642332,
  "67": 0.7737226277372259,
  "69": 0.7781021897810215,
  "70": 0.7795620437956201,
  "71": 0.7810218978102187,
  "72": 0.7854014598540143,
  "73": 0.7868613138686129,
  "74": 0.792700729927007,
  "75": 0.7941605839416056,
  "76": 0.7970802919708027,
  "77": 0.8072992700729924,
  "78": 0.808759124087591,
  "79": 0.811678832116788,
  "80": 0.8131386861313866,
  "81": 0.8145985401459852,
  "82": 0.8175182481751823,
  "83": 0.8233576642335764,
  "84": 0.827737226277372,
  "85": 0.8291970802919706,
  "86": 0.8350364963503647,
  "87": 0.8364963503649633,
  "88": 0.8394160583941603,
  "90": 0.8408759124087589,
  "92": 0.8452554744525546,
  "93": 0.8467153284671531,
  "94": 0.8481751824817517,
  "96": 0.8525547445255474,
  "97": 0.8540145985401459,
  "98": 0.8554744525547445,
  "99": 0.8583941605839416,
  "100": 0.8598540145985402,
  "101": 0.8627737226277372,
  "104": 0.8642335766423358,
  "105": 0.8656934306569344,
  "106": 0.8686131386861314,
  "107": 0.8715328467153285,
  "108": 0.8759124087591241,
  "110": 0.8788321167883212,
  "111": 0.8846715328467153,
  "112": 0.8861313868613139,
  "114": 0.8905109489051095,
  "115": 0.8934306569343066,
  "116": 0.8963503649635036,
  "117": 0.9007299270072993,
  "119": 0.9021897810218978,
  "120": 0.9036496350364964,
  "121": 0.9080291970802921,
  "122": 0.9094890510948906,
  "123": 0.9109489051094892,
  "124": 0.9124087591240878,
  "125": 0.9153284671532849,
  "126": 0.9167883211678834,
  "129": 0.9226277372262776,
  "130": 0.9240875912408761,
  "131": 0.9270072992700732,
  "133": 0.9284671532846718,
  "134": 0.9313868613138688,
  "136": 0.9328467153284674,
  "137": 0.934306569343066,
  "141": 0.9357664233576646,
  "142": 0.9401459854014602,
  "144": 0.9416058394160588,
  "146": 0.9445255474452559,
  "147": 0.9459854014598544,
  "149": 0.947445255474453,
  "151": 0.9518248175182487,
  "154": 0.9532846715328472,
  "155": 0.9576642335766429,
  "156": 0.9605839416058399,
  "157": 0.9620437956204385,
  "159": 0.9635036496350371,
  "160": 0.9649635036496357,
  "162": 0.9664233576642343,
  "163": 0.9678832116788328,
  "164": 0.9693430656934314,
  "168": 0.97080291970803,
  "170": 0.9722627737226286,
  "171": 0.9737226277372272,
  "172": 0.9751824817518258,
  "173": 0.9766423357664243,
  "178": 0.9795620437956214,
  "180": 0.9824817518248185,
  "182": 0.9854014598540155,
  "183": 0.9868613138686141,
  "185": 0.9883211678832127,
  "186": 0.9912408759124097,
  "188": 0.9927007299270083,
  "193": 0.9941605839416069,
  "194": 0.9956204379562055,
  "197": 0.9970802919708041,
  "198": 0.9985401459854026,
  "199": 1.000000000000001
}