{
  "2": 0.04989816700610998,
  "3": 0.2769857433808554,
  "4": 0.5173116089613035,
  "5": 0.6191446028513239,
  "6": 0.69959266802444,
  "7": 0.7240325865580448,
  "8": 0.7505091649694501,
  "9": 0.7759674134419552,
  "10": 0.7820773930753564,
  "11": 0.7932790224032586,
  "12": 0.8044806517311609,
  "13": 0.8085539714867617,
  "14": 0.8116089613034623,
  "15": 0.8207739307535641,
  "16": 0.8228105906313645,
  "17": 0.8279022403258656,
  "18": 0.8329938900203666,
  "19": 0.8370672097759674,
  "22": 0.8380855397148675,
  "23": 0.8411405295315681,
  "24": 0.8452138492871689,
  "25": 0.8482688391038695,
  "26": 0.85030549898167,
  "27": 0.8523421588594704,
  "28": 0.8574338085539714,
  "29": 0.8706720977596741,
  "30": 0.8808553971486762,
  "31": 0.8869653767820774,
  "32": 0.8940936863543788,
  "35": 0.8991853360488798,
  "36": 0.9042769857433809,
  "37": 0.905295315682281,
  "39": 0.9063136456211812,
  "40": 0.9083503054989817,
  "41": 0.9144602851323829,
  "42": 0.9195519348268839,
  "43": 0.9287169042769857,
  "44": 0.939918533604888,
  "45": 0.9582484725050916,
  "46": 0.9714867617107943,
  "47": 0.9796334012219959,
  "48": 0.9857433808553971,
  "49": 0.9898167006109979,
  "50": 0.9928716904276985,
  "73": 0.9938900203665987,
  "77": 0.9949083503054988,
  "78": 0.9969450101832993,
  "79": 0.9979633401221994,
  "80": 0.9989816700610996,
  "82": 0.9999999999999998
}