{
  "2": 0.302,
  "3": 0.503,
  "4": 0.587,
  "5": 0.645,
  "6": 0.6910000000000001,
  "7": 0.7260000000000001,
  "8": 0.7490000000000001,
  "9": 0.7720000000000001,
  "10": 0.7980000000000002,
  "11": 0.8190000000000002,
  "12": 0.8420000000000002,
  "13": 0.8740000000000002,
  "14": 0.8950000000000002,
  "15": 0.9070000000000003,
  "16": 0.9240000000000003,
  "17": 0.9300000000000003,
  "18": 0.9370000000000003,
  "19": 0.9450000000000003,
  "20": 0.9540000000000003,
  "21": 0.9580000000000003,
  "22": 0.9600000000000003,
  "23": 0.9660000000000003,
  "24": 0.9680000000000003,
  "25": 0.9690000000000003,
  "26": 0.9700000000000003,
  "27": 0.9720000000000003,
  "28": 0.9730000000000003,
  "29": 0.9770000000000003,
  "31": 0.9780000000000003,
  "32": 0.9790000000000003,
  "35": 0.9810000000000003,
  "36": 0.9830000000000003,
  "37": 0.9840000000000003,
  "38": 0.9850000000000003,
  "39": 0.9860000000000003,
  "40": 0.9870000000000003,
  "44": 0.9890000000000003,
  "45": 0.9900000000000003,
  "46": 0.9910000000000003,
  "49": 0.9920000000000003,
  "52": 0.9930000000000003,
  "53": 0.9940000000000003,
  "56": 0.9950000000000003,
  "62": 0.9960000000000003,
  "64": 0.9970000000000003,
  "67": 0.9980000000000003,
  "77": 0.9990000000000003,
  "97": 1.0000000000000002
}