{
  "2": 0.26421404682274247,
  "3": 0.5986622073578596,
  "4": 0.7001114827201784,
  "5": 0.7480490523968786,
  "6": 0.7948717948717949,
  "7": 0.8338907469342253,
  "8": 0.8628762541806021,
  "9": 0.8963210702341138,
  "10": 0.9186176142697883,
  "11": 0.9308807134894093,
  "12": 0.9375696767001116,
  "16": 0.9386845039018953,
  "18": 0.9487179487179488,
  "20": 0.9498327759197325,
  "21": 0.9565217391304348,
  "23": 0.9587513935340023,
  "24": 0.959866220735786,
  "25": 0.9609810479375697,
  "26": 0.9632107023411371,
  "27": 0.9654403567447046,
  "29": 0.972129319955407,
  "30": 0.9743589743589745,
  "31": 0.9765886287625419,
  "32": 0.9777034559643256,
  "33": 0.9799331103678931,
  "34": 0.9810479375696768,
  "36": 0.9821627647714605,
  "45": 0.984392419175028,
  "48": 0.9866220735785954,
  "49": 0.9877369007803791,
  "50": 0.9888517279821628,
  "51": 0.9899665551839465,
  "52": 0.9910813823857302,
  "53": 0.9933110367892977,
  "55": 0.9944258639910813,
  "57": 0.995540691192865,
  "78": 0.9977703455964325,
  "81": 0.9988851727982162,
  "90": 0.9999999999999999
}