{
  "2": 0.061124694376528114,
  "3": 0.10757946210268948,
  "4": 0.14792176039119803,
  "5": 0.1845965770171149,
  "6": 0.2139364303178484,
  "7": 0.24694376528117357,
  "8": 0.27383863080684595,
  "9": 0.30073349633251834,
  "10": 0.33251833740831294,
  "11": 0.3569682151589242,
  "12": 0.3740831295843521,
  "13": 0.38875305623471884,
  "14": 0.4083129584352078,
  "15": 0.4254278728606357,
  "16": 0.4474327628361858,
  "17": 0.46577017114914426,
  "18": 0.48288508557457216,
  "19": 0.49877750611246946,
  "20": 0.5158924205378973,
  "21": 0.5244498777506112,
  "22": 0.5366748166259169,
  "23": 0.5525672371638142,
  "24": 0.5599022004889975,
  "25": 0.5709046454767726,
  "26": 0.5806845965770171,
  "27": 0.5904645476772616,
  "28": 0.5990220048899756,
  "29": 0.6136919315403423,
  "30": 0.6271393643031785,
  "31": 0.6393643031784841,
  "32": 0.6442542787286064,
  "33": 0.6589242053789731,
  "34": 0.6723716381418093,
  "35": 0.684596577017115,
  "36": 0.6943765281173595,
  "37": 0.7029339853300735,
  "38": 0.7102689486552568,
  "39": 0.7139364303178485,
  "40": 0.7176039119804402,
  "41": 0.7212713936430318,
  "42": 0.7261613691931541,
  "43": 0.7310513447432764,
  "44": 0.7334963325183375,
  "45": 0.743276283618582,
  "46": 0.7469437652811737,
  "47": 0.7493887530562348,
  "48": 0.7518337408312958,
  "50": 0.7555012224938875,
  "51": 0.7628361858190709,
  "52": 0.765281173594132,
  "53": 0.767726161369193,
  "54": 0.7738386308068459,
  "55": 0.7775061124694376,
  "56": 0.7799511002444987,
  "57": 0.7848410757946209,
  "58": 0.7860635696821515,
  "59": 0.7909535452322738,
  "60": 0.7921760391198044,
  "62": 0.7958435207823961,
  "63": 0.7982885085574571,
  "64": 0.8056234718826405,
  "65": 0.8080684596577016,
  "66": 0.8105134474327627,
  "67": 0.8129584352078237,
  "68": 0.8141809290953543,
  "69": 0.8215158924205377,
  "70": 0.8227383863080683,
  "71": 0.8251833740831294,
  "72": 0.828850855745721,
  "73": 0.8325183374083127,
  "75": 0.8349633251833738,
  "77": 0.8374083129584349,
  "78": 0.839853300733496,
  "79": 0.8410757946210266,
  "80": 0.8447432762836182,
  "81": 0.8508557457212711,
  "82": 0.8545232273838628,
  "83": 0.8606356968215156,
  "84": 0.8618581907090462,
  "85": 0.867970660146699,
  "86": 0.8704156479217601,
  "87": 0.8716381418092907,
  "88": 0.8765281173594129,
  "89": 0.8801955990220046,
  "90": 0.8814180929095352,
  "91": 0.8838630806845963,
  "92": 0.8863080684596574,
  "93": 0.889975550122249,
  "94": 0.8936430317848407,
  "95": 0.9009779951100241,
  "96": 0.9034229828850852,
  "98": 0.9046454767726158,
  "99": 0.9058679706601463,
  "100": 0.907090464547677,
  "101": 0.909535452322738,
  "104": 0.9132029339853297,
  "105": 0.9144254278728603,
  "106": 0.9205378973105132,
  "107": 0.9217603911980438,
  "108": 0.9254278728606354,
  "110": 0.926650366748166,
  "111": 0.9290953545232271,
  "113": 0.9327628361858188,
  "115": 0.9352078239608799,
  "116": 0.937652811735941,
  "117": 0.940097799511002,
  "118": 0.9437652811735937,
  "120": 0.9449877750611243,
  "121": 0.9462102689486549,
  "122": 0.9474327628361855,
  "124": 0.9498777506112466,
  "126": 0.9511002444987772,
  "127": 0.9523227383863078,
  "128": 0.9535452322738384,
  "129": 0.954767726161369,
  "130": 0.9584352078239606,
  "132": 0.9608801955990217,
  "133": 0.9633251833740828,
  "135": 0.9669926650366745,
  "137": 0.9694376528117356,
  "139": 0.9706601466992661,
  "141": 0.9718826405867967,
  "142": 0.9743276283618578,
  "145": 0.9779951100244495,
  "146": 0.9792176039119801,
  "147": 0.9804400977995107,
  "150": 0.9816625916870413,
  "152": 0.9828850855745719,
  "154": 0.9841075794621025,
  "155": 0.9865525672371636,
  "156": 0.9889975550122246,
  "157": 0.9902200488997552,
  "158": 0.9914425427872858,
  "160": 0.9926650366748164,
  "171": 0.993887530562347,
  "173": 0.9951100244498776,
  "179": 0.9963325183374082,
  "180": 0.9975550122249388,
  "193": 0.9987775061124694,
  "195": 1.0
}