{
  "2": 0.048558421851289835,
  "3": 0.09104704097116845,
  "4": 0.15933232169954475,
  "5": 0.18361153262518967,
  "6": 0.22003034901365703,
  "7": 0.26251896813353565,
  "8": 0.2837632776934749,
  "9": 0.3110773899848255,
  "10": 0.33232169954476476,
  "11": 0.35356600910470404,
  "12": 0.3778452200303489,
  "13": 0.3945371775417298,
  "14": 0.4172989377845219,
  "15": 0.43702579666160835,
  "16": 0.4522003034901364,
  "17": 0.46433990895295885,
  "18": 0.4749620637329285,
  "19": 0.5007587253414262,
  "20": 0.5113808801213958,
  "21": 0.5235204855842183,
  "22": 0.5371775417298935,
  "23": 0.5538694992412744,
  "24": 0.5675265553869496,
  "25": 0.5918057663125945,
  "26": 0.5978755690440057,
  "27": 0.6024279210925642,
  "28": 0.6100151745068282,
  "29": 0.626707132018209,
  "30": 0.6418816388467371,
  "31": 0.6509863429438539,
  "32": 0.666160849772382,
  "33": 0.6798179059180572,
  "34": 0.6874051593323213,
  "35": 0.7071320182094077,
  "36": 0.713201820940819,
  "37": 0.7147192716236718,
  "38": 0.7223065250379358,
  "39": 0.7314112291350526,
  "40": 0.735963581183611,
  "41": 0.7420333839150223,
  "42": 0.7465857359635807,
  "43": 0.7632776934749615,
  "44": 0.7663125948406672,
  "45": 0.7738998482549312,
  "46": 0.7784522003034896,
  "47": 0.7921092564491649,
  "48": 0.7951441578148705,
  "49": 0.8042488619119873,
  "50": 0.8148710166919569,
  "51": 0.8179059180576626,
  "52": 0.822458270106221,
  "53": 0.8270106221547794,
  "54": 0.830045523520485,
  "55": 0.8330804248861906,
  "56": 0.837632776934749,
  "57": 0.8467374810318659,
  "58": 0.8543247344461299,
  "59": 0.8558421851289827,
  "60": 0.8619119878603939,
  "61": 0.8649468892260995,
  "62": 0.8725341426403636,
  "63": 0.8786039453717748,
  "64": 0.8801213960546276,
  "65": 0.8816388467374804,
  "66": 0.8831562974203332,
  "67": 0.884673748103186,
  "68": 0.8861911987860388,
  "70": 0.8952959028831556,
  "71": 0.899848254931714,
  "72": 0.9044006069802725,
  "73": 0.9089529590288309,
  "74": 0.9119878603945365,
  "75": 0.9150227617602421,
  "77": 0.9165402124430949,
  "78": 0.9195751138088005,
  "79": 0.9226100151745061,
  "80": 0.9241274658573589,
  "82": 0.9301972685887702,
  "83": 0.931714719271623,
  "84": 0.9332321699544758,
  "87": 0.9362670713201814,
  "89": 0.9377845220030342,
  "90": 0.939301972685887,
  "91": 0.9438543247344454,
  "92": 0.9453717754172982,
  "93": 0.9484066767830038,
  "94": 0.9514415781487094,
  "95": 0.9529590288315622,
  "96": 0.954476479514415,
  "100": 0.9559939301972679,
  "103": 0.9575113808801207,
  "104": 0.9590288315629735,
  "105": 0.9605462822458263,
  "108": 0.9620637329286791,
  "109": 0.9635811836115319,
  "110": 0.9681335356600903,
  "113": 0.9711684370257959,
  "114": 0.9726858877086487,
  "115": 0.9742033383915015,
  "117": 0.9772382397572071,
  "118": 0.9787556904400599,
  "121": 0.9802731411229128,
  "123": 0.9817905918057656,
  "127": 0.9848254931714712,
  "129": 0.986342943854324,
  "131": 0.9878603945371768,
  "132": 0.9908952959028824,
  "137": 0.9924127465857352,
  "139": 0.993930197268588,
  "140": 0.9954476479514408,
  "167": 0.9969650986342936,
  "170": 0.9984825493171464,
  "174": 0.9999999999999992
}