{
  "2": 0.02197802197802198,
  "3": 0.09035409035409037,
  "4": 0.13797313797313798,
  "5": 0.17582417582417584,
  "6": 0.2026862026862027,
  "7": 0.22832722832722832,
  "8": 0.2503052503052503,
  "9": 0.2857142857142857,
  "10": 0.30769230769230765,
  "11": 0.3272283272283272,
  "12": 0.34432234432234426,
  "13": 0.36141636141636135,
  "14": 0.376068376068376,
  "15": 0.38827838827838823,
  "16": 0.40170940170940167,
  "17": 0.40781440781440775,
  "18": 0.42002442002442,
  "19": 0.42979242979242976,
  "20": 0.442002442002442,
  "21": 0.4603174603174603,
  "22": 0.47496947496947495,
  "23": 0.4835164835164835,
  "24": 0.4945054945054945,
  "25": 0.5018315018315018,
  "26": 0.5128205128205128,
  "27": 0.5274725274725274,
  "28": 0.5433455433455432,
  "29": 0.5628815628815628,
  "30": 0.5702075702075701,
  "31": 0.5750915750915749,
  "32": 0.5824175824175822,
  "33": 0.5873015873015871,
  "34": 0.6007326007326005,
  "35": 0.6153846153846151,
  "36": 0.626373626373626,
  "37": 0.6288156288156285,
  "38": 0.6349206349206346,
  "39": 0.6434676434676431,
  "40": 0.6471306471306467,
  "41": 0.6630036630036626,
  "42": 0.6678876678876675,
  "43": 0.6752136752136748,
  "44": 0.6813186813186809,
  "45": 0.6886446886446882,
  "46": 0.6923076923076918,
  "47": 0.6959706959706955,
  "48": 0.7032967032967028,
  "49": 0.7081807081807077,
  "50": 0.7142857142857137,
  "51": 0.7228327228327223,
  "52": 0.732600732600732,
  "53": 0.7387057387057381,
  "54": 0.743589743589743,
  "55": 0.749694749694749,
  "56": 0.7631257631257624,
  "57": 0.7667887667887661,
  "58": 0.7741147741147734,
  "59": 0.7814407814407807,
  "60": 0.7851037851037843,
  "61": 0.788766788766788,
  "62": 0.7973137973137965,
  "63": 0.8009768009768001,
  "64": 0.8046398046398038,
  "65": 0.8107448107448099,
  "66": 0.8144078144078135,
  "67": 0.8180708180708172,
  "68": 0.822954822954822,
  "70": 0.8266178266178257,
  "71": 0.8290598290598281,
  "72": 0.8363858363858354,
  "73": 0.8376068376068366,
  "74": 0.8424908424908415,
  "75": 0.8473748473748464,
  "76": 0.85103785103785,
  "77": 0.8547008547008537,
  "78": 0.8595848595848585,
  "79": 0.8656898656898646,
  "80": 0.868131868131867,
  "82": 0.8742368742368731,
  "83": 0.8778998778998768,
  "84": 0.8803418803418792,
  "85": 0.8815628815628804,
  "86": 0.8852258852258841,
  "87": 0.8913308913308902,
  "88": 0.8949938949938938,
  "89": 0.896214896214895,
  "90": 0.8986568986568975,
  "91": 0.8998778998778987,
  "92": 0.9023199023199011,
  "93": 0.9035409035409023,
  "94": 0.9047619047619035,
  "95": 0.9084249084249072,
  "96": 0.9096459096459084,
  "99": 0.9108669108669096,
  "100": 0.9145299145299133,
  "101": 0.9181929181929169,
  "104": 0.9194139194139181,
  "105": 0.9218559218559206,
  "106": 0.9230769230769218,
  "107": 0.924297924297923,
  "108": 0.9255189255189242,
  "109": 0.9267399267399254,
  "110": 0.9279609279609267,
  "111": 0.9304029304029291,
  "112": 0.935286935286934,
  "113": 0.9365079365079352,
  "114": 0.9389499389499376,
  "115": 0.9401709401709388,
  "117": 0.94139194139194,
  "118": 0.9450549450549437,
  "119": 0.9462759462759449,
  "121": 0.9487179487179473,
  "123": 0.9499389499389486,
  "124": 0.9511599511599498,
  "125": 0.9536019536019522,
  "128": 0.9548229548229534,
  "129": 0.9572649572649559,
  "131": 0.9584859584859571,
  "132": 0.9597069597069583,
  "133": 0.9609279609279595,
  "134": 0.9621489621489607,
  "138": 0.9645909645909632,
  "140": 0.9658119658119644,
  "142": 0.9670329670329656,
  "143": 0.9682539682539668,
  "146": 0.969474969474968,
  "147": 0.9706959706959692,
  "148": 0.9719169719169705,
  "149": 0.9731379731379717,
  "150": 0.9743589743589729,
  "151": 0.9768009768009753,
  "156": 0.980463980463979,
  "157": 0.9829059829059814,
  "158": 0.9841269841269826,
  "160": 0.9853479853479838,
  "161": 0.9865689865689851,
  "170": 0.9877899877899863,
  "171": 0.9890109890109875,
  "172": 0.9902319902319887,
  "173": 0.9914529914529899,
  "175": 0.9926739926739911,
  "179": 0.9938949938949924,
  "182": 0.9951159951159936,
  "186": 0.997557997557996,
  "189": 0.9987789987789972,
  "200": 0.9999999999999984
}