{
  "2": 0.0109204368174727,
  "3": 0.0421216848673947,
  "4": 0.0717628705148206,
  "5": 0.0920436817472699,
  "6": 0.1138845553822153,
  "7": 0.1310452418096724,
  "8": 0.1482059282371295,
  "9": 0.15600624024961,
  "10": 0.16380655226209048,
  "11": 0.17784711388455537,
  "12": 0.18564742589703587,
  "13": 0.20436817472698907,
  "14": 0.21528861154446177,
  "15": 0.22620904836193448,
  "16": 0.23400936037441497,
  "17": 0.24960998439937598,
  "18": 0.2589703588143526,
  "19": 0.2730109204368175,
  "20": 0.28705148205928244,
  "21": 0.29173166926677074,
  "22": 0.3026521060842434,
  "23": 0.3135725429017161,
  "24": 0.31981279251170047,
  "25": 0.33073322932917315,
  "26": 0.33541341653666146,
  "27": 0.34477379095163807,
  "28": 0.35101404056162244,
  "29": 0.36037441497659906,
  "30": 0.37285491419656785,
  "31": 0.38065522620904835,
  "32": 0.39001560062402496,
  "33": 0.40249609984399376,
  "34": 0.41965678627145087,
  "35": 0.4243369734789392,
  "36": 0.4336973478939158,
  "37": 0.4430577223088924,
  "38": 0.4602184087363495,
  "39": 0.4695787831513261,
  "40": 0.4773790951638066,
  "41": 0.4898595943837754,
  "42": 0.49141965678627153,
  "43": 0.49609984399375984,
  "44": 0.49765990639625596,
  "45": 0.5054602184087365,
  "46": 0.5148205928237131,
  "47": 0.5210608424336974,
  "48": 0.5273010920436818,
  "49": 0.5366614664586584,
  "50": 0.544461778471139,
  "51": 0.5475819032761312,
  "52": 0.5507020280811235,
  "53": 0.5553822152886118,
  "54": 0.5631825273010923,
  "55": 0.5663026521060845,
  "56": 0.5741029641185651,
  "57": 0.5803432137285495,
  "58": 0.5959438377535105,
  "59": 0.6006240249609988,
  "60": 0.6099843993759754,
  "61": 0.6131045241809676,
  "62": 0.619344773790952,
  "63": 0.6240249609984403,
  "64": 0.6271450858034325,
  "65": 0.6333853354134169,
  "66": 0.6411856474258975,
  "67": 0.6443057722308897,
  "68": 0.6458658346333858,
  "69": 0.6521060842433701,
  "70": 0.6583463338533545,
  "71": 0.6645865834633389,
  "72": 0.6661466458658349,
  "73": 0.667706708268331,
  "74": 0.6692667706708271,
  "75": 0.6723868954758193,
  "76": 0.6770670826833076,
  "77": 0.6879875195007803,
  "78": 0.6895475819032764,
  "79": 0.6926677067082686,
  "80": 0.698907956318253,
  "81": 0.7035881435257413,
  "82": 0.7098283931357257,
  "83": 0.71606864274571,
  "84": 0.7207488299531983,
  "85": 0.7254290171606866,
  "86": 0.7285491419656789,
  "87": 0.730109204368175,
  "88": 0.731669266770671,
  "89": 0.7347893915756633,
  "90": 0.7441497659906399,
  "91": 0.7472698907956321,
  "92": 0.7535101404056165,
  "93": 0.7566302652106087,
  "94": 0.761310452418097,
  "95": 0.7644305772230893,
  "96": 0.7722308892355698,
  "97": 0.7737909516380659,
  "99": 0.7784711388455542,
  "100": 0.7831513260530425,
  "101": 0.790951638065523,
  "102": 0.7925117004680191,
  "103": 0.7971918876755074,
  "104": 0.7987519500780035,
  "105": 0.8003120124804995,
  "106": 0.8049921996879879,
  "107": 0.8081123244929801,
  "108": 0.8096723868954762,
  "110": 0.8159126365054605,
  "111": 0.8190327613104528,
  "112": 0.8205928237129488,
  "113": 0.8237129485179411,
  "115": 0.8252730109204371,
  "116": 0.8283931357254294,
  "117": 0.8299531981279255,
  "118": 0.8346333853354138,
  "120": 0.8361934477379098,
  "121": 0.8393135725429021,
  "122": 0.8424336973478943,
  "123": 0.8439937597503904,
  "124": 0.8471138845553826,
  "125": 0.8517940717628709,
  "126": 0.853354134165367,
  "127": 0.854914196567863,
  "128": 0.8564742589703591,
  "129": 0.8611544461778474,
  "131": 0.8627145085803435,
  "132": 0.8689547581903279,
  "133": 0.8720748829953201,
  "134": 0.8751950078003123,
  "135": 0.8798751950078006,
  "136": 0.884555382215289,
  "138": 0.8892355694227773,
  "139": 0.8907956318252733,
  "140": 0.8954758190327616,
  "141": 0.8985959438377539,
  "142": 0.9032761310452422,
  "144": 0.9048361934477382,
  "145": 0.9095163806552266,
  "146": 0.9126365054602188,
  "147": 0.9141965678627149,
  "148": 0.9188767550702032,
  "150": 0.9204368174726992,
  "152": 0.9235569422776915,
  "153": 0.9266770670826837,
  "155": 0.9282371294851798,
  "157": 0.931357254290172,
  "158": 0.9329173166926681,
  "159": 0.9344773790951642,
  "160": 0.9360374414976602,
  "161": 0.9438377535101408,
  "162": 0.9485179407176291,
  "163": 0.9500780031201251,
  "164": 0.9531981279251174,
  "166": 0.9547581903276134,
  "170": 0.9578783151326057,
  "171": 0.9594383775351017,
  "172": 0.9609984399375978,
  "173": 0.9625585023400939,
  "175": 0.9656786271450861,
  "177": 0.9672386895475822,
  "180": 0.9687987519500783,
  "181": 0.9703588143525743,
  "182": 0.9719188767550704,
  "184": 0.9734789391575664,
  "185": 0.9765990639625587,
  "187": 0.9797191887675509,
  "188": 0.9828393135725432,
  "190": 0.9843993759750392,
  "191": 0.9859594383775353,
  "192": 0.9906396255850236,
  "194": 0.9921996879875197,
  "195": 0.9953198127925119,
  "198": 0.9984399375975042,
  "199": 1.0000000000000002
}