{
  "2": 0.308,
  "3": 0.495,
  "4": 0.57,
  "5": 0.629,
  "6": 0.672,
  "7": 0.7060000000000001,
  "8": 0.7420000000000001,
  "9": 0.7720000000000001,
  "10": 0.7930000000000001,
  "11": 0.8200000000000002,
  "12": 0.8510000000000002,
  "13": 0.8650000000000002,
  "14": 0.8810000000000002,
  "15": 0.9010000000000002,
  "16": 0.9110000000000003,
  "17": 0.9230000000000003,
  "18": 0.9300000000000003,
  "19": 0.9400000000000003,
  "20": 0.9460000000000003,
  "21": 0.9500000000000003,
  "22": 0.9550000000000003,
  "23": 0.9600000000000003,
  "24": 0.9610000000000003,
  "25": 0.9630000000000003,
  "26": 0.9650000000000003,
  "27": 0.9670000000000003,
  "28": 0.9700000000000003,
  "29": 0.9730000000000003,
  "30": 0.9750000000000003,
  "31": 0.9770000000000003,
  "32": 0.9780000000000003,
  "34": 0.9800000000000003,
  "36": 0.9810000000000003,
  "38": 0.9850000000000003,
  "39": 0.9870000000000003,
  "40": 0.9890000000000003,
  "41": 0.9900000000000003,
  "42": 0.9910000000000003,
  "45": 0.9920000000000003,
  "46": 0.9930000000000003,
  "48": 0.9940000000000003,
  "59": 0.9950000000000003,
  "62": 0.9960000000000003,
  "68": 0.9970000000000003,
  "95": 0.9980000000000003,
  "97": 0.9990000000000003,
  "99": 1.0000000000000002
}