{
  "2": 0.04375,
  "3": 0.13229166666666667,
  "4": 0.19479166666666667,
  "5": 0.24583333333333335,
  "6": 0.28750000000000003,
  "7": 0.31875000000000003,
  "8": 0.3510416666666667,
  "9": 0.371875,
  "10": 0.403125,
  "11": 0.4291666666666667,
  "12": 0.45937500000000003,
  "13": 0.48125,
  "14": 0.49270833333333336,
  "15": 0.5114583333333333,
  "16": 0.525,
  "17": 0.5364583333333334,
  "18": 0.5458333333333334,
  "19": 0.5625000000000001,
  "20": 0.5791666666666668,
  "21": 0.5916666666666668,
  "22": 0.6000000000000001,
  "23": 0.6083333333333334,
  "24": 0.6197916666666667,
  "25": 0.6302083333333334,
  "26": 0.6395833333333334,
  "27": 0.6479166666666667,
  "28": 0.6520833333333333,
  "29": 0.6572916666666667,
  "30": 0.6614583333333334,
  "31": 0.6645833333333334,
  "32": 0.6739583333333334,
  "33": 0.6833333333333335,
  "34": 0.6916666666666668,
  "35": 0.6958333333333334,
  "36": 0.7010416666666668,
  "37": 0.7062500000000002,
  "38": 0.7093750000000002,
  "39": 0.7135416666666669,
  "40": 0.7156250000000002,
  "41": 0.7177083333333335,
  "42": 0.7239583333333335,
  "43": 0.7270833333333335,
  "44": 0.7312500000000002,
  "45": 0.7322916666666669,
  "46": 0.7333333333333336,
  "47": 0.738541666666667,
  "48": 0.7395833333333337,
  "49": 0.741666666666667,
  "50": 0.7447916666666671,
  "51": 0.7458333333333338,
  "52": 0.7479166666666671,
  "53": 0.7531250000000005,
  "54": 0.7572916666666671,
  "55": 0.7593750000000005,
  "56": 0.7645833333333338,
  "57": 0.7666666666666672,
  "58": 0.7729166666666671,
  "59": 0.7760416666666672,
  "60": 0.7781250000000005,
  "61": 0.7822916666666672,
  "62": 0.7854166666666672,
  "64": 0.7875000000000005,
  "65": 0.7895833333333339,
  "66": 0.7906250000000006,
  "67": 0.7947916666666672,
  "68": 0.795833333333334,
  "69": 0.7979166666666673,
  "70": 0.8000000000000006,
  "71": 0.8010416666666673,
  "72": 0.8031250000000006,
  "73": 0.8072916666666673,
  "74": 0.8093750000000006,
  "76": 0.811458333333334,
  "77": 0.814583333333334,
  "78": 0.8156250000000007,
  "79": 0.8187500000000008,
  "80": 0.8229166666666674,
  "81": 0.8270833333333341,
  "83": 0.8291666666666674,
  "84": 0.8312500000000007,
  "85": 0.833333333333334,
  "86": 0.8364583333333341,
  "87": 0.8375000000000008,
  "88": 0.8416666666666675,
  "89": 0.8447916666666675,
  "90": 0.8458333333333342,
  "91": 0.8479166666666675,
  "96": 0.8489583333333343,
  "97": 0.850000000000001,
  "98": 0.853125000000001,
  "99": 0.8562500000000011,
  "100": 0.8572916666666678,
  "101": 0.8604166666666678,
  "102": 0.8614583333333345,
  "104": 0.8635416666666679,
  "106": 0.8677083333333345,
  "109": 0.8697916666666679,
  "110": 0.8729166666666679,
  "111": 0.8750000000000012,
  "112": 0.8781250000000013,
  "113": 0.8802083333333346,
  "114": 0.8833333333333346,
  "115": 0.885416666666668,
  "116": 0.8864583333333347,
  "118": 0.8875000000000014,
  "119": 0.8895833333333347,
  "120": 0.8927083333333348,
  "121": 0.8937500000000015,
  "122": 0.8947916666666682,
  "123": 0.8968750000000015,
  "124": 0.9000000000000016,
  "125": 0.9010416666666683,
  "126": 0.905208333333335,
  "128": 0.9104166666666683,
  "129": 0.9125000000000016,
  "130": 0.914583333333335,
  "131": 0.9166666666666683,
  "132": 0.917708333333335,
  "134": 0.9187500000000017,
  "136": 0.9197916666666685,
  "137": 0.9218750000000018,
  "140": 0.9239583333333351,
  "141": 0.9260416666666684,
  "142": 0.9291666666666685,
  "143": 0.9302083333333352,
  "144": 0.9312500000000019,
  "145": 0.9395833333333352,
  "146": 0.9427083333333353,
  "147": 0.943750000000002,
  "148": 0.9458333333333353,
  "150": 0.9479166666666686,
  "151": 0.950000000000002,
  "152": 0.953125000000002,
  "154": 0.9541666666666687,
  "155": 0.956250000000002,
  "157": 0.9572916666666688,
  "158": 0.9583333333333355,
  "159": 0.9614583333333355,
  "162": 0.9625000000000022,
  "163": 0.963541666666669,
  "164": 0.9645833333333357,
  "166": 0.9656250000000024,
  "167": 0.9677083333333357,
  "169": 0.969791666666669,
  "170": 0.9718750000000024,
  "172": 0.9729166666666691,
  "173": 0.9739583333333358,
  "174": 0.9750000000000025,
  "175": 0.9760416666666692,
  "176": 0.9812500000000026,
  "180": 0.9822916666666693,
  "181": 0.9843750000000027,
  "183": 0.9854166666666694,
  "185": 0.9864583333333361,
  "187": 0.9895833333333361,
  "189": 0.9906250000000029,
  "190": 0.9916666666666696,
  "194": 0.9937500000000029,
  "195": 0.9947916666666696,
  "197": 0.9958333333333363,
  "198": 0.9979166666666697,
  "200": 1.000000000000003
}