{
  "2": 0.332,
  "3": 0.526,
  "4": 0.5830000000000001,
  "5": 0.6360000000000001,
  "6": 0.6900000000000002,
  "7": 0.7270000000000002,
  "8": 0.7580000000000002,
  "9": 0.7890000000000003,
  "10": 0.8180000000000003,
  "11": 0.8470000000000003,
  "12": 0.8690000000000003,
  "13": 0.8880000000000003,
  "14": 0.9030000000000004,
  "15": 0.9140000000000004,
  "16": 0.9260000000000004,
  "17": 0.9390000000000004,
  "18": 0.9430000000000004,
  "19": 0.9470000000000004,
  "20": 0.9490000000000004,
  "21": 0.9520000000000004,
  "22": 0.9570000000000004,
  "23": 0.9600000000000004,
  "24": 0.9620000000000004,
  "25": 0.9650000000000004,
  "26": 0.9670000000000004,
  "27": 0.9680000000000004,
  "28": 0.9690000000000004,
  "29": 0.9710000000000004,
  "30": 0.9720000000000004,
  "32": 0.9750000000000004,
  "33": 0.9760000000000004,
  "34": 0.9780000000000004,
  "36": 0.9800000000000004,
  "38": 0.9840000000000004,
  "40": 0.9860000000000004,
  "41": 0.9870000000000004,
  "44": 0.9880000000000004,
  "49": 0.9900000000000004,
  "50": 0.9910000000000004,
  "51": 0.9920000000000004,
  "54": 0.9930000000000004,
  "58": 0.9940000000000004,
  "59": 0.9950000000000004,
  "60": 0.9960000000000004,
  "62": 0.9970000000000004,
  "64": 0.9980000000000004,
  "72": 1.0000000000000004
}