{
  "2": 0.058394160583941604,
  "3": 0.11678832116788321,
  "4": 0.25547445255474455,
  "5": 0.3284671532846716,
  "6": 0.3649635036496351,
  "7": 0.416058394160584,
  "8": 0.43795620437956206,
  "9": 0.48175182481751827,
  "10": 0.5182481751824818,
  "11": 0.5401459854014599,
  "12": 0.583941605839416,
  "13": 0.6204379562043795,
  "14": 0.6496350364963502,
  "15": 0.678832116788321,
  "16": 0.7007299270072991,
  "17": 0.7372262773722625,
  "18": 0.7664233576642333,
  "19": 0.773722627737226,
  "20": 0.7883211678832114,
  "21": 0.7956204379562041,
  "22": 0.8029197080291968,
  "23": 0.8102189781021895,
  "24": 0.8321167883211675,
  "25": 0.868613138686131,
  "26": 0.8832116788321164,
  "28": 0.8905109489051091,
  "29": 0.8978102189781018,
  "31": 0.9124087591240871,
  "34": 0.9270072992700725,
  "35": 0.9343065693430652,
  "36": 0.9416058394160579,
  "37": 0.9489051094890506,
  "38": 0.9562043795620433,
  "41": 0.963503649635036,
  "42": 0.9708029197080287,
  "47": 0.9781021897810214,
  "69": 0.9854014598540141,
  "72": 0.9927007299270068,
  "83": 0.9999999999999994
}