{
  "2": 0.019525801952580194,
  "3": 0.04881450488145049,
  "4": 0.09065550906555091,
  "5": 0.11436541143654114,
  "6": 0.14644351464435146,
  "7": 0.17433751743375173,
  "8": 0.18688981868898186,
  "9": 0.20502092050209203,
  "10": 0.2398884239888424,
  "11": 0.25383542538354253,
  "12": 0.2691771269177127,
  "13": 0.2789400278940028,
  "14": 0.3082287308228731,
  "15": 0.32496513249651326,
  "16": 0.3389121338912134,
  "17": 0.35704323570432356,
  "18": 0.3709902370990237,
  "19": 0.3863319386331938,
  "20": 0.40306834030683397,
  "21": 0.4170153417015341,
  "22": 0.4267782426778242,
  "23": 0.4323570432357043,
  "24": 0.44909344490934444,
  "25": 0.4602510460251045,
  "26": 0.46861924686192463,
  "27": 0.47698744769874474,
  "28": 0.48953974895397484,
  "29": 0.4923291492329149,
  "30": 0.5006973500697349,
  "31": 0.507670850767085,
  "32": 0.514644351464435,
  "33": 0.518828451882845,
  "34": 0.525801952580195,
  "35": 0.5383542538354251,
  "36": 0.5439330543933052,
  "37": 0.5536959553695953,
  "38": 0.5592747559274753,
  "39": 0.5732217573221755,
  "40": 0.5843793584379356,
  "41": 0.5899581589958157,
  "42": 0.6011157601115759,
  "43": 0.612273361227336,
  "44": 0.619246861924686,
  "45": 0.6276150627615061,
  "46": 0.6317991631799161,
  "47": 0.6387726638772662,
  "48": 0.6457461645746162,
  "49": 0.6527196652719662,
  "50": 0.6582984658298463,
  "51": 0.6624825662482563,
  "52": 0.6652719665271963,
  "53": 0.6680613668061364,
  "54": 0.6708507670850764,
  "55": 0.6736401673640164,
  "56": 0.6806136680613665,
  "57": 0.6903765690376565,
  "58": 0.6987447698744766,
  "59": 0.7015341701534167,
  "60": 0.7029288702928866,
  "61": 0.7099023709902367,
  "62": 0.7154811715481167,
  "63": 0.7182705718270568,
  "64": 0.7224546722454668,
  "65": 0.7266387726638768,
  "66": 0.7294281729428168,
  "67": 0.7308228730822868,
  "68": 0.7364016736401668,
  "69": 0.7405857740585768,
  "70": 0.7447698744769868,
  "71": 0.7475592747559269,
  "72": 0.7503486750348669,
  "73": 0.7545327754532769,
  "74": 0.760111576011157,
  "75": 0.764295676429567,
  "76": 0.768479776847977,
  "77": 0.771269177126917,
  "78": 0.775453277545327,
  "79": 0.7810320781032071,
  "80": 0.7838214783821471,
  "81": 0.7907949790794971,
  "82": 0.7921896792189671,
  "83": 0.7963737796373771,
  "85": 0.8019525801952572,
  "86": 0.8061366806136672,
  "87": 0.8145048814504873,
  "88": 0.8158995815899572,
  "89": 0.8172942817294272,
  "90": 0.8186889818688972,
  "91": 0.8200836820083671,
  "92": 0.8214783821478371,
  "93": 0.8242677824267771,
  "94": 0.8270571827057172,
  "95": 0.8312412831241272,
  "97": 0.8354253835425371,
  "98": 0.8410041841004172,
  "99": 0.8423988842398872,
  "100": 0.8437935843793571,
  "101": 0.8451882845188271,
  "102": 0.8507670850767072,
  "105": 0.8535564853556472,
  "106": 0.8549511854951172,
  "107": 0.8577405857740572,
  "108": 0.8591352859135272,
  "109": 0.8647140864714072,
  "111": 0.8675034867503473,
  "112": 0.8730822873082273,
  "114": 0.8758716875871674,
  "116": 0.8772663877266373,
  "117": 0.8786610878661073,
  "118": 0.8800557880055773,
  "121": 0.8828451882845173,
  "122": 0.8870292887029273,
  "123": 0.8884239888423973,
  "124": 0.8912133891213373,
  "125": 0.8953974895397473,
  "126": 0.8967921896792173,
  "127": 0.8981868898186872,
  "128": 0.8995815899581572,
  "129": 0.9009762900976271,
  "130": 0.9037656903765672,
  "131": 0.9051603905160371,
  "132": 0.9065550906555071,
  "133": 0.9079497907949771,
  "134": 0.909344490934447,
  "135": 0.9121338912133871,
  "136": 0.9163179916317971,
  "137": 0.917712691771267,
  "138": 0.919107391910737,
  "139": 0.9205020920502069,
  "140": 0.923291492329147,
  "142": 0.9246861924686169,
  "144": 0.9260808926080869,
  "146": 0.9302649930264969,
  "147": 0.9316596931659669,
  "148": 0.9330543933054368,
  "150": 0.9344490934449068,
  "151": 0.9386331938633168,
  "152": 0.9400278940027867,
  "153": 0.9414225941422567,
  "154": 0.9428172942817267,
  "155": 0.9442119944211966,
  "157": 0.9456066945606666,
  "158": 0.9483960948396066,
  "159": 0.9511854951185467,
  "162": 0.9539748953974867,
  "164": 0.9553695955369567,
  "165": 0.9581589958158967,
  "167": 0.9623430962343067,
  "168": 0.9637377963737767,
  "169": 0.9651324965132466,
  "170": 0.9665271966527166,
  "172": 0.9679218967921865,
  "174": 0.9693165969316565,
  "175": 0.9721059972105965,
  "177": 0.9735006973500665,
  "178": 0.9748953974895365,
  "180": 0.9762900976290064,
  "181": 0.9804741980474164,
  "184": 0.9832635983263565,
  "185": 0.9846582984658264,
  "187": 0.9874476987447665,
  "188": 0.9888423988842364,
  "189": 0.9902370990237064,
  "191": 0.9958158995815865,
  "193": 0.9972105997210564,
  "195": 0.9986052998605264,
  "199": 0.9999999999999963
}