{
  "2": 0.30852211434735705,
  "3": 0.5102481121898598,
  "4": 0.6267529665587919,
  "5": 0.7022653721682849,
  "6": 0.7454153182308523,
  "7": 0.7713052858683928,
  "8": 0.7971952535059332,
  "9": 0.8284789644012946,
  "10": 0.8511326860841425,
  "11": 0.8640776699029127,
  "12": 0.8748651564185546,
  "13": 0.8856526429341964,
  "14": 0.8964401294498383,
  "15": 0.9093851132686085,
  "16": 0.918015102481122,
  "17": 0.929881337648328,
  "18": 0.9417475728155341,
  "19": 0.9503775620280476,
  "20": 0.9622437971952537,
  "21": 0.9633225458468179,
  "22": 0.9665587918015104,
  "23": 0.9751887810140238,
  "24": 0.9773462783171523,
  "25": 0.9827400215749732,
  "26": 0.9892125134843583,
  "27": 0.9913700107874868,
  "28": 0.9935275080906152,
  "29": 0.9956850053937436,
  "30": 0.997842502696872,
  "31": 0.9989212513484362,
  "33": 1.0000000000000004
}