{
  "2": 0.07228915662650602,
  "3": 0.13472070098576122,
  "4": 0.17524644030668127,
  "5": 0.2004381161007667,
  "6": 0.23877327491785322,
  "7": 0.2595837897042716,
  "8": 0.2771084337349397,
  "9": 0.30230010952902514,
  "10": 0.31544359255202625,
  "11": 0.33077765607886084,
  "12": 0.33844468784227816,
  "13": 0.36254107338444685,
  "14": 0.38116100766703176,
  "15": 0.39649507119386634,
  "16": 0.4173055859802847,
  "17": 0.42935377875136904,
  "18": 0.4381161007667031,
  "19": 0.4457831325301204,
  "20": 0.45235487404162095,
  "21": 0.45783132530120474,
  "22": 0.461117196056955,
  "23": 0.46768893756845553,
  "24": 0.4764512595837896,
  "25": 0.48083242059145664,
  "26": 0.4852135815991237,
  "27": 0.48740416210295723,
  "28": 0.492880613362541,
  "29": 0.49507119386637455,
  "30": 0.5016429353778751,
  "31": 0.5082146768893756,
  "32": 0.5136911281489593,
  "33": 0.5191675794085431,
  "34": 0.5246440306681268,
  "35": 0.5301204819277106,
  "36": 0.5410733844468781,
  "37": 0.5487404162102955,
  "38": 0.5585980284775462,
  "39": 0.5651697699890468,
  "40": 0.5706462212486305,
  "41": 0.5761226725082143,
  "42": 0.577217962760131,
  "43": 0.5783132530120478,
  "44": 0.5794085432639646,
  "45": 0.5815991237677981,
  "46": 0.5903614457831322,
  "47": 0.5936473165388825,
  "48": 0.6056955093099669,
  "49": 0.6210295728368015,
  "50": 0.6286966046002188,
  "51": 0.6462212486308869,
  "52": 0.6538882803943042,
  "53": 0.659364731653888,
  "54": 0.6681270536692221,
  "55": 0.686746987951807,
  "56": 0.7064622124863087,
  "57": 0.7360350492880612,
  "58": 0.7546549835706461,
  "59": 0.7765607886089813,
  "60": 0.7918948521358159,
  "61": 0.8028477546549835,
  "62": 0.8127053669222343,
  "63": 0.8291347207009856,
  "64": 0.8357064622124861,
  "65": 0.8444687842278202,
  "66": 0.8477546549835705,
  "67": 0.8576122672508213,
  "68": 0.863088718510405,
  "69": 0.8663745892661553,
  "70": 0.8685651697699888,
  "71": 0.871851040525739,
  "72": 0.8729463307776558,
  "73": 0.8795180722891563,
  "74": 0.8806133625410731,
  "75": 0.8817086527929899,
  "80": 0.8828039430449067,
  "81": 0.8838992332968235,
  "83": 0.8871851040525738,
  "85": 0.8893756845564073,
  "86": 0.8926615553121575,
  "89": 0.894852135815991,
  "90": 0.8959474260679078,
  "91": 0.8981380065717413,
  "92": 0.899233296823658,
  "93": 0.9003285870755748,
  "94": 0.9025191675794083,
  "95": 0.9036144578313251,
  "96": 0.9047097480832419,
  "97": 0.9058050383351587,
  "99": 0.9069003285870755,
  "100": 0.909090909090909,
  "101": 0.9101861993428257,
  "102": 0.9112814895947425,
  "104": 0.9123767798466593,
  "105": 0.9134720700985761,
  "106": 0.9156626506024096,
  "107": 0.9167579408543264,
  "108": 0.9178532311062432,
  "109": 0.9200438116100766,
  "110": 0.9211391018619934,
  "112": 0.9222343921139102,
  "113": 0.923329682365827,
  "114": 0.9266155531215773,
  "115": 0.9309967141292443,
  "116": 0.9320920043811611,
  "118": 0.9331872946330779,
  "119": 0.9342825848849947,
  "120": 0.937568455640745,
  "123": 0.9397590361445785,
  "125": 0.9419496166484119,
  "126": 0.9430449069003287,
  "127": 0.9452354874041622,
  "128": 0.9485213581599125,
  "130": 0.9518072289156627,
  "131": 0.9529025191675795,
  "133": 0.955093099671413,
  "134": 0.9561883899233298,
  "135": 0.9572836801752466,
  "137": 0.9583789704271634,
  "138": 0.9594742606790801,
  "142": 0.9605695509309969,
  "143": 0.9616648411829137,
  "144": 0.9627601314348305,
  "148": 0.964950711938664,
  "149": 0.9660460021905808,
  "153": 0.9682365826944143,
  "156": 0.969331872946331,
  "157": 0.9704271631982478,
  "158": 0.9715224534501646,
  "159": 0.9726177437020814,
  "162": 0.9737130339539982,
  "165": 0.974808324205915,
  "167": 0.9759036144578318,
  "169": 0.9769989047097486,
  "172": 0.9791894852135821,
  "173": 0.9802847754654989,
  "174": 0.9813800657174157,
  "175": 0.9835706462212491,
  "176": 0.9857612267250826,
  "177": 0.9879518072289161,
  "181": 0.9890470974808329,
  "182": 0.9901423877327497,
  "183": 0.9912376779846664,
  "189": 0.9923329682365832,
  "192": 0.9934282584885,
  "193": 0.9945235487404168,
  "194": 0.9956188389923336,
  "196": 0.9967141292442504,
  "197": 0.9978094194961672,
  "200": 1.0000000000000007
}