{
  "2": 0.05405405405405406,
  "3": 0.09759759759759759,
  "4": 0.15165165165165165,
  "5": 0.1981981981981982,
  "6": 0.24624624624624625,
  "7": 0.2747747747747748,
  "8": 0.3123123123123123,
  "9": 0.35135135135135137,
  "10": 0.3813813813813814,
  "11": 0.40540540540540543,
  "12": 0.42342342342342343,
  "13": 0.44144144144144143,
  "14": 0.46096096096096095,
  "15": 0.47147147147147145,
  "16": 0.48198198198198194,
  "17": 0.49699699699699695,
  "18": 0.521021021021021,
  "19": 0.5345345345345345,
  "20": 0.5465465465465464,
  "21": 0.5585585585585584,
  "22": 0.5660660660660659,
  "23": 0.5735735735735734,
  "24": 0.59009009009009,
  "25": 0.6021021021021019,
  "26": 0.6141141141141139,
  "27": 0.6261261261261258,
  "28": 0.6411411411411408,
  "29": 0.6441441441441439,
  "30": 0.6531531531531529,
  "31": 0.6666666666666664,
  "32": 0.677177177177177,
  "33": 0.6876876876876875,
  "34": 0.695195195195195,
  "35": 0.6996996996996995,
  "36": 0.71021021021021,
  "37": 0.7132132132132131,
  "38": 0.7222222222222221,
  "39": 0.7372372372372371,
  "40": 0.7477477477477477,
  "41": 0.7507507507507507,
  "42": 0.7612612612612613,
  "43": 0.7657657657657657,
  "44": 0.7732732732732732,
  "45": 0.7747747747747747,
  "47": 0.7777777777777778,
  "48": 0.7807807807807808,
  "49": 0.7822822822822824,
  "50": 0.7852852852852854,
  "51": 0.7867867867867869,
  "52": 0.7942942942942944,
  "53": 0.8033033033033035,
  "54": 0.8063063063063065,
  "55": 0.810810810810811,
  "57": 0.813813813813814,
  "58": 0.81981981981982,
  "59": 0.825825825825826,
  "60": 0.8303303303303304,
  "61": 0.8348348348348349,
  "62": 0.8363363363363364,
  "63": 0.8408408408408409,
  "65": 0.8453453453453453,
  "67": 0.8483483483483484,
  "68": 0.8558558558558559,
  "69": 0.8588588588588589,
  "70": 0.861861861861862,
  "71": 0.8633633633633635,
  "72": 0.864864864864865,
  "73": 0.873873873873874,
  "74": 0.8753753753753756,
  "75": 0.8783783783783786,
  "76": 0.8813813813813817,
  "77": 0.8933933933933936,
  "78": 0.8963963963963967,
  "79": 0.8978978978978982,
  "80": 0.8993993993993997,
  "81": 0.9009009009009012,
  "82": 0.9039039039039043,
  "83": 0.9069069069069073,
  "84": 0.9099099099099104,
  "85": 0.9114114114114119,
  "86": 0.9129129129129134,
  "87": 0.914414414414415,
  "88": 0.9204204204204209,
  "89": 0.923423423423424,
  "91": 0.926426426426427,
  "92": 0.9309309309309315,
  "93": 0.932432432432433,
  "94": 0.9369369369369375,
  "96": 0.938438438438439,
  "97": 0.9399399399399405,
  "98": 0.941441441441442,
  "99": 0.9429429429429436,
  "102": 0.9444444444444451,
  "104": 0.9474474474474481,
  "107": 0.9519519519519526,
  "108": 0.9534534534534541,
  "109": 0.9564564564564572,
  "111": 0.9579579579579587,
  "117": 0.9594594594594602,
  "119": 0.9609609609609617,
  "120": 0.9624624624624633,
  "121": 0.9639639639639648,
  "122": 0.9654654654654663,
  "123": 0.9669669669669678,
  "125": 0.9699699699699709,
  "127": 0.9714714714714724,
  "129": 0.9744744744744754,
  "133": 0.975975975975977,
  "135": 0.9774774774774785,
  "142": 0.9804804804804815,
  "144": 0.981981981981983,
  "149": 0.9834834834834846,
  "150": 0.9849849849849861,
  "159": 0.9864864864864876,
  "165": 0.9879879879879891,
  "168": 0.9894894894894907,
  "170": 0.9909909909909922,
  "173": 0.9924924924924937,
  "188": 0.9939939939939952,
  "189": 0.9954954954954968,
  "196": 0.9969969969969983,
  "199": 0.9984984984984998,
  "200": 1.0000000000000013
}