{
  "2": 0.09696969696969697,
  "3": 0.23434343434343435,
  "4": 0.32727272727272727,
  "5": 0.38585858585858585,
  "6": 0.4242424242424242,
  "7": 0.4545454545454545,
  "8": 0.4696969696969696,
  "9": 0.48383838383838373,
  "10": 0.49494949494949486,
  "11": 0.5111111111111111,
  "12": 0.5343434343434343,
  "13": 0.5656565656565656,
  "14": 0.5767676767676767,
  "15": 0.6030303030303029,
  "16": 0.6222222222222221,
  "17": 0.6282828282828282,
  "18": 0.6404040404040403,
  "19": 0.6585858585858585,
  "20": 0.6656565656565656,
  "21": 0.6686868686868687,
  "22": 0.6717171717171717,
  "23": 0.6777777777777778,
  "24": 0.6898989898989899,
  "25": 0.694949494949495,
  "26": 0.7020202020202021,
  "27": 0.7090909090909092,
  "28": 0.7131313131313133,
  "29": 0.7161616161616163,
  "31": 0.7222222222222224,
  "32": 0.7232323232323234,
  "33": 0.7353535353535355,
  "34": 0.7585858585858588,
  "35": 0.7676767676767678,
  "36": 0.782828282828283,
  "37": 0.783838383838384,
  "38": 0.7919191919191921,
  "39": 0.8040404040404042,
  "40": 0.8161616161616163,
  "41": 0.8202020202020204,
  "42": 0.8232323232323234,
  "43": 0.8393939393939396,
  "44": 0.8444444444444447,
  "45": 0.8515151515151518,
  "46": 0.8565656565656569,
  "47": 0.861616161616162,
  "48": 0.865656565656566,
  "49": 0.8696969696969701,
  "50": 0.8737373737373741,
  "51": 0.8757575757575762,
  "52": 0.8808080808080813,
  "53": 0.8818181818181823,
  "54": 0.8858585858585863,
  "55": 0.8878787878787884,
  "56": 0.8919191919191924,
  "57": 0.8959595959595965,
  "58": 0.9030303030303036,
  "59": 0.9070707070707077,
  "60": 0.9090909090909097,
  "61": 0.9101010101010107,
  "62": 0.9111111111111118,
  "63": 0.9141414141414148,
  "64": 0.9161616161616168,
  "66": 0.9191919191919199,
  "67": 0.9202020202020209,
  "68": 0.925252525252526,
  "69": 0.927272727272728,
  "70": 0.9313131313131321,
  "71": 0.9383838383838392,
  "72": 0.9434343434343443,
  "73": 0.9444444444444453,
  "74": 0.9464646464646473,
  "75": 0.9474747474747484,
  "76": 0.9484848484848494,
  "77": 0.9494949494949504,
  "78": 0.9525252525252534,
  "80": 0.9585858585858595,
  "81": 0.9595959595959606,
  "82": 0.9606060606060616,
  "83": 0.9616161616161626,
  "84": 0.9646464646464656,
  "85": 0.9676767676767687,
  "86": 0.9696969696969707,
  "87": 0.9707070707070717,
  "88": 0.9727272727272738,
  "90": 0.9747474747474758,
  "91": 0.9777777777777789,
  "92": 0.9797979797979809,
  "93": 0.9808080808080819,
  "94": 0.9818181818181829,
  "95": 0.985858585858587,
  "96": 0.986868686868688,
  "97": 0.987878787878789,
  "98": 0.98888888888889,
  "100": 0.9909090909090921,
  "101": 0.9919191919191931,
  "102": 0.9929292929292941,
  "103": 0.9939393939393951,
  "104": 0.9959595959595972,
  "114": 0.9969696969696982,
  "191": 0.9979797979797992,
  "192": 0.9989898989899002,
  "199": 1.000000000000001
}