{
  "2": 0.027809965237543453,
  "3": 0.06720741599073,
  "4": 0.0996523754345307,
  "5": 0.12398609501738123,
  "6": 0.14831981460023175,
  "7": 0.17033603707995365,
  "8": 0.19351100811123986,
  "9": 0.21436848203939746,
  "10": 0.22479721900347624,
  "11": 0.2410196987253766,
  "12": 0.25608342989571264,
  "13": 0.27578215527230593,
  "14": 0.2838933951332561,
  "15": 0.29779837775202783,
  "16": 0.31054461181923526,
  "17": 0.31633835457705684,
  "18": 0.31865585168018545,
  "19": 0.3279258400926999,
  "20": 0.34067207415990736,
  "21": 0.35225955967555045,
  "22": 0.36268829663962926,
  "23": 0.36848203939745083,
  "24": 0.3754345307068367,
  "25": 0.3800695249130939,
  "26": 0.3881807647740441,
  "27": 0.3962920046349943,
  "28": 0.4020857473928159,
  "29": 0.4125144843568947,
  "30": 0.42178447276940917,
  "31": 0.4345307068366166,
  "32": 0.4426419466975668,
  "33": 0.45191193511008126,
  "34": 0.46349942062572436,
  "35": 0.4669756662804173,
  "36": 0.4727694090382389,
  "37": 0.47972190034762474,
  "38": 0.484356894553882,
  "39": 0.49362688296639645,
  "40": 0.499420625724218,
  "41": 0.5040556199304753,
  "42": 0.5133256083429898,
  "43": 0.5191193511008113,
  "44": 0.5249130938586328,
  "45": 0.5318655851680187,
  "46": 0.536500579374276,
  "47": 0.5411355735805332,
  "48": 0.5446118192352262,
  "49": 0.5492468134414834,
  "50": 0.5550405561993049,
  "51": 0.5631517960602551,
  "52": 0.5677867902665124,
  "53": 0.5724217844727696,
  "54": 0.5793742757821555,
  "55": 0.585168018539977,
  "56": 0.5898030127462343,
  "57": 0.5932792584009272,
  "58": 0.5944380069524915,
  "59": 0.5967555040556202,
  "60": 0.5979142526071844,
  "61": 0.5990730011587487,
  "62": 0.6025492468134417,
  "63": 0.6048667439165704,
  "64": 0.6106604866743919,
  "65": 0.6129779837775206,
  "66": 0.6199304750869065,
  "67": 0.6210892236384707,
  "68": 0.6245654692931637,
  "69": 0.6292004634994209,
  "70": 0.6315179606025496,
  "71": 0.6349942062572426,
  "72": 0.6373117033603712,
  "73": 0.6396292004634999,
  "74": 0.6431054461181929,
  "75": 0.6454229432213215,
  "76": 0.6500579374275788,
  "77": 0.6535341830822717,
  "78": 0.6558516801854004,
  "79": 0.6570104287369647,
  "80": 0.658169177288529,
  "81": 0.6604866743916576,
  "82": 0.6628041714947863,
  "83": 0.665121668597915,
  "84": 0.6674391657010437,
  "85": 0.668597914252608,
  "86": 0.6720741599073009,
  "87": 0.6743916570104296,
  "88": 0.6778679026651225,
  "89": 0.6813441483198155,
  "90": 0.6848203939745084,
  "91": 0.6882966396292014,
  "94": 0.6906141367323301,
  "95": 0.694090382387023,
  "96": 0.6987253765932803,
  "97": 0.7010428736964089,
  "99": 0.7045191193511019,
  "100": 0.7091541135573591,
  "101": 0.7137891077636164,
  "102": 0.7172653534183093,
  "103": 0.719582850521438,
  "104": 0.7242178447276952,
  "105": 0.7288528389339525,
  "106": 0.7300115874855168,
  "107": 0.731170336037081,
  "108": 0.7334878331402097,
  "109": 0.738122827346467,
  "110": 0.7404403244495956,
  "111": 0.7450753186558529,
  "112": 0.7497103128621101,
  "113": 0.7555040556199316,
  "115": 0.7601390498261889,
  "117": 0.7624565469293175,
  "118": 0.7647740440324462,
  "119": 0.7659327925840105,
  "122": 0.7682502896871392,
  "123": 0.7705677867902678,
  "125": 0.7717265353418321,
  "128": 0.7752027809965251,
  "129": 0.7775202780996537,
  "131": 0.778679026651218,
  "132": 0.7798377752027823,
  "133": 0.7809965237543466,
  "134": 0.7821552723059109,
  "135": 0.7844727694090395,
  "136": 0.7856315179606038,
  "137": 0.7867902665121681,
  "138": 0.7879490150637324,
  "139": 0.7891077636152967,
  "141": 0.7914252607184253,
  "145": 0.7925840092699896,
  "146": 0.7937427578215539,
  "147": 0.7949015063731182,
  "151": 0.7960602549246825,
  "152": 0.7983777520278111,
  "153": 0.7995365005793754,
  "154": 0.8006952491309397,
  "155": 0.801853997682504,
  "156": 0.8030127462340683,
  "157": 0.8041714947856325,
  "158": 0.8053302433371968,
  "159": 0.8064889918887611,
  "160": 0.8076477404403254,
  "163": 0.8088064889918897,
  "164": 0.8111239860950183,
  "165": 0.8146002317497113,
  "167": 0.8157589803012756,
  "168": 0.8169177288528399,
  "172": 0.8180764774044041,
  "173": 0.8203939745075328,
  "174": 0.8215527230590971,
  "175": 0.8227114716106614,
  "176": 0.8238702201622257,
  "179": 0.8308227114716116,
  "181": 0.8319814600231759,
  "184": 0.8342989571263045,
  "185": 0.8354577056778688,
  "186": 0.8366164542294331,
  "187": 0.8377752027809974,
  "190": 0.8389339513325617,
  "195": 0.8400926998841259,
  "196": 0.8412514484356902,
  "199": 0.8424101969872545,
  "201": 0.8435689455388188,
  "204": 0.8447276940903831,
  "205": 0.8458864426419473,
  "207": 0.848203939745076,
  "208": 0.851680185399769,
  "209": 0.8528389339513333,
  "211": 0.8539976825028975,
  "215": 0.8551564310544618,
  "216": 0.8563151796060261,
  "217": 0.8574739281575904,
  "218": 0.8586326767091547,
  "219": 0.8597914252607189,
  "230": 0.8621089223638476,
  "231": 0.8632676709154119,
  "233": 0.8644264194669762,
  "237": 0.8655851680185405,
  "238": 0.8667439165701047,
  "239": 0.867902665121669,
  "241": 0.8690614136732333,
  "243": 0.8702201622247976,
  "244": 0.8713789107763619,
  "246": 0.8725376593279262,
  "249": 0.8736964078794904,
  "250": 0.8748551564310547,
  "251": 0.876013904982619,
  "252": 0.8771726535341833,
  "256": 0.8783314020857476,
  "260": 0.8794901506373118,
  "262": 0.8818076477404405,
  "263": 0.8829663962920048,
  "265": 0.8841251448435691,
  "269": 0.8852838933951334,
  "270": 0.8864426419466976,
  "271": 0.8876013904982619,
  "273": 0.8887601390498262,
  "274": 0.8910776361529549,
  "276": 0.8922363847045192,
  "277": 0.8933951332560834,
  "281": 0.8945538818076477,
  "282": 0.895712630359212,
  "283": 0.8968713789107763,
  "292": 0.899188876013905,
  "297": 0.9003476245654692,
  "298": 0.9026651216685979,
  "299": 0.9038238702201622,
  "301": 0.9049826187717265,
  "305": 0.9061413673232908,
  "306": 0.907300115874855,
  "307": 0.9096176129779837,
  "316": 0.9130938586326767,
  "317": 0.914252607184241,
  "318": 0.9154113557358052,
  "319": 0.9165701042873695,
  "324": 0.9177288528389338,
  "331": 0.9188876013904981,
  "335": 0.9200463499420624,
  "336": 0.9212050984936266,
  "338": 0.9223638470451909,
  "343": 0.9235225955967552,
  "345": 0.9246813441483195,
  "350": 0.9281575898030124,
  "351": 0.9293163383545767,
  "352": 0.930475086906141,
  "356": 0.9316338354577053,
  "357": 0.9327925840092696,
  "358": 0.9339513325608338,
  "359": 0.9351100811123981,
  "366": 0.9362688296639624,
  "369": 0.9374275782155267,
  "372": 0.938586326767091,
  "375": 0.9397450753186553,
  "377": 0.9409038238702195,
  "378": 0.9420625724217838,
  "380": 0.9432213209733481,
  "383": 0.9443800695249124,
  "386": 0.9455388180764767,
  "389": 0.9466975666280409,
  "404": 0.9478563151796052,
  "414": 0.9490150637311695,
  "419": 0.9501738122827338,
  "427": 0.9513325608342981,
  "430": 0.9524913093858624,
  "437": 0.9536500579374266,
  "450": 0.9548088064889909,
  "456": 0.9559675550405552,
  "457": 0.9571263035921195,
  "459": 0.9582850521436838,
  "460": 0.959443800695248,
  "468": 0.9606025492468123,
  "484": 0.9617612977983766,
  "513": 0.9629200463499409,
  "520": 0.9640787949015052,
  "528": 0.9652375434530694,
  "532": 0.9663962920046337,
  "536": 0.967555040556198,
  "543": 0.9687137891077623,
  "547": 0.9698725376593266,
  "559": 0.9710312862108909,
  "563": 0.9721900347624551,
  "575": 0.9733487833140194,
  "577": 0.9745075318655837,
  "602": 0.975666280417148,
  "611": 0.9768250289687123,
  "711": 0.9779837775202765,
  "721": 0.9791425260718408,
  "726": 0.9803012746234051,
  "739": 0.9814600231749694,
  "754": 0.9826187717265337,
  "779": 0.983777520278098,
  "780": 0.9849362688296622,
  "783": 0.9860950173812265,
  "796": 0.9872537659327908,
  "812": 0.9884125144843551,
  "865": 0.9895712630359194,
  "888": 0.9907300115874836,
  "897": 0.9918887601390479,
  "907": 0.9930475086906122,
  "975": 0.9942062572421765,