{
  "2": 0.03333333333333333,
  "3": 0.08933333333333333,
  "4": 0.128,
  "5": 0.17066666666666666,
  "6": 0.19999999999999998,
  "7": 0.22666666666666666,
  "8": 0.248,
  "9": 0.268,
  "10": 0.2826666666666667,
  "11": 0.30133333333333334,
  "12": 0.312,
  "13": 0.32,
  "14": 0.332,
  "15": 0.34400000000000003,
  "16": 0.36000000000000004,
  "17": 0.37733333333333335,
  "18": 0.3866666666666667,
  "19": 0.4,
  "20": 0.4093333333333334,
  "21": 0.42400000000000004,
  "22": 0.4333333333333334,
  "23": 0.44800000000000006,
  "24": 0.4600000000000001,
  "25": 0.4680000000000001,
  "26": 0.47333333333333344,
  "27": 0.4786666666666668,
  "28": 0.49333333333333346,
  "29": 0.5026666666666668,
  "30": 0.5120000000000001,
  "31": 0.5226666666666668,
  "32": 0.5373333333333336,
  "33": 0.5426666666666669,
  "34": 0.5560000000000002,
  "35": 0.5586666666666669,
  "36": 0.5653333333333336,
  "37": 0.5733333333333336,
  "38": 0.5853333333333336,
  "39": 0.5920000000000003,
  "40": 0.5973333333333336,
  "41": 0.6133333333333336,
  "42": 0.6186666666666669,
  "43": 0.6240000000000002,
  "44": 0.6320000000000002,
  "45": 0.6360000000000002,
  "46": 0.6440000000000002,
  "47": 0.650666666666667,
  "48": 0.6600000000000003,
  "49": 0.6653333333333336,
  "50": 0.6760000000000003,
  "51": 0.6853333333333336,
  "52": 0.6933333333333336,
  "53": 0.7000000000000003,
  "54": 0.7053333333333336,
  "55": 0.7120000000000003,
  "56": 0.7173333333333336,
  "57": 0.7200000000000003,
  "58": 0.7213333333333336,
  "59": 0.7293333333333336,
  "60": 0.7346666666666669,
  "61": 0.7413333333333336,
  "62": 0.7480000000000003,
  "63": 0.758666666666667,
  "64": 0.762666666666667,
  "65": 0.770666666666667,
  "66": 0.7760000000000004,
  "67": 0.7786666666666671,
  "68": 0.7840000000000004,
  "69": 0.7893333333333337,
  "70": 0.794666666666667,
  "71": 0.7973333333333337,
  "72": 0.8013333333333337,
  "73": 0.802666666666667,
  "74": 0.8040000000000003,
  "75": 0.806666666666667,
  "76": 0.8120000000000003,
  "77": 0.8133333333333336,
  "78": 0.8173333333333336,
  "79": 0.8186666666666669,
  "81": 0.8200000000000002,
  "82": 0.8240000000000002,
  "83": 0.8253333333333335,
  "84": 0.8293333333333335,
  "85": 0.8346666666666668,
  "86": 0.8373333333333335,
  "87": 0.8400000000000002,
  "88": 0.8413333333333335,
  "91": 0.8426666666666668,
  "92": 0.8440000000000001,
  "93": 0.8453333333333334,
  "94": 0.8466666666666667,
  "95": 0.8493333333333334,
  "96": 0.8520000000000001,
  "97": 0.8560000000000001,
  "98": 0.8573333333333334,
  "99": 0.8586666666666667,
  "100": 0.8613333333333334,
  "101": 0.8640000000000001,
  "102": 0.8653333333333334,
  "103": 0.8693333333333334,
  "106": 0.8706666666666667,
  "107": 0.8733333333333334,
  "108": 0.8746666666666667,
  "109": 0.8773333333333334,
  "112": 0.8786666666666667,
  "114": 0.8813333333333334,
  "115": 0.8840000000000001,
  "116": 0.8906666666666668,
  "117": 0.8920000000000001,
  "119": 0.8933333333333334,
  "120": 0.8973333333333334,
  "121": 0.9000000000000001,
  "122": 0.9013333333333334,
  "123": 0.9040000000000001,
  "124": 0.9053333333333334,
  "126": 0.9066666666666667,
  "128": 0.908,
  "129": 0.9093333333333333,
  "130": 0.9106666666666666,
  "131": 0.9119999999999999,
  "132": 0.9133333333333332,
  "133": 0.9159999999999999,
  "136": 0.9173333333333332,
  "137": 0.9186666666666665,
  "138": 0.9213333333333332,
  "141": 0.9239999999999999,
  "143": 0.9253333333333332,
  "144": 0.9279999999999999,
  "145": 0.9293333333333332,
  "146": 0.9333333333333332,
  "147": 0.9359999999999999,
  "148": 0.9373333333333332,
  "149": 0.94,
  "150": 0.948,
  "151": 0.9493333333333333,
  "153": 0.9506666666666665,
  "155": 0.9519999999999998,
  "156": 0.9533333333333331,
  "158": 0.9546666666666664,
  "159": 0.9599999999999997,
  "160": 0.961333333333333,
  "161": 0.9626666666666663,
  "163": 0.9639999999999996,
  "164": 0.9653333333333329,
  "165": 0.9666666666666662,
  "168": 0.9693333333333329,
  "169": 0.9706666666666662,
  "171": 0.9733333333333329,
  "172": 0.9746666666666662,
  "174": 0.9773333333333329,
  "175": 0.9786666666666662,
  "176": 0.981333333333333,
  "177": 0.9839999999999997,
  "179": 0.985333333333333,
  "181": 0.9866666666666662,
  "182": 0.9879999999999995,
  "186": 0.9893333333333328,
  "189": 0.9906666666666661,
  "192": 0.9919999999999994,
  "195": 0.9946666666666661,
  "196": 0.9973333333333328,
  "197": 0.9986666666666661,
  "199": 0.9999999999999994
}