{
  "2": 0.335,
  "3": 0.6000000000000001,
  "4": 0.7130000000000001,
  "5": 0.7380000000000001,
  "6": 0.7640000000000001,
  "7": 0.7860000000000001,
  "8": 0.7900000000000001,
  "9": 0.7940000000000002,
  "10": 0.7960000000000002,
  "11": 0.8150000000000002,
  "12": 0.8220000000000002,
  "15": 0.8340000000000002,
  "16": 0.8610000000000002,
  "17": 0.8710000000000002,
  "18": 0.9040000000000002,
  "19": 0.9110000000000003,
  "20": 0.9210000000000003,
  "21": 0.9340000000000003,
  "22": 0.9520000000000003,
  "23": 0.9800000000000003,
  "24": 0.9820000000000003,
  "26": 0.9840000000000003,
  "27": 0.9920000000000003,
  "28": 0.9930000000000003,
  "29": 0.9950000000000003,
  "30": 1.0000000000000002
}