{
  "2": 0.332,
  "3": 0.63,
  "4": 0.756,
  "5": 0.799,
  "6": 0.8210000000000001,
  "7": 0.8450000000000001,
  "8": 0.8680000000000001,
  "9": 0.8850000000000001,
  "10": 0.9100000000000001,
  "11": 0.9320000000000002,
  "12": 0.9560000000000002,
  "13": 0.9650000000000002,
  "14": 0.9760000000000002,
  "15": 0.9770000000000002,
  "16": 0.9830000000000002,
  "17": 0.9890000000000002,
  "18": 0.9910000000000002,
  "19": 0.9920000000000002,
  "20": 0.9950000000000002,
  "22": 0.9960000000000002,
  "24": 0.9970000000000002,
  "25": 0.9980000000000002,
  "26": 0.9990000000000002,
  "27": 1.0000000000000002
}