{
  "2": 0.05561861520998865,
  "3": 0.14982973893303064,
  "4": 0.23609534619750283,
  "5": 0.3030646992054483,
  "6": 0.34392735527809304,
  "7": 0.37230419977298523,
  "8": 0.39727582292849034,
  "9": 0.42224744608399545,
  "10": 0.4358683314415437,
  "11": 0.4540295119182747,
  "12": 0.47105561861520995,
  "13": 0.48127128263337116,
  "14": 0.4869466515323496,
  "15": 0.4960272417707151,
  "16": 0.5164585698070374,
  "17": 0.5232690124858115,
  "18": 0.5312145289443813,
  "19": 0.5380249716231553,
  "20": 0.5482406356413165,
  "21": 0.5550510783200906,
  "23": 0.5607264472190691,
  "24": 0.5720771850170259,
  "25": 0.5845629965947784,
  "26": 0.5981838819523266,
  "27": 0.6129398410896706,
  "28": 0.6288308740068103,
  "29": 0.6435868331441542,
  "30": 0.651532349602724,
  "31": 0.6594778660612938,
  "32": 0.6628830874006808,
  "33": 0.6696935300794549,
  "34": 0.6776390465380246,
  "35": 0.6799091940976161,
  "36": 0.6855845629965945,
  "37": 0.6935300794551643,
  "38": 0.6958002270147556,
  "39": 0.7003405221339384,
  "40": 0.7048808172531211,
  "42": 0.7105561861520996,
  "43": 0.7128263337116909,
  "44": 0.7162315550510779,
  "45": 0.7207718501702607,
  "46": 0.7241770715096477,
  "47": 0.7332576617480132,
  "48": 0.741203178206583,
  "49": 0.7468785471055615,
  "50": 0.7514188422247442,
  "51": 0.755959137343927,
  "52": 0.7661748013620882,
  "53": 0.7786606129398407,
  "54": 0.7854710556186149,
  "55": 0.7900113507377976,
  "56": 0.7956867196367761,
  "57": 0.8036322360953458,
  "58": 0.8093076049943243,
  "59": 0.8115777525539156,
  "60": 0.813847900113507,
  "61": 0.8206583427922811,
  "62": 0.8274687854710552,
  "63": 0.8331441543700336,
  "64": 0.8399545970488078,
  "65": 0.8479001135073776,
  "66": 0.8513053348467646,
  "67": 0.8626560726447214,
  "68": 0.8740068104426784,
  "69": 0.8808172531214524,
  "70": 0.8853575482406352,
  "71": 0.8898978433598179,
  "72": 0.8955732122587964,
  "73": 0.9069239500567532,
  "74": 0.9114642451759359,
  "75": 0.9194097616345057,
  "76": 0.9228149829738928,
  "77": 0.9284903518728712,
  "78": 0.9307604994324625,
  "79": 0.933030646992054,
  "81": 0.9409761634506237,
  "83": 0.9421112372304195,
  "84": 0.9432463110102152,
  "86": 0.9443813847900109,
  "88": 0.9455164585698066,
  "89": 0.947786606129398,
  "90": 0.9500567536889895,
  "92": 0.9511918274687852,
  "94": 0.9534619750283766,
  "95": 0.955732122587968,
  "96": 0.9568671963677637,
  "98": 0.9580022701475595,
  "99": 0.9591373439273552,
  "101": 0.9602724177071509,
  "102": 0.9625425652667423,
  "103": 0.963677639046538,
  "104": 0.9648127128263337,
  "115": 0.9659477866061295,
  "117": 0.9670828603859252,
  "120": 0.9682179341657209,
  "128": 0.9693530079455166,
  "133": 0.9704880817253123,
  "143": 0.971623155505108,
  "144": 0.9727582292849037,
  "149": 0.9738933030646995,
  "156": 0.9750283768444952,
  "159": 0.9761634506242909,
  "161": 0.9772985244040866,
  "162": 0.9784335981838823,
  "165": 0.979568671963678,
  "166": 0.9807037457434737,
  "167": 0.9829738933030652,
  "168": 0.9841089670828609,
  "170": 0.9863791146424523,
  "172": 0.987514188422248,
  "175": 0.9886492622020437,
  "178": 0.9897843359818395,
  "179": 0.9909194097616352,
  "180": 0.9920544835414309,
  "183": 0.9943246311010223,
  "187": 0.995459704880818,
  "188": 0.9965947786606137,
  "190": 0.9977298524404095,
  "192": 0.9988649262202052,
  "195": 1.0000000000000009
}