{
  "2": 0.0865533230293663,
  "3": 0.1391035548686244,
  "4": 0.18238021638330756,
  "5": 0.22102009273570322,
  "6": 0.2503863987635239,
  "7": 0.28593508500772796,
  "8": 0.3230293663060278,
  "9": 0.3693972179289026,
  "10": 0.4034003091190108,
  "11": 0.4435857805255023,
  "12": 0.4667697063369397,
  "13": 0.500772797527048,
  "14": 0.5208655332302937,
  "15": 0.5409582689335395,
  "16": 0.5564142194744978,
  "17": 0.5734157650695518,
  "18": 0.5873261205564143,
  "19": 0.5981452859350851,
  "20": 0.6043276661514684,
  "21": 0.6151468315301392,
  "22": 0.6259659969088099,
  "23": 0.6290571870170016,
  "24": 0.6352395672333849,
  "25": 0.6398763523956724,
  "26": 0.6429675425038641,
  "27": 0.6445131375579599,
  "28": 0.652241112828439,
  "29": 0.6584234930448223,
  "30": 0.6599690880989181,
  "31": 0.6630602782071098,
  "32": 0.6692426584234931,
  "33": 0.6738794435857806,
  "34": 0.6846986089644513,
  "35": 0.687789799072643,
  "36": 0.6939721792890263,
  "37": 0.7001545595054096,
  "39": 0.7017001545595054,
  "41": 0.7032457496136012,
  "42": 0.714064914992272,
  "43": 0.7217928902627511,
  "44": 0.7295208655332301,
  "45": 0.7341576506955176,
  "46": 0.7387944358578051,
  "47": 0.7418856259659968,
  "48": 0.7434312210200926,
  "49": 0.7527047913446676,
  "50": 0.7557959814528593,
  "51": 0.7619783616692426,
  "52": 0.7697063369397217,
  "53": 0.7820710973724883,
  "54": 0.792890262751159,
  "55": 0.8052550231839256,
  "56": 0.8145285935085006,
  "57": 0.8253477588871714,
  "58": 0.8268933539412672,
  "59": 0.828438948995363,
  "60": 0.8330757341576505,
  "61": 0.837712519319938,
  "62": 0.8423493044822254,
  "63": 0.8454404945904171,
  "64": 0.8500772797527046,
  "65": 0.8531684698608963,
  "66": 0.8547140649149921,
  "67": 0.8578052550231838,
  "68": 0.8624420401854713,
  "70": 0.8639876352395671,
  "71": 0.8670788253477588,
  "72": 0.8701700154559505,
  "73": 0.8717156105100463,
  "74": 0.8763523956723338,
  "75": 0.8794435857805255,
  "77": 0.8856259659969088,
  "78": 0.8887171561051005,
  "81": 0.8902627511591963,
  "82": 0.8918083462132921,
  "83": 0.8933539412673879,
  "85": 0.8964451313755796,
  "88": 0.8995363214837713,
  "89": 0.9010819165378671,
  "90": 0.9026275115919629,
  "91": 0.9057187017001546,
  "93": 0.9072642967542504,
  "94": 0.9088098918083461,
  "95": 0.9103554868624419,
  "96": 0.9134466769706336,
  "97": 0.9180834621329211,
  "98": 0.9196290571870169,
  "99": 0.9227202472952086,
  "100": 0.9242658423493044,
  "101": 0.9258114374034002,
  "103": 0.927357032457496,
  "105": 0.9304482225656877,
  "106": 0.9319938176197835,
  "107": 0.9335394126738793,
  "108": 0.9350850077279751,
  "109": 0.9366306027820709,
  "110": 0.9397217928902626,
  "111": 0.9412673879443584,
  "112": 0.9428129829984542,
  "113": 0.94435857805255,
  "114": 0.9474497681607417,
  "120": 0.9489953632148375,
  "122": 0.9505409582689333,
  "124": 0.952086553323029,
  "125": 0.9536321483771248,
  "127": 0.9551777434312206,
  "128": 0.9567233384853164,
  "130": 0.9613601236476039,
  "131": 0.9644513137557956,
  "132": 0.9675425038639873,
  "137": 0.970633693972179,
  "139": 0.9721792890262748,
  "140": 0.9737248840803706,
  "142": 0.9768160741885623,
  "144": 0.979907264296754,
  "147": 0.9814528593508498,
  "148": 0.9829984544049456,
  "150": 0.9845440494590414,
  "151": 0.9860896445131372,
  "152": 0.987635239567233,
  "156": 0.9891808346213288,
  "160": 0.9907264296754246,
  "163": 0.9922720247295204,
  "167": 0.9938176197836162,
  "177": 0.995363214837712,
  "178": 0.9969088098918077,
  "190": 0.9984544049459035,
  "197": 0.9999999999999993
}