{
  "64": 0.9836065573770496,
  "2": 0.10655737704918032,
  "3": 0.21311475409836064,
  "4": 0.30327868852459017,
  "5": 0.4016393442622951,
  "6": 0.42622950819672134,
  "7": 0.45901639344262296,
  "8": 0.4754098360655738,
  "9": 0.5327868852459017,
  "10": 0.5409836065573771,
  "11": 0.5983606557377049,
  "12": 0.6229508196721312,
  "13": 0.6721311475409837,
  "14": 0.6885245901639345,
  "15": 0.6967213114754099,
  "16": 0.7131147540983608,
  "17": 0.7295081967213116,
  "18": 0.7459016393442625,
  "19": 0.7704918032786887,
  "20": 0.7868852459016396,
  "21": 0.795081967213115,
  "23": 0.8032786885245904,
  "24": 0.8196721311475412,
  "26": 0.8442622950819675,
  "27": 0.8524590163934429,
  "28": 0.8606557377049183,
  "29": 0.8688524590163937,
  "32": 0.9016393442622954,
  "66": 0.991803278688525,
  "67": 1.0000000000000004,
  "37": 0.9098360655737708,
  "38": 0.9180327868852463,
  "41": 0.9262295081967217,
  "42": 0.9426229508196725,
  "45": 0.9508196721311479,
  "51": 0.9590163934426233,
  "54": 0.9672131147540988,
  "63": 0.9754098360655742
}