{
  "numNodes": 1319,
  "averagePathLength": 3.5085865751728407,
  "selfLinks": 9,
  "numEdges": 12983,
  "averageInDegree": 9.843062926459439,
  "averageOutDegree": 9.843062926459439
}