{
  "numNodes": 1299,
  "averagePathLength": 4.973040548465172,
  "selfLinks": 18,
  "numEdges": 5521,
  "averageInDegree": 4.250192455735181,
  "averageOutDegree": 4.250192455735181
}