{
  "65": 0.9980000000000001,
  "2": 0.09,
  "3": 0.506,
  "4": 0.781,
  "5": 0.865,
  "6": 0.913,
  "7": 0.932,
  "8": 0.9430000000000001,
  "9": 0.9530000000000001,
  "10": 0.9570000000000001,
  "11": 0.9610000000000001,
  "12": 0.9650000000000001,
  "13": 0.9680000000000001,
  "14": 0.9730000000000001,
  "15": 0.9790000000000001,
  "18": 0.9820000000000001,
  "19": 0.9840000000000001,
  "20": 0.9870000000000001,
  "21": 0.9890000000000001,
  "22": 0.9910000000000001,
  "25": 0.9920000000000001,
  "69": 0.9990000000000001,
  "70": 1.0,
  "50": 0.9930000000000001,
  "51": 0.9940000000000001,
  "57": 0.9950000000000001,
  "59": 0.9960000000000001,
  "62": 0.9970000000000001
}