{
  "2": 0.07537688442211055,
  "3": 0.1306532663316583,
  "4": 0.21105527638190957,
  "5": 0.2864321608040201,
  "6": 0.31155778894472363,
  "7": 0.36180904522613067,
  "8": 0.3869346733668342,
  "9": 0.4321608040201005,
  "10": 0.457286432160804,
  "11": 0.4824120603015075,
  "12": 0.5226130653266331,
  "13": 0.5678391959798994,
  "14": 0.5879396984924622,
  "15": 0.6180904522613064,
  "16": 0.6482412060301507,
  "17": 0.6532663316582914,
  "18": 0.6783919597989949,
  "19": 0.6984924623115577,
  "20": 0.7336683417085427,
  "21": 0.7638190954773869,
  "22": 0.7889447236180904,
  "23": 0.7989949748743719,
  "24": 0.8140703517587939,
  "25": 0.8442211055276382,
  "26": 0.8542713567839196,
  "27": 0.8592964824120604,
  "28": 0.8643216080402011,
  "29": 0.8693467336683418,
  "30": 0.8743718592964825,
  "31": 0.8793969849246233,
  "32": 0.8944723618090453,
  "33": 0.9045226130653268,
  "35": 0.9095477386934675,
  "36": 0.9145728643216082,
  "37": 0.9246231155778897,
  "38": 0.9296482412060304,
  "39": 0.9396984924623119,
  "40": 0.9447236180904526,
  "41": 0.954773869346734,
  "42": 0.9648241206030155,
  "45": 0.9698492462311562,
  "46": 0.9748743718592969,
  "47": 0.9798994974874377,
  "48": 0.9849246231155784,
  "51": 0.9899497487437191,
  "52": 0.9949748743718598,
  "55": 1.0000000000000004
}