{
  "2": 0.091,
  "3": 0.537,
  "4": 0.801,
  "5": 0.877,
  "6": 0.908,
  "7": 0.927,
  "8": 0.9410000000000001,
  "9": 0.9560000000000001,
  "10": 0.9590000000000001,
  "11": 0.9600000000000001,
  "12": 0.9650000000000001,
  "13": 0.9690000000000001,
  "14": 0.9720000000000001,
  "17": 0.9740000000000001,
  "18": 0.9760000000000001,
  "19": 0.9780000000000001,
  "21": 0.9820000000000001,
  "22": 0.9860000000000001,
  "23": 0.9870000000000001,
  "24": 0.9950000000000001,
  "26": 0.9980000000000001,
  "31": 0.9990000000000001,
  "35": 1.0
}