{
  "2": 0.094,
  "3": 0.538,
  "4": 0.742,
  "5": 0.826,
  "6": 0.881,
  "7": 0.913,
  "8": 0.931,
  "9": 0.9450000000000001,
  "10": 0.9530000000000001,
  "11": 0.9590000000000001,
  "12": 0.9640000000000001,
  "13": 0.9690000000000001,
  "14": 0.9750000000000001,
  "15": 0.9800000000000001,
  "16": 0.9820000000000001,
  "17": 0.9830000000000001,
  "18": 0.9860000000000001,
  "19": 0.9880000000000001,
  "21": 0.9890000000000001,
  "22": 0.9900000000000001,
  "24": 0.9910000000000001,
  "25": 0.9930000000000001,
  "29": 0.9940000000000001,
  "30": 0.9980000000000001,
  "31": 0.9990000000000001,
  "33": 1.0
}