{
  "2": 0.07092198581560284,
  "3": 0.16312056737588654,
  "4": 0.3049645390070922,
  "5": 0.3404255319148936,
  "6": 0.41843971631205673,
  "7": 0.46808510638297873,
  "8": 0.5177304964539007,
  "9": 0.5460992907801419,
  "10": 0.5815602836879433,
  "11": 0.6099290780141845,
  "12": 0.6666666666666667,
  "13": 0.6808510638297873,
  "14": 0.7021276595744682,
  "15": 0.7163120567375888,
  "16": 0.7234042553191491,
  "17": 0.74468085106383,
  "18": 0.7659574468085109,
  "19": 0.7730496453900711,
  "20": 0.8085106382978726,
  "21": 0.8226950354609932,
  "23": 0.8297872340425535,
  "24": 0.8510638297872344,
  "25": 0.865248226950355,
  "26": 0.8794326241134756,
  "27": 0.8865248226950359,
  "31": 0.9007092198581564,
  "32": 0.9078014184397167,
  "37": 0.914893617021277,
  "42": 0.9361702127659579,
  "44": 0.9432624113475182,
  "45": 0.9645390070921991,
  "46": 0.9716312056737594,
  "83": 1.0000000000000004,
  "53": 0.9787234042553197,
  "54": 0.98581560283688,
  "59": 0.9929078014184403
}