{
  "2": 0.36,
  "3": 0.596,
  "4": 0.69,
  "5": 0.7749999999999999,
  "6": 0.813,
  "7": 0.836,
  "8": 0.858,
  "9": 0.875,
  "10": 0.887,
  "11": 0.897,
  "12": 0.933,
  "13": 0.9670000000000001,
  "14": 0.9860000000000001,
  "15": 0.9960000000000001,
  "16": 1.0
}