{
  "2": 0.332,
  "3": 0.591,
  "4": 0.72,
  "5": 0.788,
  "6": 0.8280000000000001,
  "7": 0.8630000000000001,
  "8": 0.8770000000000001,
  "9": 0.8900000000000001,
  "10": 0.9050000000000001,
  "11": 0.9190000000000002,
  "12": 0.9280000000000002,
  "13": 0.9360000000000002,
  "14": 0.9410000000000002,
  "15": 0.9460000000000002,
  "16": 0.9540000000000002,
  "17": 0.9580000000000002,
  "18": 0.9630000000000002,
  "19": 0.9670000000000002,
  "20": 0.9740000000000002,
  "21": 0.9760000000000002,
  "22": 0.9810000000000002,
  "23": 0.9850000000000002,
  "24": 0.9890000000000002,
  "25": 0.9900000000000002,
  "26": 0.9930000000000002,
  "27": 0.9960000000000002,
  "28": 0.9990000000000002,
  "38": 1.0000000000000002
}