{
  "2": 0.46143250688705234,
  "3": 0.7079889807162534,
  "4": 0.8994490358126721,
  "5": 0.9876033057851239,
  "6": 0.9999999999999999
}