{
  "2": 0.0547945205479452,
  "3": 0.2039573820395738,
  "4": 0.2663622526636225,
  "5": 0.3181126331811263,
  "6": 0.3683409436834094,
  "7": 0.3926940639269406,
  "8": 0.4170471841704718,
  "9": 0.4429223744292237,
  "10": 0.45662100456621,
  "11": 0.4794520547945205,
  "12": 0.502283105022831,
  "13": 0.517503805175038,
  "14": 0.5372907153729072,
  "15": 0.5509893455098935,
  "16": 0.5646879756468799,
  "17": 0.5753424657534247,
  "18": 0.5844748858447489,
  "19": 0.5981735159817352,
  "20": 0.6073059360730594,
  "21": 0.6255707762557078,
  "22": 0.6377473363774734,
  "23": 0.6468797564687976,
  "24": 0.6529680365296804,
  "25": 0.6590563165905632,
  "26": 0.665144596651446,
  "27": 0.6727549467275495,
  "28": 0.6788432267884323,
  "29": 0.6849315068493151,
  "30": 0.6864535768645359,
  "31": 0.6910197869101979,
  "32": 0.7016742770167428,
  "33": 0.7077625570776256,
  "34": 0.7123287671232876,
  "35": 0.715372907153729,
  "36": 0.7229832572298325,
  "37": 0.7260273972602739,
  "38": 0.7290715372907153,
  "39": 0.730593607305936,
  "40": 0.7351598173515981,
  "41": 0.7427701674277016,
  "42": 0.7473363774733637,
  "43": 0.7549467275494672,
  "44": 0.7625570776255708,
  "45": 0.7671232876712328,
  "46": 0.7716894977168949,
  "47": 0.7762557077625569,
  "48": 0.7853881278538811,
  "49": 0.7869101978691018,
  "50": 0.7899543378995432,
  "51": 0.7975646879756466,
  "52": 0.8051750380517502,
  "53": 0.8066971080669709,
  "54": 0.8143074581430745,
  "55": 0.8173515981735159,
  "56": 0.8203957382039573,
  "57": 0.8249619482496193,
  "58": 0.8310502283105021,
  "59": 0.8356164383561642,
  "60": 0.8432267884322677,
  "61": 0.8462709284627091,
  "62": 0.8538812785388126,
  "63": 0.8584474885844746,
  "65": 0.861491628614916,
  "66": 0.8630136986301367,
  "67": 0.8706240487062402,
  "68": 0.876712328767123,
  "69": 0.8797564687975644,
  "70": 0.8858447488584472,
  "71": 0.8888888888888886,
  "73": 0.8934550989345507,
  "74": 0.8980213089802127,
  "75": 0.8995433789954335,
  "77": 0.9025875190258749,
  "78": 0.907153729071537,
  "81": 0.9101978691019784,
  "82": 0.9117199391171991,
  "83": 0.9147640791476405,
  "84": 0.9162861491628611,
  "85": 0.9193302891933025,
  "88": 0.9208523592085232,
  "90": 0.9223744292237439,
  "91": 0.9238964992389647,
  "92": 0.9284627092846267,
  "94": 0.9299847792998475,
  "95": 0.9315068493150682,
  "96": 0.933028919330289,
  "98": 0.9345509893455097,
  "99": 0.9360730593607305,
  "100": 0.943683409436834,
  "103": 0.9452054794520548,
  "108": 0.9467275494672756,
  "109": 0.9482496194824963,
  "110": 0.9497716894977171,
  "111": 0.9512937595129378,
  "113": 0.9528158295281586,
  "114": 0.9558599695586,
  "116": 0.9589041095890414,
  "118": 0.9604261796042621,
  "119": 0.9649923896499242,
  "121": 0.9665144596651449,
  "122": 0.9680365296803657,
  "123": 0.9695585996955864,
  "126": 0.9741248097412485,
  "128": 0.9756468797564692,
  "131": 0.9786910197869106,
  "134": 0.9802130898021313,
  "135": 0.981735159817352,
  "139": 0.9832572298325728,
  "148": 0.9847792998477936,
  "150": 0.9863013698630143,
  "151": 0.9878234398782351,
  "155": 0.9893455098934558,
  "157": 0.9908675799086766,
  "159": 0.9923896499238973,
  "160": 0.9939117199391181,
  "179": 0.9954337899543388,
  "188": 0.9969558599695596,
  "193": 0.9984779299847804,
  "199": 1.000000000000001
}