{
  "2": 0.0438871473354232,
  "3": 0.12643678160919541,
  "4": 0.18286311389759669,
  "5": 0.2215256008359457,
  "6": 0.26959247648902823,
  "7": 0.3040752351097179,
  "8": 0.3396029258098224,
  "9": 0.3814002089864159,
  "10": 0.4054336468129572,
  "11": 0.4211076280041798,
  "12": 0.4440961337513062,
  "13": 0.46812957157784746,
  "14": 0.4890282131661442,
  "15": 0.5109717868338558,
  "16": 0.5276907001044933,
  "17": 0.542319749216301,
  "18": 0.554858934169279,
  "19": 0.5726227795193313,
  "20": 0.5841170323928945,
  "21": 0.5924764890282131,
  "22": 0.6029258098223615,
  "23": 0.6154649947753396,
  "24": 0.6248693834900731,
  "25": 0.6363636363636364,
  "26": 0.6489028213166144,
  "27": 0.6562173458725182,
  "28": 0.6645768025078369,
  "29": 0.6750261233019853,
  "30": 0.6812957157784744,
  "31": 0.6844305120167189,
  "32": 0.6875653082549634,
  "33": 0.6938349007314525,
  "34": 0.6959247648902822,
  "35": 0.7001044932079415,
  "36": 0.7074190177638454,
  "37": 0.7126436781609196,
  "38": 0.7178683385579937,
  "39": 0.722048066875653,
  "40": 0.7241379310344828,
  "41": 0.7304075235109718,
  "42": 0.7345872518286312,
  "43": 0.7387669801462905,
  "44": 0.7398119122257053,
  "45": 0.7439916405433646,
  "46": 0.748171368861024,
  "47": 0.7492163009404388,
  "48": 0.7502612330198536,
  "49": 0.7523510971786833,
  "50": 0.7565308254963427,
  "51": 0.7586206896551724,
  "52": 0.7638453500522465,
  "54": 0.7690700104493207,
  "55": 0.7711598746081504,
  "56": 0.7763845350052245,
  "57": 0.7774294670846393,
  "58": 0.7795193312434691,
  "59": 0.7816091954022988,
  "60": 0.7857889237199581,
  "61": 0.7878787878787878,
  "62": 0.7899686520376176,
  "63": 0.7931034482758621,
  "64": 0.7941483803552769,
  "65": 0.7983281086729362,
  "66": 0.8014629049111808,
  "67": 0.8045977011494253,
  "68": 0.8108672936259144,
  "69": 0.8129571577847441,
  "70": 0.8160919540229886,
  "72": 0.8171368861024034,
  "73": 0.820271682340648,
  "74": 0.8234064785788925,
  "76": 0.8254963427377222,
  "77": 0.8286311389759667,
  "78": 0.8317659352142113,
  "79": 0.8369905956112854,
  "80": 0.8390804597701151,
  "82": 0.8443051201671893,
  "83": 0.8453500522466041,
  "84": 0.8484848484848486,
  "85": 0.8495297805642634,
  "86": 0.8505747126436782,
  "87": 0.852664576802508,
  "88": 0.8547544409613377,
  "89": 0.858934169278997,
  "90": 0.8599791013584118,
  "91": 0.8620689655172415,
  "92": 0.8641588296760713,
  "94": 0.8672936259143158,
  "95": 0.8683385579937306,
  "96": 0.8693834900731454,
  "98": 0.8714733542319751,
  "99": 0.8735632183908049,
  "100": 0.8746081504702197,
  "102": 0.8756530825496345,
  "103": 0.8766980146290493,
  "104": 0.8777429467084641,
  "105": 0.8798328108672938,
  "108": 0.8819226750261235,
  "109": 0.8829676071055383,
  "110": 0.8871473354231977,
  "111": 0.8902821316614422,
  "112": 0.8923719958202719,
  "113": 0.8944618599791017,
  "116": 0.898641588296761,
  "117": 0.9017763845350055,
  "119": 0.9059561128526649,
  "120": 0.9080459770114946,
  "122": 0.9101358411703243,
  "123": 0.9111807732497391,
  "124": 0.9132706374085688,
  "126": 0.9143155694879836,
  "127": 0.9153605015673985,
  "129": 0.9174503657262282,
  "130": 0.918495297805643,
  "131": 0.9205851619644727,
  "132": 0.9237199582027172,
  "134": 0.925809822361547,
  "135": 0.9268547544409618,
  "136": 0.9289446185997915,
  "138": 0.9299895506792063,
  "139": 0.9310344827586211,
  "141": 0.9320794148380359,
  "142": 0.9341692789968656,
  "143": 0.9352142110762804,
  "145": 0.9362591431556953,
  "146": 0.9393939393939398,
  "147": 0.9414838035527695,
  "148": 0.9435736677115992,
  "150": 0.945663531870429,
  "151": 0.9477533960292587,
  "152": 0.9498432601880884,
  "153": 0.9508881922675032,
  "155": 0.9529780564263329,
  "156": 0.9540229885057477,
  "157": 0.9561128526645775,
  "158": 0.9571577847439923,
  "159": 0.9582027168234071,
  "162": 0.9602925809822368,
  "163": 0.9634273772204813,
  "165": 0.9644723092998961,
  "166": 0.9655172413793109,
  "168": 0.9665621734587257,
  "171": 0.9676071055381406,
  "172": 0.9686520376175554,
  "174": 0.9696969696969702,
  "175": 0.970741901776385,
  "176": 0.9717868338557998,
  "177": 0.9738766980146295,
  "178": 0.9759665621734592,
  "179": 0.978056426332289,
  "180": 0.9822361546499483,
  "181": 0.9853709508881928,
  "182": 0.9864158829676076,
  "183": 0.9885057471264374,
  "185": 0.9926854754440967,
  "186": 0.9937304075235115,
  "190": 0.9947753396029263,
  "192": 0.9958202716823411,
  "194": 0.9979101358411708,
  "196": 0.9989550679205856,
  "197": 1.0000000000000004
}