{
  "2": 0.356,
  "3": 0.6459999999999999,
  "4": 0.7589999999999999,
  "5": 0.827,
  "6": 0.856,
  "7": 0.881,
  "8": 0.896,
  "9": 0.91,
  "10": 0.926,
  "11": 0.9380000000000001,
  "12": 0.9470000000000001,
  "13": 0.9510000000000001,
  "14": 0.9580000000000001,
  "15": 0.9640000000000001,
  "16": 0.9680000000000001,
  "17": 0.9740000000000001,
  "18": 0.9800000000000001,
  "19": 0.9810000000000001,
  "20": 0.9860000000000001,
  "21": 0.9910000000000001,
  "22": 0.9920000000000001,
  "24": 0.9940000000000001,
  "25": 0.9950000000000001,
  "26": 0.9970000000000001,
  "29": 0.9980000000000001,
  "30": 0.9990000000000001,
  "31": 1.0
}