{
  "2": 0.06132665832290363,
  "3": 0.13516896120150187,
  "4": 0.1764705882352941,
  "5": 0.21276595744680848,
  "6": 0.24155193992490612,
  "7": 0.2690863579474343,
  "8": 0.28911138923654567,
  "9": 0.32040050062578224,
  "10": 0.3404255319148936,
  "11": 0.3541927409261577,
  "12": 0.36295369211514394,
  "13": 0.37672090112640805,
  "14": 0.3979974968710889,
  "15": 0.4142678347934919,
  "16": 0.4367959949937422,
  "17": 0.45306633291614523,
  "18": 0.47934918648310393,
  "19": 0.49311639549436803,
  "20": 0.5043804755944932,
  "21": 0.5143929912390489,
  "22": 0.5269086357947436,
  "23": 0.5369211514392993,
  "24": 0.5519399249061329,
  "25": 0.5682102628285358,
  "26": 0.5844806007509388,
  "27": 0.5957446808510639,
  "28": 0.6082603254067586,
  "29": 0.6207759699624532,
  "30": 0.6270337922403005,
  "31": 0.6382978723404257,
  "32": 0.6458072590738424,
  "33": 0.6545682102628286,
  "34": 0.6633291614518149,
  "35": 0.6683354192740927,
  "36": 0.6733416770963705,
  "37": 0.6833541927409262,
  "38": 0.6846057571964957,
  "39": 0.6871088861076347,
  "40": 0.6958698372966209,
  "41": 0.7021276595744682,
  "42": 0.712140175219024,
  "43": 0.7221526908635797,
  "44": 0.7321652065081354,
  "45": 0.7396745932415522,
  "46": 0.74468085106383,
  "47": 0.7534418022528162,
  "48": 0.7571964956195246,
  "49": 0.7647058823529413,
  "50": 0.7659574468085109,
  "51": 0.7672090112640804,
  "52": 0.7759699624530666,
  "53": 0.7784730913642055,
  "54": 0.7859824780976222,
  "55": 0.7897371714643306,
  "56": 0.7947434292866085,
  "57": 0.7997496871088863,
  "58": 0.8035043804755947,
  "59": 0.8072590738423031,
  "60": 0.809762202753442,
  "61": 0.8135168961201504,
  "62": 0.8172715894868589,
  "63": 0.8210262828535673,
  "64": 0.8235294117647062,
  "65": 0.8247809762202757,
  "66": 0.8297872340425535,
  "67": 0.831038798498123,
  "68": 0.8335419274092619,
  "69": 0.8372966207759703,
  "71": 0.8385481852315398,
  "72": 0.8435544430538177,
  "73": 0.8510638297872344,
  "74": 0.8548185231539428,
  "76": 0.8598247809762206,
  "77": 0.8623279098873595,
  "78": 0.8660826032540679,
  "79": 0.8698372966207764,
  "80": 0.8735919899874848,
  "82": 0.8748435544430543,
  "83": 0.8811013767209016,
  "84": 0.8836045056320405,
  "85": 0.88485607008761,
  "87": 0.8873591989987489,
  "88": 0.8923654568210267,
  "90": 0.8973717146433046,
  "91": 0.8998748435544435,
  "92": 0.9023779724655824,
  "93": 0.9048811013767213,
  "94": 0.9061326658322908,
  "95": 0.9111389236545686,
  "96": 0.9136420525657075,
  "97": 0.9173967459324159,
  "98": 0.9186483103879854,
  "99": 0.9224030037546939,
  "100": 0.9261576971214023,
  "101": 0.9311639549436801,
  "102": 0.9324155193992496,
  "103": 0.936170212765958,
  "110": 0.9374217772215275,
  "111": 0.938673341677097,
  "112": 0.9399249061326665,
  "113": 0.9449311639549444,
  "115": 0.9461827284105139,
  "116": 0.9486858573216528,
  "118": 0.9511889862327917,
  "119": 0.9524405506883612,
  "121": 0.9536921151439307,
  "122": 0.9549436795995002,
  "125": 0.9574468085106391,
  "126": 0.9586983729662086,
  "128": 0.9599499374217781,
  "130": 0.962453066332917,
  "131": 0.964956195244056,
  "132": 0.9662077596996255,
  "136": 0.967459324155195,
  "137": 0.9687108886107645,
  "138": 0.969962453066334,
  "141": 0.9712140175219035,
  "143": 0.972465581977473,
  "144": 0.9737171464330425,
  "147": 0.9762202753441814,
  "151": 0.9774718397997509,
  "154": 0.9799749687108898,
  "155": 0.9812265331664594,
  "157": 0.9824780976220289,
  "158": 0.9837296620775984,
  "159": 0.9849812265331679,
  "160": 0.9862327909887374,
  "162": 0.9874843554443069,
  "165": 0.9887359198998764,
  "171": 0.9899874843554459,
  "178": 0.9912390488110154,
  "180": 0.9924906132665849,
  "186": 0.9937421777221545,
  "188": 0.994993742177724,
  "191": 0.9962453066332935,
  "194": 0.9987484355444324,
  "195": 1.0000000000000018
}