{
  "2": 0.3392670157068063,
  "3": 0.6104712041884817,
  "4": 0.7664921465968586,
  "5": 0.9256544502617801,
  "6": 0.974869109947644,
  "7": 1.0
}