{
  "2": 0.3855042016806723,
  "3": 0.5294117647058824,
  "4": 0.615546218487395,
  "5": 0.6355042016806723,
  "6": 0.6691176470588236,
  "7": 0.7205882352941178,
  "8": 0.7489495798319329,
  "10": 0.7752100840336136,
  "11": 0.7972689075630254,
  "12": 0.8130252100840338,
  "13": 0.81827731092437,
  "14": 0.8308823529411766,
  "15": 0.8634453781512607,
  "16": 0.8991596638655464,
  "17": 0.9317226890756304,
  "18": 0.9548319327731094,
  "19": 0.9642857142857144,
  "20": 0.9758403361344539,
  "21": 0.9852941176470589,
  "22": 0.9894957983193278,
  "23": 0.9947478991596639,
  "24": 0.9957983193277311,
  "25": 0.9978991596638656,
  "26": 0.9989495798319328,
  "32": 1.0
}