{
  "2": 0.3631790744466801,
  "3": 0.5331991951710262,
  "4": 0.6217303822937627,
  "5": 0.6720321931589538,
  "6": 0.7313883299798793,
  "7": 0.7806841046277667,
  "8": 0.8299798792756541,
  "9": 0.8581488933601611,
  "10": 0.8822937625754529,
  "11": 0.9054325955734408,
  "12": 0.9175050301810866,
  "13": 0.9245472837022134,
  "14": 0.9346076458752516,
  "15": 0.9406438631790746,
  "16": 0.9486921529175052,
  "17": 0.9587525150905434,
  "18": 0.9637826961770625,
  "19": 0.9688128772635816,
  "20": 0.9758551307847083,
  "21": 0.9768611670020121,
  "22": 0.9778672032193159,
  "23": 0.9798792756539235,
  "24": 0.9818913480885312,
  "25": 0.982897384305835,
  "26": 0.9839034205231387,
  "27": 0.9849094567404425,
  "28": 0.9869215291750502,
  "29": 0.9879275653923539,
  "32": 0.9889336016096577,
  "36": 0.9899396378269615,
  "38": 0.9909456740442653,
  "40": 0.991951710261569,
  "42": 0.9939637826961767,
  "46": 0.9949698189134805,
  "48": 0.9959758551307842,
  "49": 0.996981891348088,
  "51": 0.9979879275653918,
  "56": 0.9999999999999994
}