{
  "2": 0.086,
  "3": 0.512,
  "4": 0.776,
  "5": 0.86,
  "6": 0.902,
  "7": 0.919,
  "8": 0.9410000000000001,
  "9": 0.9490000000000001,
  "10": 0.9570000000000001,
  "11": 0.9600000000000001,
  "12": 0.9630000000000001,
  "13": 0.9650000000000001,
  "14": 0.9700000000000001,
  "15": 0.9760000000000001,
  "16": 0.9800000000000001,
  "17": 0.9820000000000001,
  "18": 0.9830000000000001,
  "19": 0.9850000000000001,
  "22": 0.9860000000000001,
  "23": 0.9870000000000001,
  "26": 0.9880000000000001,
  "33": 0.9910000000000001,
  "35": 0.9920000000000001,
  "36": 0.9930000000000001,
  "37": 0.9970000000000001,
  "39": 1.0
}