{
  "2": 0.01697792869269949,
  "3": 0.06451612903225806,
  "4": 0.11035653650254669,
  "5": 0.14770797962648557,
  "6": 0.18505942275042445,
  "7": 0.21392190152801357,
  "8": 0.22750424448217316,
  "9": 0.2461799660441426,
  "10": 0.2597623089983022,
  "11": 0.2733446519524618,
  "12": 0.2818336162988116,
  "13": 0.2886247877758914,
  "14": 0.2988115449915111,
  "15": 0.30220713073005095,
  "16": 0.3106960950764007,
  "17": 0.3140916808149406,
  "18": 0.31918505942275044,
  "19": 0.3208828522920204,
  "20": 0.33955857385398985,
  "21": 0.3514431239388795,
  "22": 0.35993208828522927,
  "23": 0.36332767402376914,
  "25": 0.3752122241086588,
  "26": 0.3803056027164686,
  "27": 0.3972835314091681,
  "28": 0.4040747028862479,
  "29": 0.4108658743633277,
  "30": 0.4125636672325977,
  "32": 0.42275042444821737,
  "33": 0.42614601018675724,
  "34": 0.44142614601018676,
  "35": 0.4465195246179966,
  "36": 0.4499151103565365,
  "37": 0.45331069609507635,
  "38": 0.4567062818336162,
  "39": 0.46859083191850587,
  "40": 0.4753820033955857,
  "41": 0.4940577249575551,
  "42": 0.4957555178268251,
  "43": 0.5008488964346349,
  "44": 0.5042444821731749,
  "45": 0.5093378607809848,
  "46": 0.5127334465195247,
  "47": 0.5195246179966044,
  "48": 0.5263157894736842,
  "50": 0.5331069609507639,
  "51": 0.5466893039049235,
  "52": 0.5551782682512733,
  "53": 0.5653650254668929,
  "54": 0.5704584040747028,
  "55": 0.5755517826825127,
  "56": 0.5772495755517827,
  "57": 0.5789473684210527,
  "58": 0.5840407470288626,
  "59": 0.5857385398981325,
  "60": 0.5908319185059424,
  "61": 0.5959252971137523,
  "63": 0.5993208828522922,
  "64": 0.6027164685908322,
  "66": 0.6146010186757218,
  "67": 0.6179966044142617,
  "68": 0.6247877758913415,
  "69": 0.6298811544991514,
  "70": 0.6349745331069613,
  "71": 0.6485568760611209,
  "72": 0.6587436332767406,
  "73": 0.6655348047538203,
  "74": 0.6706281833616302,
  "75": 0.6757215619694401,
  "76": 0.68081494057725,
  "77": 0.6842105263157899,
  "78": 0.6859083191850599,
  "79": 0.6910016977928698,
  "80": 0.6943972835314097,
  "81": 0.7028862478777594,
  "82": 0.7045840407470294,
  "83": 0.7062818336162994,
  "84": 0.7096774193548393,
  "85": 0.7130730050933792,
  "86": 0.7164685908319192,
  "87": 0.7181663837011891,
  "88": 0.7215619694397291,
  "90": 0.724957555178269,
  "92": 0.7334465195246187,
  "96": 0.7385398981324286,
  "97": 0.7419354838709685,
  "98": 0.7487266553480483,
  "99": 0.757215619694398,
  "100": 0.7606112054329379,
  "101": 0.7640067911714779,
  "102": 0.7674023769100178,
  "103": 0.7724957555178277,
  "104": 0.7775891341256376,
  "105": 0.7809847198641775,
  "106": 0.7877758913412573,
  "107": 0.7928692699490671,
  "108": 0.7962648556876071,
  "109": 0.797962648556877,
  "111": 0.8047538200339568,
  "112": 0.8132427843803065,
  "114": 0.8166383701188464,
  "115": 0.8200339558573864,
  "116": 0.8234295415959263,
  "117": 0.8251273344651963,
  "118": 0.8302207130730062,
  "119": 0.8319185059422761,
  "120": 0.8336162988115461,
  "121": 0.837011884550086,
  "122": 0.838709677419356,
  "123": 0.8505942275042456,
  "125": 0.8539898132427856,
  "126": 0.8556876061120555,
  "127": 0.8607809847198654,
  "128": 0.8658743633276753,
  "129": 0.8675721561969453,
  "130": 0.8709677419354852,
  "131": 0.8760611205432951,
  "132": 0.8845500848896448,
  "134": 0.8896434634974547,
  "135": 0.8981324278438044,
  "138": 0.8998302207130744,
  "139": 0.9032258064516143,
  "140": 0.9049235993208843,
  "142": 0.911714770797964,
  "143": 0.915110356536504,
  "144": 0.9185059422750439,
  "145": 0.9219015280135838,
  "146": 0.9235993208828538,
  "147": 0.9269949066213937,
  "148": 0.9286926994906637,
  "149": 0.9303904923599337,
  "150": 0.9320882852292036,
  "151": 0.9337860780984736,
  "155": 0.9354838709677435,
  "156": 0.9388794567062835,
  "157": 0.9439728353140934,
  "158": 0.9473684210526333,
  "159": 0.9490662139219033,
  "162": 0.9524617996604432,
  "163": 0.9575551782682531,
  "164": 0.960950764006793,
  "165": 0.962648556876063,
  "166": 0.9660441426146029,
  "167": 0.9677419354838729,
  "170": 0.9711375212224128,
  "172": 0.9728353140916828,
  "173": 0.9745331069609527,
  "175": 0.9762308998302227,
  "176": 0.9813242784380326,
  "178": 0.9864176570458425,
  "182": 0.9881154499151125,
  "185": 0.9898132427843824,
  "189": 0.9915110356536524,
  "192": 0.9932088285229224,
  "195": 0.9949066213921923,
  "196": 0.9983022071307323,
  "198": 1.0000000000000022
}