{
  "2": 0.024265644955300127,
  "3": 0.09450830140485314,
  "4": 0.16475095785440613,
  "5": 0.19029374201787996,
  "6": 0.2158365261813538,
  "7": 0.23371647509578547,
  "8": 0.2541507024265645,
  "9": 0.277139208173691,
  "10": 0.29501915708812265,
  "11": 0.30651340996168586,
  "12": 0.3154533844189017,
  "13": 0.3320561941251597,
  "14": 0.3422733077905492,
  "15": 0.3486590038314177,
  "16": 0.3652618135376757,
  "17": 0.3754789272030652,
  "18": 0.3920817369093232,
  "19": 0.4035759897828864,
  "20": 0.41251596424010223,
  "21": 0.4150702426564496,
  "22": 0.42273307790549175,
  "23": 0.4316730523627076,
  "24": 0.4418901660280971,
  "25": 0.4469987228607919,
  "26": 0.4572158365261814,
  "27": 0.4636015325670499,
  "28": 0.46743295019157094,
  "29": 0.471264367816092,
  "30": 0.47381864623243936,
  "31": 0.47892720306513414,
  "32": 0.4865900383141763,
  "33": 0.49425287356321845,
  "34": 0.5006385696040869,
  "36": 0.508301404853129,
  "37": 0.5185185185185186,
  "38": 0.5300127713920818,
  "39": 0.5376756066411239,
  "40": 0.5478927203065135,
  "41": 0.5530012771392082,
  "42": 0.5593869731800767,
  "43": 0.5632183908045978,
  "44": 0.5696040868454663,
  "45": 0.5759897828863347,
  "46": 0.5772669220945085,
  "47": 0.5798212005108558,
  "48": 0.5810983397190296,
  "49": 0.5823754789272033,
  "50": 0.5862068965517244,
  "51": 0.5951468710089403,
  "52": 0.5989782886334614,
  "53": 0.6053639846743298,
  "54": 0.6091954022988509,
  "55": 0.6155810983397194,
  "56": 0.6219667943805879,
  "57": 0.6270753512132826,
  "58": 0.6283524904214564,
  "59": 0.6347381864623248,
  "60": 0.6411238825031933,
  "61": 0.642401021711367,
  "62": 0.6500638569604091,
  "63": 0.6526181353767565,
  "64": 0.6564495530012776,
  "65": 0.6615581098339723,
  "66": 0.6653895274584934,
  "67": 0.6704980842911882,
  "68": 0.6743295019157093,
  "69": 0.6781609195402304,
  "70": 0.6807151979565778,
  "71": 0.6858237547892725,
  "72": 0.6896551724137936,
  "73": 0.692209450830141,
  "74": 0.6985951468710094,
  "75": 0.7024265644955305,
  "76": 0.7049808429118779,
  "77": 0.7100893997445726,
  "78": 0.7215836526181358,
  "79": 0.725415070242657,
  "80": 0.7305236270753517,
  "81": 0.7356321839080464,
  "83": 0.7394636015325675,
  "84": 0.7407407407407413,
  "85": 0.742017879948915,
  "86": 0.7458492975734361,
  "87": 0.7471264367816098,
  "88": 0.7509578544061309,
  "89": 0.7522349936143047,
  "90": 0.754789272030652,
  "91": 0.7573435504469994,
  "92": 0.767560664112389,
  "93": 0.7688378033205627,
  "94": 0.7701149425287365,
  "95": 0.7777777777777786,
  "96": 0.7803320561941259,
  "97": 0.7828863346104733,
  "100": 0.787994891443168,
  "101": 0.7892720306513418,
  "102": 0.7931034482758629,
  "103": 0.7943805874840366,
  "104": 0.7956577266922104,
  "105": 0.7982120051085577,
  "106": 0.7994891443167315,
  "107": 0.8007662835249052,
  "108": 0.8058748403575999,
  "109": 0.8122605363984684,
  "110": 0.8160919540229895,
  "111": 0.8173690932311632,
  "112": 0.822477650063858,
  "113": 0.8237547892720317,
  "114": 0.8326947637292476,
  "115": 0.839080459770116,
  "118": 0.8429118773946371,
  "119": 0.8441890166028109,
  "121": 0.8467432950191582,
  "122": 0.8492975734355056,
  "123": 0.851851851851853,
  "124": 0.8556832694763741,
  "125": 0.8620689655172425,
  "126": 0.8659003831417637,
  "127": 0.8735632183908058,
  "128": 0.8799489144316742,
  "129": 0.881226053639848,
  "130": 0.8850574712643691,
  "132": 0.8901660280970638,
  "133": 0.8927203065134112,
  "134": 0.8939974457215849,
  "135": 0.8965517241379323,
  "136": 0.9003831417624534,
  "137": 0.9029374201788007,
  "138": 0.9080459770114955,
  "139": 0.9093231162196692,
  "141": 0.910600255427843,
  "142": 0.9131545338441903,
  "143": 0.9169859514687114,
  "144": 0.9195402298850588,
  "145": 0.9233716475095799,
  "146": 0.927203065134101,
  "148": 0.9284802043422747,
  "149": 0.9310344827586221,
  "150": 0.9323116219667958,
  "151": 0.9348659003831432,
  "152": 0.936143039591317,
  "153": 0.9386973180076643,
  "155": 0.939974457215838,
  "157": 0.9412515964240118,
  "158": 0.9438058748403592,
  "161": 0.9463601532567065,
  "162": 0.9476372924648803,
  "163": 0.9514687100894014,
  "164": 0.9540229885057487,
  "165": 0.9553001277139225,
  "166": 0.9565772669220962,
  "168": 0.95785440613027,
  "169": 0.9616858237547911,
  "170": 0.9629629629629648,
  "174": 0.9642401021711385,
  "175": 0.9667943805874859,
  "178": 0.9693486590038333,
  "179": 0.9719029374201806,
  "180": 0.974457215836528,
  "181": 0.9757343550447017,
  "183": 0.9770114942528755,
  "185": 0.9782886334610492,
  "186": 0.9808429118773966,
  "188": 0.9821200510855703,
  "189": 0.9846743295019177,
  "191": 0.9859514687100914,
  "192": 0.9872286079182652,
  "193": 0.9885057471264389,
  "194": 0.9936143039591336,
  "196": 0.9948914431673074,
  "198": 0.9961685823754811,
  "199": 0.9974457215836549,
  "200": 1.0000000000000022
}