{
  "2": 0.9389400921658986,
  "3": 0.9792626728110598,
  "4": 0.9815668202764977,
  "5": 0.9919354838709677,
  "6": 1.0
}