{
  "2": 0.094,
  "3": 0.516,
  "4": 0.736,
  "5": 0.823,
  "6": 0.879,
  "7": 0.905,
  "8": 0.93,
  "9": 0.9430000000000001,
  "10": 0.9510000000000001,
  "11": 0.9600000000000001,
  "12": 0.9660000000000001,
  "13": 0.9730000000000001,
  "14": 0.9780000000000001,
  "15": 0.9800000000000001,
  "16": 0.9810000000000001,
  "17": 0.9820000000000001,
  "18": 0.9840000000000001,
  "19": 0.9850000000000001,
  "20": 0.9860000000000001,
  "21": 0.9880000000000001,
  "22": 0.9920000000000001,
  "23": 0.9930000000000001,
  "25": 0.9950000000000001,
  "26": 0.9960000000000001,
  "29": 0.9970000000000001,
  "30": 1.0
}