{
  "2": 0.12268518518518519,
  "3": 0.2523148148148148,
  "4": 0.3287037037037037,
  "5": 0.4166666666666667,
  "6": 0.48842592592592593,
  "7": 0.5486111111111112,
  "8": 0.6111111111111112,
  "9": 0.6574074074074074,
  "10": 0.7083333333333334,
  "11": 0.75,
  "12": 0.7893518518518519,
  "13": 0.8194444444444444,
  "14": 0.8541666666666666,
  "15": 0.8726851851851851,
  "16": 0.9004629629629629,
  "17": 0.912037037037037,
  "18": 0.923611111111111,
  "19": 0.9351851851851851,
  "20": 0.9560185185185185,
  "21": 0.9699074074074073,
  "22": 0.986111111111111,
  "23": 0.9930555555555555,
  "25": 0.9953703703703702,
  "27": 0.9999999999999999
}