{
  "2": 0.05384615384615385,
  "3": 0.08076923076923077,
  "4": 0.11666666666666667,
  "5": 0.14102564102564102,
  "6": 0.1641025641025641,
  "7": 0.2,
  "8": 0.22564102564102564,
  "9": 0.2512820512820513,
  "10": 0.27564102564102566,
  "11": 0.3025641025641026,
  "12": 0.3166666666666667,
  "13": 0.33333333333333337,
  "14": 0.35384615384615387,
  "15": 0.367948717948718,
  "16": 0.3820512820512821,
  "17": 0.40512820512820513,
  "18": 0.4166666666666667,
  "19": 0.43846153846153846,
  "20": 0.4551282051282051,
  "21": 0.4653846153846154,
  "22": 0.4782051282051282,
  "23": 0.49102564102564106,
  "24": 0.5038461538461538,
  "25": 0.5115384615384615,
  "26": 0.5307692307692308,
  "27": 0.5371794871794872,
  "28": 0.5448717948717948,
  "29": 0.5499999999999999,
  "30": 0.5589743589743589,
  "31": 0.5653846153846153,
  "32": 0.5743589743589742,
  "33": 0.5833333333333331,
  "34": 0.5884615384615383,
  "35": 0.5987179487179485,
  "36": 0.6128205128205125,
  "37": 0.6230769230769228,
  "38": 0.6294871794871791,
  "39": 0.6397435897435894,
  "40": 0.6538461538461534,
  "41": 0.6615384615384611,
  "42": 0.67051282051282,
  "43": 0.679487179487179,
  "44": 0.6871794871794866,
  "45": 0.6961538461538456,
  "46": 0.6987179487179481,
  "47": 0.7012820512820507,
  "48": 0.7102564102564096,
  "49": 0.7153846153846147,
  "50": 0.725641025641025,
  "51": 0.7307692307692301,
  "52": 0.7346153846153839,
  "53": 0.7435897435897428,
  "54": 0.748717948717948,
  "55": 0.7564102564102556,
  "56": 0.7602564102564094,
  "57": 0.7641025641025633,
  "58": 0.7717948717948709,
  "59": 0.7743589743589735,
  "60": 0.7807692307692299,
  "61": 0.7846153846153837,
  "62": 0.7910256410256401,
  "63": 0.8012820512820503,
  "64": 0.8064102564102554,
  "65": 0.8115384615384605,
  "66": 0.8166666666666657,
  "67": 0.8205128205128195,
  "68": 0.8217948717948708,
  "69": 0.8256410256410246,
  "70": 0.8294871794871784,
  "71": 0.8307692307692297,
  "72": 0.8346153846153835,
  "73": 0.8371794871794861,
  "74": 0.8410256410256399,
  "75": 0.8423076923076912,
  "77": 0.8448717948717938,
  "78": 0.846153846153845,
  "79": 0.8499999999999989,
  "80": 0.855128205128204,
  "82": 0.8589743589743578,
  "84": 0.8615384615384604,
  "85": 0.8641025641025629,
  "86": 0.869230769230768,
  "87": 0.8730769230769219,
  "88": 0.8743589743589731,
  "89": 0.8769230769230757,
  "90": 0.8794871794871782,
  "92": 0.8820512820512808,
  "93": 0.8846153846153834,
  "95": 0.8871794871794859,
  "96": 0.8897435897435885,
  "97": 0.8935897435897423,
  "99": 0.8974358974358961,
  "100": 0.8987179487179474,
  "101": 0.8999999999999987,
  "102": 0.90128205128205,
  "103": 0.9025641025641012,
  "106": 0.9089743589743576,
  "107": 0.9115384615384602,
  "108": 0.9128205128205115,
  "109": 0.9141025641025627,
  "110": 0.9166666666666653,
  "111": 0.9205128205128191,
  "113": 0.9230769230769217,
  "114": 0.924358974358973,
  "117": 0.9256410256410242,
  "118": 0.9269230769230755,
  "120": 0.9307692307692293,
  "121": 0.9320512820512806,
  "122": 0.9333333333333319,
  "123": 0.9358974358974345,
  "125": 0.938461538461537,
  "126": 0.9410256410256396,
  "127": 0.9435897435897421,
  "128": 0.9461538461538447,
  "129": 0.947435897435896,
  "130": 0.9512820512820498,
  "131": 0.9525641025641011,
  "132": 0.9538461538461523,
  "133": 0.9551282051282036,
  "134": 0.9564102564102549,
  "137": 0.9576923076923062,
  "139": 0.9589743589743575,
  "140": 0.96153846153846,
  "142": 0.9628205128205113,
  "143": 0.9641025641025626,
  "144": 0.9653846153846138,
  "146": 0.9666666666666651,
  "148": 0.9679487179487164,
  "149": 0.9692307692307677,
  "150": 0.970512820512819,
  "154": 0.9717948717948702,
  "155": 0.9730769230769215,
  "157": 0.9743589743589728,
  "158": 0.9756410256410241,
  "161": 0.9769230769230753,
  "166": 0.9782051282051266,
  "169": 0.9807692307692292,
  "170": 0.9820512820512804,
  "174": 0.9833333333333317,
  "175": 0.984615384615383,
  "178": 0.9871794871794856,
  "180": 0.9897435897435881,
  "183": 0.9910256410256394,
  "184": 0.9923076923076907,
  "187": 0.993589743589742,
  "188": 0.9948717948717932,
  "189": 0.9961538461538445,
  "194": 0.9974358974358958,
  "198": 0.9987179487179471,
  "200": 0.9999999999999983
}