{
  "2": 0.03519417475728155,
  "3": 0.0849514563106796,
  "4": 0.1383495145631068,
  "5": 0.1686893203883495,
  "6": 0.20145631067961162,
  "7": 0.22572815533980578,
  "8": 0.25121359223300965,
  "9": 0.27912621359223294,
  "10": 0.29733009708737856,
  "11": 0.3191747572815533,
  "12": 0.3458737864077669,
  "13": 0.3725728155339805,
  "14": 0.3944174757281552,
  "15": 0.4041262135922329,
  "16": 0.4089805825242717,
  "17": 0.41504854368932026,
  "18": 0.4381067961165047,
  "19": 0.4466019417475727,
  "20": 0.4635922330097086,
  "21": 0.4793689320388348,
  "22": 0.48786407766990275,
  "23": 0.5048543689320387,
  "24": 0.5145631067961164,
  "25": 0.5291262135922329,
  "26": 0.5461165048543688,
  "27": 0.5570388349514562,
  "28": 0.5618932038834951,
  "29": 0.5764563106796116,
  "30": 0.5885922330097086,
  "31": 0.5946601941747572,
  "32": 0.6019417475728155,
  "33": 0.6092233009708737,
  "34": 0.6152912621359223,
  "35": 0.625,
  "36": 0.6286407766990292,
  "37": 0.6347087378640778,
  "38": 0.638349514563107,
  "39": 0.6516990291262138,
  "40": 0.6614077669902915,
  "41": 0.6723300970873789,
  "42": 0.6808252427184469,
  "43": 0.6905339805825246,
  "44": 0.6990291262135926,
  "45": 0.7050970873786412,
  "46": 0.7111650485436898,
  "47": 0.718446601941748,
  "48": 0.7317961165048549,
  "49": 0.7342233009708743,
  "50": 0.7354368932038841,
  "51": 0.7390776699029132,
  "52": 0.7439320388349521,
  "53": 0.7463592233009715,
  "54": 0.7487864077669909,
  "55": 0.7560679611650492,
  "56": 0.7597087378640783,
  "57": 0.7633495145631075,
  "58": 0.7669902912621367,
  "59": 0.7682038834951465,
  "60": 0.7718446601941756,
  "61": 0.7766990291262145,
  "62": 0.7791262135922339,
  "63": 0.7851941747572825,
  "64": 0.7900485436893213,
  "65": 0.7973300970873796,
  "66": 0.7985436893203893,
  "67": 0.8021844660194185,
  "68": 0.8046116504854379,
  "69": 0.8106796116504865,
  "70": 0.8118932038834963,
  "71": 0.8167475728155351,
  "72": 0.8179611650485449,
  "73": 0.8228155339805837,
  "74": 0.8264563106796129,
  "75": 0.8288834951456323,
  "76": 0.8300970873786421,
  "77": 0.8337378640776713,
  "78": 0.8361650485436907,
  "79": 0.8385922330097101,
  "80": 0.8410194174757295,
  "81": 0.8434466019417489,
  "82": 0.8446601941747587,
  "83": 0.8507281553398073,
  "84": 0.8531553398058267,
  "85": 0.8567961165048559,
  "86": 0.8580097087378656,
  "87": 0.8616504854368948,
  "88": 0.8640776699029142,
  "89": 0.8701456310679628,
  "90": 0.8713592233009726,
  "91": 0.873786407766992,
  "92": 0.8762135922330114,
  "93": 0.8774271844660212,
  "94": 0.8798543689320406,
  "95": 0.8834951456310698,
  "97": 0.8847087378640796,
  "98": 0.8919902912621378,
  "99": 0.8944174757281572,
  "100": 0.895631067961167,
  "104": 0.8968446601941767,
  "105": 0.8992718446601962,
  "106": 0.9016990291262156,
  "107": 0.904126213592235,
  "108": 0.9077669902912642,
  "109": 0.9114077669902934,
  "110": 0.9138349514563128,
  "111": 0.917475728155342,
  "112": 0.9235436893203905,
  "113": 0.9247572815534003,
  "114": 0.9271844660194197,
  "115": 0.9283980582524295,
  "116": 0.9320388349514587,
  "118": 0.9344660194174781,
  "120": 0.9368932038834975,
  "124": 0.9381067961165073,
  "125": 0.9429611650485461,
  "126": 0.9453883495145655,
  "129": 0.9490291262135947,
  "130": 0.9502427184466045,
  "131": 0.9514563106796142,
  "134": 0.952669902912624,
  "136": 0.9538834951456338,
  "139": 0.9550970873786435,
  "140": 0.9563106796116533,
  "144": 0.957524271844663,
  "145": 0.9587378640776728,
  "148": 0.9611650485436922,
  "151": 0.9635922330097116,
  "152": 0.9660194174757311,
  "153": 0.9672330097087408,
  "157": 0.9684466019417506,
  "159": 0.9696601941747603,
  "160": 0.9733009708737895,
  "162": 0.9745145631067993,
  "163": 0.9781553398058285,
  "167": 0.9793689320388382,
  "170": 0.9817961165048577,
  "173": 0.9830097087378674,
  "174": 0.9842233009708772,
  "176": 0.9854368932038869,
  "178": 0.9866504854368967,
  "179": 0.9878640776699065,
  "182": 0.9890776699029162,
  "184": 0.990291262135926,
  "188": 0.9915048543689358,
  "189": 0.9927184466019455,
  "191": 0.9939320388349553,
  "194": 0.995145631067965,
  "197": 0.9963592233009748,
  "198": 0.9975728155339846,
  "199": 0.9987864077669943,
  "200": 1.000000000000004
}