{
  "2": 0.05368421052631579,
  "3": 0.12631578947368421,
  "4": 0.18526315789473685,
  "5": 0.2336842105263158,
  "6": 0.27894736842105267,
  "7": 0.3242105263157895,
  "8": 0.34631578947368424,
  "9": 0.3821052631578948,
  "10": 0.408421052631579,
  "11": 0.43368421052631584,
  "12": 0.4652631578947369,
  "13": 0.4831578947368421,
  "14": 0.5,
  "15": 0.511578947368421,
  "16": 0.5326315789473683,
  "17": 0.5494736842105262,
  "18": 0.5621052631578947,
  "19": 0.5736842105263157,
  "20": 0.5894736842105263,
  "21": 0.5989473684210526,
  "22": 0.6094736842105263,
  "23": 0.6210526315789473,
  "24": 0.6273684210526315,
  "25": 0.6389473684210525,
  "26": 0.6452631578947366,
  "27": 0.6578947368421051,
  "28": 0.6652631578947367,
  "29": 0.6726315789473682,
  "30": 0.6757894736842104,
  "31": 0.6842105263157894,
  "32": 0.6905263157894735,
  "33": 0.6968421052631577,
  "34": 0.6999999999999998,
  "35": 0.703157894736842,
  "36": 0.7136842105263157,
  "37": 0.7210526315789473,
  "38": 0.7252631578947367,
  "39": 0.7273684210526314,
  "40": 0.7305263157894736,
  "41": 0.734736842105263,
  "42": 0.7357894736842104,
  "43": 0.7399999999999999,
  "44": 0.7484210526315789,
  "45": 0.7505263157894736,
  "46": 0.7536842105263157,
  "47": 0.7568421052631579,
  "48": 0.7589473684210526,
  "49": 0.7610526315789473,
  "50": 0.763157894736842,
  "51": 0.7673684210526315,
  "52": 0.7694736842105262,
  "53": 0.7726315789473683,
  "54": 0.7768421052631578,
  "55": 0.7789473684210525,
  "56": 0.7799999999999999,
  "57": 0.7821052631578946,
  "58": 0.7852631578947368,
  "59": 0.7863157894736842,
  "60": 0.7873684210526316,
  "61": 0.7905263157894737,
  "62": 0.7936842105263159,
  "63": 0.7957894736842106,
  "64": 0.7978947368421053,
  "65": 0.7989473684210527,
  "66": 0.8010526315789475,
  "67": 0.8021052631578949,
  "68": 0.8031578947368423,
  "69": 0.8042105263157897,
  "70": 0.8063157894736844,
  "71": 0.8073684210526318,
  "73": 0.810526315789474,
  "74": 0.8157894736842108,
  "75": 0.8178947368421056,
  "79": 0.818947368421053,
  "80": 0.8200000000000004,
  "81": 0.8221052631578951,
  "82": 0.8231578947368425,
  "83": 0.8252631578947373,
  "84": 0.827368421052632,
  "85": 0.8294736842105267,
  "87": 0.8315789473684214,
  "88": 0.8326315789473688,
  "89": 0.8368421052631583,
  "90": 0.838947368421053,
  "91": 0.8421052631578951,
  "92": 0.8431578947368426,
  "94": 0.8452631578947373,
  "96": 0.847368421052632,
  "97": 0.8484210526315794,
  "98": 0.8547368421052636,
  "99": 0.8578947368421057,
  "100": 0.8589473684210531,
  "101": 0.8600000000000005,
  "102": 0.861052631578948,
  "103": 0.8631578947368427,
  "104": 0.8663157894736848,
  "105": 0.8684210526315795,
  "106": 0.869473684210527,
  "107": 0.8726315789473691,
  "109": 0.8736842105263165,
  "110": 0.8757894736842112,
  "112": 0.877894736842106,
  "115": 0.8800000000000007,
  "116": 0.8821052631578954,
  "117": 0.8852631578947375,
  "118": 0.886315789473685,
  "119": 0.8873684210526324,
  "120": 0.8905263157894745,
  "121": 0.8926315789473692,
  "123": 0.8936842105263166,
  "124": 0.894736842105264,
  "125": 0.8957894736842115,
  "127": 0.8978947368421062,
  "128": 0.9021052631578956,
  "129": 0.903157894736843,
  "130": 0.9073684210526325,
  "131": 0.9105263157894746,
  "132": 0.9136842105263168,
  "133": 0.9147368421052642,
  "134": 0.9168421052631589,
  "136": 0.9189473684210536,
  "137": 0.9210526315789483,
  "138": 0.9221052631578958,
  "139": 0.9242105263157905,
  "140": 0.9252631578947379,
  "142": 0.9273684210526326,
  "143": 0.9315789473684221,
  "144": 0.9357894736842115,
  "145": 0.9368421052631589,
  "146": 0.9389473684210536,
  "148": 0.9421052631578958,
  "149": 0.9431578947368432,
  "150": 0.9452631578947379,
  "151": 0.94842105263158,
  "152": 0.9494736842105275,
  "154": 0.9515789473684222,
  "155": 0.9536842105263169,
  "157": 0.956842105263159,
  "158": 0.9589473684210538,
  "160": 0.9610526315789485,
  "161": 0.9621052631578959,
  "165": 0.9642105263157906,
  "166": 0.965263157894738,
  "167": 0.9663157894736855,
  "168": 0.9673684210526329,
  "170": 0.9684210526315803,
  "171": 0.9694736842105277,
  "172": 0.9715789473684224,
  "174": 0.9736842105263172,
  "175": 0.9747368421052646,
  "178": 0.975789473684212,
  "179": 0.9768421052631594,
  "180": 0.9789473684210541,
  "181": 0.9800000000000015,
  "183": 0.981052631578949,
  "184": 0.9821052631578964,
  "185": 0.9852631578947385,
  "187": 0.9884210526315806,
  "189": 0.9894736842105281,
  "190": 0.9905263157894755,
  "191": 0.9915789473684229,
  "193": 0.9926315789473703,
  "194": 0.9936842105263177,
  "195": 0.9947368421052651,
  "196": 0.9957894736842126,
  "197": 0.99684210526316,
  "200": 1.000000000000002
}