{
  "2": 0.047895500725689405,
  "3": 0.07547169811320754,
  "4": 0.1204644412191582,
  "5": 0.15820029027576196,
  "6": 0.18577648766328012,
  "7": 0.20899854862119013,
  "8": 0.2351233671988389,
  "9": 0.2583454281567489,
  "10": 0.29753265602322204,
  "11": 0.33091436865021767,
  "12": 0.3584905660377358,
  "13": 0.38316400580551524,
  "14": 0.409288824383164,
  "15": 0.4223512336719884,
  "16": 0.4339622641509434,
  "17": 0.45573294629898403,
  "18": 0.4702467343976778,
  "19": 0.4862119013062409,
  "20": 0.5007256894049347,
  "21": 0.5181422351233672,
  "22": 0.544267053701016,
  "23": 0.5645863570391872,
  "24": 0.5747460087082729,
  "25": 0.5863570391872278,
  "26": 0.6052249637155297,
  "27": 0.6153846153846153,
  "28": 0.6240928882438316,
  "29": 0.6328011611030478,
  "30": 0.6429608127721335,
  "31": 0.6473149492017416,
  "32": 0.6516690856313497,
  "33": 0.6690856313497823,
  "34": 0.6894049346879535,
  "35": 0.706821480406386,
  "36": 0.7126269956458635,
  "37": 0.7213352685050798,
  "38": 0.7242380261248186,
  "39": 0.7314949201741655,
  "40": 0.7387518142235124,
  "41": 0.748911465892598,
  "42": 0.756168359941945,
  "43": 0.7634252539912919,
  "44": 0.7692307692307694,
  "45": 0.7721335268505082,
  "46": 0.7779390420899857,
  "47": 0.7866473149492019,
  "48": 0.7939042089985489,
  "49": 0.7997097242380263,
  "50": 0.8055152394775038,
  "51": 0.8156748911465894,
  "52": 0.825834542815675,
  "53": 0.8272859216255444,
  "54": 0.8301886792452832,
  "55": 0.8374455732946301,
  "56": 0.8417997097242382,
  "57": 0.8490566037735852,
  "58": 0.8548621190130626,
  "60": 0.8606676342525401,
  "61": 0.867924528301887,
  "62": 0.8722786647314952,
  "63": 0.875181422351234,
  "64": 0.8780841799709728,
  "65": 0.8809869375907116,
  "66": 0.8824383164005809,
  "67": 0.8838896952104502,
  "68": 0.8882438316400584,
  "69": 0.8896952104499277,
  "70": 0.8940493468795359,
  "71": 0.8998548621190133,
  "72": 0.9042089985486215,
  "73": 0.9085631349782296,
  "75": 0.9100145137880989,
  "76": 0.9114658925979683,
  "77": 0.9129172714078376,
  "79": 0.9172714078374458,
  "80": 0.9201741654571846,
  "81": 0.9230769230769234,
  "82": 0.9259796806966621,
  "83": 0.9274310595065315,
  "84": 0.9317851959361396,
  "86": 0.9375907111756171,
  "87": 0.9390420899854864,
  "88": 0.9419448476052252,
  "89": 0.944847605224964,
  "90": 0.9477503628447028,
  "91": 0.9492017416545722,
  "93": 0.9506531204644415,
  "96": 0.9535558780841803,
  "100": 0.9550072568940496,
  "101": 0.956458635703919,
  "102": 0.9593613933236578,
  "106": 0.9651669085631353,
  "108": 0.968069666182874,
  "109": 0.9709724238026128,
  "111": 0.9724238026124822,
  "113": 0.9738751814223515,
  "116": 0.9767779390420903,
  "117": 0.9782293178519597,
  "122": 0.979680696661829,
  "123": 0.9811320754716983,
  "124": 0.9825834542815677,
  "125": 0.984034833091437,
  "130": 0.9869375907111758,
  "131": 0.9883889695210452,
  "132": 0.9898403483309145,
  "135": 0.9912917271407838,
  "142": 0.9927431059506532,
  "152": 0.9941944847605225,
  "157": 0.9956458635703919,
  "159": 0.9970972423802612,
  "185": 0.9985486211901305,
  "186": 0.9999999999999999
}