{
  "2": 0.03131991051454139,
  "3": 0.06487695749440717,
  "4": 0.0894854586129754,
  "5": 0.11409395973154363,
  "6": 0.13646532438478748,
  "7": 0.15659955257270694,
  "8": 0.16778523489932887,
  "9": 0.18120805369127518,
  "10": 0.18568232662192397,
  "11": 0.19910514541387028,
  "12": 0.21476510067114096,
  "13": 0.2259507829977629,
  "14": 0.23266219239373603,
  "15": 0.23937360178970918,
  "16": 0.2505592841163311,
  "17": 0.2550335570469799,
  "18": 0.2684563758389262,
  "19": 0.2751677852348993,
  "20": 0.28635346756152125,
  "21": 0.2975391498881432,
  "22": 0.3087248322147651,
  "23": 0.3131991051454139,
  "24": 0.319910514541387,
  "25": 0.3378076062639821,
  "26": 0.348993288590604,
  "27": 0.3534675615212528,
  "28": 0.36241610738255037,
  "29": 0.37136465324384793,
  "30": 0.38255033557046986,
  "32": 0.38702460850111864,
  "33": 0.3959731543624162,
  "34": 0.40268456375838935,
  "35": 0.4093959731543625,
  "36": 0.41834451901566005,
  "37": 0.4250559284116332,
  "38": 0.4362416107382551,
  "39": 0.4496644295302014,
  "40": 0.46085011185682334,
  "41": 0.47203579418344527,
  "42": 0.48098434004474283,
  "43": 0.4832214765100672,
  "45": 0.4944071588366891,
  "46": 0.5078299776286355,
  "48": 0.5190156599552573,
  "49": 0.5234899328859061,
  "50": 0.5279642058165548,
  "51": 0.5324384787472035,
  "52": 0.5391498881431767,
  "53": 0.5436241610738254,
  "54": 0.5503355704697985,
  "55": 0.5548098434004473,
  "56": 0.559284116331096,
  "57": 0.5637583892617447,
  "58": 0.5727069351230423,
  "60": 0.577181208053691,
  "61": 0.5861297539149886,
  "62": 0.5928411633109617,
  "63": 0.6017897091722593,
  "65": 0.6107382550335568,
  "67": 0.6152125279642056,
  "68": 0.6196868008948543,
  "69": 0.6286353467561518,
  "70": 0.635346756152125,
  "71": 0.6375838926174494,
  "72": 0.6420581655480981,
  "73": 0.6442953020134226,
  "74": 0.646532438478747,
  "75": 0.6487695749440714,
  "76": 0.6554809843400445,
  "77": 0.6621923937360177,
  "78": 0.675615212527964,
  "79": 0.6845637583892615,
  "80": 0.6890380313199103,
  "81": 0.693512304250559,
  "82": 0.7002237136465321,
  "83": 0.7069351230425053,
  "84": 0.722595078299776,
  "85": 0.7270693512304247,
  "86": 0.7315436241610734,
  "87": 0.7360178970917222,
  "88": 0.7404921700223709,
  "89": 0.747203579418344,
  "90": 0.7539149888143172,
  "91": 0.7583892617449659,
  "92": 0.7628635346756146,
  "93": 0.7718120805369122,
  "94": 0.7829977628635341,
  "95": 0.7852348993288585,
  "96": 0.7874720357941829,
  "97": 0.794183445190156,
  "98": 0.8008948545861292,
  "99": 0.8053691275167779,
  "100": 0.8098434004474266,
  "101": 0.8165548098433998,
  "102": 0.8232662192393729,
  "103": 0.8255033557046974,
  "104": 0.8277404921700218,
  "105": 0.8299776286353462,
  "106": 0.8322147651006706,
  "107": 0.834451901565995,
  "111": 0.8366890380313194,
  "112": 0.8389261744966439,
  "113": 0.8434004474272926,
  "114": 0.845637583892617,
  "116": 0.8478747203579414,
  "117": 0.8545861297539146,
  "119": 0.856823266219239,
  "120": 0.8590604026845634,
  "122": 0.8657718120805366,
  "123": 0.868008948545861,
  "124": 0.8769574944071585,
  "125": 0.8859060402684561,
  "127": 0.8903803131991048,
  "128": 0.8926174496644292,
  "129": 0.8948545861297537,
  "131": 0.8970917225950781,
  "133": 0.8993288590604025,
  "134": 0.9038031319910512,
  "135": 0.9060402684563756,
  "136": 0.9105145413870244,
  "138": 0.9127516778523488,
  "139": 0.9149888143176732,
  "140": 0.9194630872483219,
  "142": 0.9217002237136463,
  "145": 0.9261744966442951,
  "148": 0.9284116331096195,
  "150": 0.9306487695749439,
  "151": 0.9351230425055926,
  "153": 0.9395973154362414,
  "154": 0.9418344519015658,
  "155": 0.9440715883668902,
  "156": 0.9530201342281878,
  "157": 0.9552572706935122,
  "159": 0.9619686800894853,
  "162": 0.9642058165548097,
  "163": 0.9686800894854585,
  "164": 0.9709172259507829,
  "165": 0.9731543624161073,
  "167": 0.9753914988814317,
  "172": 0.9821029082774049,
  "173": 0.9843400447427293,
  "174": 0.988814317673378,
  "180": 0.9910514541387024,
  "186": 0.9955257270693512,
  "189": 0.9977628635346756,
  "194": 1.0
}