{
  "2": 0.374,
  "3": 0.614,
  "4": 0.702,
  "5": 0.732,
  "6": 0.821,
  "7": 0.891,
  "8": 0.931,
  "9": 0.9470000000000001,
  "10": 0.9540000000000001,
  "11": 0.9590000000000001,
  "12": 0.9740000000000001,
  "13": 0.9830000000000001,
  "14": 0.9910000000000001,
  "15": 0.9950000000000001,
  "16": 0.9970000000000001,
  "19": 0.9980000000000001,
  "22": 1.0
}