{
  "2": 0.04568527918781726,
  "3": 0.08934010152284264,
  "4": 0.19695431472081218,
  "5": 0.2720812182741117,
  "6": 0.32284263959390863,
  "7": 0.3868020304568528,
  "8": 0.4324873096446701,
  "9": 0.4578680203045686,
  "10": 0.47614213197969546,
  "11": 0.5096446700507614,
  "12": 0.5279187817258884,
  "13": 0.5451776649746193,
  "14": 0.565482233502538,
  "15": 0.5857868020304567,
  "16": 0.6091370558375634,
  "17": 0.6294416243654821,
  "18": 0.646700507614213,
  "19": 0.6609137055837562,
  "20": 0.6720812182741115,
  "21": 0.6852791878172587,
  "22": 0.6984771573604059,
  "23": 0.7096446700507613,
  "24": 0.7218274111675125,
  "25": 0.7309644670050759,
  "26": 0.7390862944162434,
  "27": 0.7421319796954312,
  "28": 0.7472081218274109,
  "30": 0.7502538071065987,
  "31": 0.7593908629441621,
  "32": 0.7654822335025377,
  "33": 0.7695431472081214,
  "34": 0.7736040609137051,
  "35": 0.7807106598984768,
  "36": 0.7837563451776646,
  "37": 0.7868020304568524,
  "38": 0.7908629441624361,
  "39": 0.7949238578680198,
  "40": 0.7979695431472076,
  "41": 0.8010152284263954,
  "42": 0.807106598984771,
  "43": 0.8111675126903547,
  "45": 0.8162436548223344,
  "46": 0.8182741116751263,
  "47": 0.8253807106598979,
  "48": 0.8335025380710654,
  "49": 0.839593908629441,
  "50": 0.8446700507614208,
  "51": 0.8477157360406086,
  "52": 0.8507614213197964,
  "53": 0.8527918781725883,
  "54": 0.8538071065989842,
  "55": 0.8548223350253801,
  "56": 0.8578680203045679,
  "57": 0.8588832487309638,
  "58": 0.8619289340101516,
  "59": 0.8649746192893394,
  "60": 0.8680203045685272,
  "61": 0.8690355329949231,
  "63": 0.8730964467005068,
  "64": 0.8781725888324865,
  "65": 0.8802030456852784,
  "66": 0.8852791878172581,
  "69": 0.886294416243654,
  "70": 0.8873096446700499,
  "71": 0.8903553299492377,
  "74": 0.8923857868020296,
  "75": 0.8954314720812174,
  "76": 0.8974619289340093,
  "77": 0.8994923857868012,
  "78": 0.9015228426395931,
  "79": 0.903553299492385,
  "80": 0.905583756345177,
  "81": 0.9096446700507607,
  "82": 0.9116751269035526,
  "83": 0.9137055837563445,
  "85": 0.9157360406091364,
  "86": 0.9167512690355323,
  "87": 0.920812182741116,
  "88": 0.9218274111675119,
  "89": 0.9238578680203038,
  "90": 0.9279187817258875,
  "91": 0.9309644670050753,
  "92": 0.9329949238578672,
  "93": 0.9340101522842631,
  "94": 0.936040609137055,
  "96": 0.9370558375634509,
  "98": 0.9390862944162428,
  "99": 0.9401015228426387,
  "101": 0.9421319796954306,
  "102": 0.9431472081218265,
  "104": 0.9441624365482224,
  "108": 0.9461928934010143,
  "109": 0.9482233502538062,
  "110": 0.9502538071065981,
  "111": 0.951269035532994,
  "112": 0.9522842639593899,
  "114": 0.9543147208121818,
  "115": 0.9553299492385777,
  "117": 0.9563451776649736,
  "119": 0.9573604060913695,
  "120": 0.9593908629441614,
  "121": 0.9604060913705573,
  "122": 0.9624365482233492,
  "126": 0.9644670050761411,
  "129": 0.966497461928933,
  "131": 0.9675126903553289,
  "132": 0.9685279187817248,
  "134": 0.9715736040609126,
  "139": 0.9725888324873085,
  "140": 0.9746192893401004,
  "143": 0.9756345177664963,
  "145": 0.9776649746192883,
  "146": 0.9786802030456841,
  "148": 0.97969543147208,
  "149": 0.980710659898476,
  "150": 0.9817258883248718,
  "151": 0.9827411167512677,
  "152": 0.9847715736040596,
  "153": 0.9857868020304555,
  "157": 0.9868020304568514,
  "158": 0.9878172588832473,
  "167": 0.9888324873096432,
  "168": 0.9898477157360391,
  "171": 0.990862944162435,
  "175": 0.9918781725888309,
  "176": 0.9928934010152268,
  "180": 0.9949238578680187,
  "183": 0.9959390862944146,
  "184": 0.9969543147208105,
  "185": 0.9979695431472064,
  "198": 0.9989847715736023,
  "200": 0.9999999999999982
}