{
  "2": 0.04726890756302521,
  "3": 0.1334033613445378,
  "4": 0.19327731092436976,
  "5": 0.2510504201680672,
  "6": 0.2909663865546218,
  "7": 0.3256302521008403,
  "8": 0.36449579831932766,
  "9": 0.39390756302521,
  "10": 0.4191176470588235,
  "11": 0.44852941176470584,
  "12": 0.4705882352941176,
  "13": 0.5021008403361344,
  "14": 0.5220588235294118,
  "15": 0.5483193277310925,
  "16": 0.5651260504201682,
  "17": 0.5756302521008404,
  "18": 0.5903361344537815,
  "19": 0.60609243697479,
  "20": 0.6165966386554622,
  "21": 0.6281512605042017,
  "22": 0.6386554621848739,
  "23": 0.6523109243697478,
  "24": 0.6565126050420167,
  "25": 0.6670168067226889,
  "26": 0.672268907563025,
  "27": 0.6859243697478989,
  "28": 0.6943277310924367,
  "29": 0.7027310924369745,
  "30": 0.7079831932773106,
  "31": 0.7132352941176467,
  "32": 0.7205882352941173,
  "33": 0.7258403361344534,
  "34": 0.7310924369747895,
  "35": 0.7342436974789912,
  "36": 0.7352941176470584,
  "37": 0.7373949579831929,
  "38": 0.7405462184873945,
  "39": 0.7468487394957979,
  "40": 0.7499999999999996,
  "41": 0.7531512605042012,
  "42": 0.7584033613445373,
  "43": 0.7605042016806718,
  "44": 0.7636554621848735,
  "46": 0.7668067226890751,
  "47": 0.7720588235294112,
  "48": 0.7773109243697474,
  "49": 0.7794117647058818,
  "50": 0.780462184873949,
  "51": 0.7836134453781507,
  "52": 0.7857142857142851,
  "53": 0.7878151260504196,
  "54": 0.7941176470588229,
  "55": 0.7972689075630246,
  "56": 0.8004201680672263,
  "57": 0.8025210084033607,
  "58": 0.8035714285714279,
  "59": 0.8056722689075624,
  "60": 0.8077731092436968,
  "61": 0.8098739495798313,
  "62": 0.8140756302521002,
  "63": 0.8151260504201674,
  "64": 0.8161764705882346,
  "65": 0.8182773109243691,
  "66": 0.822478991596638,
  "67": 0.8235294117647052,
  "68": 0.8245798319327724,
  "69": 0.8298319327731085,
  "70": 0.8340336134453774,
  "71": 0.8371848739495791,
  "72": 0.8382352941176463,
  "73": 0.841386554621848,
  "74": 0.8434873949579824,
  "75": 0.8455882352941169,
  "77": 0.8466386554621841,
  "79": 0.850840336134453,
  "81": 0.8539915966386546,
  "82": 0.8550420168067219,
  "83": 0.8571428571428563,
  "84": 0.8581932773109235,
  "85": 0.860294117647058,
  "86": 0.8644957983193269,
  "87": 0.8676470588235285,
  "88": 0.869747899159663,
  "90": 0.8707983193277302,
  "91": 0.8728991596638647,
  "92": 0.8760504201680663,
  "94": 0.8802521008403352,
  "95": 0.8813025210084025,
  "96": 0.8823529411764697,
  "97": 0.8834033613445369,
  "98": 0.8844537815126041,
  "99": 0.8855042016806713,
  "100": 0.8865546218487386,
  "101": 0.8876050420168058,
  "102": 0.888655462184873,
  "105": 0.8907563025210075,
  "109": 0.8949579831932764,
  "110": 0.8970588235294108,
  "111": 0.898109243697478,
  "112": 0.9012605042016797,
  "113": 0.9023109243697469,
  "114": 0.9033613445378141,
  "116": 0.9044117647058814,
  "117": 0.9065126050420158,
  "118": 0.9096638655462175,
  "119": 0.9128151260504191,
  "120": 0.9149159663865536,
  "121": 0.917016806722688,
  "122": 0.9191176470588225,
  "123": 0.9233193277310914,
  "124": 0.926470588235293,
  "126": 0.9285714285714275,
  "127": 0.9296218487394947,
  "128": 0.9306722689075619,
  "129": 0.9327731092436964,
  "131": 0.935924369747898,
  "133": 0.9380252100840325,
  "136": 0.940126050420167,
  "137": 0.9422268907563014,
  "138": 0.9443277310924358,
  "139": 0.9453781512605031,
  "140": 0.9474789915966375,
  "141": 0.9485294117647047,
  "145": 0.949579831932772,
  "146": 0.9506302521008392,
  "149": 0.9516806722689064,
  "150": 0.9537815126050408,
  "151": 0.9548319327731081,
  "155": 0.9558823529411753,
  "157": 0.9600840336134442,
  "158": 0.9611344537815114,
  "159": 0.9632352941176459,
  "160": 0.9642857142857131,
  "163": 0.9653361344537803,
  "165": 0.9674369747899147,
  "166": 0.968487394957982,
  "167": 0.9716386554621836,
  "169": 0.9726890756302509,
  "170": 0.9758403361344525,
  "171": 0.977941176470587,
  "174": 0.9789915966386542,
  "175": 0.9810924369747887,
  "177": 0.9821428571428559,
  "178": 0.9831932773109231,
  "179": 0.9842436974789903,
  "180": 0.9863445378151248,
  "181": 0.9884453781512592,
  "182": 0.9894957983193264,
  "183": 0.9915966386554609,
  "186": 0.9926470588235281,
  "190": 0.9947478991596626,
  "194": 0.9957983193277298,
  "195": 0.996848739495797,
  "198": 0.9978991596638642,
  "199": 0.9999999999999987
}