{
  "64": 0.9980000000000003,
  "2": 0.294,
  "3": 0.477,
  "4": 0.565,
  "5": 0.615,
  "6": 0.669,
  "7": 0.7020000000000001,
  "8": 0.7250000000000001,
  "9": 0.7590000000000001,
  "10": 0.7830000000000001,
  "11": 0.8150000000000002,
  "12": 0.8490000000000002,
  "13": 0.8740000000000002,
  "14": 0.9000000000000002,
  "15": 0.9200000000000003,
  "16": 0.9300000000000003,
  "17": 0.9450000000000003,
  "18": 0.9510000000000003,
  "19": 0.9570000000000003,
  "20": 0.9630000000000003,
  "21": 0.9650000000000003,
  "22": 0.9700000000000003,
  "23": 0.9720000000000003,
  "24": 0.9750000000000003,
  "25": 0.9770000000000003,
  "26": 0.9790000000000003,
  "27": 0.9820000000000003,
  "31": 0.9830000000000003,
  "33": 0.9850000000000003,
  "67": 0.9990000000000003,
  "35": 0.9860000000000003,
  "36": 0.9870000000000003,
  "37": 0.9880000000000003,
  "39": 0.9900000000000003,
  "40": 0.9910000000000003,
  "41": 0.9920000000000003,
  "108": 1.0000000000000002,
  "45": 0.9930000000000003,
  "53": 0.9950000000000003,
  "55": 0.9960000000000003,
  "59": 0.9970000000000003
}