{
  "2": 0.03048780487804878,
  "3": 0.07317073170731708,
  "4": 0.11341463414634148,
  "5": 0.14878048780487807,
  "6": 0.175609756097561,
  "7": 0.18902439024390247,
  "8": 0.2134146341463415,
  "9": 0.23902439024390246,
  "10": 0.2707317073170732,
  "11": 0.2902439024390244,
  "12": 0.3109756097560976,
  "13": 0.32560975609756104,
  "14": 0.3439024390243903,
  "15": 0.3731707317073172,
  "16": 0.37926829268292694,
  "17": 0.3902439024390245,
  "18": 0.40487804878048794,
  "19": 0.41951219512195137,
  "20": 0.43048780487804894,
  "21": 0.4439024390243904,
  "22": 0.45609756097560994,
  "23": 0.4670731707317075,
  "24": 0.4780487804878051,
  "25": 0.48658536585365875,
  "26": 0.4951219512195124,
  "27": 0.5000000000000002,
  "28": 0.5073170731707319,
  "29": 0.5134146341463417,
  "30": 0.5207317073170734,
  "31": 0.5292682926829271,
  "32": 0.5402439024390246,
  "33": 0.5487804878048783,
  "34": 0.557317073170732,
  "35": 0.5658536585365856,
  "36": 0.5780487804878052,
  "37": 0.581707317073171,
  "38": 0.5914634146341466,
  "39": 0.6000000000000003,
  "40": 0.608536585365854,
  "41": 0.6146341463414637,
  "42": 0.6219512195121955,
  "43": 0.6292682926829272,
  "44": 0.632926829268293,
  "45": 0.6390243902439028,
  "46": 0.6487804878048784,
  "47": 0.6536585365853662,
  "48": 0.6621951219512199,
  "49": 0.6682926829268296,
  "50": 0.6731707317073174,
  "51": 0.6804878048780492,
  "52": 0.685365853658537,
  "53": 0.6890243902439028,
  "54": 0.6939024390243906,
  "55": 0.7024390243902443,
  "56": 0.7048780487804882,
  "57": 0.7134146341463419,
  "58": 0.7195121951219516,
  "59": 0.7292682926829273,
  "60": 0.735365853658537,
  "61": 0.7426829268292687,
  "62": 0.7463414634146346,
  "63": 0.7548780487804883,
  "64": 0.7597560975609761,
  "65": 0.76219512195122,
  "66": 0.7682926829268297,
  "67": 0.7743902439024395,
  "68": 0.7792682926829273,
  "69": 0.7829268292682932,
  "70": 0.786585365853659,
  "71": 0.7926829268292688,
  "72": 0.7951219512195127,
  "73": 0.8012195121951224,
  "74": 0.8048780487804883,
  "75": 0.8085365853658542,
  "76": 0.8109756097560981,
  "77": 0.8146341463414639,
  "78": 0.8207317073170737,
  "79": 0.8268292682926834,
  "80": 0.8292682926829273,
  "81": 0.8317073170731712,
  "82": 0.8329268292682932,
  "83": 0.839024390243903,
  "84": 0.8402439024390249,
  "85": 0.8414634146341469,
  "86": 0.8451219512195127,
  "88": 0.8475609756097566,
  "89": 0.8500000000000005,
  "90": 0.8536585365853664,
  "91": 0.8573170731707322,
  "92": 0.8585365853658542,
  "94": 0.8609756097560981,
  "95": 0.8658536585365859,
  "96": 0.8670731707317079,
  "97": 0.8719512195121957,
  "98": 0.8756097560975615,
  "99": 0.8780487804878054,
  "100": 0.8804878048780493,
  "101": 0.8841463414634152,
  "102": 0.8853658536585371,
  "103": 0.887804878048781,
  "105": 0.889024390243903,
  "106": 0.8926829268292689,
  "107": 0.8951219512195128,
  "110": 0.8963414634146347,
  "111": 0.8987804878048786,
  "112": 0.9036585365853664,
  "113": 0.9048780487804884,
  "115": 0.9060975609756103,
  "116": 0.9085365853658542,
  "118": 0.9121951219512201,
  "119": 0.913414634146342,
  "120": 0.914634146341464,
  "121": 0.9170731707317079,
  "122": 0.9195121951219518,
  "125": 0.9219512195121957,
  "127": 0.9231707317073177,
  "128": 0.9243902439024396,
  "131": 0.9280487804878055,
  "132": 0.9292682926829274,
  "133": 0.9317073170731713,
  "136": 0.9329268292682933,
  "137": 0.9341463414634152,
  "138": 0.9365853658536591,
  "139": 0.939024390243903,
  "144": 0.940243902439025,
  "145": 0.9426829268292689,
  "147": 0.9439024390243909,
  "148": 0.9463414634146348,
  "149": 0.9475609756097567,
  "151": 0.9487804878048787,
  "153": 0.9500000000000006,
  "154": 0.9524390243902445,
  "157": 0.9548780487804884,
  "159": 0.9573170731707323,
  "160": 0.9585365853658543,
  "162": 0.9609756097560982,
  "163": 0.964634146341464,
  "164": 0.965853658536586,
  "165": 0.9682926829268299,
  "166": 0.9707317073170738,
  "168": 0.9731707317073177,
  "169": 0.9743902439024397,
  "170": 0.9756097560975616,
  "172": 0.9768292682926836,
  "174": 0.9792682926829275,
  "176": 0.9804878048780494,
  "178": 0.9817073170731714,
  "179": 0.9841463414634153,
  "180": 0.9853658536585372,
  "182": 0.9865853658536592,
  "183": 0.9890243902439031,
  "186": 0.990243902439025,
  "187": 0.992682926829269,
  "190": 0.9939024390243909,
  "191": 0.9963414634146348,
  "196": 0.9975609756097568,
  "200": 1.0000000000000007
}