{
  "2": 0.05328798185941043,
  "3": 0.16439909297052152,
  "4": 0.227891156462585,
  "5": 0.27437641723356004,
  "6": 0.3095238095238095,
  "7": 0.3480725623582766,
  "8": 0.37414965986394555,
  "9": 0.4058956916099773,
  "10": 0.43310657596371877,
  "11": 0.44217687074829926,
  "12": 0.45238095238095233,
  "13": 0.4750566893424036,
  "14": 0.49659863945578225,
  "15": 0.510204081632653,
  "16": 0.5294784580498865,
  "17": 0.5476190476190474,
  "18": 0.5634920634920633,
  "19": 0.5793650793650791,
  "20": 0.587301587301587,
  "21": 0.6009070294784578,
  "22": 0.6065759637188206,
  "23": 0.6213151927437639,
  "24": 0.6247165532879816,
  "25": 0.6303854875283444,
  "26": 0.6371882086167798,
  "27": 0.6439909297052152,
  "28": 0.6496598639455781,
  "29": 0.6609977324263037,
  "30": 0.667800453514739,
  "31": 0.6689342403628116,
  "32": 0.6723356009070293,
  "33": 0.6814058956916098,
  "34": 0.6825396825396823,
  "35": 0.6836734693877549,
  "36": 0.6904761904761902,
  "37": 0.6927437641723354,
  "38": 0.7006802721088433,
  "39": 0.7052154195011335,
  "40": 0.7086167800453512,
  "41": 0.7165532879818591,
  "42": 0.7199546485260768,
  "43": 0.7233560090702945,
  "44": 0.724489795918367,
  "45": 0.7256235827664396,
  "46": 0.7369614512471652,
  "49": 0.7380952380952377,
  "50": 0.7392290249433102,
  "51": 0.7414965986394554,
  "52": 0.7426303854875279,
  "54": 0.7471655328798181,
  "55": 0.7573696145124712,
  "56": 0.7619047619047614,
  "57": 0.7675736961451243,
  "58": 0.7766439909297048,
  "59": 0.781179138321995,
  "60": 0.7823129251700676,
  "61": 0.7868480725623578,
  "62": 0.789115646258503,
  "63": 0.7902494331065755,
  "64": 0.7936507936507932,
  "65": 0.8004535147392285,
  "66": 0.8038548752834462,
  "67": 0.8061224489795914,
  "68": 0.8072562358276639,
  "69": 0.8095238095238091,
  "70": 0.8117913832199543,
  "71": 0.815192743764172,
  "73": 0.8174603174603171,
  "74": 0.8185941043083896,
  "75": 0.8197278911564622,
  "76": 0.8231292517006799,
  "77": 0.825396825396825,
  "78": 0.8276643990929702,
  "79": 0.8287981859410427,
  "80": 0.8299319727891152,
  "81": 0.8310657596371878,
  "82": 0.8321995464852603,
  "83": 0.8344671201814055,
  "84": 0.835600907029478,
  "85": 0.8378684807256231,
  "86": 0.843537414965986,
  "87": 0.8469387755102037,
  "89": 0.8480725623582762,
  "90": 0.8514739229024939,
  "91": 0.8537414965986391,
  "92": 0.8560090702947842,
  "93": 0.8594104308390019,
  "94": 0.8628117913832196,
  "95": 0.8639455782312921,
  "96": 0.8662131519274373,
  "97": 0.8673469387755098,
  "98": 0.8684807256235824,
  "99": 0.8707482993197275,
  "100": 0.8718820861678,
  "101": 0.8730158730158726,
  "102": 0.8764172335600903,
  "103": 0.8786848072562354,
  "105": 0.879818594104308,
  "106": 0.8809523809523805,
  "109": 0.882086167800453,
  "110": 0.8832199546485255,
  "113": 0.8843537414965981,
  "114": 0.8854875283446706,
  "118": 0.8866213151927431,
  "123": 0.8877551020408156,
  "124": 0.8911564625850333,
  "128": 0.8922902494331059,
  "129": 0.894557823129251,
  "136": 0.8968253968253962,
  "143": 0.8979591836734687,
  "146": 0.8990929705215412,
  "148": 0.9002267573696138,
  "149": 0.9013605442176863,
  "152": 0.9036281179138315,
  "153": 0.904761904761904,
  "156": 0.9058956916099765,
  "158": 0.907029478458049,
  "160": 0.9081632653061216,
  "161": 0.9092970521541941,
  "162": 0.9160997732426295,
  "163": 0.9183673469387746,
  "165": 0.9206349206349198,
  "171": 0.9217687074829923,
  "172": 0.9240362811791375,
  "173": 0.9285714285714277,
  "174": 0.9308390022675729,
  "175": 0.9319727891156454,
  "176": 0.9353741496598631,
  "177": 0.9376417233560083,
  "178": 0.941043083900226,
  "179": 0.9444444444444436,
  "180": 0.9467120181405888,
  "181": 0.9478458049886613,
  "182": 0.9535147392290242,
  "183": 0.9557823129251694,
  "184": 0.9569160997732419,
  "185": 0.9603174603174596,
  "186": 0.9614512471655321,
  "187": 0.9637188208616773,
  "188": 0.9659863945578224,
  "189": 0.9682539682539676,
  "190": 0.9761904761904755,
  "191": 0.9807256235827657,
  "192": 0.9829931972789109,
  "193": 0.985260770975056,
  "194": 0.9863945578231286,
  "195": 0.9897959183673463,
  "196": 0.9909297052154188,
  "197": 0.9943310657596365,
  "198": 0.9965986394557816,
  "199": 0.9988662131519268,
  "200": 0.9999999999999993
}