{
  "2": 0.04677754677754678,
  "3": 0.12474012474012475,
  "4": 0.16735966735966737,
  "5": 0.21621621621621623,
  "6": 0.2515592515592516,
  "7": 0.28482328482328484,
  "8": 0.3212058212058212,
  "9": 0.369022869022869,
  "10": 0.40332640332640335,
  "11": 0.42411642411642414,
  "12": 0.4490644490644491,
  "13": 0.47401247401247404,
  "14": 0.4916839916839917,
  "15": 0.5124740124740125,
  "16": 0.5311850311850312,
  "17": 0.5540540540540542,
  "18": 0.5665280665280666,
  "19": 0.5800415800415801,
  "20": 0.5925155925155926,
  "21": 0.602910602910603,
  "22": 0.6112266112266114,
  "23": 0.6226611226611228,
  "24": 0.6330561330561333,
  "25": 0.6413721413721416,
  "26": 0.6507276507276509,
  "27": 0.6569646569646572,
  "28": 0.6590436590436592,
  "29": 0.6632016632016634,
  "30": 0.6694386694386696,
  "31": 0.6777546777546779,
  "32": 0.680873180873181,
  "33": 0.6829521829521832,
  "34": 0.6902286902286905,
  "35": 0.6954261954261957,
  "36": 0.6995841995841998,
  "37": 0.7016632016632018,
  "38": 0.7099792099792102,
  "39": 0.7151767151767153,
  "41": 0.7203742203742205,
  "42": 0.7245322245322247,
  "43": 0.7266112266112268,
  "44": 0.730769230769231,
  "45": 0.7328482328482331,
  "46": 0.7370062370062372,
  "47": 0.7411642411642414,
  "48": 0.7422037422037424,
  "49": 0.7432432432432434,
  "50": 0.7474012474012476,
  "51": 0.7484407484407486,
  "53": 0.7536382536382538,
  "54": 0.7546777546777548,
  "55": 0.75987525987526,
  "56": 0.7640332640332641,
  "57": 0.7671517671517672,
  "58": 0.7713097713097714,
  "59": 0.7733887733887734,
  "60": 0.7744282744282744,
  "61": 0.7785862785862786,
  "62": 0.7806652806652807,
  "63": 0.787941787941788,
  "64": 0.7900207900207901,
  "66": 0.7910602910602911,
  "67": 0.7920997920997921,
  "68": 0.7972972972972973,
  "69": 0.8014553014553014,
  "70": 0.8024948024948024,
  "71": 0.8056133056133056,
  "72": 0.8087318087318087,
  "73": 0.8097713097713097,
  "74": 0.8108108108108107,
  "75": 0.8118503118503118,
  "76": 0.8149688149688149,
  "77": 0.8160083160083159,
  "78": 0.818087318087318,
  "79": 0.8222453222453222,
  "80": 0.8232848232848232,
  "81": 0.8243243243243242,
  "82": 0.8274428274428274,
  "83": 0.8295218295218294,
  "84": 0.8326403326403325,
  "85": 0.8347193347193347,
  "87": 0.8367983367983367,
  "88": 0.8409563409563409,
  "89": 0.843035343035343,
  "90": 0.8461538461538461,
  "91": 0.8471933471933472,
  "92": 0.8492723492723493,
  "93": 0.8513513513513513,
  "94": 0.8534303534303533,
  "95": 0.8544698544698544,
  "96": 0.8586278586278585,
  "98": 0.8617463617463617,
  "99": 0.8638253638253637,
  "100": 0.8659043659043657,
  "101": 0.8679833679833677,
  "102": 0.8721413721413719,
  "103": 0.875259875259875,
  "104": 0.877338877338877,
  "105": 0.8814968814968812,
  "106": 0.8825363825363822,
  "107": 0.8835758835758832,
  "108": 0.8856548856548854,
  "109": 0.8877338877338874,
  "110": 0.8918918918918916,
  "112": 0.8950103950103947,
  "113": 0.8970893970893967,
  "114": 0.8981288981288977,
  "115": 0.9002079002078998,
  "117": 0.9012474012474008,
  "119": 0.9022869022869018,
  "120": 0.9033264033264028,
  "121": 0.9054054054054048,
  "124": 0.9074844074844068,
  "126": 0.9085239085239079,
  "128": 0.9095634095634089,
  "129": 0.913721413721413,
  "130": 0.914760914760914,
  "131": 0.9189189189189182,
  "132": 0.9209979209979202,
  "135": 0.9220374220374212,
  "136": 0.9272349272349264,
  "137": 0.9313929313929306,
  "138": 0.9324324324324316,
  "139": 0.9345114345114336,
  "141": 0.9376299376299367,
  "144": 0.9417879417879409,
  "145": 0.9438669438669429,
  "146": 0.9449064449064439,
  "148": 0.946985446985446,
  "149": 0.949064449064448,
  "150": 0.950103950103949,
  "151": 0.952182952182951,
  "152": 0.954261954261953,
  "153": 0.955301455301454,
  "157": 0.9573804573804561,
  "158": 0.9604989604989592,
  "160": 0.9625779625779614,
  "163": 0.9646569646569634,
  "166": 0.9656964656964644,
  "167": 0.9667359667359654,
  "169": 0.9688149688149674,
  "170": 0.9719334719334706,
  "171": 0.9750519750519737,
  "172": 0.9760914760914747,
  "173": 0.9781704781704768,
  "175": 0.9792099792099778,
  "178": 0.9802494802494788,
  "180": 0.9823284823284808,
  "181": 0.9844074844074828,
  "182": 0.9854469854469838,
  "183": 0.9864864864864848,
  "185": 0.9885654885654869,
  "187": 0.9896049896049879,
  "188": 0.9916839916839899,
  "190": 0.9927234927234909,
  "191": 0.9937629937629919,
  "193": 0.995841995841994,
  "194": 0.996881496881495,
  "195": 0.997920997920996,
  "199": 0.998960498960497,
  "200": 0.999999999999998
}