{
  "2": 0.2891566265060241,
  "3": 0.5200803212851406,
  "4": 0.5893574297188755,
  "5": 0.6526104417670683,
  "6": 0.7128514056224899,
  "7": 0.7610441767068273,
  "8": 0.7901606425702812,
  "9": 0.819277108433735,
  "10": 0.8403614457831327,
  "11": 0.85140562248996,
  "12": 0.8694779116465865,
  "13": 0.887550200803213,
  "14": 0.8995983935742974,
  "15": 0.9126506024096388,
  "16": 0.9257028112449802,
  "17": 0.9307228915662653,
  "18": 0.9407630522088356,
  "19": 0.9508032128514059,
  "20": 0.955823293172691,
  "21": 0.9608433734939761,
  "22": 0.9628514056224902,
  "23": 0.9678714859437753,
  "24": 0.9728915662650603,
  "25": 0.9748995983935744,
  "26": 0.9779116465863456,
  "27": 0.9789156626506026,
  "28": 0.9799196787148596,
  "29": 0.9809236947791167,
  "31": 0.9819277108433737,
  "33": 0.9829317269076308,
  "37": 0.9849397590361448,
  "38": 0.9859437751004019,
  "42": 0.9869477911646589,
  "43": 0.988955823293173,
  "47": 0.98995983935743,
  "49": 0.9909638554216871,
  "50": 0.9919678714859441,
  "53": 0.9929718875502012,
  "54": 0.9939759036144582,
  "59": 0.9949799196787152,
  "197": 1.0000000000000004,
  "73": 0.9959839357429723,
  "79": 0.9969879518072293,
  "80": 0.9979919678714864,
  "86": 0.9989959839357434
}