{
  "2": 0.9304446978335233,
  "3": 0.9737742303306727,
  "4": 0.9771949828962371,
  "5": 0.9988597491448118,
  "6": 0.9999999999999999
}