{
  "2": 0.046343975283213185,
  "3": 0.12461380020597322,
  "4": 0.1678681771369722,
  "5": 0.2121524201853759,
  "6": 0.2512873326467559,
  "7": 0.28733264675592174,
  "8": 0.3161688980432544,
  "9": 0.345005149330587,
  "10": 0.364572605561277,
  "11": 0.38928939237899074,
  "12": 0.4150360453141092,
  "13": 0.4325437693099897,
  "14": 0.4644696189495366,
  "15": 0.48815653964984557,
  "16": 0.5025746652935119,
  "17": 0.5231719876416067,
  "18": 0.5365602471678682,
  "19": 0.553038105046344,
  "20": 0.5623069001029867,
  "21": 0.5756951596292482,
  "22": 0.5849639546858909,
  "23": 0.596292481977343,
  "24": 0.6096807415036045,
  "25": 0.6189495365602472,
  "26": 0.6292481977342945,
  "27": 0.639546858908342,
  "28": 0.6446961894953657,
  "29": 0.6529351184346036,
  "30": 0.6570545829042226,
  "31": 0.6673532440782699,
  "32": 0.6714727085478889,
  "33": 0.6776519052523173,
  "34": 0.682801235839341,
  "35": 0.6848609680741505,
  "36": 0.6900102986611742,
  "37": 0.695159629248198,
  "38": 0.6972193614830074,
  "39": 0.6992790937178169,
  "40": 0.7033985581874359,
  "41": 0.7085478887744596,
  "42": 0.7106076210092691,
  "43": 0.7167868177136976,
  "44": 0.7198764160659118,
  "45": 0.727085478887745,
  "46": 0.7291452111225545,
  "47": 0.731204943357364,
  "48": 0.7342945417095782,
  "49": 0.7363542739443877,
  "50": 0.7394438722966019,
  "51": 0.7425334706488161,
  "52": 0.7487126673532446,
  "53": 0.7548918640576731,
  "54": 0.7559217301750778,
  "55": 0.7600411946446968,
  "56": 0.7621009268795063,
  "57": 0.7641606591143157,
  "58": 0.7693099897013395,
  "59": 0.7713697219361489,
  "60": 0.7765190525231727,
  "61": 0.7785787847579821,
  "62": 0.7806385169927916,
  "63": 0.7816683831101964,
  "65": 0.7847579814624106,
  "66": 0.7868177136972201,
  "67": 0.7899073120494343,
  "68": 0.7919670442842438,
  "69": 0.7929969104016485,
  "70": 0.7940267765190533,
  "71": 0.7971163748712675,
  "72": 0.799176107106077,
  "75": 0.8002059732234817,
  "76": 0.803295571575696,
  "77": 0.8053553038105055,
  "79": 0.8063851699279102,
  "80": 0.8094747682801244,
  "81": 0.8115345005149339,
  "82": 0.8146240988671481,
  "83": 0.8166838311019576,
  "84": 0.8177136972193624,
  "86": 0.8208032955715766,
  "87": 0.8218331616889814,
  "88": 0.8249227600411956,
  "89": 0.8290422245108146,
  "90": 0.831101956745624,
  "92": 0.8321318228630288,
  "93": 0.8331616889804335,
  "95": 0.8341915550978383,
  "96": 0.8372811534500525,
  "97": 0.8424304840370762,
  "99": 0.8475798146240999,
  "100": 0.8496395468589094,
  "103": 0.8537590113285284,
  "104": 0.8558187435633379,
  "105": 0.8589083419155521,
  "106": 0.8609680741503616,
  "107": 0.8619979402677663,
  "110": 0.8630278063851711,
  "111": 0.8640576725025758,
  "112": 0.8650875386199806,
  "113": 0.86714727085479,
  "114": 0.8692070030895995,
  "116": 0.8743563336766232,
  "117": 0.875386199794028,
  "118": 0.879505664263647,
  "119": 0.8825952626158612,
  "120": 0.8867147270854802,
  "122": 0.8898043254376944,
  "123": 0.8908341915550991,
  "125": 0.8939237899073134,
  "126": 0.8959835221421228,
  "128": 0.8980432543769323,
  "129": 0.8990731204943371,
  "131": 0.903192584963956,
  "132": 0.9062821833161703,
  "133": 0.9093717816683845,
  "134": 0.911431513903194,
  "135": 0.9134912461380035,
  "136": 0.9165808444902177,
  "137": 0.9186405767250272,
  "138": 0.9207003089598367,
  "139": 0.9217301750772414,
  "140": 0.9227600411946462,
  "141": 0.9258496395468604,
  "143": 0.9268795056642651,
  "144": 0.9279093717816699,
  "145": 0.9299691040164794,
  "146": 0.9309989701338841,
  "147": 0.9320288362512889,
  "148": 0.9340885684860983,
  "149": 0.9351184346035031,
  "150": 0.9371781668383126,
  "151": 0.9382080329557173,
  "152": 0.9402677651905268,
  "153": 0.9443872296601458,
  "154": 0.9454170957775505,
  "155": 0.94747682801236,
  "156": 0.9485066941297647,
  "157": 0.9505664263645742,
  "161": 0.9526261585993837,
  "162": 0.9546858908341932,
  "163": 0.9557157569515979,
  "165": 0.9577754891864074,
  "166": 0.9598352214212169,
  "167": 0.9608650875386217,
  "168": 0.9629248197734311,
  "170": 0.9649845520082406,
  "171": 0.9680741503604549,
  "172": 0.9711637487126691,
  "175": 0.9721936148300738,
  "176": 0.9752832131822881,
  "178": 0.9773429454170975,
  "180": 0.9783728115345023,
  "181": 0.9804325437693118,
  "182": 0.9814624098867165,
  "183": 0.983522142121526,
  "186": 0.9845520082389307,
  "187": 0.987641606591145,
  "189": 0.9897013388259545,
  "190": 0.9907312049433592,
  "193": 0.9927909371781687,
  "196": 0.9948506694129782,
  "199": 0.9989701338825971,
  "200": 1.0000000000000018
}