{
  "2": 0.323,
  "3": 0.5609999999999999,
  "4": 0.609,
  "5": 0.694,
  "6": 0.7939999999999999,
  "7": 0.841,
  "8": 0.849,
  "9": 0.867,
  "10": 0.869,
  "11": 0.908,
  "12": 0.936,
  "13": 0.9510000000000001,
  "14": 0.9600000000000001,
  "15": 0.9720000000000001,
  "18": 0.9830000000000001,
  "19": 0.9950000000000001,
  "20": 1.0
}