{
  "2": 0.022253129346314324,
  "3": 0.055632823365785816,
  "4": 0.10292072322670376,
  "5": 0.13351877607788595,
  "6": 0.16689847009735745,
  "7": 0.19471488178025037,
  "8": 0.2294853963838665,
  "9": 0.262865090403338,
  "10": 0.2781641168289291,
  "11": 0.31015299026425597,
  "12": 0.32267037552155775,
  "13": 0.34631432545201674,
  "14": 0.3588317107093185,
  "15": 0.36856745479833103,
  "16": 0.3908205841446454,
  "17": 0.3977746870653686,
  "18": 0.41446453407510436,
  "19": 0.4242002781641169,
  "20": 0.43810848400556335,
  "21": 0.45340751043115446,
  "22": 0.4742698191933241,
  "23": 0.48122392211404735,
  "24": 0.49095966620305986,
  "25": 0.5006954102920724,
  "26": 0.5076495132127956,
  "27": 0.5173852573018082,
  "28": 0.5285118219749654,
  "29": 0.5452016689847011,
  "30": 0.5563282336578583,
  "31": 0.5632823365785815,
  "32": 0.5730180806675941,
  "33": 0.577190542420028,
  "34": 0.5855354659248958,
  "35": 0.5994436717663423,
  "37": 0.6008344923504869,
  "38": 0.6063977746870655,
  "39": 0.6105702364394994,
  "40": 0.6175243393602226,
  "41": 0.6216968011126565,
  "42": 0.6300417246175243,
  "43": 0.6411682892906815,
  "44": 0.6495132127955493,
  "45": 0.6564673157162725,
  "46": 0.6648122392211403,
  "47": 0.6717663421418635,
  "48": 0.6731571627260081,
  "49": 0.677329624478442,
  "50": 0.6815020862308759,
  "51": 0.6842837273991652,
  "52": 0.6898470097357438,
  "53": 0.6968011126564669,
  "54": 0.6995827538247562,
  "55": 0.7023643949930455,
  "56": 0.7107093184979133,
  "57": 0.7162726008344918,
  "58": 0.7246175243393597,
  "59": 0.7343532684283722,
  "60": 0.7371349095966615,
  "61": 0.7413073713490954,
  "62": 0.7454798331015293,
  "63": 0.7482614742698186,
  "64": 0.7538247566063971,
  "65": 0.7607788595271203,
  "66": 0.7649513212795542,
  "67": 0.7705146036161328,
  "68": 0.7760778859527113,
  "69": 0.7788595271210006,
  "70": 0.7816411682892899,
  "71": 0.788595271210013,
  "72": 0.792767732962447,
  "73": 0.7997218358831701,
  "74": 0.8025034770514594,
  "75": 0.812239221140472,
  "76": 0.8178025034770505,
  "77": 0.8205841446453398,
  "79": 0.8233657858136291,
  "80": 0.8247566063977737,
  "81": 0.8261474269819183,
  "82": 0.827538247566063,
  "83": 0.8317107093184969,
  "84": 0.8358831710709308,
  "85": 0.8372739916550754,
  "86": 0.8414464534075093,
  "87": 0.842837273991654,
  "88": 0.8442280945757986,
  "89": 0.8497913769123772,
  "90": 0.8511821974965218,
  "92": 0.8553546592489557,
  "93": 0.8595271210013896,
  "95": 0.8609179415855343,
  "97": 0.8623087621696789,
  "98": 0.8678720445062574,
  "99": 0.8706536856745467,
  "100": 0.8720445062586913,
  "101": 0.8748261474269806,
  "102": 0.8789986091794145,
  "103": 0.8831710709318484,
  "104": 0.8873435326842823,
  "105": 0.8915159944367163,
  "106": 0.8956884561891502,
  "107": 0.8984700973574394,
  "108": 0.904033379694018,
  "109": 0.9054242002781626,
  "111": 0.9068150208623073,
  "112": 0.9109874826147412,
  "113": 0.9137691237830304,
  "115": 0.9165507649513197,
  "116": 0.9179415855354643,
  "117": 0.9207232267037536,
  "119": 0.9235048678720429,
  "126": 0.9276773296244768,
  "128": 0.9304589707927661,
  "130": 0.9332406119610553,
  "131": 0.9346314325452,
  "136": 0.9374130737134893,
  "137": 0.9401947148817785,
  "138": 0.9415855354659232,
  "140": 0.9429763560500678,
  "141": 0.9443671766342124,
  "142": 0.9457579972183571,
  "144": 0.9485396383866463,
  "146": 0.949930458970791,
  "149": 0.9527121001390803,
  "151": 0.9541029207232249,
  "152": 0.9582753824756588,
  "153": 0.9596662030598034,
  "154": 0.9610570236439481,
  "155": 0.9638386648122373,
  "159": 0.9666203059805266,
  "160": 0.9680111265646713,
  "162": 0.9694019471488159,
  "163": 0.9735744089012498,
  "166": 0.9749652294853944,
  "168": 0.9763560500695391,
  "169": 0.9777468706536837,
  "175": 0.980528511821973,
  "179": 0.9819193324061176,
  "181": 0.9833101529902623,
  "183": 0.9847009735744069,
  "186": 0.9874826147426962,
  "190": 0.9902642559109854,
  "191": 0.9930458970792747,
  "193": 0.9944367176634193,
  "198": 0.995827538247564,
  "199": 0.9999999999999979
}