{
  "2": 0.05859872611464968,
  "3": 0.16815286624203823,
  "4": 0.23694267515923567,
  "5": 0.2878980891719745,
  "6": 0.31337579617834393,
  "7": 0.35159235668789807,
  "8": 0.3719745222929936,
  "9": 0.3885350318471337,
  "10": 0.4127388535031847,
  "11": 0.44076433121019104,
  "12": 0.4547770700636942,
  "13": 0.464968152866242,
  "14": 0.4700636942675159,
  "15": 0.486624203821656,
  "16": 0.4993630573248407,
  "17": 0.5095541401273885,
  "18": 0.5235668789808917,
  "19": 0.5414012738853503,
  "20": 0.554140127388535,
  "21": 0.5579617834394904,
  "22": 0.5617834394904458,
  "23": 0.575796178343949,
  "24": 0.5936305732484076,
  "25": 0.6025477707006369,
  "26": 0.6076433121019108,
  "27": 0.6165605095541401,
  "28": 0.6280254777070063,
  "29": 0.6318471337579618,
  "30": 0.6420382165605095,
  "32": 0.6484076433121019,
  "33": 0.6522292993630573,
  "34": 0.6636942675159235,
  "35": 0.6713375796178344,
  "36": 0.6764331210191082,
  "37": 0.6777070063694267,
  "38": 0.6840764331210191,
  "39": 0.6853503184713375,
  "40": 0.689171974522293,
  "41": 0.6917197452229299,
  "42": 0.6968152866242038,
  "43": 0.6980891719745222,
  "44": 0.6993630573248407,
  "45": 0.7044585987261146,
  "46": 0.7095541401273885,
  "47": 0.7121019108280254,
  "48": 0.7133757961783439,
  "49": 0.7210191082802547,
  "50": 0.7235668789808917,
  "51": 0.7248407643312101,
  "52": 0.7286624203821656,
  "53": 0.7375796178343949,
  "54": 0.7439490445859872,
  "55": 0.7490445859872611,
  "56": 0.7503184713375796,
  "57": 0.7554140127388534,
  "58": 0.7592356687898089,
  "59": 0.7617834394904458,
  "60": 0.7707006369426751,
  "61": 0.7745222929936305,
  "62": 0.7783439490445859,
  "63": 0.7859872611464968,
  "64": 0.7885350318471337,
  "66": 0.7898089171974522,
  "67": 0.794904458598726,
  "68": 0.8038216560509553,
  "69": 0.8089171974522292,
  "70": 0.8140127388535031,
  "72": 0.8178343949044585,
  "73": 0.8292993630573248,
  "74": 0.8343949044585987,
  "75": 0.8458598726114649,
  "76": 0.8509554140127388,
  "77": 0.8573248407643311,
  "78": 0.862420382165605,
  "79": 0.8636942675159235,
  "81": 0.8675159235668789,
  "82": 0.8700636942675158,
  "83": 0.8726114649681528,
  "84": 0.8738853503184713,
  "85": 0.8751592356687897,
  "86": 0.8802547770700636,
  "87": 0.886624203821656,
  "88": 0.8929936305732483,
  "89": 0.8968152866242037,
  "90": 0.9031847133757961,
  "91": 0.90828025477707,
  "92": 0.9108280254777069,
  "93": 0.9133757961783439,
  "94": 0.9171974522292993,
  "95": 0.9197452229299362,
  "96": 0.9222929936305732,
  "97": 0.9235668789808916,
  "98": 0.9248407643312101,
  "99": 0.927388535031847,
  "102": 0.929936305732484,
  "103": 0.9324840764331209,
  "104": 0.9337579617834394,
  "105": 0.9350318471337579,
  "108": 0.9375796178343948,
  "109": 0.9388535031847133,
  "110": 0.9439490445859872,
  "113": 0.9464968152866241,
  "115": 0.949044585987261,
  "117": 0.951592356687898,
  "118": 0.9528662420382165,
  "120": 0.9554140127388534,
  "121": 0.9579617834394903,
  "122": 0.9592356687898088,
  "123": 0.9630573248407642,
  "124": 0.9656050955414012,
  "125": 0.9694267515923566,
  "127": 0.970700636942675,
  "128": 0.9719745222929935,
  "131": 0.973248407643312,
  "132": 0.9757961783439489,
  "133": 0.9770700636942674,
  "136": 0.9783439490445859,
  "137": 0.9808917197452228,
  "138": 0.9821656050955413,
  "140": 0.9847133757961782,
  "143": 0.9859872611464967,
  "153": 0.9872611464968152,
  "155": 0.9885350318471336,
  "158": 0.9898089171974521,
  "170": 0.9910828025477706,
  "174": 0.9923566878980891,
  "178": 0.9936305732484075,
  "179": 0.994904458598726,
  "183": 0.997452229299363,
  "186": 0.9987261146496814,
  "197": 0.9999999999999999
}