{
  "2": 0.113,
  "3": 0.543,
  "4": 0.753,
  "5": 0.836,
  "6": 0.879,
  "7": 0.904,
  "8": 0.924,
  "9": 0.935,
  "10": 0.9420000000000001,
  "11": 0.9520000000000001,
  "12": 0.9580000000000001,
  "13": 0.9620000000000001,
  "14": 0.9640000000000001,
  "15": 0.9670000000000001,
  "16": 0.9710000000000001,
  "17": 0.9720000000000001,
  "18": 0.9730000000000001,
  "83": 1.0,
  "20": 0.9740000000000001,
  "23": 0.9760000000000001,
  "24": 0.9800000000000001,
  "26": 0.9820000000000001,
  "27": 0.9830000000000001,
  "28": 0.9850000000000001,
  "29": 0.9870000000000001,
  "30": 0.9890000000000001,
  "31": 0.9910000000000001,
  "32": 0.9920000000000001,
  "33": 0.9930000000000001,
  "38": 0.9950000000000001,
  "39": 0.9960000000000001,
  "51": 0.9970000000000001,
  "55": 0.9980000000000001,
  "63": 0.9990000000000001
}