{
  "2": 0.35,
  "3": 0.57,
  "4": 0.6599999999999999,
  "5": 0.7379999999999999,
  "6": 0.7769999999999999,
  "7": 0.8009999999999999,
  "8": 0.828,
  "9": 0.843,
  "10": 0.855,
  "11": 0.879,
  "12": 0.919,
  "13": 0.937,
  "15": 0.9400000000000001,
  "16": 0.9440000000000001,
  "17": 0.9510000000000001,
  "18": 0.9630000000000001,
  "19": 0.9800000000000001,
  "20": 0.9980000000000001,
  "21": 1.0
}