{
  "2": 0.352,
  "3": 0.6339999999999999,
  "4": 0.7339999999999999,
  "5": 0.7949999999999999,
  "6": 0.837,
  "7": 0.863,
  "8": 0.881,
  "9": 0.898,
  "10": 0.907,
  "11": 0.919,
  "12": 0.93,
  "13": 0.9380000000000001,
  "14": 0.9400000000000001,
  "15": 0.9430000000000001,
  "16": 0.9510000000000001,
  "17": 0.9590000000000001,
  "18": 0.9660000000000001,
  "19": 0.9730000000000001,
  "20": 0.9760000000000001,
  "21": 0.9780000000000001,
  "22": 0.9810000000000001,
  "23": 0.9830000000000001,
  "24": 0.9860000000000001,
  "25": 0.9900000000000001,
  "26": 0.9920000000000001,
  "28": 0.9930000000000001,
  "29": 0.9950000000000001,
  "30": 0.9960000000000001,
  "31": 0.9970000000000001,
  "35": 0.9980000000000001,
  "36": 0.9990000000000001,
  "40": 1.0
}