{
  "2": 0.04973544973544974,
  "3": 0.1470899470899471,
  "4": 0.2105820105820106,
  "5": 0.2634920634920635,
  "6": 0.29523809523809524,
  "7": 0.32592592592592595,
  "8": 0.36190476190476195,
  "9": 0.39788359788359795,
  "10": 0.434920634920635,
  "11": 0.453968253968254,
  "12": 0.48465608465608473,
  "13": 0.505820105820106,
  "14": 0.523809523809524,
  "15": 0.5396825396825398,
  "16": 0.5597883597883598,
  "17": 0.5724867724867725,
  "18": 0.5925925925925926,
  "19": 0.6031746031746031,
  "20": 0.6169312169312169,
  "21": 0.6306878306878306,
  "22": 0.6412698412698412,
  "23": 0.6465608465608466,
  "24": 0.6613756613756614,
  "25": 0.6698412698412699,
  "26": 0.6793650793650794,
  "27": 0.6814814814814815,
  "28": 0.6888888888888889,
  "29": 0.6931216931216931,
  "30": 0.7015873015873016,
  "31": 0.7058201058201059,
  "32": 0.707936507936508,
  "33": 0.7132275132275132,
  "34": 0.7185185185185186,
  "35": 0.7238095238095239,
  "36": 0.725925925925926,
  "37": 0.7312169312169312,
  "38": 0.7365079365079366,
  "39": 0.7396825396825397,
  "40": 0.7417989417989418,
  "41": 0.746031746031746,
  "42": 0.7492063492063492,
  "43": 0.7534391534391535,
  "44": 0.7555555555555555,
  "45": 0.7587301587301587,
  "46": 0.764021164021164,
  "47": 0.7693121693121694,
  "48": 0.7724867724867726,
  "49": 0.7735449735449736,
  "50": 0.7788359788359789,
  "51": 0.782010582010582,
  "52": 0.7841269841269841,
  "53": 0.7883597883597884,
  "55": 0.7915343915343915,
  "56": 0.7947089947089947,
  "57": 0.7968253968253968,
  "58": 0.7989417989417988,
  "59": 0.8010582010582009,
  "60": 0.803174603174603,
  "61": 0.8042328042328041,
  "63": 0.8095238095238093,
  "64": 0.8105820105820104,
  "65": 0.8116402116402115,
  "66": 0.8137566137566136,
  "67": 0.8158730158730156,
  "68": 0.8201058201058199,
  "70": 0.821164021164021,
  "71": 0.8222222222222221,
  "72": 0.8232804232804232,
  "73": 0.8243386243386243,
  "74": 0.8275132275132274,
  "75": 0.8285714285714285,
  "76": 0.8306878306878306,
  "77": 0.8338624338624337,
  "78": 0.8370370370370369,
  "79": 0.839153439153439,
  "81": 0.8412698412698411,
  "83": 0.8423280423280421,
  "84": 0.8433862433862432,
  "85": 0.8455026455026453,
  "86": 0.8465608465608464,
  "87": 0.8486772486772485,
  "89": 0.8497354497354496,
  "90": 0.8529100529100527,
  "92": 0.8539682539682538,
  "93": 0.8560846560846559,
  "96": 0.858201058201058,
  "97": 0.8592592592592591,
  "98": 0.8624338624338622,
  "99": 0.8645502645502643,
  "102": 0.8666666666666664,
  "103": 0.8677248677248675,
  "104": 0.8708994708994706,
  "105": 0.8719576719576717,
  "107": 0.8730158730158728,
  "108": 0.876190476190476,
  "109": 0.8772486772486771,
  "110": 0.8783068783068781,
  "112": 0.8814814814814813,
  "113": 0.8825396825396824,
  "114": 0.8857142857142856,
  "117": 0.8878306878306876,
  "118": 0.8910052910052908,
  "119": 0.8931216931216929,
  "120": 0.894179894179894,
  "121": 0.895238095238095,
  "122": 0.8973544973544971,
  "123": 0.9005291005291003,
  "124": 0.9026455026455024,
  "125": 0.9068783068783066,
  "126": 0.9079365079365077,
  "127": 0.9089947089947088,
  "128": 0.9111111111111109,
  "130": 0.914285714285714,
  "131": 0.9153439153439151,
  "132": 0.9174603174603172,
  "134": 0.9185185185185183,
  "135": 0.9216931216931215,
  "138": 0.9227513227513225,
  "139": 0.9238095238095236,
  "140": 0.9248677248677247,
  "141": 0.9280423280423279,
  "143": 0.93015873015873,
  "145": 0.932275132275132,
  "146": 0.9343915343915341,
  "148": 0.9354497354497352,
  "149": 0.9365079365079363,
  "150": 0.9386243386243384,
  "151": 0.9417989417989415,
  "153": 0.9428571428571426,
  "155": 0.9439153439153437,
  "156": 0.9470899470899469,
  "157": 0.9492063492063489,
  "158": 0.9523809523809521,
  "160": 0.9544973544973542,
  "161": 0.9566137566137562,
  "163": 0.9587301587301583,
  "164": 0.9597883597883594,
  "165": 0.9619047619047615,
  "167": 0.9629629629629626,
  "168": 0.9640211640211637,
  "169": 0.9661375661375657,
  "171": 0.9671957671957668,
  "172": 0.9682539682539679,
  "173": 0.97037037037037,
  "174": 0.9714285714285711,
  "175": 0.9735449735449732,
  "177": 0.9756613756613752,
  "178": 0.9767195767195763,
  "179": 0.9777777777777774,
  "181": 0.9798941798941795,
  "182": 0.9809523809523806,
  "184": 0.9820105820105817,
  "185": 0.9830687830687828,
  "187": 0.9841269841269839,
  "188": 0.9851851851851849,
  "189": 0.987301587301587,
  "190": 0.9883597883597881,
  "191": 0.9904761904761902,
  "192": 0.9936507936507933,
  "195": 0.9957671957671954,
  "196": 0.9989417989417986,
  "199": 0.9999999999999997
}