{
  "2": 0.09,
  "3": 0.524,
  "4": 0.746,
  "5": 0.839,
  "6": 0.885,
  "7": 0.912,
  "8": 0.93,
  "9": 0.9400000000000001,
  "10": 0.9520000000000001,
  "11": 0.9640000000000001,
  "12": 0.9730000000000001,
  "13": 0.9760000000000001,
  "14": 0.9790000000000001,
  "15": 0.9820000000000001,
  "16": 0.9840000000000001,
  "17": 0.9850000000000001,
  "18": 0.9860000000000001,
  "19": 0.9880000000000001,
  "22": 0.9900000000000001,
  "23": 0.9910000000000001,
  "24": 0.9930000000000001,
  "27": 0.9950000000000001,
  "31": 0.9960000000000001,
  "32": 0.9980000000000001,
  "38": 0.9990000000000001,
  "45": 1.0
}