{
  "2": 0.06505771248688352,
  "3": 0.12172088142707241,
  "4": 0.1731374606505771,
  "5": 0.20776495278069254,
  "6": 0.2602308499475341,
  "7": 0.28226652675760755,
  "8": 0.32633788037775446,
  "9": 0.3546694648478489,
  "10": 0.3777544596012592,
  "11": 0.39244491080797483,
  "12": 0.4186778593913956,
  "13": 0.43966421825813223,
  "14": 0.4616998950682057,
  "15": 0.47848898216159497,
  "16": 0.4931794333683106,
  "17": 0.5089192025183631,
  "18": 0.5267576075550893,
  "19": 0.5445960125918154,
  "20": 0.5571878279118574,
  "21": 0.5687303252885625,
  "22": 0.5855194123819518,
  "23": 0.5970619097586569,
  "24": 0.6075550891920253,
  "25": 0.6180482686253936,
  "26": 0.6295907660020987,
  "27": 0.6379853095487934,
  "28": 0.6463798530954881,
  "29": 0.6537250786988459,
  "30": 0.6684155299055615,
  "31": 0.6757607555089193,
  "32": 0.684155299055614,
  "33": 0.6946484784889824,
  "34": 0.703043022035677,
  "35": 0.715634837355719,
  "36": 0.7271773347324241,
  "37": 0.733473242392445,
  "38": 0.7387198321091292,
  "39": 0.746065057712487,
  "40": 0.7502623294858343,
  "41": 0.7555089192025184,
  "42": 0.7628541448058762,
  "43": 0.7691500524658972,
  "44": 0.7743966421825813,
  "45": 0.7796432318992654,
  "46": 0.7817418677859391,
  "47": 0.7880377754459601,
  "48": 0.7953830010493179,
  "49": 0.7985309548793285,
  "50": 0.8037775445960126,
  "51": 0.8079748163693599,
  "52": 0.813221406086044,
  "53": 0.8247639034627491,
  "54": 0.8258132214060859,
  "55": 0.8268625393494228,
  "56": 0.83105981112277,
  "57": 0.8321091290661069,
  "58": 0.8331584470094437,
  "59": 0.8363064008394543,
  "60": 0.8394543546694648,
  "61": 0.8426023084994754,
  "62": 0.8467995802728226,
  "63": 0.8499475341028332,
  "64": 0.85099685204617,
  "65": 0.8562434417628542,
  "66": 0.8625393494228751,
  "67": 0.863588667366212,
  "68": 0.8677859391395593,
  "69": 0.8709338929695698,
  "70": 0.8761804826862539,
  "71": 0.8793284365162645,
  "72": 0.8835257082896117,
  "73": 0.8866736621196223,
  "74": 0.8898216159496328,
  "75": 0.8919202518363065,
  "76": 0.8950682056663171,
  "77": 0.8961175236096539,
  "78": 0.8992654774396645,
  "79": 0.902413431269675,
  "80": 0.9045120671563487,
  "82": 0.9066107030430224,
  "83": 0.9087093389296961,
  "84": 0.9108079748163698,
  "85": 0.9129066107030435,
  "86": 0.9150052465897172,
  "87": 0.9171038824763909,
  "88": 0.9181532004197277,
  "89": 0.9202518363064014,
  "90": 0.9213011542497382,
  "91": 0.9223504721930751,
  "92": 0.9233997901364119,
  "93": 0.9244491080797488,
  "95": 0.9254984260230856,
  "97": 0.9275970619097593,
  "99": 0.929695697796433,
  "100": 0.9349422875131171,
  "101": 0.9370409233997908,
  "102": 0.9380902413431277,
  "104": 0.9391395592864645,
  "107": 0.9401888772298014,
  "110": 0.9433368310598119,
  "111": 0.9443861490031488,
  "113": 0.9464847848898225,
  "114": 0.9485834207764962,
  "118": 0.949632738719833,
  "119": 0.9506820566631698,
  "121": 0.9517313746065067,
  "122": 0.9548793284365172,
  "123": 0.9559286463798541,
  "124": 0.9569779643231909,
  "126": 0.9580272822665278,
  "129": 0.9601259181532015,
  "131": 0.9622245540398752,
  "133": 0.963273871983212,
  "136": 0.9643231899265489,
  "137": 0.9653725078698857,
  "141": 0.9664218258132226,
  "143": 0.9674711437565594,
  "145": 0.9695697796432331,
  "146": 0.97061909758657,
  "147": 0.9716684155299068,
  "150": 0.9727177334732436,
  "155": 0.9737670514165805,
  "156": 0.9748163693599173,
  "158": 0.9758656873032542,
  "160": 0.9790136411332647,
  "164": 0.9821615949632753,
  "169": 0.9832109129066121,
  "170": 0.984260230849949,
  "171": 0.9853095487932858,
  "175": 0.9874081846799595,
  "179": 0.9884575026232963,
  "180": 0.9895068205666332,
  "182": 0.99055613850997,
  "183": 0.9916054564533069,
  "185": 0.9926547743966437,
  "188": 0.9937040923399806,
  "190": 0.9968520461699911,
  "191": 0.997901364113328,
  "196": 0.9989506820566648,
  "198": 1.0000000000000016
}