{
  "2": 0.04462242562929062,
  "3": 0.07665903890160183,
  "4": 0.11899313501144165,
  "5": 0.15560640732265446,
  "6": 0.18878718535469108,
  "7": 0.21624713958810068,
  "8": 0.2402745995423341,
  "9": 0.26887871853546913,
  "10": 0.28604118993135014,
  "11": 0.30663615560640733,
  "12": 0.32379862700228834,
  "13": 0.34096109839816935,
  "14": 0.36155606407322655,
  "15": 0.37757437070938216,
  "16": 0.39244851258581237,
  "17": 0.4107551487414188,
  "18": 0.4290617848970252,
  "19": 0.4450800915331808,
  "20": 0.459954233409611,
  "21": 0.471395881006865,
  "22": 0.48054919908466825,
  "23": 0.48741418764302064,
  "24": 0.5,
  "25": 0.5102974828375286,
  "26": 0.5217391304347826,
  "27": 0.5274599542334096,
  "28": 0.5366132723112128,
  "29": 0.5434782608695652,
  "30": 0.55720823798627,
  "31": 0.5652173913043478,
  "32": 0.5755148741418764,
  "33": 0.5835240274599542,
  "34": 0.5903890160183066,
  "35": 0.597254004576659,
  "36": 0.602974828375286,
  "37": 0.6109839816933639,
  "38": 0.6144164759725401,
  "39": 0.6258581235697941,
  "40": 0.6338672768878719,
  "41": 0.6372997711670482,
  "42": 0.6418764302059498,
  "43": 0.6510297482837529,
  "44": 0.6601830663615561,
  "45": 0.6670480549199085,
  "46": 0.6727688787185355,
  "47": 0.6796338672768879,
  "48": 0.6830663615560641,
  "49": 0.6887871853546912,
  "50": 0.6922196796338674,
  "51": 0.696796338672769,
  "52": 0.7025171624713961,
  "53": 0.7070938215102976,
  "54": 0.7116704805491992,
  "55": 0.7151029748283755,
  "56": 0.7196796338672771,
  "57": 0.7219679633867279,
  "58": 0.7276887871853549,
  "59": 0.7288329519450804,
  "60": 0.7334096109839819,
  "61": 0.7345537757437074,
  "62": 0.7368421052631582,
  "63": 0.7425629290617852,
  "64": 0.7437070938215107,
  "65": 0.7448512585812361,
  "66": 0.7482837528604124,
  "67": 0.7551487414187648,
  "68": 0.758581235697941,
  "69": 0.7665903890160188,
  "70": 0.7723112128146459,
  "71": 0.7826086956521745,
  "72": 0.7860411899313507,
  "73": 0.7871853546910762,
  "74": 0.7883295194508017,
  "75": 0.7929061784897032,
  "76": 0.795194508009154,
  "77": 0.7963386727688795,
  "78": 0.8009153318077811,
  "79": 0.8043478260869573,
  "80": 0.8066361556064081,
  "81": 0.8123569794050352,
  "82": 0.8192219679633875,
  "83": 0.8226544622425638,
  "84": 0.8272311212814654,
  "85": 0.831807780320367,
  "86": 0.8363844393592685,
  "87": 0.8386727688787193,
  "88": 0.8421052631578956,
  "89": 0.8443935926773464,
  "90": 0.8501144164759734,
  "91": 0.8569794050343258,
  "92": 0.8627002288329528,
  "93": 0.8661327231121291,
  "94": 0.8695652173913053,
  "96": 0.8718535469107561,
  "97": 0.8752860411899324,
  "98": 0.8775743707093832,
  "99": 0.8810068649885594,
  "100": 0.885583524027461,
  "101": 0.8867276887871864,
  "102": 0.8890160183066372,
  "103": 0.8935926773455388,
  "104": 0.8981693363844404,
  "105": 0.9004576659038912,
  "106": 0.9038901601830674,
  "108": 0.9073226544622437,
  "109": 0.9084668192219691,
  "111": 0.9118993135011454,
  "113": 0.9130434782608708,
  "114": 0.9176201372997724,
  "115": 0.9187643020594979,
  "116": 0.9199084668192233,
  "117": 0.9233409610983996,
  "118": 0.924485125858125,
  "120": 0.9279176201373013,
  "121": 0.9290617848970267,
  "122": 0.9302059496567522,
  "126": 0.9313501144164776,
  "127": 0.9324942791762031,
  "128": 0.9336384439359285,
  "130": 0.934782608695654,
  "132": 0.9359267734553794,
  "134": 0.9382151029748302,
  "135": 0.9393592677345557,
  "137": 0.9416475972540065,
  "139": 0.9427917620137319,
  "140": 0.9439359267734574,
  "141": 0.9462242562929082,
  "142": 0.9473684210526336,
  "144": 0.9496567505720844,
  "146": 0.9508009153318099,
  "147": 0.9519450800915353,
  "148": 0.9553775743707116,
  "149": 0.9588100686498878,
  "150": 0.9610983981693386,
  "151": 0.9633867276887894,
  "152": 0.9645308924485149,
  "155": 0.9679633867276911,
  "156": 0.9702517162471419,
  "157": 0.9713958810068674,
  "158": 0.9736842105263182,
  "159": 0.9748283752860436,
  "164": 0.975972540045769,
  "165": 0.9794050343249453,
  "166": 0.9816933638443961,
  "167": 0.9828375286041215,
  "168": 0.983981693363847,
  "170": 0.9874141876430232,
  "171": 0.989702517162474,
  "177": 0.9908466819221995,
  "178": 0.9919908466819249,
  "183": 0.9931350114416504,
  "186": 0.9942791762013758,
  "191": 0.9954233409611013,
  "195": 0.9965675057208268,
  "196": 0.9977116704805522,
  "197": 0.9988558352402777,
  "198": 1.000000000000003
}