{
  "2": 0.04279749478079332,
  "3": 0.1304801670146138,
  "4": 0.18580375782881003,
  "5": 0.24321503131524008,
  "6": 0.28183716075156573,
  "7": 0.32045929018789143,
  "8": 0.3496868475991649,
  "9": 0.38413361169102295,
  "10": 0.4123173277661795,
  "11": 0.43528183716075153,
  "12": 0.4624217118997912,
  "13": 0.47912317327766174,
  "14": 0.5031315240083507,
  "15": 0.524008350730689,
  "16": 0.5427974947807933,
  "17": 0.55741127348643,
  "18": 0.5741127348643006,
  "19": 0.5866388308977035,
  "20": 0.5960334029227558,
  "21": 0.6169102296450939,
  "22": 0.6252609603340292,
  "23": 0.6388308977035491,
  "24": 0.6534446764091858,
  "25": 0.6607515657620042,
  "26": 0.6638830897703549,
  "27": 0.6670146137787056,
  "28": 0.673277661795407,
  "29": 0.6826722338204593,
  "30": 0.6868475991649269,
  "31": 0.6920668058455114,
  "32": 0.6972860125260959,
  "33": 0.7004175365344466,
  "34": 0.707724425887265,
  "35": 0.7150313152400835,
  "36": 0.7171189979123173,
  "37": 0.720250521920668,
  "38": 0.7223382045929018,
  "39": 0.7286012526096032,
  "40": 0.7317327766179539,
  "41": 0.7369519832985384,
  "42": 0.741127348643006,
  "43": 0.7463465553235905,
  "44": 0.7494780793319412,
  "45": 0.7505219206680581,
  "46": 0.7536534446764088,
  "47": 0.7567849686847595,
  "49": 0.7599164926931102,
  "50": 0.762004175365344,
  "51": 0.7661795407098116,
  "52": 0.7693110647181624,
  "53": 0.7724425887265131,
  "54": 0.7766179540709807,
  "55": 0.7787056367432145,
  "56": 0.7807933194154483,
  "57": 0.7828810020876821,
  "58": 0.783924843423799,
  "59": 0.7849686847599159,
  "60": 0.7881002087682666,
  "61": 0.7901878914405004,
  "62": 0.7912317327766173,
  "63": 0.7922755741127342,
  "64": 0.7974947807933187,
  "67": 0.7995824634655525,
  "68": 0.8016701461377863,
  "69": 0.804801670146137,
  "70": 0.8068893528183708,
  "71": 0.8079331941544877,
  "72": 0.8110647181628384,
  "74": 0.8141962421711891,
  "75": 0.8162839248434229,
  "76": 0.8173277661795398,
  "77": 0.8183716075156567,
  "78": 0.8194154488517736,
  "79": 0.8215031315240074,
  "80": 0.8246346555323582,
  "82": 0.825678496868475,
  "83": 0.8288100208768258,
  "84": 0.8298538622129427,
  "85": 0.8329853862212934,
  "86": 0.8340292275574103,
  "87": 0.837160751565761,
  "88": 0.8392484342379948,
  "90": 0.8444676409185793,
  "91": 0.84759916492693,
  "92": 0.8496868475991638,
  "93": 0.8538622129436314,
  "94": 0.8569937369519821,
  "99": 0.858037578288099,
  "100": 0.8590814196242159,
  "101": 0.8601252609603328,
  "102": 0.8611691022964497,
  "103": 0.8622129436325666,
  "106": 0.8643006263048004,
  "107": 0.8663883089770342,
  "108": 0.868475991649268,
  "109": 0.8695198329853849,
  "110": 0.8705636743215018,
  "111": 0.8726513569937356,
  "112": 0.8736951983298525,
  "113": 0.879958246346554,
  "115": 0.8810020876826709,
  "116": 0.8830897703549047,
  "117": 0.8872651356993723,
  "119": 0.8883089770354892,
  "121": 0.8893528183716061,
  "123": 0.8914405010438399,
  "124": 0.8956158663883075,
  "125": 0.8977035490605413,
  "126": 0.8987473903966582,
  "127": 0.9018789144050089,
  "128": 0.9050104384133596,
  "129": 0.9070981210855934,
  "130": 0.9091858037578272,
  "131": 0.9133611691022948,
  "132": 0.9144050104384117,
  "133": 0.9175365344467624,
  "134": 0.92171189979123,
  "135": 0.9248434237995807,
  "136": 0.9279749478079314,
  "137": 0.9290187891440483,
  "139": 0.9300626304801652,
  "140": 0.9311064718162821,
  "141": 0.932150313152399,
  "142": 0.9352818371607498,
  "143": 0.9363256784968667,
  "144": 0.9373695198329836,
  "145": 0.9384133611691005,
  "147": 0.9415448851774512,
  "149": 0.9425887265135681,
  "151": 0.943632567849685,
  "152": 0.9446764091858019,
  "153": 0.9457202505219188,
  "156": 0.9467640918580357,
  "157": 0.9488517745302695,
  "158": 0.9509394572025033,
  "159": 0.954070981210854,
  "160": 0.9551148225469709,
  "164": 0.9582463465553216,
  "165": 0.9613778705636723,
  "166": 0.9655532359081399,
  "167": 0.9665970772442568,
  "170": 0.9676409185803737,
  "171": 0.9686847599164906,
  "172": 0.9707724425887244,
  "173": 0.9739039665970751,
  "174": 0.9770354906054258,
  "175": 0.9780793319415427,
  "178": 0.9801670146137765,
  "179": 0.9812108559498934,
  "180": 0.9822546972860103,
  "183": 0.9832985386221272,
  "184": 0.9843423799582441,
  "188": 0.9874739039665948,
  "189": 0.9895615866388286,
  "191": 0.9916492693110625,
  "194": 0.9926931106471794,
  "195": 0.9937369519832963,
  "196": 0.9947807933194132,
  "197": 0.996868475991647,
  "198": 0.9979123173277639,
  "199": 0.9989561586638808,
  "200": 0.9999999999999977
}