{
  "2": 0.012605042016806723,
  "3": 0.07563025210084033,
  "4": 0.09873949579831932,
  "5": 0.12394957983193278,
  "6": 0.14285714285714285,
  "7": 0.15756302521008403,
  "8": 0.18277310924369747,
  "9": 0.22058823529411764,
  "10": 0.23529411764705882,
  "11": 0.2584033613445378,
  "12": 0.2857142857142857,
  "13": 0.3025210084033613,
  "14": 0.3172268907563025,
  "15": 0.3361344537815126,
  "16": 0.3487394957983193,
  "17": 0.3676470588235294,
  "18": 0.38235294117647056,
  "19": 0.3886554621848739,
  "20": 0.39705882352941174,
  "21": 0.4117647058823529,
  "22": 0.42857142857142855,
  "23": 0.4348739495798319,
  "24": 0.4453781512605042,
  "25": 0.4579831932773109,
  "26": 0.476890756302521,
  "27": 0.4831932773109243,
  "28": 0.4936974789915966,
  "29": 0.49999999999999994,
  "30": 0.5126050420168067,
  "31": 0.5231092436974789,
  "32": 0.5294117647058822,
  "33": 0.53781512605042,
  "34": 0.5567226890756302,
  "35": 0.560924369747899,
  "36": 0.5735294117647057,
  "37": 0.5819327731092435,
  "38": 0.5861344537815124,
  "39": 0.5945378151260502,
  "41": 0.6008403361344535,
  "42": 0.602941176470588,
  "43": 0.6092436974789913,
  "44": 0.6134453781512602,
  "45": 0.6197478991596636,
  "46": 0.6260504201680669,
  "47": 0.6281512605042013,
  "48": 0.6386554621848736,
  "49": 0.6449579831932769,
  "50": 0.6491596638655458,
  "51": 0.6533613445378147,
  "52": 0.6617647058823525,
  "53": 0.6680672268907558,
  "54": 0.6764705882352936,
  "55": 0.6806722689075625,
  "56": 0.6911764705882347,
  "58": 0.6932773109243692,
  "59": 0.6974789915966381,
  "60": 0.701680672268907,
  "63": 0.7037815126050414,
  "64": 0.7079831932773103,
  "65": 0.7100840336134447,
  "66": 0.7142857142857136,
  "67": 0.7184873949579825,
  "68": 0.7268907563025203,
  "69": 0.7331932773109237,
  "70": 0.7373949579831925,
  "71": 0.7415966386554614,
  "72": 0.7436974789915959,
  "73": 0.7457983193277303,
  "74": 0.758403361344537,
  "75": 0.7605042016806715,
  "76": 0.7647058823529403,
  "77": 0.7710084033613437,
  "78": 0.7752100840336126,
  "79": 0.777310924369747,
  "80": 0.7794117647058815,
  "81": 0.7815126050420159,
  "82": 0.7899159663865537,
  "83": 0.7941176470588226,
  "84": 0.796218487394957,
  "85": 0.8067226890756293,
  "86": 0.8151260504201671,
  "88": 0.8172268907563015,
  "89": 0.8277310924369737,
  "90": 0.8319327731092426,
  "91": 0.8361344537815115,
  "92": 0.8466386554621838,
  "94": 0.8487394957983182,
  "96": 0.8529411764705871,
  "100": 0.8550420168067215,
  "101": 0.857142857142856,
  "104": 0.8592436974789904,
  "106": 0.8613445378151249,
  "107": 0.8655462184873938,
  "109": 0.8676470588235282,
  "110": 0.8697478991596627,
  "111": 0.8718487394957971,
  "112": 0.876050420168066,
  "113": 0.8802521008403349,
  "115": 0.8823529411764693,
  "117": 0.8865546218487382,
  "118": 0.8907563025210071,
  "119": 0.8928571428571416,
  "120": 0.894957983193276,
  "122": 0.8991596638655449,
  "123": 0.9012605042016794,
  "125": 0.9075630252100827,
  "128": 0.9117647058823516,
  "131": 0.913865546218486,
  "132": 0.9159663865546205,
  "134": 0.9180672268907549,
  "135": 0.9201680672268894,
  "136": 0.9222689075630238,
  "137": 0.9243697478991583,
  "140": 0.9264705882352927,
  "142": 0.9285714285714272,
  "143": 0.932773109243696,
  "144": 0.9348739495798305,
  "146": 0.936974789915965,
  "147": 0.9411764705882338,
  "148": 0.9432773109243683,
  "149": 0.9453781512605027,
  "150": 0.9474789915966372,
  "151": 0.9495798319327716,
  "153": 0.9537815126050405,
  "160": 0.9579831932773094,
  "161": 0.9600840336134439,
  "162": 0.9621848739495783,
  "163": 0.9642857142857127,
  "165": 0.9663865546218472,
  "170": 0.9705882352941161,
  "171": 0.9726890756302505,
  "172": 0.9768907563025194,
  "174": 0.9789915966386539,
  "175": 0.9831932773109228,
  "178": 0.9852941176470572,
  "184": 0.9873949579831917,
  "191": 0.9894957983193261,
  "192": 0.9915966386554605,
  "195": 0.993697478991595,
  "197": 0.9957983193277294,
  "199": 0.9978991596638639,
  "200": 0.9999999999999983
}