{
  "2": 0.05755395683453238,
  "3": 0.09352517985611511,
  "4": 0.22302158273381295,
  "5": 0.2949640287769784,
  "6": 0.33093525179856115,
  "7": 0.3597122302158273,
  "8": 0.4532374100719424,
  "9": 0.5035971223021583,
  "10": 0.5467625899280575,
  "11": 0.5755395683453237,
  "12": 0.5827338129496402,
  "13": 0.6043165467625898,
  "14": 0.6330935251798561,
  "15": 0.6618705035971223,
  "16": 0.6906474820143885,
  "17": 0.7050359712230216,
  "18": 0.7194244604316548,
  "19": 0.7266187050359713,
  "20": 0.7553956834532375,
  "21": 0.7841726618705037,
  "22": 0.8057553956834533,
  "24": 0.8201438848920864,
  "25": 0.8345323741007196,
  "26": 0.8633093525179858,
  "27": 0.8705035971223023,
  "28": 0.8776978417266188,
  "29": 0.8920863309352519,
  "30": 0.8992805755395684,
  "31": 0.9064748201438849,
  "35": 0.920863309352518,
  "36": 0.9280575539568345,
  "39": 0.9424460431654677,
  "42": 0.9496402877697842,
  "43": 0.9568345323741007,
  "44": 0.9712230215827338,
  "47": 0.9856115107913669,
  "54": 0.9928057553956834,
  "104": 0.9999999999999999
}