{
  "2": 0.316,
  "3": 0.541,
  "4": 0.613,
  "5": 0.717,
  "6": 0.835,
  "7": 0.874,
  "8": 0.896,
  "9": 0.901,
  "10": 0.914,
  "11": 0.929,
  "12": 0.9480000000000001,
  "13": 0.9510000000000001,
  "15": 0.9620000000000001,
  "16": 0.9720000000000001,
  "17": 0.9830000000000001,
  "18": 0.9940000000000001,
  "19": 0.9950000000000001,
  "20": 1.0
}