{
  "2": 0.0364963503649635,
  "3": 0.11574556830031282,
  "4": 0.17935349322210636,
  "5": 0.22627737226277372,
  "6": 0.26277372262773724,
  "7": 0.29405630865484883,
  "8": 0.32429614181439004,
  "9": 0.36183524504692394,
  "10": 0.3879040667361836,
  "11": 0.41605839416058404,
  "12": 0.4431699687174141,
  "13": 0.4640250260688218,
  "14": 0.4775808133472368,
  "15": 0.4973931178310741,
  "16": 0.5224191866527633,
  "17": 0.5286757038581856,
  "18": 0.5453597497393118,
  "19": 0.5620437956204379,
  "20": 0.5724713242961418,
  "21": 0.5808133472367049,
  "22": 0.6006256517205422,
  "23": 0.6089676746611052,
  "24": 0.6152241918665275,
  "25": 0.6225234619395202,
  "26": 0.6308654848800833,
  "27": 0.6329509906152241,
  "28": 0.638164754953076,
  "29": 0.6465067778936391,
  "30": 0.6579770594369133,
  "31": 0.6621480709071949,
  "32": 0.6673618352450468,
  "33": 0.6704900938477579,
  "34": 0.6767466110531802,
  "35": 0.6798748696558914,
  "36": 0.6840458811261729,
  "37": 0.6903023983315952,
  "38": 0.6955161626694472,
  "39": 0.7007299270072991,
  "40": 0.7028154327424398,
  "41": 0.7049009384775806,
  "42": 0.7069864442127214,
  "43": 0.7111574556830029,
  "44": 0.7215849843587068,
  "45": 0.7257559958289883,
  "46": 0.7278415015641291,
  "47": 0.7288842544316995,
  "48": 0.733055265901981,
  "49": 0.7361835245046922,
  "50": 0.7393117831074033,
  "51": 0.7424400417101145,
  "52": 0.7497393117831072,
  "53": 0.7528675703858183,
  "54": 0.7549530761209591,
  "56": 0.7570385818560998,
  "57": 0.760166840458811,
  "58": 0.7643378519290925,
  "59": 0.7685088633993741,
  "60": 0.7726798748696556,
  "61": 0.7789363920750779,
  "62": 0.7820646506777891,
  "63": 0.7831074035453595,
  "64": 0.7851929092805002,
  "65": 0.7883211678832114,
  "66": 0.7914494264859225,
  "67": 0.7935349322210633,
  "69": 0.7977059436913448,
  "70": 0.800834202294056,
  "72": 0.8018769551616264,
  "73": 0.8029197080291968,
  "76": 0.8060479666319079,
  "77": 0.8070907194994783,
  "78": 0.8102189781021895,
  "79": 0.8112617309697598,
  "80": 0.8133472367049006,
  "81": 0.8164754953076118,
  "82": 0.8185610010427525,
  "83": 0.8206465067778933,
  "84": 0.8227320125130341,
  "85": 0.8248175182481748,
  "86": 0.8321167883211675,
  "87": 0.8331595411887379,
  "88": 0.8373305526590195,
  "89": 0.8383733055265898,
  "90": 0.8404588112617306,
  "91": 0.841501564129301,
  "92": 0.8425443169968714,
  "94": 0.8435870698644418,
  "95": 0.8456725755995825,
  "97": 0.8467153284671529,
  "98": 0.8498435870698641,
  "99": 0.8508863399374345,
  "100": 0.8529718456725752,
  "101": 0.8561001042752864,
  "102": 0.8571428571428568,
  "103": 0.8581856100104271,
  "104": 0.8613138686131383,
  "105": 0.8623566214807087,
  "106": 0.8644421272158495,
  "107": 0.868613138686131,
  "109": 0.8727841501564125,
  "110": 0.8759124087591237,
  "111": 0.8779979144942645,
  "112": 0.8800834202294052,
  "114": 0.8811261730969756,
  "115": 0.882168925964546,
  "116": 0.8852971845672571,
  "117": 0.8915537017726795,
  "118": 0.8936392075078202,
  "119": 0.895724713242961,
  "120": 0.8978102189781018,
  "121": 0.8988529718456721,
  "122": 0.8998957247132425,
  "123": 0.9040667361835241,
  "124": 0.9051094890510945,
  "126": 0.9071949947862352,
  "127": 0.909280500521376,
  "128": 0.9124087591240871,
  "129": 0.9144942648592279,
  "134": 0.9155370177267983,
  "135": 0.9197080291970798,
  "136": 0.922836287799791,
  "138": 0.9238790406673614,
  "139": 0.9280500521376429,
  "140": 0.9290928050052133,
  "142": 0.9311783107403541,
  "143": 0.9332638164754948,
  "144": 0.9353493222106356,
  "145": 0.936392075078206,
  "147": 0.9374348279457764,
  "149": 0.9405630865484875,
  "151": 0.9416058394160579,
  "152": 0.9426485922836283,
  "153": 0.9436913451511987,
  "154": 0.9447340980187691,
  "156": 0.9468196037539098,
  "158": 0.9489051094890506,
  "160": 0.9509906152241914,
  "161": 0.9551616266944729,
  "162": 0.9562043795620433,
  "164": 0.9593326381647544,
  "165": 0.9614181438998952,
  "167": 0.9655891553701768,
  "168": 0.9687174139728879,
  "169": 0.9697601668404583,
  "170": 0.9718456725755991,
  "171": 0.9749739311783102,
  "172": 0.9760166840458806,
  "177": 0.9801876955161621,
  "180": 0.9812304483837325,
  "181": 0.9822732012513029,
  "184": 0.9833159541188733,
  "186": 0.9854014598540141,
  "188": 0.9874869655891548,
  "189": 0.9895724713242956,
  "190": 0.990615224191866,
  "191": 0.9927007299270068,
  "192": 0.9937434827945771,
  "194": 0.9947862356621475,
  "195": 0.9958289885297179,
  "196": 0.9968717413972883,
  "198": 0.9979144942648587,
  "199": 0.9999999999999994
}