{
  "2": 0.035306334371754934,
  "3": 0.122533748701973,
  "4": 0.16303219106957426,
  "5": 0.20560747663551404,
  "6": 0.2481827622014538,
  "7": 0.28556593977154726,
  "8": 0.3343717549325026,
  "9": 0.36656282450674976,
  "10": 0.39875389408099693,
  "11": 0.42367601246105924,
  "12": 0.4527518172377986,
  "13": 0.47144340602284535,
  "14": 0.49428868120456915,
  "15": 0.5140186915887851,
  "16": 0.5275181723779855,
  "17": 0.5472481827622014,
  "18": 0.569055036344756,
  "19": 0.5846313603322949,
  "20": 0.5939771547248183,
  "21": 0.6074766355140186,
  "22": 0.6188992731048806,
  "23": 0.6272066458982347,
  "24": 0.6355140186915889,
  "25": 0.6427829698857737,
  "26": 0.656282450674974,
  "27": 0.6645898234683282,
  "28": 0.6697819314641745,
  "29": 0.6760124610591901,
  "30": 0.6853582554517135,
  "31": 0.691588785046729,
  "32": 0.6998961578400832,
  "33": 0.707165109034268,
  "34": 0.7102803738317758,
  "35": 0.7165109034267914,
  "36": 0.7185877466251299,
  "37": 0.7227414330218069,
  "38": 0.7248182762201455,
  "40": 0.7258566978193147,
  "41": 0.7352024922118381,
  "42": 0.7393561786085151,
  "43": 0.7445482866043615,
  "44": 0.7466251298027,
  "45": 0.7559709241952234,
  "46": 0.7580477673935619,
  "47": 0.7642782969885775,
  "48": 0.7694704049844239,
  "49": 0.7736240913811009,
  "50": 0.7767393561786087,
  "51": 0.7840083073727935,
  "52": 0.786085150571132,
  "53": 0.7923156801661476,
  "54": 0.7933541017653168,
  "55": 0.7954309449636554,
  "56": 0.7995846313603324,
  "57": 0.8026998961578402,
  "58": 0.8037383177570094,
  "59": 0.8068535825545172,
  "60": 0.8110072689511942,
  "62": 0.8120456905503635,
  "63": 0.8130841121495327,
  "64": 0.8172377985462097,
  "65": 0.8182762201453789,
  "66": 0.8193146417445482,
  "67": 0.8234683281412252,
  "68": 0.826583592938733,
  "70": 0.83073727933541,
  "71": 0.8328141225337485,
  "72": 0.8359293873312563,
  "73": 0.8390446521287641,
  "74": 0.8411214953271027,
  "76": 0.8431983385254412,
  "77": 0.8483904465212876,
  "78": 0.8515057113187954,
  "80": 0.8525441329179646,
  "81": 0.8546209761163032,
  "82": 0.857736240913811,
  "83": 0.8608515057113187,
  "84": 0.861889927310488,
  "86": 0.8629283489096572,
  "87": 0.866043613707165,
  "88": 0.8691588785046728,
  "89": 0.8722741433021806,
  "92": 0.8743509865005191,
  "93": 0.8753894080996883,
  "94": 0.8764278296988576,
  "95": 0.8795430944963654,
  "96": 0.8805815160955346,
  "97": 0.8836967808930424,
  "98": 0.8857736240913809,
  "99": 0.8868120456905502,
  "100": 0.8878504672897194,
  "101": 0.8888888888888886,
  "106": 0.8909657320872272,
  "107": 0.8930425752855657,
  "108": 0.8951194184839043,
  "110": 0.8961578400830735,
  "111": 0.8982346832814121,
  "112": 0.9003115264797507,
  "113": 0.9023883696780892,
  "114": 0.9034267912772584,
  "115": 0.9044652128764277,
  "116": 0.9055036344755969,
  "117": 0.9065420560747661,
  "118": 0.9075804776739353,
  "120": 0.9096573208722739,
  "122": 0.9127725856697817,
  "123": 0.9138110072689509,
  "124": 0.9148494288681202,
  "125": 0.9169262720664587,
  "127": 0.9190031152647973,
  "128": 0.9221183800623051,
  "131": 0.9241952232606436,
  "132": 0.9252336448598129,
  "134": 0.9273104880581514,
  "135": 0.92938733125649,
  "136": 0.9304257528556592,
  "137": 0.9314641744548284,
  "138": 0.9345794392523362,
  "139": 0.937694704049844,
  "141": 0.9387331256490132,
  "143": 0.9397715472481825,
  "144": 0.9408099688473517,
  "145": 0.9418483904465209,
  "146": 0.9449636552440287,
  "148": 0.9460020768431979,
  "149": 0.9470404984423672,
  "151": 0.9501557632398749,
  "152": 0.9511941848390442,
  "153": 0.9522326064382134,
  "154": 0.954309449636552,
  "155": 0.9563862928348905,
  "156": 0.9615784008307369,
  "157": 0.9626168224299061,
  "158": 0.9646936656282447,
  "160": 0.9667705088265832,
  "162": 0.9688473520249218,
  "163": 0.969885773624091,
  "164": 0.9719626168224296,
  "168": 0.9740394600207681,
  "171": 0.9750778816199374,
  "172": 0.9781931464174451,
  "173": 0.9802699896157837,
  "174": 0.9813084112149529,
  "178": 0.9823468328141222,
  "180": 0.9833852544132914,
  "181": 0.9844236760124606,
  "182": 0.9854620976116298,
  "184": 0.9865005192107991,
  "185": 0.9885773624091376,
  "186": 0.9896157840083069,
  "189": 0.9906542056074761,
  "192": 0.9916926272066453,
  "193": 0.9927310488058145,
  "196": 0.9937694704049838,
  "197": 0.994807892004153,
  "198": 0.9958463136033222,
  "199": 0.99896157840083,
  "200": 0.9999999999999992
}