{
  "2": 0.9200913242009132,
  "3": 0.9691780821917808,
  "4": 0.976027397260274,
  "5": 0.9942922374429224,
  "6": 1.0
}