{
  "2": 0.05915178571428571,
  "3": 0.08482142857142858,
  "4": 0.1283482142857143,
  "5": 0.1707589285714286,
  "6": 0.20870535714285718,
  "7": 0.23883928571428575,
  "8": 0.25781250000000006,
  "9": 0.2912946428571429,
  "10": 0.3069196428571429,
  "11": 0.3258928571428572,
  "12": 0.3493303571428572,
  "13": 0.37053571428571436,
  "14": 0.38616071428571436,
  "15": 0.39843750000000006,
  "16": 0.41741071428571436,
  "17": 0.4430803571428572,
  "18": 0.45200892857142866,
  "19": 0.46763392857142866,
  "20": 0.4810267857142858,
  "21": 0.5033482142857144,
  "22": 0.5145089285714287,
  "23": 0.525669642857143,
  "24": 0.5379464285714287,
  "25": 0.5446428571428573,
  "26": 0.556919642857143,
  "27": 0.564732142857143,
  "28": 0.5781250000000001,
  "29": 0.5859375000000001,
  "30": 0.5993303571428572,
  "31": 0.6127232142857143,
  "32": 0.6294642857142857,
  "33": 0.6350446428571428,
  "34": 0.6462053571428571,
  "35": 0.6517857142857142,
  "36": 0.6584821428571428,
  "37": 0.6685267857142857,
  "38": 0.6752232142857143,
  "39": 0.6830357142857143,
  "40": 0.6875,
  "41": 0.6986607142857143,
  "42": 0.7064732142857143,
  "43": 0.7131696428571429,
  "44": 0.7209821428571429,
  "45": 0.7321428571428572,
  "46": 0.7399553571428572,
  "47": 0.7421875000000001,
  "48": 0.7511160714285715,
  "49": 0.7555803571428572,
  "50": 0.7578125000000001,
  "51": 0.760044642857143,
  "52": 0.7656250000000001,
  "53": 0.767857142857143,
  "54": 0.7745535714285716,
  "55": 0.7790178571428573,
  "56": 0.7857142857142859,
  "57": 0.791294642857143,
  "58": 0.7957589285714287,
  "59": 0.7968750000000001,
  "60": 0.8024553571428572,
  "61": 0.8069196428571429,
  "62": 0.8158482142857143,
  "63": 0.8225446428571429,
  "64": 0.8292410714285715,
  "65": 0.8325892857142858,
  "66": 0.8415178571428572,
  "67": 0.8448660714285715,
  "68": 0.8482142857142858,
  "69": 0.8504464285714287,
  "70": 0.8515625000000001,
  "71": 0.853794642857143,
  "72": 0.8582589285714287,
  "73": 0.8593750000000001,
  "74": 0.8671875000000001,
  "75": 0.869419642857143,
  "76": 0.8750000000000001,
  "77": 0.8794642857142858,
  "78": 0.8828125000000001,
  "79": 0.8861607142857144,
  "80": 0.8883928571428573,
  "81": 0.8895089285714287,
  "82": 0.8939732142857144,
  "84": 0.8984375000000001,
  "85": 0.9040178571428572,
  "86": 0.9084821428571429,
  "87": 0.9129464285714286,
  "88": 0.9151785714285715,
  "89": 0.9196428571428572,
  "90": 0.9218750000000001,
  "91": 0.924107142857143,
  "94": 0.9274553571428573,
  "96": 0.9285714285714287,
  "97": 0.9308035714285716,
  "98": 0.931919642857143,
  "99": 0.9330357142857144,
  "101": 0.9352678571428573,
  "102": 0.9375000000000002,
  "103": 0.9386160714285716,
  "104": 0.939732142857143,
  "107": 0.9419642857142859,
  "109": 0.9430803571428573,
  "110": 0.9441964285714287,
  "111": 0.9453125000000001,
  "113": 0.9464285714285715,
  "115": 0.9486607142857144,
  "117": 0.9508928571428573,
  "118": 0.9520089285714287,
  "119": 0.9542410714285716,
  "120": 0.955357142857143,
  "122": 0.9575892857142859,
  "123": 0.9587053571428573,
  "124": 0.9620535714285716,
  "127": 0.963169642857143,
  "128": 0.9654017857142859,
  "129": 0.9676339285714288,
  "130": 0.9687500000000002,
  "132": 0.9698660714285716,
  "133": 0.970982142857143,
  "136": 0.9720982142857144,
  "137": 0.9732142857142858,
  "143": 0.9754464285714287,
  "144": 0.9765625000000001,
  "148": 0.9776785714285715,
  "149": 0.9787946428571429,
  "150": 0.9799107142857143,
  "157": 0.9821428571428572,
  "158": 0.9843750000000001,
  "162": 0.986607142857143,
  "163": 0.9877232142857144,
  "164": 0.9888392857142858,
  "171": 0.9899553571428572,
  "172": 0.9910714285714286,
  "174": 0.9921875,
  "176": 0.9933035714285714,
  "178": 0.9944196428571428,
  "179": 0.9966517857142857,
  "186": 0.9988839285714286,
  "190": 1.0
}