{
  "2": 0.0407098121085595,
  "3": 0.11899791231732776,
  "4": 0.1764091858037578,
  "5": 0.23277661795407095,
  "6": 0.27661795407098116,
  "7": 0.32150313152400833,
  "8": 0.34029227557411273,
  "9": 0.3747390396659708,
  "10": 0.40396659707724425,
  "11": 0.4331941544885177,
  "12": 0.44885177453027136,
  "13": 0.47181628392484337,
  "14": 0.4916492693110647,
  "15": 0.5062630480167014,
  "16": 0.5208768267223381,
  "17": 0.5427974947807933,
  "18": 0.5542797494780793,
  "19": 0.5709812108559499,
  "20": 0.5887265135699373,
  "21": 0.6075156576200417,
  "22": 0.6116910229645093,
  "23": 0.6283924843423798,
  "24": 0.6346555323590812,
  "25": 0.6471816283924842,
  "26": 0.6565762004175364,
  "27": 0.6638830897703548,
  "28": 0.6701461377870562,
  "29": 0.6795407098121085,
  "30": 0.6837160751565761,
  "31": 0.6899791231732775,
  "32": 0.7025052192066804,
  "33": 0.7108559498956157,
  "34": 0.7192066805845511,
  "35": 0.7254697286012525,
  "36": 0.7296450939457201,
  "37": 0.7359081419624215,
  "38": 0.7390396659707722,
  "39": 0.7453027139874736,
  "40": 0.751565762004175,
  "41": 0.7536534446764088,
  "42": 0.7546972860125257,
  "43": 0.7557411273486426,
  "44": 0.7599164926931102,
  "45": 0.762004175365344,
  "46": 0.7661795407098116,
  "47": 0.7682672233820454,
  "48": 0.7703549060542793,
  "49": 0.7766179540709807,
  "50": 0.7776617954070976,
  "51": 0.7797494780793314,
  "52": 0.7860125260960328,
  "53": 0.7870563674321497,
  "54": 0.7891440501043835,
  "55": 0.7933194154488511,
  "56": 0.794363256784968,
  "57": 0.7954070981210849,
  "59": 0.7985386221294356,
  "60": 0.7995824634655525,
  "61": 0.8027139874739032,
  "62": 0.804801670146137,
  "63": 0.8079331941544877,
  "64": 0.8110647181628384,
  "65": 0.8131524008350722,
  "66": 0.815240083507306,
  "67": 0.8183716075156567,
  "68": 0.8215031315240074,
  "69": 0.8235908141962412,
  "70": 0.8246346555323582,
  "71": 0.8298538622129427,
  "72": 0.8319415448851765,
  "73": 0.8340292275574103,
  "74": 0.8361169102296441,
  "75": 0.837160751565761,
  "76": 0.8392484342379948,
  "77": 0.8402922755741117,
  "78": 0.8413361169102286,
  "81": 0.8444676409185793,
  "84": 0.8455114822546962,
  "86": 0.84759916492693,
  "88": 0.8496868475991638,
  "89": 0.8517745302713976,
  "91": 0.8538622129436314,
  "92": 0.8559498956158652,
  "93": 0.8569937369519821,
  "94": 0.8611691022964497,
  "95": 0.8632567849686835,
  "96": 0.8643006263048004,
  "97": 0.8695198329853849,
  "98": 0.8716075156576187,
  "100": 0.8736951983298525,
  "101": 0.8747390396659694,
  "102": 0.8778705636743201,
  "103": 0.878914405010437,
  "104": 0.879958246346554,
  "106": 0.8841336116910216,
  "107": 0.8883089770354892,
  "108": 0.8893528183716061,
  "109": 0.8935281837160737,
  "110": 0.8945720250521906,
  "111": 0.8966597077244244,
  "112": 0.8987473903966582,
  "113": 0.9018789144050089,
  "115": 0.9029227557411258,
  "116": 0.9039665970772427,
  "117": 0.9060542797494765,
  "118": 0.9070981210855934,
  "119": 0.9081419624217103,
  "120": 0.9102296450939441,
  "121": 0.9133611691022948,
  "122": 0.9164926931106455,
  "124": 0.9175365344467624,
  "125": 0.9196242171189962,
  "126": 0.9206680584551131,
  "127": 0.9237995824634638,
  "128": 0.9248434237995807,
  "129": 0.9258872651356976,
  "130": 0.9269311064718145,
  "131": 0.9279749478079314,
  "132": 0.9311064718162821,
  "133": 0.9342379958246328,
  "134": 0.9352818371607498,
  "135": 0.9363256784968667,
  "137": 0.9394572025052174,
  "139": 0.9405010438413343,
  "140": 0.9415448851774512,
  "141": 0.9467640918580357,
  "142": 0.9478079331941526,
  "145": 0.9488517745302695,
  "146": 0.9498956158663864,
  "147": 0.9509394572025033,
  "148": 0.9530271398747371,
  "149": 0.954070981210854,
  "154": 0.9551148225469709,
  "155": 0.9561586638830878,
  "157": 0.9572025052192047,
  "158": 0.9603340292275554,
  "159": 0.9613778705636723,
  "160": 0.964509394572023,
  "161": 0.9655532359081399,
  "162": 0.9665970772442568,
  "165": 0.9707724425887244,
  "167": 0.9718162839248413,
  "168": 0.9728601252609582,
  "169": 0.9739039665970751,
  "170": 0.974947807933192,
  "171": 0.9770354906054258,
  "172": 0.9780793319415427,
  "173": 0.9791231732776596,
  "174": 0.9801670146137765,
  "176": 0.9812108559498934,
  "177": 0.9822546972860103,
  "178": 0.9843423799582441,
  "179": 0.985386221294361,
  "183": 0.9864300626304779,
  "184": 0.9874739039665948,
  "185": 0.9885177453027117,
  "186": 0.9906054279749456,
  "187": 0.9926931106471794,
  "189": 0.9947807933194132,
  "190": 0.9958246346555301,
  "191": 0.996868475991647,
  "194": 0.9979123173277639,
  "197": 0.9989561586638808,
  "200": 0.9999999999999977
}