{
  "2": 0.037383177570093455,
  "3": 0.10799584631360332,
  "4": 0.1526479750778816,
  "5": 0.2087227414330218,
  "6": 0.24091381100726894,
  "7": 0.2782969885773624,
  "8": 0.31568016614745587,
  "9": 0.3426791277258567,
  "10": 0.3759086188992731,
  "11": 0.3966770508826583,
  "12": 0.4215991692627206,
  "13": 0.44236760124610586,
  "14": 0.474558670820353,
  "15": 0.49117341640706125,
  "16": 0.5046728971962616,
  "17": 0.5202492211838006,
  "18": 0.5410176531671859,
  "19": 0.5555555555555556,
  "20": 0.5680166147455867,
  "21": 0.5846313603322949,
  "22": 0.5981308411214953,
  "23": 0.6053997923156801,
  "24": 0.6137071651090342,
  "25": 0.6199376947040498,
  "26": 0.6313603322949117,
  "27": 0.6407061266874351,
  "28": 0.6458982346832814,
  "29": 0.652128764278297,
  "30": 0.6552440290758048,
  "31": 0.6593977154724818,
  "32": 0.6635514018691588,
  "33": 0.6697819314641744,
  "34": 0.6739356178608514,
  "35": 0.6812045690550362,
  "36": 0.684319833852544,
  "37": 0.6905503634475596,
  "38": 0.6915887850467288,
  "39": 0.6957424714434058,
  "40": 0.6998961578400829,
  "41": 0.7019730010384214,
  "42": 0.7071651090342678,
  "43": 0.7133956386292833,
  "44": 0.7154724818276219,
  "45": 0.7196261682242989,
  "46": 0.7206645898234681,
  "47": 0.7289719626168223,
  "48": 0.7341640706126686,
  "49": 0.7352024922118379,
  "50": 0.7393561786085149,
  "51": 0.7445482866043612,
  "52": 0.7497403946002076,
  "53": 0.7528556593977154,
  "54": 0.7538940809968846,
  "55": 0.759086188992731,
  "56": 0.7601246105919002,
  "57": 0.763239875389408,
  "58": 0.7653167185877465,
  "59": 0.7673935617860851,
  "60": 0.7705088265835929,
  "61": 0.7725856697819314,
  "62": 0.7757009345794392,
  "63": 0.7767393561786085,
  "64": 0.778816199376947,
  "66": 0.7808930425752856,
  "67": 0.7871235721703012,
  "68": 0.7892004153686397,
  "69": 0.7923156801661475,
  "70": 0.7943925233644861,
  "72": 0.7975077881619939,
  "73": 0.7995846313603324,
  "74": 0.8006230529595016,
  "75": 0.8016614745586709,
  "76": 0.8037383177570094,
  "77": 0.8047767393561787,
  "78": 0.8110072689511942,
  "80": 0.8120456905503635,
  "83": 0.8172377985462098,
  "84": 0.8213914849428868,
  "85": 0.822429906542056,
  "86": 0.8234683281412253,
  "87": 0.8296988577362409,
  "88": 0.8307372793354101,
  "89": 0.8317757009345793,
  "90": 0.8348909657320871,
  "91": 0.8369678089304257,
  "92": 0.8390446521287642,
  "93": 0.842159916926272,
  "94": 0.8452751817237798,
  "95": 0.8473520249221184,
  "96": 0.8504672897196262,
  "97": 0.8535825545171339,
  "98": 0.8556593977154725,
  "99": 0.8587746625129803,
  "100": 0.8608515057113189,
  "101": 0.8639667705088266,
  "102": 0.8660436137071652,
  "103": 0.8712357217030116,
  "104": 0.8743509865005193,
  "105": 0.8753894080996886,
  "106": 0.8795430944963656,
  "107": 0.8805815160955348,
  "108": 0.8826583592938734,
  "109": 0.8847352024922119,
  "111": 0.8868120456905505,
  "112": 0.8888888888888891,
  "113": 0.8940809968847354,
  "115": 0.8951194184839046,
  "116": 0.8971962616822432,
  "117": 0.8982346832814124,
  "119": 0.8992731048805817,
  "120": 0.9003115264797509,
  "121": 0.9013499480789201,
  "122": 0.9034267912772587,
  "123": 0.9065420560747665,
  "124": 0.9075804776739357,
  "125": 0.9096573208722742,
  "126": 0.9148494288681206,
  "127": 0.9179646936656284,
  "128": 0.9190031152647976,
  "129": 0.9200415368639668,
  "131": 0.9221183800623054,
  "132": 0.9262720664589824,
  "134": 0.9273104880581516,
  "135": 0.9283489096573209,
  "136": 0.9293873312564901,
  "139": 0.9304257528556593,
  "140": 0.9314641744548285,
  "141": 0.9325025960539978,
  "142": 0.933541017653167,
  "143": 0.9345794392523362,
  "144": 0.9387331256490132,
  "145": 0.9408099688473518,
  "146": 0.941848390446521,
  "147": 0.9428868120456902,
  "149": 0.9439252336448595,
  "150": 0.946002076843198,
  "151": 0.950155763239875,
  "153": 0.9522326064382136,
  "155": 0.9563862928348906,
  "157": 0.9584631360332292,
  "159": 0.9595015576323984,
  "160": 0.9626168224299062,
  "161": 0.9636552440290754,
  "163": 0.9646936656282447,
  "165": 0.9688473520249217,
  "167": 0.9698857736240909,
  "168": 0.9730010384215987,
  "169": 0.9771547248182757,
  "172": 0.9781931464174449,
  "176": 0.9792315680166142,
  "178": 0.9802699896157834,
  "180": 0.9823468328141219,
  "183": 0.9833852544132912,
  "184": 0.9844236760124604,
  "185": 0.9854620976116296,
  "188": 0.9875389408099682,
  "189": 0.9885773624091374,
  "190": 0.9896157840083066,
  "192": 0.9906542056074759,
  "193": 0.9927310488058144,
  "196": 0.994807892004153,
  "197": 0.9958463136033222,
  "198": 0.9968847352024914,
  "199": 0.99896157840083,
  "200": 0.9999999999999992
}