{
  "2": 0.030136986301369864,
  "3": 0.06164383561643836,
  "4": 0.09041095890410959,
  "5": 0.1178082191780822,
  "6": 0.14383561643835616,
  "7": 0.17123287671232876,
  "8": 0.19726027397260273,
  "9": 0.21643835616438356,
  "10": 0.2397260273972603,
  "11": 0.27123287671232876,
  "12": 0.29863013698630136,
  "13": 0.31780821917808216,
  "14": 0.33013698630136984,
  "15": 0.33835616438356164,
  "16": 0.3506849315068493,
  "17": 0.3643835616438356,
  "18": 0.38082191780821917,
  "19": 0.4013698630136986,
  "20": 0.421917808219178,
  "21": 0.43698630136986294,
  "22": 0.447945205479452,
  "23": 0.4575342465753424,
  "24": 0.4657534246575342,
  "25": 0.4767123287671233,
  "26": 0.4835616438356164,
  "27": 0.4917808219178082,
  "28": 0.5041095890410958,
  "29": 0.510958904109589,
  "30": 0.5205479452054794,
  "31": 0.5315068493150684,
  "32": 0.5356164383561643,
  "33": 0.5410958904109588,
  "34": 0.5465753424657533,
  "35": 0.5520547945205478,
  "36": 0.5602739726027396,
  "37": 0.5726027397260273,
  "38": 0.573972602739726,
  "39": 0.5767123287671232,
  "40": 0.5890410958904109,
  "41": 0.595890410958904,
  "42": 0.6013698630136985,
  "43": 0.6054794520547945,
  "44": 0.6136986301369862,
  "45": 0.6178082191780822,
  "46": 0.6219178082191781,
  "47": 0.626027397260274,
  "48": 0.6287671232876713,
  "49": 0.6383561643835617,
  "50": 0.6438356164383562,
  "51": 0.6479452054794521,
  "52": 0.6506849315068494,
  "53": 0.652054794520548,
  "54": 0.6575342465753425,
  "55": 0.6684931506849315,
  "56": 0.6753424657534247,
  "57": 0.678082191780822,
  "58": 0.6794520547945206,
  "59": 0.6849315068493151,
  "61": 0.6904109589041096,
  "62": 0.6958904109589041,
  "63": 0.6972602739726028,
  "64": 0.7013698630136987,
  "65": 0.7082191780821919,
  "66": 0.7150684931506851,
  "67": 0.7178082191780824,
  "69": 0.7232876712328768,
  "71": 0.7260273972602741,
  "72": 0.73013698630137,
  "73": 0.7369863013698632,
  "74": 0.7410958904109591,
  "75": 0.7438356164383564,
  "76": 0.7465753424657536,
  "78": 0.7493150684931509,
  "79": 0.7561643835616441,
  "80": 0.76027397260274,
  "81": 0.7630136986301372,
  "82": 0.7657534246575345,
  "83": 0.7684931506849317,
  "84": 0.7698630136986304,
  "85": 0.7739726027397263,
  "86": 0.775342465753425,
  "87": 0.779452054794521,
  "88": 0.7835616438356169,
  "89": 0.7863013698630141,
  "90": 0.7931506849315073,
  "91": 0.7958904109589046,
  "92": 0.7972602739726032,
  "93": 0.8000000000000005,
  "94": 0.8013698630136992,
  "95": 0.8027397260273978,
  "97": 0.8041095890410965,
  "98": 0.8082191780821925,
  "99": 0.8109589041095897,
  "100": 0.8178082191780829,
  "101": 0.8191780821917816,
  "102": 0.8246575342465761,
  "103": 0.8260273972602747,
  "104": 0.8273972602739734,
  "105": 0.8287671232876721,
  "106": 0.8356164383561653,
  "107": 0.8383561643835625,
  "108": 0.8410958904109598,
  "109": 0.8424657534246585,
  "110": 0.8438356164383571,
  "111": 0.8452054794520558,
  "112": 0.8479452054794531,
  "113": 0.8493150684931517,
  "114": 0.8575342465753435,
  "116": 0.8602739726027407,
  "117": 0.863013698630138,
  "118": 0.8671232876712339,
  "119": 0.8712328767123299,
  "120": 0.8739726027397271,
  "121": 0.8753424657534258,
  "122": 0.8808219178082203,
  "123": 0.882191780821919,
  "124": 0.8835616438356176,
  "125": 0.8863013698630149,
  "128": 0.8931506849315081,
  "129": 0.8958904109589053,
  "130": 0.897260273972604,
  "131": 0.9013698630136999,
  "133": 0.9027397260273986,
  "134": 0.9054794520547959,
  "135": 0.9082191780821931,
  "136": 0.9095890410958918,
  "137": 0.912328767123289,
  "138": 0.9136986301369877,
  "139": 0.9150684931506864,
  "140": 0.9164383561643851,
  "141": 0.9191780821917823,
  "143": 0.9232876712328782,
  "145": 0.9246575342465769,
  "147": 0.9273972602739742,
  "148": 0.9287671232876729,
  "149": 0.9301369863013715,
  "150": 0.9342465753424675,
  "151": 0.9356164383561661,
  "152": 0.9369863013698648,
  "153": 0.9397260273972621,
  "155": 0.943835616438358,
  "158": 0.9452054794520567,
  "161": 0.9465753424657554,
  "166": 0.947945205479454,
  "167": 0.9493150684931527,
  "169": 0.9506849315068514,
  "171": 0.9520547945205501,
  "175": 0.9534246575342488,
  "176": 0.9547945205479474,
  "177": 0.9630136986301392,
  "179": 0.9643835616438379,
  "180": 0.9671232876712351,
  "181": 0.9698630136986324,
  "182": 0.971232876712331,
  "184": 0.9726027397260297,
  "185": 0.975342465753427,
  "186": 0.9780821917808242,
  "187": 0.9794520547945229,
  "188": 0.9821917808219202,
  "191": 0.9849315068493174,
  "192": 0.9876712328767147,
  "193": 0.9904109589041119,
  "195": 0.9931506849315092,
  "196": 0.9945205479452078,
  "197": 0.9958904109589065,
  "200": 1.0000000000000024
}