{
  "2": 0.05124450951683748,
  "3": 0.1815519765739385,
  "4": 0.2445095168374817,
  "5": 0.2796486090775988,
  "6": 0.3103953147877013,
  "7": 0.3396778916544656,
  "8": 0.3850658857979502,
  "9": 0.42313323572474376,
  "10": 0.44802342606149337,
  "11": 0.45827232796486084,
  "12": 0.47730600292825764,
  "13": 0.4904831625183016,
  "14": 0.5080527086383602,
  "15": 0.5183016105417276,
  "16": 0.541727672035139,
  "17": 0.5651537335285505,
  "18": 0.5856515373352855,
  "19": 0.5988286969253295,
  "20": 0.6149341142020498,
  "21": 0.6207906295754027,
  "22": 0.6251830161054173,
  "23": 0.6325036603221084,
  "24": 0.6412884333821376,
  "25": 0.6588579795021962,
  "26": 0.6676427525622255,
  "27": 0.6793557833089312,
  "28": 0.6837481698389458,
  "29": 0.6910688140556369,
  "30": 0.7101024890190337,
  "31": 0.718887262079063,
  "32": 0.7291361639824304,
  "33": 0.7349926793557833,
  "34": 0.7408491947291361,
  "35": 0.746705710102489,
  "36": 0.7496339677891655,
  "37": 0.752562225475842,
  "38": 0.7613469985358712,
  "39": 0.767203513909224,
  "40": 0.7745241581259151,
  "41": 0.7774524158125915,
  "42": 0.780380673499268,
  "43": 0.7833089311859445,
  "45": 0.7906295754026356,
  "46": 0.7979502196193267,
  "47": 0.8067349926793559,
  "48": 0.8111273792093705,
  "49": 0.8155197657393851,
  "50": 0.8184480234260616,
  "51": 0.8228404099560762,
  "52": 0.8330893118594437,
  "53": 0.8374816983894583,
  "54": 0.8389458272327965,
  "55": 0.841874084919473,
  "56": 0.8506588579795022,
  "57": 0.8535871156661787,
  "58": 0.855051244509517,
  "59": 0.8623718887262081,
  "60": 0.8653001464128844,
  "61": 0.8682284040995609,
  "62": 0.8740849194729138,
  "63": 0.875549048316252,
  "64": 0.8799414348462666,
  "65": 0.8814055636896049,
  "66": 0.8828696925329431,
  "68": 0.8857979502196196,
  "69": 0.8901903367496342,
  "70": 0.8960468521229871,
  "72": 0.9004392386530017,
  "73": 0.903367496339678,
  "74": 0.9062957540263545,
  "75": 0.9106881405563692,
  "77": 0.9121522693997074,
  "78": 0.9180087847730602,
  "80": 0.9224011713030749,
  "81": 0.9238653001464131,
  "82": 0.9253294289897513,
  "83": 0.9267935578330896,
  "85": 0.9282576866764278,
  "86": 0.9297218155197661,
  "87": 0.9326500732064424,
  "88": 0.9355783308931189,
  "89": 0.9385065885797954,
  "90": 0.9399707174231337,
  "91": 0.94289897510981,
  "93": 0.9443631039531483,
  "96": 0.9487554904831629,
  "97": 0.9531478770131775,
  "99": 0.9560761346998539,
  "100": 0.9575402635431921,
  "104": 0.9590043923865303,
  "105": 0.9604685212298686,
  "107": 0.963396778916545,
  "109": 0.9663250366032214,
  "110": 0.9677891654465597,
  "111": 0.9692532942898979,
  "112": 0.9707174231332362,
  "113": 0.9721815519765744,
  "116": 0.9736456808199127,
  "119": 0.976573938506589,
  "120": 0.9780380673499273,
  "121": 0.9809663250366036,
  "125": 0.9824304538799419,
  "127": 0.9853587115666183,
  "128": 0.9868228404099565,
  "129": 0.9897510980966329,
  "130": 0.9912152269399711,
  "133": 0.9941434846266475,
  "138": 0.997071742313324,
  "142": 0.9985358711566622,
  "186": 1.0000000000000004
}