{
  "2": 0.04612159329140461,
  "3": 0.13626834381551362,
  "4": 0.19496855345911948,
  "5": 0.2526205450733752,
  "6": 0.29769392033542974,
  "7": 0.34171907756813413,
  "8": 0.36897274633123683,
  "9": 0.39412997903563934,
  "10": 0.4150943396226414,
  "11": 0.4423480083857441,
  "12": 0.46855345911949675,
  "13": 0.48742138364779863,
  "14": 0.5062893081761005,
  "15": 0.5230607966457022,
  "16": 0.5429769392033541,
  "17": 0.561844863731656,
  "18": 0.5733752620545072,
  "19": 0.5943396226415093,
  "20": 0.6037735849056602,
  "21": 0.6121593291404611,
  "22": 0.6226415094339621,
  "23": 0.6299790356394128,
  "24": 0.641509433962264,
  "25": 0.6551362683438153,
  "26": 0.6645702306079663,
  "27": 0.6740041928721172,
  "28": 0.6750524109014673,
  "29": 0.6813417190775679,
  "30": 0.6897274633123688,
  "31": 0.6949685534591193,
  "32": 0.7033542976939202,
  "33": 0.7064989517819705,
  "34": 0.7106918238993709,
  "35": 0.7169811320754715,
  "36": 0.7180293501048216,
  "37": 0.7190775681341717,
  "38": 0.7316561844863729,
  "39": 0.7358490566037733,
  "40": 0.7389937106918236,
  "41": 0.7452830188679243,
  "42": 0.7494758909853246,
  "43": 0.7515723270440249,
  "44": 0.7547169811320752,
  "45": 0.7589098532494756,
  "46": 0.763102725366876,
  "47": 0.764150943396226,
  "48": 0.7662473794549263,
  "49": 0.7693920335429766,
  "50": 0.7704402515723267,
  "51": 0.774633123689727,
  "52": 0.7767295597484273,
  "53": 0.7788259958071275,
  "54": 0.7830188679245279,
  "55": 0.7872117400419283,
  "56": 0.7914046121593287,
  "58": 0.7935010482180289,
  "59": 0.7955974842767292,
  "61": 0.7987421383647795,
  "62": 0.8008385744234797,
  "63": 0.8050314465408801,
  "64": 0.8060796645702302,
  "66": 0.8081761006289304,
  "67": 0.8092243186582805,
  "68": 0.8123689727463308,
  "69": 0.8134171907756809,
  "70": 0.8144654088050309,
  "71": 0.8197064989517815,
  "72": 0.8218029350104817,
  "73": 0.823899371069182,
  "74": 0.8259958071278822,
  "75": 0.8280922431865825,
  "76": 0.8291404612159325,
  "77": 0.8301886792452826,
  "78": 0.8333333333333329,
  "79": 0.834381551362683,
  "80": 0.8375262054507333,
  "81": 0.8406708595387836,
  "82": 0.8427672955974839,
  "83": 0.8469601677148842,
  "84": 0.8490566037735845,
  "86": 0.8501048218029346,
  "87": 0.8522012578616348,
  "88": 0.8563941299790352,
  "89": 0.8595387840670855,
  "90": 0.8616352201257858,
  "91": 0.8626834381551358,
  "92": 0.8647798742138361,
  "93": 0.8658280922431861,
  "94": 0.8689727463312364,
  "96": 0.8700209643605865,
  "97": 0.8721174004192868,
  "98": 0.8731656184486368,
  "99": 0.8752620545073371,
  "100": 0.8763102725366871,
  "102": 0.8784067085953874,
  "103": 0.8794549266247375,
  "104": 0.8815513626834377,
  "105": 0.8825995807127878,
  "106": 0.8857442348008381,
  "107": 0.8867924528301881,
  "108": 0.8878406708595382,
  "109": 0.8909853249475885,
  "110": 0.8941299790356388,
  "112": 0.8962264150943391,
  "113": 0.8993710691823894,
  "115": 0.9025157232704397,
  "117": 0.9035639412997898,
  "118": 0.9046121593291399,
  "119": 0.9067085953878401,
  "122": 0.9077568134171902,
  "123": 0.9109014675052405,
  "124": 0.9140461215932908,
  "126": 0.916142557651991,
  "128": 0.9192872117400414,
  "130": 0.9213836477987416,
  "131": 0.9234800838574418,
  "132": 0.9255765199161421,
  "133": 0.9276729559748423,
  "135": 0.9297693920335426,
  "136": 0.9308176100628927,
  "137": 0.9329140461215929,
  "138": 0.9350104821802931,
  "139": 0.9371069182389934,
  "140": 0.9392033542976936,
  "141": 0.9402515723270437,
  "142": 0.9412997903563938,
  "143": 0.9444444444444441,
  "144": 0.9454926624737942,
  "146": 0.9475890985324944,
  "147": 0.9507337526205447,
  "148": 0.9517819706498948,
  "149": 0.9559748427672952,
  "151": 0.9570230607966452,
  "152": 0.9580712788259953,
  "153": 0.9601677148846955,
  "154": 0.9622641509433958,
  "156": 0.9633123689727459,
  "157": 0.9643605870020959,
  "158": 0.965408805031446,
  "159": 0.9675052410901462,
  "160": 0.9706498951781966,
  "162": 0.9716981132075466,
  "164": 0.9737945492662469,
  "165": 0.9748427672955969,
  "166": 0.975890985324947,
  "167": 0.9779874213836472,
  "171": 0.9800838574423475,
  "174": 0.9811320754716976,
  "176": 0.9821802935010476,
  "177": 0.986373165618448,
  "179": 0.9874213836477981,
  "180": 0.9895178197064983,
  "181": 0.9905660377358484,
  "182": 0.9916142557651985,
  "183": 0.9926624737945485,
  "185": 0.9937106918238986,
  "188": 0.9947589098532487,
  "192": 0.9958071278825987,
  "195": 0.9968553459119488,
  "197": 0.9979035639412989,
  "199": 0.9999999999999991
}