{
  "2": 0.039378238341968914,
  "3": 0.11709844559585492,
  "4": 0.16269430051813472,
  "5": 0.2072538860103627,
  "6": 0.25803108808290154,
  "7": 0.29948186528497406,
  "8": 0.33575129533678755,
  "9": 0.36891191709844556,
  "10": 0.3937823834196891,
  "11": 0.4196891191709844,
  "12": 0.44663212435233157,
  "13": 0.46943005181347147,
  "14": 0.48186528497409326,
  "15": 0.505699481865285,
  "16": 0.522279792746114,
  "17": 0.5398963730569949,
  "18": 0.5471502590673576,
  "19": 0.5606217616580311,
  "20": 0.5740932642487047,
  "21": 0.583419689119171,
  "22": 0.5927461139896373,
  "23": 0.6051813471502591,
  "24": 0.616580310880829,
  "25": 0.6269430051813472,
  "26": 0.6362694300518135,
  "27": 0.6435233160621762,
  "28": 0.6518134715025907,
  "29": 0.6580310880829016,
  "30": 0.6642487046632124,
  "31": 0.6704663212435232,
  "32": 0.6766839378238341,
  "33": 0.688082901554404,
  "34": 0.6943005181347148,
  "35": 0.7005181347150257,
  "36": 0.7077720207253884,
  "37": 0.7150259067357511,
  "38": 0.7191709844559583,
  "39": 0.7243523316062174,
  "40": 0.7274611398963728,
  "41": 0.7326424870466319,
  "42": 0.7367875647668392,
  "43": 0.7409326424870464,
  "44": 0.7523316062176163,
  "45": 0.7544041450777199,
  "46": 0.7564766839378235,
  "47": 0.7585492227979271,
  "48": 0.7626943005181344,
  "49": 0.764766839378238,
  "50": 0.7668393782383416,
  "51": 0.7699481865284971,
  "52": 0.7730569948186525,
  "53": 0.776165803108808,
  "54": 0.7772020725388599,
  "55": 0.7792746113989635,
  "56": 0.7813471502590671,
  "57": 0.7844559585492226,
  "59": 0.7865284974093262,
  "60": 0.7886010362694298,
  "61": 0.7906735751295334,
  "62": 0.7968911917098442,
  "63": 0.7989637305699478,
  "64": 0.8031088082901551,
  "65": 0.8041450777202069,
  "66": 0.8051813471502588,
  "67": 0.8072538860103624,
  "68": 0.8113989637305696,
  "69": 0.8165803108808287,
  "71": 0.8186528497409323,
  "72": 0.8217616580310878,
  "73": 0.8227979274611397,
  "74": 0.8248704663212433,
  "75": 0.8269430051813469,
  "76": 0.8279792746113988,
  "77": 0.8300518134715024,
  "78": 0.832124352331606,
  "79": 0.8352331606217615,
  "82": 0.8393782383419687,
  "83": 0.8404145077720205,
  "84": 0.8424870466321241,
  "85": 0.843523316062176,
  "86": 0.8445595854922279,
  "87": 0.8455958549222797,
  "88": 0.8466321243523316,
  "89": 0.8487046632124352,
  "90": 0.8518134715025907,
  "91": 0.8528497409326425,
  "92": 0.8538860103626944,
  "93": 0.8580310880829016,
  "94": 0.8611398963730571,
  "95": 0.862176165803109,
  "96": 0.8632124352331608,
  "97": 0.8642487046632127,
  "98": 0.8663212435233163,
  "99": 0.8683937823834199,
  "100": 0.8704663212435235,
  "101": 0.873575129533679,
  "102": 0.8756476683937826,
  "103": 0.8777202072538862,
  "104": 0.8818652849740934,
  "106": 0.8849740932642489,
  "107": 0.8860103626943008,
  "108": 0.8891191709844563,
  "110": 0.8911917098445599,
  "111": 0.8922279792746117,
  "112": 0.8932642487046636,
  "113": 0.8963730569948191,
  "114": 0.8994818652849745,
  "115": 0.9005181347150264,
  "116": 0.9015544041450783,
  "117": 0.9025906735751301,
  "118": 0.903626943005182,
  "119": 0.9077720207253892,
  "120": 0.9098445595854928,
  "122": 0.9119170984455964,
  "123": 0.9139896373057,
  "125": 0.9150259067357519,
  "126": 0.9170984455958555,
  "127": 0.9181347150259074,
  "128": 0.9212435233160629,
  "130": 0.9243523316062183,
  "131": 0.9274611398963738,
  "133": 0.9295336787564774,
  "136": 0.931606217616581,
  "137": 0.9336787564766846,
  "138": 0.9347150259067365,
  "140": 0.9357512953367884,
  "141": 0.937823834196892,
  "142": 0.9388601036269438,
  "145": 0.9409326424870474,
  "146": 0.9419689119170993,
  "148": 0.9430051813471512,
  "149": 0.9461139896373066,
  "150": 0.9481865284974103,
  "151": 0.9492227979274621,
  "152": 0.9512953367875657,
  "153": 0.9523316062176176,
  "154": 0.9554404145077731,
  "155": 0.9564766839378249,
  "156": 0.9585492227979285,
  "157": 0.9595854922279804,
  "158": 0.961658031088084,
  "159": 0.9626943005181359,
  "161": 0.9647668393782395,
  "162": 0.9658031088082913,
  "163": 0.9689119170984468,
  "165": 0.9720207253886023,
  "166": 0.9740932642487059,
  "167": 0.9751295336787578,
  "169": 0.9772020725388614,
  "170": 0.979274611398965,
  "172": 0.9803108808290169,
  "173": 0.9813471502590687,
  "174": 0.9823834196891206,
  "177": 0.9834196891191724,
  "179": 0.985492227979276,
  "180": 0.9865284974093279,
  "181": 0.9875647668393798,
  "182": 0.9886010362694316,
  "183": 0.9906735751295352,
  "186": 0.9927461139896389,
  "190": 0.9958549222797943,
  "191": 0.9968911917098462,
  "195": 0.997927461139898,
  "197": 0.9989637305699499,
  "199": 1.0000000000000018
}