{
  "2": 0.030598052851182198,
  "3": 0.07093184979137691,
  "4": 0.11543810848400557,
  "5": 0.13908205841446453,
  "6": 0.17385257301808066,
  "7": 0.19749652294853964,
  "8": 0.22253129346314326,
  "9": 0.24478442280945759,
  "10": 0.26842837273991654,
  "11": 0.2906815020862309,
  "12": 0.3087621696801113,
  "13": 0.3282336578581363,
  "14": 0.34214186369958277,
  "15": 0.35048678720445064,
  "16": 0.3588317107093185,
  "17": 0.372739916550765,
  "18": 0.3824756606397775,
  "19": 0.3977746870653686,
  "20": 0.40890125173852576,
  "21": 0.42141863699582754,
  "22": 0.43115438108484005,
  "23": 0.44089012517385257,
  "24": 0.4561891515994437,
  "25": 0.4617524339360223,
  "26": 0.47566063977746875,
  "27": 0.4867872044506259,
  "28": 0.49791376912378305,
  "29": 0.5034770514603616,
  "30": 0.5118219749652294,
  "31": 0.5271210013908205,
  "32": 0.5368567454798331,
  "33": 0.5424200278164116,
  "34": 0.5507649513212795,
  "35": 0.5549374130737134,
  "36": 0.5577190542420026,
  "37": 0.5618915159944365,
  "38": 0.5674547983310151,
  "39": 0.5785813630041723,
  "40": 0.5869262865090401,
  "41": 0.5924895688456187,
  "42": 0.5938803894297633,
  "43": 0.5994436717663418,
  "44": 0.6050069541029204,
  "45": 0.6119610570236436,
  "46": 0.6175243393602221,
  "47": 0.6272600834492347,
  "49": 0.6328233657858132,
  "50": 0.6383866481223918,
  "51": 0.645340751043115,
  "52": 0.6467315716272596,
  "53": 0.6509040333796935,
  "54": 0.656467315716272,
  "55": 0.6592489568845613,
  "56": 0.6689847009735739,
  "57": 0.6717663421418631,
  "58": 0.6773296244784417,
  "59": 0.680111265646731,
  "60": 0.6884561891515988,
  "61": 0.699582753824756,
  "62": 0.7065368567454792,
  "63": 0.7093184979137684,
  "64": 0.714881780250347,
  "65": 0.7176634214186363,
  "66": 0.7260083449235041,
  "67": 0.7273991655076487,
  "68": 0.7357440890125165,
  "69": 0.7426981919332397,
  "70": 0.745479833101529,
  "71": 0.7510431154381075,
  "72": 0.7593880389429754,
  "73": 0.7621696801112646,
  "74": 0.7677329624478432,
  "75": 0.7691237830319878,
  "76": 0.7719054242002771,
  "77": 0.7746870653685664,
  "78": 0.7774687065368556,
  "79": 0.7802503477051449,
  "80": 0.7816411682892895,
  "81": 0.7844228094575788,
  "82": 0.7927677329624466,
  "83": 0.7969401947148805,
  "84": 0.7997218358831698,
  "85": 0.8025034770514591,
  "86": 0.8080667593880376,
  "87": 0.8122392211404715,
  "89": 0.8205841446453394,
  "90": 0.8233657858136286,
  "91": 0.8275382475660625,
  "92": 0.8303198887343518,
  "93": 0.8344923504867857,
  "94": 0.837273991655075,
  "95": 0.8414464534075089,
  "96": 0.8428372739916535,
  "97": 0.8470097357440874,
  "98": 0.8484005563282321,
  "100": 0.8497913769123767,
  "101": 0.852573018080666,
  "103": 0.8539638386648106,
  "104": 0.8595271210013892,
  "106": 0.8609179415855338,
  "107": 0.8636995827538231,
  "108": 0.8650904033379677,
  "109": 0.8748261474269803,
  "110": 0.8776077885952696,
  "111": 0.8803894297635588,
  "112": 0.8831710709318481,
  "113": 0.8859527121001374,
  "114": 0.8887343532684266,
  "116": 0.8929068150208606,
  "117": 0.8942976356050052,
  "118": 0.8970792767732945,
  "119": 0.8998609179415837,
  "120": 0.902642559109873,
  "121": 0.9040333796940176,
  "123": 0.9054242002781623,
  "125": 0.9068150208623069,
  "126": 0.9082058414464516,
  "127": 0.9095966620305962,
  "128": 0.9109874826147408,
  "129": 0.9137691237830301,
  "130": 0.9165507649513194,
  "131": 0.9193324061196086,
  "132": 0.9221140472878979,
  "133": 0.9262865090403318,
  "135": 0.9290681502086211,
  "136": 0.9304589707927657,
  "140": 0.933240611961055,
  "141": 0.9388038942976336,
  "142": 0.9401947148817782,
  "144": 0.9415855354659228,
  "145": 0.9429763560500675,
  "150": 0.9443671766342121,
  "151": 0.9457579972183567,
  "152": 0.9471488178025014,
  "154": 0.9499304589707906,
  "156": 0.9527121001390799,
  "157": 0.9541029207232246,
  "162": 0.9568845618915138,
  "164": 0.9596662030598031,
  "166": 0.9610570236439477,
  "169": 0.9624478442280924,
  "174": 0.963838664812237,
  "175": 0.9652294853963816,
  "176": 0.9680111265646709,
  "177": 0.9694019471488156,
  "179": 0.9707927677329602,
  "180": 0.9749652294853941,
  "182": 0.979137691237828,
  "186": 0.9805285118219726,
  "188": 0.9819193324061173,
  "189": 0.9833101529902619,
  "192": 0.9860917941585512,
  "193": 0.9874826147426958,
  "195": 0.994436717663419,
  "197": 0.9958275382475636,
  "198": 0.9986091794158529,
  "199": 0.9999999999999976
}