{
  "2": 0.02318840579710145,
  "3": 0.05652173913043478,
  "4": 0.09855072463768116,
  "5": 0.1246376811594203,
  "6": 0.15797101449275364,
  "7": 0.1826086956521739,
  "8": 0.2043478260869565,
  "9": 0.22028985507246376,
  "10": 0.23623188405797102,
  "11": 0.25217391304347825,
  "12": 0.2753623188405797,
  "13": 0.2956521739130435,
  "14": 0.3115942028985507,
  "15": 0.32753623188405795,
  "16": 0.34202898550724636,
  "17": 0.3565217391304348,
  "18": 0.36231884057971014,
  "19": 0.372463768115942,
  "20": 0.38550724637681155,
  "21": 0.3913043478260869,
  "22": 0.408695652173913,
  "23": 0.4289855072463768,
  "24": 0.43913043478260866,
  "25": 0.45652173913043476,
  "26": 0.4666666666666666,
  "27": 0.4739130434782608,
  "28": 0.48550724637681153,
  "29": 0.4956521739130434,
  "30": 0.508695652173913,
  "31": 0.5144927536231884,
  "32": 0.5246376811594202,
  "33": 0.5391304347826086,
  "34": 0.5463768115942028,
  "35": 0.5579710144927535,
  "36": 0.5666666666666665,
  "37": 0.5753623188405795,
  "38": 0.5811594202898549,
  "39": 0.5869565217391303,
  "40": 0.5913043478260868,
  "41": 0.6043478260869564,
  "42": 0.6101449275362317,
  "43": 0.6144927536231882,
  "44": 0.6188405797101447,
  "45": 0.6231884057971012,
  "46": 0.6289855072463766,
  "47": 0.6318840579710142,
  "48": 0.6333333333333331,
  "49": 0.6434782608695649,
  "50": 0.6478260869565214,
  "51": 0.6492753623188403,
  "52": 0.6521739130434779,
  "53": 0.6579710144927533,
  "54": 0.6666666666666663,
  "55": 0.6695652173913039,
  "56": 0.6753623188405793,
  "57": 0.68695652173913,
  "58": 0.6898550724637676,
  "59": 0.6942028985507241,
  "60": 0.6985507246376806,
  "61": 0.7057971014492749,
  "62": 0.7086956521739125,
  "63": 0.7115942028985501,
  "64": 0.7173913043478255,
  "65": 0.7246376811594197,
  "66": 0.731884057971014,
  "67": 0.7347826086956516,
  "68": 0.7434782608695646,
  "69": 0.7478260869565211,
  "70": 0.7507246376811587,
  "71": 0.7565217391304341,
  "72": 0.7637681159420283,
  "73": 0.7666666666666659,
  "74": 0.7695652173913036,
  "75": 0.7753623188405789,
  "76": 0.7782608695652166,
  "77": 0.7811594202898542,
  "78": 0.7840579710144918,
  "80": 0.7869565217391294,
  "81": 0.7898550724637671,
  "83": 0.7927536231884047,
  "84": 0.7985507246376801,
  "85": 0.8028985507246366,
  "86": 0.8043478260869554,
  "87": 0.8072463768115931,
  "88": 0.8086956521739119,
  "89": 0.8115942028985496,
  "90": 0.8130434782608684,
  "92": 0.8173913043478249,
  "93": 0.8217391304347814,
  "94": 0.8304347826086944,
  "95": 0.8347826086956509,
  "96": 0.8362318840579698,
  "98": 0.8376811594202886,
  "99": 0.8405797101449263,
  "100": 0.8434782608695639,
  "101": 0.8449275362318828,
  "102": 0.8463768115942016,
  "103": 0.8507246376811581,
  "104": 0.8536231884057958,
  "105": 0.8579710144927523,
  "106": 0.8608695652173899,
  "107": 0.8623188405797088,
  "108": 0.8681159420289841,
  "110": 0.8724637681159406,
  "111": 0.8739130434782595,
  "112": 0.8768115942028971,
  "114": 0.8797101449275347,
  "115": 0.8811594202898536,
  "116": 0.8913043478260855,
  "117": 0.8942028985507231,
  "118": 0.8971014492753607,
  "120": 0.8985507246376796,
  "121": 0.9014492753623172,
  "122": 0.9043478260869549,
  "123": 0.9057971014492737,
  "124": 0.9086956521739114,
  "125": 0.9101449275362302,
  "126": 0.9159420289855056,
  "127": 0.9173913043478245,
  "128": 0.9188405797101433,
  "129": 0.921739130434781,
  "130": 0.9231884057970998,
  "131": 0.9260869565217374,
  "132": 0.9289855072463751,
  "133": 0.9333333333333316,
  "134": 0.9376811594202881,
  "137": 0.9391304347826069,
  "139": 0.9405797101449258,
  "140": 0.9420289855072447,
  "141": 0.9434782608695635,
  "143": 0.9449275362318824,
  "145": 0.94782608695652,
  "146": 0.9492753623188389,
  "147": 0.9507246376811578,
  "148": 0.9521739130434766,
  "150": 0.9536231884057955,
  "151": 0.9550724637681144,
  "152": 0.9565217391304333,
  "153": 0.9579710144927521,
  "154": 0.9608695652173898,
  "155": 0.9652173913043463,
  "156": 0.9666666666666651,
  "158": 0.968115942028984,
  "162": 0.9710144927536216,
  "165": 0.9724637681159405,
  "166": 0.9739130434782594,
  "169": 0.9753623188405782,
  "173": 0.9768115942028971,
  "174": 0.9797101449275347,
  "175": 0.9811594202898536,
  "177": 0.9826086956521725,
  "178": 0.9840579710144913,
  "182": 0.9855072463768102,
  "184": 0.9869565217391291,
  "185": 0.9884057971014479,
  "188": 0.9898550724637668,
  "189": 0.9913043478260857,
  "191": 0.9927536231884045,
  "192": 0.997101449275361,
  "197": 0.9999999999999987
}