{
  "2": 0.045408678102926335,
  "3": 0.2946518668012109,
  "4": 0.5126135216952573,
  "5": 0.6226034308779012,
  "6": 0.6841574167507568,
  "7": 0.7164480322906155,
  "8": 0.7547931382441977,
  "9": 0.7729566094853683,
  "10": 0.7840565085771947,
  "11": 0.7911200807265387,
  "12": 0.7971745711402622,
  "13": 0.8022199798183651,
  "14": 0.8113017154389504,
  "15": 0.8123107971745709,
  "16": 0.8183652875882944,
  "17": 0.8193743693239149,
  "18": 0.826437941473259,
  "19": 0.8314833501513619,
  "20": 0.8345105953582236,
  "21": 0.850655903128153,
  "22": 0.8718466195761853,
  "23": 0.8890010090817352,
  "24": 0.9061553985872851,
  "25": 0.911200807265388,
  "26": 0.918264379414732,
  "27": 0.9293642785065584,
  "28": 0.9334006054490408,
  "29": 0.9515640766902114,
  "30": 0.9717457114026231,
  "31": 0.9808274470232083,
  "32": 0.98385469223007,
  "33": 0.9858728557013112,
  "34": 0.9868819374369318,
  "36": 0.9878910191725523,
  "40": 0.9889001009081728,
  "41": 0.990918264379414,
  "42": 0.9919273461150345,
  "43": 0.9929364278506551,
  "64": 0.9949545913218962,
  "66": 0.9959636730575168,
  "68": 0.9969727547931373,
  "72": 0.9979818365287578,
  "89": 0.9989909182643784,
  "99": 0.9999999999999989
}