{
  "2": 0.45465686274509803,
  "3": 0.7389705882352942,
  "4": 0.849264705882353,
  "5": 0.9154411764705883,
  "6": 0.9387254901960785,
  "7": 0.9877450980392158,
  "8": 0.9950980392156864,
  "9": 1.0000000000000002
}