{
  "2": 0.020785219399538105,
  "3": 0.07505773672055427,
  "4": 0.11200923787528869,
  "5": 0.15704387990762125,
  "6": 0.18591224018475752,
  "7": 0.21131639722863743,
  "8": 0.23672055427251734,
  "9": 0.2609699769053118,
  "10": 0.2875288683602772,
  "11": 0.31177829099307164,
  "12": 0.3337182448036952,
  "13": 0.3556581986143188,
  "14": 0.3672055427251733,
  "15": 0.38221709006928417,
  "16": 0.4006928406466514,
  "17": 0.4191685912240186,
  "18": 0.4341801385681295,
  "19": 0.4515011547344112,
  "20": 0.4618937644341803,
  "21": 0.4826789838337184,
  "22": 0.4907621247113165,
  "23": 0.4988452655889147,
  "24": 0.5103926096997692,
  "25": 0.5300230946882218,
  "26": 0.5473441108545036,
  "27": 0.5577367205542727,
  "28": 0.5704387990762126,
  "29": 0.5831408775981526,
  "30": 0.5993071593533489,
  "31": 0.6154734411085452,
  "32": 0.6224018475750579,
  "33": 0.6281755196304851,
  "34": 0.6374133949191687,
  "35": 0.6489607390300232,
  "36": 0.6558891454965359,
  "37": 0.6709006928406467,
  "38": 0.6755196304849885,
  "39": 0.6824480369515012,
  "40": 0.6870669745958431,
  "41": 0.6905311778290995,
  "42": 0.6939953810623558,
  "43": 0.702078521939954,
  "44": 0.7113163972286376,
  "45": 0.7193995381062358,
  "46": 0.7228637413394922,
  "47": 0.7309468822170904,
  "48": 0.7321016166281759,
  "49": 0.7355658198614322,
  "50": 0.7413394919168594,
  "51": 0.7459584295612013,
  "52": 0.7505773672055431,
  "53": 0.755196304849885,
  "54": 0.7609699769053122,
  "55": 0.7632794457274831,
  "56": 0.7655889145496539,
  "57": 0.7713625866050812,
  "58": 0.7806004618937648,
  "59": 0.7875288683602775,
  "60": 0.7909930715935338,
  "61": 0.7933025404157047,
  "62": 0.796766743648961,
  "63": 0.7979214780600465,
  "64": 0.8013856812933029,
  "66": 0.8048498845265593,
  "67": 0.8071593533487301,
  "68": 0.809468822170901,
  "69": 0.8140877598152428,
  "70": 0.8152424942263283,
  "71": 0.8163972286374138,
  "72": 0.8187066974595847,
  "73": 0.822170900692841,
  "74": 0.8267898383371829,
  "75": 0.8302540415704392,
  "76": 0.8348729792147811,
  "77": 0.8383371824480375,
  "78": 0.8394919168591229,
  "79": 0.8418013856812938,
  "80": 0.8429561200923793,
  "81": 0.8441108545034648,
  "82": 0.8464203233256357,
  "83": 0.8487297921478065,
  "85": 0.8533487297921484,
  "86": 0.8545034642032339,
  "87": 0.8568129330254047,
  "88": 0.8602771362586611,
  "89": 0.8637413394919174,
  "92": 0.8648960739030029,
  "93": 0.8683602771362593,
  "94": 0.8706697459584302,
  "95": 0.8718244803695157,
  "96": 0.875288683602772,
  "97": 0.8775981524249429,
  "98": 0.8810623556581992,
  "99": 0.8856812933025411,
  "100": 0.887990762124712,
  "101": 0.8891454965357974,
  "102": 0.8926096997690538,
  "103": 0.8995381062355665,
  "104": 0.9030023094688229,
  "105": 0.9041570438799084,
  "106": 0.9053117782909939,
  "107": 0.9064665127020793,
  "108": 0.9087759815242502,
  "109": 0.9099307159353357,
  "111": 0.9110854503464212,
  "112": 0.915704387990763,
  "113": 0.9168591224018485,
  "114": 0.9191685912240194,
  "115": 0.9203233256351049,
  "116": 0.9214780600461904,
  "117": 0.9226327944572759,
  "118": 0.9249422632794467,
  "119": 0.9260969976905322,
  "122": 0.9272517321016177,
  "124": 0.9295612009237886,
  "125": 0.9307159353348741,
  "126": 0.9330254041570449,
  "129": 0.9341801385681304,
  "130": 0.9353348729792159,
  "131": 0.9364896073903014,
  "132": 0.9376443418013869,
  "133": 0.9399538106235578,
  "134": 0.9422632794457286,
  "135": 0.9445727482678995,
  "136": 0.9480369515011559,
  "137": 0.9503464203233267,
  "139": 0.9538106235565831,
  "140": 0.956120092378754,
  "142": 0.9572748267898394,
  "143": 0.9584295612009249,
  "144": 0.9595842956120104,
  "145": 0.9607390300230959,
  "146": 0.9618937644341814,
  "147": 0.9630484988452669,
  "148": 0.9653579676674378,
  "150": 0.9665127020785232,
  "151": 0.9676674364896087,
  "154": 0.9699769053117796,
  "155": 0.9711316397228651,
  "157": 0.9745958429561214,
  "158": 0.9757505773672069,
  "159": 0.9780600461893778,
  "163": 0.9803695150115487,
  "167": 0.9826789838337195,
  "169": 0.983833718244805,
  "171": 0.9849884526558905,
  "172": 0.986143187066976,
  "180": 0.9872979214780615,
  "181": 0.988452655889147,
  "182": 0.9896073903002325,
  "184": 0.990762124711318,
  "186": 0.9919168591224035,
  "188": 0.993071593533489,
  "189": 0.9953810623556598,
  "192": 0.9965357967667453,
  "194": 0.9988452655889162,
  "196": 1.0000000000000016
}