{
  "2": 0.04218362282878412,
  "3": 0.07692307692307693,
  "4": 0.11166253101736973,
  "5": 0.15136476426799006,
  "6": 0.1761786600496278,
  "7": 0.2109181141439206,
  "8": 0.23573200992555832,
  "9": 0.26054590570719605,
  "10": 0.28287841191067,
  "11": 0.3002481389578164,
  "12": 0.3250620347394541,
  "13": 0.34739454094292804,
  "14": 0.3610421836228288,
  "15": 0.3796526054590571,
  "16": 0.3957816377171216,
  "17": 0.413151364764268,
  "18": 0.4280397022332506,
  "19": 0.44168734491315137,
  "20": 0.45905707196029777,
  "21": 0.47518610421836227,
  "22": 0.4826302729528536,
  "23": 0.49379652605459057,
  "24": 0.5086848635235732,
  "25": 0.5248138957816377,
  "26": 0.533498759305211,
  "27": 0.543424317617866,
  "28": 0.554590570719603,
  "29": 0.5707196029776676,
  "30": 0.5831265508684864,
  "31": 0.5992555831265509,
  "32": 0.620347394540943,
  "33": 0.6290322580645162,
  "34": 0.6401985111662533,
  "35": 0.653846153846154,
  "36": 0.6662531017369728,
  "37": 0.6724565756823823,
  "38": 0.6786600496277917,
  "39": 0.6836228287841193,
  "40": 0.6935483870967744,
  "41": 0.7047146401985114,
  "42": 0.708436724565757,
  "43": 0.7183622828784121,
  "44": 0.7258064516129034,
  "45": 0.7344913151364766,
  "46": 0.7382133995037222,
  "47": 0.7493796526054592,
  "48": 0.7543424317617868,
  "49": 0.7605459057071963,
  "50": 0.7642679900744419,
  "51": 0.7754342431761789,
  "52": 0.7791563275434246,
  "53": 0.785359801488834,
  "54": 0.7903225806451616,
  "55": 0.8014888337468986,
  "56": 0.8052109181141442,
  "57": 0.8101736972704718,
  "58": 0.8151364764267994,
  "59": 0.8213399503722089,
  "60": 0.8263027295285365,
  "61": 0.8275434243176183,
  "62": 0.8374689826302734,
  "63": 0.8387096774193552,
  "64": 0.8436724565756828,
  "65": 0.8473945409429284,
  "66": 0.8511166253101741,
  "67": 0.8548387096774197,
  "68": 0.8610421836228291,
  "69": 0.862282878411911,
  "70": 0.8684863523573204,
  "71": 0.872208436724566,
  "72": 0.8784119106699755,
  "74": 0.8821339950372211,
  "75": 0.883374689826303,
  "76": 0.8870967741935486,
  "77": 0.8908188585607942,
  "78": 0.8920595533498761,
  "79": 0.8982630272952855,
  "80": 0.9019851116625311,
  "81": 0.9057071960297768,
  "82": 0.9094292803970224,
  "83": 0.9131513647642681,
  "84": 0.9156327543424319,
  "85": 0.9205955334987594,
  "86": 0.9218362282878413,
  "87": 0.9255583126550869,
  "88": 0.9280397022332507,
  "89": 0.9292803970223326,
  "90": 0.9305210918114144,
  "92": 0.9317617866004962,
  "93": 0.93424317617866,
  "95": 0.9354838709677419,
  "96": 0.9367245657568237,
  "97": 0.9404466501240694,
  "98": 0.9429280397022332,
  "99": 0.9466501240694788,
  "100": 0.9503722084367244,
  "101": 0.9516129032258063,
  "102": 0.9540942928039701,
  "104": 0.9565756823821339,
  "105": 0.9602977667493795,
  "107": 0.9640198511166251,
  "110": 0.965260545905707,
  "112": 0.9677419354838708,
  "114": 0.9702233250620346,
  "115": 0.9727047146401984,
  "122": 0.9739454094292802,
  "124": 0.975186104218362,
  "125": 0.9776674937965258,
  "126": 0.9801488833746896,
  "130": 0.9813895781637715,
  "135": 0.9826302729528533,
  "137": 0.9838709677419352,
  "139": 0.986352357320099,
  "140": 0.9875930521091808,
  "154": 0.9888337468982626,
  "155": 0.9900744416873445,
  "158": 0.9925558312655083,
  "160": 0.9937965260545901,
  "164": 0.995037220843672,
  "169": 0.9962779156327538,
  "180": 0.9975186104218356,
  "182": 0.9987593052109175,
  "187": 0.9999999999999993
}