{
  "2": 0.022269353128313893,
  "3": 0.05832449628844115,
  "4": 0.0943796394485684,
  "5": 0.12195121951219513,
  "6": 0.1452810180275716,
  "7": 0.16224814422057265,
  "8": 0.18663838812301167,
  "9": 0.2142099681866384,
  "10": 0.2332979851537646,
  "11": 0.25026511134676566,
  "12": 0.264050901378579,
  "13": 0.27465535524920465,
  "14": 0.2916224814422057,
  "15": 0.30858960763520676,
  "16": 0.3255567338282078,
  "17": 0.3393425238600212,
  "18": 0.3541887592788971,
  "19": 0.369034994697773,
  "20": 0.38600212089077407,
  "21": 0.3997879109225874,
  "22": 0.4093319194061505,
  "23": 0.4156945917285259,
  "24": 0.4273594909862141,
  "25": 0.43266171792152697,
  "26": 0.43690349946977725,
  "27": 0.44856839872746546,
  "28": 0.4538706256627783,
  "29": 0.4634146341463414,
  "30": 0.4772004241781547,
  "31": 0.48886532343584294,
  "32": 0.4962884411452809,
  "33": 0.5047720042417815,
  "34": 0.5100742311770943,
  "35": 0.5153764581124071,
  "36": 0.5217391304347825,
  "37": 0.5259809119830328,
  "38": 0.530222693531283,
  "39": 0.5397667020148461,
  "40": 0.5440084835630964,
  "41": 0.5493107104984092,
  "42": 0.5535524920466595,
  "43": 0.5609756097560974,
  "44": 0.569459172852598,
  "45": 0.5747613997879107,
  "46": 0.5800636267232235,
  "47": 0.5874867444326615,
  "48": 0.5917285259809117,
  "49": 0.5991516436903497,
  "50": 0.6044538706256625,
  "51": 0.6065747613997876,
  "52": 0.6118769883351004,
  "53": 0.6171792152704132,
  "54": 0.6203605514316008,
  "55": 0.6267232237539763,
  "56": 0.6299045599151639,
  "57": 0.6320254506892891,
  "58": 0.6362672322375393,
  "59": 0.639448568398727,
  "60": 0.6426299045599146,
  "61": 0.6468716861081649,
  "62": 0.6521739130434777,
  "63": 0.6553552492046654,
  "64": 0.6617179215270408,
  "65": 0.6627783669141033,
  "66": 0.665959703075291,
  "67": 0.6723223753976664,
  "68": 0.6776246023329792,
  "69": 0.6797454931071043,
  "70": 0.6808059384941668,
  "71": 0.682926829268292,
  "72": 0.6892895015906674,
  "73": 0.6914103923647925,
  "74": 0.6945917285259802,
  "75": 0.6977730646871678,
  "76": 0.7009544008483555,
  "77": 0.7062566277836683,
  "78": 0.7083775185577934,
  "79": 0.7104984093319185,
  "80": 0.7115588547189811,
  "81": 0.7126193001060436,
  "82": 0.7136797454931061,
  "83": 0.7179215270413564,
  "84": 0.7200424178154815,
  "85": 0.7221633085896066,
  "86": 0.7285259809119821,
  "87": 0.7295864262990446,
  "88": 0.7317073170731697,
  "89": 0.7338282078472949,
  "90": 0.7401908801696703,
  "91": 0.7433722163308579,
  "92": 0.7465535524920456,
  "94": 0.7486744432661707,
  "95": 0.7518557794273584,
  "96": 0.755037115588546,
  "97": 0.7571580063626712,
  "98": 0.7603393425238588,
  "99": 0.7635206786850465,
  "100": 0.7698833510074219,
  "101": 0.772004241781547,
  "102": 0.7730646871686095,
  "103": 0.7741251325556721,
  "104": 0.7762460233297972,
  "105": 0.7783669141039223,
  "106": 0.7826086956521726,
  "108": 0.7847295864262978,
  "109": 0.7868504772004229,
  "111": 0.7879109225874854,
  "113": 0.7889713679745479,
  "114": 0.7953340402969233,
  "116": 0.7974549310710485,
  "117": 0.798515376458111,
  "118": 0.8016967126192986,
  "121": 0.8027571580063612,
  "122": 0.8059384941675488,
  "123": 0.808059384941674,
  "124": 0.8101802757157991,
  "125": 0.8123011664899242,
  "126": 0.8154825026511119,
  "127": 0.817603393425237,
  "128": 0.8197242841993622,
  "129": 0.8218451749734873,
  "130": 0.8229056203605498,
  "132": 0.8239660657476123,
  "136": 0.8271474019088,
  "138": 0.8282078472958625,
  "141": 0.8303287380699876,
  "143": 0.8313891834570502,
  "145": 0.8335100742311753,
  "146": 0.8356309650053004,
  "147": 0.8366914103923629,
  "149": 0.8377518557794255,
  "150": 0.8398727465535506,
  "151": 0.8409331919406131,
  "152": 0.8430540827147383,
  "153": 0.8451749734888634,
  "154": 0.8462354188759259,
  "155": 0.8472958642629884,
  "156": 0.8483563096500509,
  "157": 0.8504772004241761,
  "158": 0.8525980911983012,
  "159": 0.8536585365853637,
  "161": 0.8557794273594889,
  "162": 0.8568398727465514,
  "164": 0.8579003181336139,
  "165": 0.8589607635206764,
  "166": 0.8621420996818641,
  "167": 0.8632025450689266,
  "168": 0.8642629904559891,
  "169": 0.8653234358430516,
  "171": 0.8663838812301141,
  "172": 0.8685047720042393,
  "175": 0.8695652173913018,
  "176": 0.8727465535524894,
  "179": 0.8738069989395519,
  "180": 0.8748674443266145,
  "181": 0.8769883351007396,
  "182": 0.8780487804878021,
  "183": 0.8791092258748646,
  "184": 0.8801696712619271,
  "185": 0.8822905620360523,
  "186": 0.8844114528101774,
  "188": 0.8865323435843026,
  "189": 0.8875927889713651,
  "190": 0.8886532343584276,
  "196": 0.8918345705196152,
  "198": 0.8950159066808029,
  "200": 0.8960763520678654,
  "205": 0.8981972428419905,
  "206": 0.899257688229053,
  "208": 0.9013785790031782,
  "210": 0.9024390243902407,
  "213": 0.9045599151643658,
  "219": 0.9056203605514284,
  "220": 0.9066808059384909,
  "223": 0.9077412513255534,
  "228": 0.9088016967126159,
  "231": 0.9098621420996784,
  "232": 0.9119830328738036,
  "237": 0.9141039236479287,
  "239": 0.9151643690349912,
  "250": 0.9162248144220537,
  "252": 0.9172852598091162,
  "254": 0.9183457051961788,
  "255": 0.9194061505832413,
  "257": 0.9204665959703038,
  "260": 0.9215270413573663,
  "262": 0.9225874867444288,
  "265": 0.9236479321314913,
  "266": 0.9247083775185538,
  "271": 0.926829268292679,
  "272": 0.9289501590668041,
  "275": 0.9310710498409293,
  "277": 0.9331919406150544,
  "283": 0.9342523860021169,
  "284": 0.9353128313891794,
  "294": 0.9363732767762419,
  "296": 0.9374337221633045,
  "297": 0.938494167550367,
  "298": 0.9395546129374295,
  "300": 0.940615058324492,
  "304": 0.9416755037115545,
  "305": 0.942735949098617,
  "307": 0.9448568398727422,
  "308": 0.9469777306468673,
  "319": 0.9490986214209924,
  "322": 0.950159066808055,
  "330": 0.9512195121951175,
  "335": 0.95227995758218,
  "336": 0.9533404029692425,
  "340": 0.954400848356305,
  "341": 0.9554612937433675,
  "353": 0.95652173913043,
  "357": 0.9575821845174926,
  "365": 0.9586426299045551,
  "366": 0.9607635206786802,
  "367": 0.9618239660657427,
  "369": 0.9628844114528052,
  "370": 0.9639448568398677,
  "380": 0.9650053022269303,
  "384": 0.9660657476139928,
  "387": 0.9681866383881179,
  "403": 0.9692470837751804,
  "410": 0.9703075291622429,
  "412": 0.9713679745493055,
  "417": 0.972428419936368,
  "421": 0.9734888653234305,
  "423": 0.974549310710493,
  "430": 0.9756097560975555,
  "459": 0.976670201484618,
  "460": 0.9777306468716805,
  "461": 0.9787910922587431,
  "466": 0.9798515376458056,
  "487": 0.9809119830328681,
  "493": 0.9819724284199306,
  "501": 0.9830328738069931,
  "509": 0.9840933191940556,
  "516": 0.9862142099681808,
  "522": 0.9872746553552433,
  "523": 0.9883351007423058,
  "550": 0.9893955461293683,
  "568": 0.9904559915164308,
  "569": 0.9915164369034933,
  "574": 0.9925768822905559,
  "579": 0.9936373276776184,
  "583": 0.9946977730646809,
  "594": 0.9957582184517434,
  "596": 0.9968186638388059,
  "610": 0.9978791092258684,
  "612": 0.9989395546129309,
  "615": 0.9999999999999934
}