{
  "2": 0.03597122302158273,
  "3": 0.11202466598150052,
  "4": 0.16649537512846865,
  "5": 0.2147995889003083,
  "6": 0.263103802672148,
  "7": 0.302158273381295,
  "8": 0.3371017471736896,
  "9": 0.36793422404933196,
  "10": 0.3926002055498458,
  "11": 0.42446043165467623,
  "12": 0.4419321685508736,
  "13": 0.4676258992805755,
  "14": 0.4922918807810894,
  "15": 0.5149023638232271,
  "16": 0.5262076053442959,
  "17": 0.5436793422404932,
  "18": 0.5580678314491263,
  "19": 0.5704008221993833,
  "20": 0.5847893114080164,
  "21": 0.5950668036998972,
  "22": 0.6135662898252826,
  "23": 0.6248715313463514,
  "24": 0.6341212744090441,
  "25": 0.6433710174717368,
  "26": 0.6536485097636175,
  "27": 0.6639260020554983,
  "28": 0.6670092497430625,
  "29": 0.6783144912641313,
  "30": 0.6844809866392598,
  "31": 0.6896197327852002,
  "32": 0.6916752312435763,
  "33": 0.6947584789311405,
  "34": 0.6998972250770809,
  "35": 0.7081192189105855,
  "36": 0.7122302158273378,
  "37": 0.7163412127440901,
  "38": 0.7204522096608424,
  "39": 0.7266187050359709,
  "40": 0.7307297019527232,
  "41": 0.7338129496402874,
  "42": 0.7399794450154159,
  "43": 0.7440904419321682,
  "44": 0.7492291880781086,
  "45": 0.7564234326824251,
  "46": 0.7574511819116131,
  "47": 0.7605344295991773,
  "48": 0.7625899280575534,
  "49": 0.7687564234326819,
  "50": 0.7718396711202461,
  "51": 0.7749229188078103,
  "52": 0.7780061664953745,
  "53": 0.7800616649537506,
  "54": 0.7821171634121268,
  "55": 0.785200411099691,
  "56": 0.7882836587872551,
  "58": 0.7913669064748193,
  "59": 0.7934224049331955,
  "60": 0.7944501541623835,
  "61": 0.7954779033915715,
  "62": 0.7975334018499477,
  "63": 0.7985611510791357,
  "64": 0.8016443987666999,
  "65": 0.8026721479958879,
  "66": 0.8057553956834521,
  "67": 0.8078108941418283,
  "68": 0.8119218910585806,
  "69": 0.8139773895169568,
  "70": 0.8160328879753329,
  "71": 0.8180883864337091,
  "72": 0.8191161356628971,
  "73": 0.8263103802672136,
  "74": 0.8293936279547778,
  "75": 0.8304213771839658,
  "76": 0.832476875642342,
  "77": 0.8345323741007181,
  "80": 0.8365878725590943,
  "81": 0.8396711202466585,
  "86": 0.8427543679342226,
  "87": 0.8448098663925988,
  "88": 0.846865364850975,
  "89": 0.847893114080163,
  "90": 0.8509763617677272,
  "91": 0.8530318602261033,
  "92": 0.8540596094552914,
  "93": 0.8550873586844794,
  "94": 0.8561151079136674,
  "95": 0.8571428571428554,
  "96": 0.8591983556012316,
  "97": 0.8602261048304196,
  "98": 0.8622816032887958,
  "99": 0.8643371017471719,
  "100": 0.8674203494347361,
  "101": 0.8694758478931123,
  "102": 0.8715313463514884,
  "104": 0.8725590955806765,
  "105": 0.8746145940390526,
  "106": 0.8756423432682406,
  "107": 0.8766700924974287,
  "108": 0.8797533401849928,
  "109": 0.882836587872557,
  "110": 0.8848920863309332,
  "111": 0.8879753340184974,
  "112": 0.8931140801644377,
  "113": 0.8961973278520019,
  "114": 0.8982528263103781,
  "115": 0.8992805755395661,
  "116": 0.9013360739979422,
  "117": 0.9023638232271303,
  "118": 0.9054470709146945,
  "119": 0.9064748201438825,
  "120": 0.9085303186022586,
  "121": 0.9095580678314467,
  "122": 0.9116135662898228,
  "125": 0.9126413155190108,
  "126": 0.9136690647481989,
  "128": 0.915724563206575,
  "129": 0.916752312435763,
  "130": 0.9188078108941392,
  "131": 0.9208633093525154,
  "132": 0.9218910585817034,
  "133": 0.9229188078108914,
  "134": 0.9270298047276437,
  "136": 0.9290853031860199,
  "137": 0.931140801644396,
  "139": 0.9331963001027722,
  "140": 0.9342240493319602,
  "141": 0.9362795477903364,
  "142": 0.9383350462487126,
  "143": 0.9403905447070887,
  "144": 0.9414182939362767,
  "145": 0.9455292908530291,
  "148": 0.9465570400822171,
  "149": 0.9475847893114051,
  "150": 0.9486125385405931,
  "151": 0.9506680369989693,
  "152": 0.9537512846865335,
  "153": 0.9558067831449096,
  "154": 0.9568345323740977,
  "156": 0.9588900308324738,
  "157": 0.9599177800616618,
  "159": 0.9609455292908499,
  "160": 0.9619732785200379,
  "161": 0.9630010277492259,
  "162": 0.9640287769784139,
  "163": 0.965056526207602,
  "164": 0.9671120246659781,
  "165": 0.9681397738951661,
  "167": 0.9691675231243542,
  "168": 0.9701952723535422,
  "169": 0.9712230215827302,
  "170": 0.9722507708119182,
  "172": 0.9732785200411063,
  "173": 0.9743062692702943,
  "174": 0.9753340184994823,
  "175": 0.9763617677286703,
  "176": 0.9773895169578584,
  "177": 0.9784172661870464,
  "178": 0.9794450154162344,
  "180": 0.9804727646454224,
  "181": 0.9815005138746105,
  "183": 0.9825282631037985,
  "185": 0.9856115107913627,
  "187": 0.9876670092497388,
  "188": 0.9886947584789268,
  "190": 0.991778006166491,
  "192": 0.9928057553956791,
  "194": 0.9938335046248671,
  "195": 0.9948612538540551,
  "196": 0.9979445015416193,
  "198": 0.9999999999999954
}