{
  "2": 0.40256045519203415,
  "3": 0.6657183499288762,
  "4": 0.9174964438122333,
  "5": 1.0
}