{
  "2": 0.041804180418041806,
  "3": 0.08250825082508251,
  "4": 0.12321232123212321,
  "5": 0.1606160616061606,
  "6": 0.1859185918591859,
  "7": 0.21892189218921893,
  "8": 0.24422442244224424,
  "9": 0.25962596259625964,
  "10": 0.27722772277227725,
  "11": 0.30253025302530256,
  "12": 0.32123212321232125,
  "13": 0.34433443344334436,
  "14": 0.36853685368536854,
  "15": 0.38613861386138615,
  "16": 0.40154015401540155,
  "17": 0.41804180418041803,
  "18": 0.4422442244224422,
  "19": 0.45654565456545654,
  "20": 0.4653465346534653,
  "21": 0.48514851485148514,
  "22": 0.49724972497249725,
  "23": 0.504950495049505,
  "24": 0.5148514851485149,
  "25": 0.5291529152915292,
  "26": 0.5401540154015402,
  "27": 0.5456545654565457,
  "28": 0.5621562156215621,
  "29": 0.5764576457645765,
  "30": 0.5852585258525853,
  "31": 0.5940594059405941,
  "32": 0.6006600660066007,
  "33": 0.6116611661166117,
  "34": 0.6171617161716172,
  "35": 0.6237623762376238,
  "36": 0.6270627062706271,
  "37": 0.6325632563256326,
  "38": 0.6380638063806381,
  "39": 0.6468646864686469,
  "40": 0.6556655665566558,
  "41": 0.6666666666666667,
  "42": 0.6765676567656767,
  "43": 0.6842684268426843,
  "44": 0.6930693069306931,
  "45": 0.7051705170517052,
  "46": 0.713971397139714,
  "47": 0.7194719471947195,
  "48": 0.7282728272827284,
  "49": 0.7315731573157317,
  "50": 0.7326732673267328,
  "51": 0.7381738173817383,
  "52": 0.7447744774477448,
  "53": 0.7513751375137514,
  "54": 0.7601760176017602,
  "55": 0.7645764576457647,
  "56": 0.7667766776677668,
  "57": 0.7700770077007701,
  "58": 0.7733773377337735,
  "59": 0.7766776677667768,
  "60": 0.7799779977997802,
  "61": 0.7854785478547857,
  "62": 0.7920792079207922,
  "63": 0.7986798679867988,
  "64": 0.8030803080308032,
  "65": 0.8085808580858087,
  "66": 0.811881188118812,
  "67": 0.8140814081408142,
  "68": 0.8195819581958197,
  "69": 0.8261826182618263,
  "70": 0.8338833883388339,
  "72": 0.8371837183718372,
  "73": 0.8415841584158417,
  "74": 0.8470847084708472,
  "75": 0.8514851485148516,
  "76": 0.8547854785478549,
  "77": 0.855885588558856,
  "78": 0.8591859185918593,
  "79": 0.8646864686468648,
  "80": 0.866886688668867,
  "81": 0.8690869086908691,
  "82": 0.8701870187018702,
  "83": 0.8745874587458746,
  "84": 0.878987898789879,
  "85": 0.8800880088008801,
  "86": 0.8811881188118812,
  "87": 0.8866886688668867,
  "88": 0.8888888888888888,
  "89": 0.891089108910891,
  "90": 0.8954895489548954,
  "91": 0.9009900990099009,
  "92": 0.9042904290429042,
  "93": 0.9086908690869087,
  "94": 0.9108910891089108,
  "95": 0.913091309130913,
  "96": 0.9185918591859185,
  "97": 0.9196919691969195,
  "98": 0.9207920792079206,
  "100": 0.9218921892189217,
  "102": 0.925192519251925,
  "104": 0.9273927392739272,
  "105": 0.9284928492849283,
  "106": 0.9306930693069304,
  "107": 0.9317931793179315,
  "109": 0.9339933993399336,
  "111": 0.9350935093509347,
  "112": 0.9372937293729369,
  "113": 0.9383938393839379,
  "114": 0.939493949394939,
  "115": 0.9416941694169412,
  "116": 0.9427942794279423,
  "117": 0.9438943894389433,
  "119": 0.9449944994499444,
  "120": 0.9493949394939488,
  "123": 0.951595159515951,
  "126": 0.9537953795379531,
  "130": 0.9570957095709565,
  "131": 0.9581958195819575,
  "132": 0.962596259625962,
  "138": 0.963696369636963,
  "139": 0.9647964796479641,
  "140": 0.9669966996699663,
  "141": 0.9680968096809673,
  "142": 0.9713971397139707,
  "143": 0.9735973597359728,
  "144": 0.9746974697469739,
  "145": 0.975797579757975,
  "146": 0.9768976897689761,
  "147": 0.9790979097909782,
  "148": 0.9823982398239816,
  "151": 0.9834983498349826,
  "153": 0.9856985698569848,
  "154": 0.9867986798679859,
  "156": 0.9878987898789869,
  "164": 0.988998899889988,
  "166": 0.9900990099009891,
  "172": 0.9911991199119902,
  "174": 0.9944994499449935,
  "175": 0.9955995599559946,
  "176": 0.9966996699669957,
  "178": 0.9977997799779967,
  "183": 0.9988998899889978,
  "197": 0.9999999999999989
}