{
  "2": 0.04880581516095535,
  "3": 0.12461059190031153,
  "4": 0.18172377985462096,
  "5": 0.23987538940809966,
  "6": 0.29387331256490135,
  "7": 0.32710280373831774,
  "8": 0.3696780893042575,
  "9": 0.3966770508826583,
  "10": 0.42056074766355134,
  "11": 0.44755970924195215,
  "12": 0.48078920041536855,
  "13": 0.5005192107995845,
  "14": 0.526479750778816,
  "15": 0.5441329179646935,
  "16": 0.5638629283489095,
  "17": 0.5784008307372792,
  "18": 0.585669781931464,
  "19": 0.5960539979231566,
  "20": 0.6085150571131878,
  "21": 0.6188992731048804,
  "22": 0.629283489096573,
  "23": 0.6386292834890963,
  "24": 0.6438213914849427,
  "25": 0.6552440290758046,
  "26": 0.6656282450674972,
  "27": 0.672897196261682,
  "28": 0.6760124610591898,
  "29": 0.6895119418483902,
  "30": 0.6936656282450672,
  "31": 0.6978193146417442,
  "32": 0.705088265835929,
  "33": 0.7102803738317753,
  "34": 0.7113187954309446,
  "35": 0.7144340602284524,
  "36": 0.7185877466251294,
  "37": 0.7248182762201449,
  "38": 0.7320872274143297,
  "39": 0.7383177570093453,
  "40": 0.7414330218068531,
  "41": 0.7424714434060223,
  "42": 0.7435098650051916,
  "43": 0.7466251298026993,
  "44": 0.7497403946002071,
  "45": 0.7570093457943919,
  "46": 0.7601246105918997,
  "47": 0.761163032191069,
  "48": 0.7663551401869153,
  "49": 0.7684319833852539,
  "50": 0.7725856697819309,
  "51": 0.7746625129802694,
  "52": 0.7788161993769465,
  "53": 0.7819314641744542,
  "54": 0.7840083073727928,
  "55": 0.785046728971962,
  "56": 0.7871235721703006,
  "57": 0.7912772585669776,
  "58": 0.7933541017653162,
  "60": 0.7943925233644854,
  "61": 0.796469366562824,
  "62": 0.7985462097611625,
  "63": 0.8016614745586703,
  "64": 0.8068535825545167,
  "65": 0.8089304257528552,
  "66": 0.8110072689511938,
  "67": 0.812045690550363,
  "69": 0.8141225337487016,
  "70": 0.8151609553478708,
  "71": 0.81619937694704,
  "72": 0.8193146417445478,
  "73": 0.820353063343717,
  "74": 0.8245067497403941,
  "75": 0.8265835929387326,
  "76": 0.8276220145379019,
  "77": 0.8286604361370711,
  "78": 0.8317757009345789,
  "80": 0.8359293873312559,
  "81": 0.8380062305295944,
  "82": 0.8390446521287637,
  "83": 0.8400830737279329,
  "85": 0.8421599169262715,
  "86": 0.84423676012461,
  "87": 0.8452751817237792,
  "88": 0.8473520249221178,
  "89": 0.8494288681204564,
  "90": 0.8515057113187949,
  "91": 0.8546209761163027,
  "92": 0.855659397715472,
  "93": 0.8587746625129797,
  "94": 0.8618899273104875,
  "97": 0.8629283489096568,
  "98": 0.8650051921079953,
  "99": 0.8660436137071645,
  "100": 0.8670820353063338,
  "102": 0.8691588785046723,
  "104": 0.8701973001038416,
  "105": 0.8733125649013493,
  "106": 0.8764278296988571,
  "108": 0.8774662512980264,
  "109": 0.8795430944963649,
  "110": 0.8805815160955341,
  "111": 0.8816199376947034,
  "112": 0.8847352024922112,
  "113": 0.8857736240913804,
  "115": 0.8888888888888882,
  "120": 0.8909657320872267,
  "122": 0.892004153686396,
  "123": 0.8940809968847345,
  "124": 0.8951194184839038,
  "125": 0.8982346832814115,
  "126": 0.9003115264797501,
  "127": 0.9013499480789193,
  "128": 0.9023883696780886,
  "129": 0.9044652128764271,
  "130": 0.9055036344755963,
  "131": 0.9106957424714427,
  "132": 0.9127725856697813,
  "133": 0.9148494288681198,
  "134": 0.9169262720664584,
  "136": 0.9221183800623047,
  "137": 0.9252336448598125,
  "138": 0.9273104880581511,
  "139": 0.9283489096573203,
  "140": 0.9304257528556589,
  "141": 0.9314641744548281,
  "142": 0.9345794392523359,
  "143": 0.9356178608515051,
  "146": 0.9366562824506743,
  "148": 0.9387331256490129,
  "151": 0.9418483904465207,
  "152": 0.9449636552440285,
  "153": 0.9491173416407055,
  "154": 0.9501557632398747,
  "155": 0.9522326064382133,
  "156": 0.9532710280373825,
  "157": 0.9543094496365517,
  "158": 0.9563862928348903,
  "159": 0.9584631360332289,
  "160": 0.9595015576323981,
  "162": 0.9605399792315673,
  "163": 0.9615784008307365,
  "164": 0.9626168224299058,
  "165": 0.9646936656282443,
  "166": 0.9688473520249213,
  "167": 0.9719626168224291,
  "168": 0.9730010384215984,
  "169": 0.9761163032191061,
  "170": 0.9771547248182754,
  "171": 0.9781931464174446,
  "172": 0.9792315680166138,
  "178": 0.9813084112149524,
  "181": 0.9854620976116294,
  "182": 0.9865005192107986,
  "185": 0.9875389408099678,
  "186": 0.9885773624091371,
  "187": 0.9906542056074756,
  "188": 0.9916926272066449,
  "189": 0.9927310488058141,
  "191": 0.9937694704049833,
  "196": 0.9948078920041525,
  "197": 0.9968847352024911,
  "198": 0.9999999999999989
}