{
  "2": 0.005319148936170213,
  "3": 0.03324468085106383,
  "4": 0.05452127659574468,
  "5": 0.0797872340425532,
  "6": 0.1023936170212766,
  "7": 0.12632978723404256,
  "8": 0.14095744680851063,
  "9": 0.15558510638297873,
  "10": 0.17553191489361702,
  "11": 0.19281914893617022,
  "12": 0.20345744680851063,
  "13": 0.2247340425531915,
  "14": 0.23138297872340424,
  "15": 0.24734042553191488,
  "16": 0.2553191489361702,
  "17": 0.2699468085106383,
  "18": 0.2845744680851064,
  "19": 0.29388297872340424,
  "20": 0.30851063829787234,
  "21": 0.3178191489361702,
  "22": 0.32978723404255317,
  "23": 0.3377659574468085,
  "24": 0.34175531914893614,
  "25": 0.3523936170212766,
  "26": 0.3656914893617021,
  "27": 0.37499999999999994,
  "28": 0.38031914893617014,
  "29": 0.38829787234042545,
  "30": 0.39494680851063824,
  "31": 0.4055851063829787,
  "32": 0.41223404255319146,
  "33": 0.4228723404255319,
  "34": 0.4308510638297872,
  "35": 0.4428191489361702,
  "36": 0.449468085106383,
  "37": 0.4574468085106383,
  "38": 0.47473404255319146,
  "39": 0.4827127659574468,
  "40": 0.4920212765957446,
  "41": 0.5013297872340425,
  "42": 0.5053191489361702,
  "43": 0.509308510638298,
  "44": 0.5159574468085107,
  "45": 0.5252659574468086,
  "46": 0.5319148936170214,
  "47": 0.5372340425531916,
  "48": 0.5412234042553193,
  "49": 0.5438829787234044,
  "50": 0.5492021276595747,
  "51": 0.5545212765957449,
  "52": 0.5598404255319152,
  "53": 0.5651595744680854,
  "54": 0.5678191489361705,
  "55": 0.5731382978723407,
  "56": 0.5797872340425535,
  "57": 0.5851063829787237,
  "58": 0.590425531914894,
  "59": 0.5997340425531918,
  "60": 0.6090425531914897,
  "61": 0.6117021276595748,
  "62": 0.6156914893617025,
  "63": 0.6183510638297876,
  "64": 0.6250000000000003,
  "65": 0.6303191489361706,
  "66": 0.6369680851063834,
  "67": 0.6436170212765961,
  "68": 0.6462765957446812,
  "69": 0.6502659574468089,
  "70": 0.6542553191489366,
  "71": 0.6595744680851069,
  "72": 0.6688829787234047,
  "73": 0.6715425531914898,
  "74": 0.6835106382978728,
  "75": 0.6875000000000006,
  "76": 0.6928191489361708,
  "77": 0.6954787234042559,
  "78": 0.6981382978723409,
  "79": 0.7061170212765963,
  "80": 0.710106382978724,
  "81": 0.7114361702127665,
  "82": 0.7154255319148942,
  "83": 0.722074468085107,
  "84": 0.7247340425531921,
  "85": 0.7287234042553198,
  "86": 0.73404255319149,
  "87": 0.7406914893617028,
  "88": 0.7446808510638305,
  "89": 0.7500000000000008,
  "90": 0.7566489361702136,
  "91": 0.7632978723404263,
  "92": 0.7659574468085114,
  "93": 0.7686170212765965,
  "95": 0.7765957446808518,
  "96": 0.7792553191489369,
  "97": 0.7805851063829794,
  "98": 0.7832446808510645,
  "99": 0.7859042553191495,
  "100": 0.7885638297872346,
  "101": 0.7912234042553197,
  "102": 0.7938829787234047,
  "103": 0.7978723404255325,
  "104": 0.8005319148936175,
  "105": 0.8018617021276601,
  "107": 0.8058510638297878,
  "108": 0.8125000000000006,
  "109": 0.8164893617021283,
  "110": 0.820478723404256,
  "112": 0.8244680851063837,
  "113": 0.829787234042554,
  "114": 0.832446808510639,
  "115": 0.8351063829787241,
  "116": 0.8404255319148943,
  "117": 0.8457446808510646,
  "118": 0.8470744680851071,
  "119": 0.8510638297872348,
  "120": 0.8577127659574476,
  "121": 0.8603723404255327,
  "122": 0.8643617021276604,
  "125": 0.8656914893617029,
  "126": 0.8670212765957455,
  "129": 0.868351063829788,
  "131": 0.8723404255319157,
  "133": 0.8750000000000008,
  "134": 0.8776595744680858,
  "135": 0.8816489361702136,
  "137": 0.8856382978723413,
  "138": 0.8869680851063838,
  "139": 0.8922872340425541,
  "140": 0.8976063829787243,
  "142": 0.8989361702127668,
  "143": 0.9002659574468094,
  "144": 0.9015957446808519,
  "145": 0.9029255319148944,
  "147": 0.9055851063829795,
  "148": 0.9082446808510646,
  "149": 0.9095744680851071,
  "150": 0.9109042553191496,
  "151": 0.9148936170212774,
  "152": 0.9162234042553199,
  "153": 0.9175531914893624,
  "155": 0.9202127659574475,
  "156": 0.9242021276595752,
  "157": 0.9268617021276603,
  "158": 0.9295212765957453,
  "161": 0.9321808510638304,
  "162": 0.933510638297873,
  "164": 0.9388297872340432,
  "165": 0.9401595744680857,
  "166": 0.9414893617021283,
  "167": 0.9428191489361708,
  "168": 0.948138297872341,
  "169": 0.9521276595744688,
  "170": 0.9534574468085113,
  "171": 0.9587765957446815,
  "172": 0.9601063829787241,
  "173": 0.9614361702127666,
  "174": 0.9627659574468092,
  "176": 0.9640957446808517,
  "177": 0.9707446808510645,
  "179": 0.9734042553191495,
  "180": 0.9747340425531921,
  "181": 0.9800531914893623,
  "183": 0.9813829787234049,
  "185": 0.9840425531914899,
  "186": 0.9853723404255325,
  "187": 0.986702127659575,
  "188": 0.9893617021276601,
  "190": 0.9906914893617026,
  "191": 0.9933510638297877,
  "192": 0.9946808510638302,
  "193": 0.9960106382978727,
  "194": 0.9973404255319153,
  "196": 0.9986702127659578,
  "200": 1.0000000000000004
}