{
  "2": 0.015827338129496403,
  "3": 0.050359712230215826,
  "4": 0.09784172661870504,
  "5": 0.13956834532374102,
  "6": 0.17410071942446043,
  "7": 0.19136690647482013,
  "8": 0.20863309352517984,
  "9": 0.22733812949640286,
  "10": 0.2503597122302158,
  "11": 0.2719424460431654,
  "12": 0.2877697841726618,
  "13": 0.30647482014388483,
  "14": 0.3338129496402877,
  "15": 0.34964028776978406,
  "16": 0.36258992805755386,
  "17": 0.3841726618705035,
  "18": 0.3985611510791366,
  "19": 0.40719424460431647,
  "20": 0.42014388489208626,
  "21": 0.43165467625899273,
  "22": 0.4431654676258992,
  "23": 0.456115107913669,
  "24": 0.4647482014388489,
  "25": 0.47769784172661867,
  "26": 0.49064748201438846,
  "27": 0.497841726618705,
  "28": 0.5093525179856115,
  "29": 0.516546762589928,
  "30": 0.5280575539568345,
  "31": 0.5338129496402878,
  "32": 0.5424460431654676,
  "33": 0.5482014388489209,
  "34": 0.5553956834532374,
  "36": 0.5712230215827339,
  "37": 0.581294964028777,
  "38": 0.5827338129496403,
  "39": 0.5884892086330936,
  "40": 0.5956834532374101,
  "41": 0.60431654676259,
  "42": 0.6086330935251799,
  "43": 0.6158273381294964,
  "44": 0.6230215827338129,
  "45": 0.6302158273381294,
  "46": 0.6316546762589927,
  "47": 0.6345323741007194,
  "48": 0.6417266187050359,
  "49": 0.6489208633093524,
  "50": 0.6561151079136689,
  "51": 0.6604316546762589,
  "52": 0.6633093525179855,
  "53": 0.670503597122302,
  "54": 0.6834532374100718,
  "55": 0.6906474820143883,
  "56": 0.6920863309352516,
  "57": 0.6964028776978416,
  "58": 0.7050359712230214,
  "59": 0.7079136690647481,
  "60": 0.7107913669064747,
  "61": 0.716546762589928,
  "62": 0.7223021582733813,
  "63": 0.7294964028776978,
  "64": 0.7338129496402878,
  "65": 0.7424460431654676,
  "66": 0.7510791366906474,
  "67": 0.753956834532374,
  "68": 0.7568345323741007,
  "69": 0.7611510791366907,
  "71": 0.766906474820144,
  "72": 0.7712230215827339,
  "73": 0.7741007194244606,
  "74": 0.7812949640287771,
  "75": 0.7870503597122304,
  "76": 0.789928057553957,
  "77": 0.7928057553956837,
  "78": 0.7985611510791369,
  "79": 0.8014388489208636,
  "81": 0.8043165467625902,
  "83": 0.8129496402877701,
  "84": 0.81726618705036,
  "86": 0.8201438848920867,
  "87": 0.8244604316546766,
  "88": 0.8273381294964033,
  "89": 0.8287769784172666,
  "90": 0.8359712230215831,
  "91": 0.8402877697841731,
  "92": 0.844604316546763,
  "93": 0.8503597122302163,
  "94": 0.8546762589928063,
  "95": 0.8618705035971228,
  "96": 0.8676258992805761,
  "97": 0.8733812949640294,
  "98": 0.876258992805756,
  "99": 0.880575539568346,
  "100": 0.8820143884892093,
  "102": 0.8834532374100726,
  "103": 0.8863309352517993,
  "104": 0.8877697841726626,
  "105": 0.8935251798561159,
  "108": 0.8949640287769792,
  "110": 0.8978417266187059,
  "111": 0.8992805755395692,
  "115": 0.9007194244604325,
  "117": 0.9035971223021592,
  "118": 0.9093525179856125,
  "119": 0.9107913669064758,
  "122": 0.9136690647482024,
  "123": 0.9165467625899291,
  "124": 0.9194244604316557,
  "125": 0.9280575539568355,
  "128": 0.9309352517985622,
  "129": 0.9323741007194255,
  "130": 0.9352517985611521,
  "132": 0.9381294964028788,
  "133": 0.9395683453237421,
  "134": 0.9424460431654688,
  "136": 0.9438848920863321,
  "138": 0.9453237410071954,
  "139": 0.9496402877697854,
  "141": 0.9539568345323753,
  "143": 0.9553956834532387,
  "144": 0.956834532374102,
  "146": 0.9582733812949653,
  "147": 0.9597122302158286,
  "149": 0.961151079136692,
  "150": 0.9625899280575553,
  "152": 0.9640287769784186,
  "155": 0.9669064748201452,
  "156": 0.9697841726618719,
  "157": 0.9726618705035985,
  "159": 0.9741007194244619,
  "160": 0.9784172661870518,
  "165": 0.9812949640287785,
  "166": 0.9841726618705051,
  "168": 0.9856115107913684,
  "170": 0.9870503597122318,
  "172": 0.9884892086330951,
  "173": 0.9899280575539584,
  "181": 0.992805755395685,
  "186": 0.9942446043165484,
  "187": 0.9956834532374117,
  "193": 0.997122302158275,
  "198": 0.9985611510791383,
  "199": 1.0000000000000016
}