{
  "2": 0.096,
  "3": 0.513,
  "4": 0.747,
  "5": 0.821,
  "6": 0.867,
  "7": 0.893,
  "8": 0.916,
  "9": 0.937,
  "10": 0.9490000000000001,
  "11": 0.9590000000000001,
  "12": 0.9680000000000001,
  "13": 0.9750000000000001,
  "14": 0.9790000000000001,
  "15": 0.9810000000000001,
  "17": 0.9830000000000001,
  "18": 0.9860000000000001,
  "21": 0.9870000000000001,
  "22": 0.9890000000000001,
  "23": 0.9920000000000001,
  "24": 0.9930000000000001,
  "25": 0.9940000000000001,
  "27": 0.9950000000000001,
  "30": 0.9970000000000001,
  "34": 0.9980000000000001,
  "39": 0.9990000000000001,
  "43": 1.0
}