{
  "2": 0.05165289256198347,
  "3": 0.128099173553719,
  "4": 0.1683884297520661,
  "5": 0.22107438016528924,
  "6": 0.26136363636363635,
  "7": 0.3037190082644628,
  "8": 0.3440082644628099,
  "9": 0.375,
  "10": 0.4049586776859504,
  "11": 0.4369834710743801,
  "12": 0.45661157024793386,
  "13": 0.48140495867768596,
  "14": 0.5020661157024794,
  "15": 0.5206611570247934,
  "16": 0.5320247933884298,
  "17": 0.5382231404958678,
  "18": 0.5475206611570249,
  "19": 0.5599173553719009,
  "20": 0.5681818181818182,
  "21": 0.5795454545454546,
  "22": 0.5950413223140496,
  "23": 0.6043388429752067,
  "24": 0.6074380165289257,
  "25": 0.6198347107438017,
  "26": 0.6353305785123967,
  "27": 0.6384297520661157,
  "28": 0.6456611570247934,
  "29": 0.6539256198347108,
  "30": 0.6590909090909091,
  "31": 0.6673553719008264,
  "32": 0.6735537190082644,
  "33": 0.6776859504132231,
  "34": 0.6869834710743802,
  "35": 0.6942148760330579,
  "36": 0.6993801652892562,
  "37": 0.7055785123966942,
  "38": 0.7128099173553719,
  "39": 0.7138429752066116,
  "40": 0.7190082644628099,
  "41": 0.7231404958677685,
  "42": 0.7272727272727272,
  "44": 0.7303719008264462,
  "45": 0.7314049586776858,
  "46": 0.7345041322314049,
  "47": 0.7365702479338843,
  "48": 0.7407024793388429,
  "49": 0.743801652892562,
  "50": 0.746900826446281,
  "51": 0.7510330578512396,
  "52": 0.7582644628099173,
  "53": 0.7634297520661156,
  "54": 0.765495867768595,
  "55": 0.768595041322314,
  "56": 0.7706611570247934,
  "57": 0.7727272727272728,
  "58": 0.7789256198347109,
  "59": 0.7799586776859505,
  "60": 0.7809917355371901,
  "61": 0.7820247933884298,
  "62": 0.7892561983471075,
  "63": 0.7913223140495869,
  "64": 0.7944214876033059,
  "65": 0.7964876033057853,
  "66": 0.7985537190082647,
  "67": 0.803719008264463,
  "68": 0.806818181818182,
  "69": 0.8109504132231407,
  "70": 0.81301652892562,
  "71": 0.8171487603305787,
  "72": 0.8181818181818183,
  "74": 0.8202479338842977,
  "76": 0.8243801652892564,
  "77": 0.8264462809917358,
  "78": 0.8274793388429754,
  "79": 0.8305785123966944,
  "80": 0.8316115702479341,
  "81": 0.8336776859504135,
  "82": 0.8347107438016531,
  "83": 0.8367768595041325,
  "85": 0.8378099173553721,
  "86": 0.8398760330578515,
  "87": 0.8409090909090912,
  "89": 0.8440082644628102,
  "90": 0.8481404958677689,
  "91": 0.8502066115702482,
  "92": 0.8543388429752069,
  "93": 0.8564049586776863,
  "94": 0.8584710743801657,
  "95": 0.8605371900826451,
  "96": 0.8646694214876037,
  "97": 0.8667355371900831,
  "98": 0.8677685950413228,
  "99": 0.8739669421487608,
  "100": 0.8760330578512402,
  "101": 0.8770661157024798,
  "103": 0.8791322314049592,
  "105": 0.8801652892561989,
  "108": 0.8832644628099179,
  "109": 0.8842975206611575,
  "110": 0.8853305785123972,
  "111": 0.8863636363636368,
  "112": 0.8873966942148764,
  "113": 0.8894628099173558,
  "115": 0.8935950413223145,
  "116": 0.8977272727272732,
  "117": 0.9008264462809922,
  "119": 0.9028925619834716,
  "120": 0.9039256198347112,
  "121": 0.9049586776859508,
  "122": 0.9080578512396699,
  "123": 0.9090909090909095,
  "124": 0.9111570247933889,
  "125": 0.9132231404958683,
  "126": 0.9142561983471079,
  "127": 0.9183884297520666,
  "128": 0.9214876033057856,
  "129": 0.9225206611570252,
  "130": 0.9245867768595046,
  "132": 0.926652892561984,
  "133": 0.929752066115703,
  "135": 0.9318181818181824,
  "136": 0.9338842975206618,
  "137": 0.9349173553719015,
  "138": 0.9359504132231411,
  "139": 0.9369834710743807,
  "140": 0.9390495867768601,
  "142": 0.9400826446280998,
  "143": 0.9421487603305791,
  "144": 0.9431818181818188,
  "145": 0.9452479338842982,
  "146": 0.9483471074380172,
  "148": 0.9493801652892568,
  "149": 0.9514462809917362,
  "151": 0.9545454545454553,
  "152": 0.9576446280991743,
  "154": 0.9597107438016537,
  "156": 0.9607438016528933,
  "157": 0.9617768595041329,
  "159": 0.9628099173553726,
  "161": 0.9638429752066122,
  "162": 0.9648760330578519,
  "163": 0.9659090909090915,
  "164": 0.9679752066115709,
  "165": 0.9690082644628105,
  "168": 0.9710743801652899,
  "171": 0.9741735537190089,
  "172": 0.9752066115702486,
  "173": 0.9762396694214882,
  "174": 0.9772727272727278,
  "175": 0.9783057851239675,
  "176": 0.9803719008264469,
  "177": 0.9824380165289263,
  "179": 0.9834710743801659,
  "182": 0.9845041322314055,
  "184": 0.9855371900826452,
  "188": 0.9865702479338848,
  "191": 0.9917355371900831,
  "192": 0.9938016528925625,
  "196": 0.9948347107438021,
  "198": 0.9958677685950418,
  "199": 0.9969008264462814,
  "200": 1.0000000000000004
}