{
  "2": 0.04692387904066736,
  "3": 0.12304483837330553,
  "4": 0.18561001042752867,
  "5": 0.2408759124087591,
  "6": 0.2930135557872784,
  "7": 0.3284671532846715,
  "8": 0.36287799791449427,
  "9": 0.40041710114702816,
  "10": 0.43274244004171014,
  "11": 0.45255474452554745,
  "12": 0.4807090719499479,
  "13": 0.49635036496350365,
  "14": 0.5192909280500522,
  "15": 0.5380604796663191,
  "16": 0.5589155370177268,
  "17": 0.5693430656934306,
  "18": 0.5849843587069864,
  "19": 0.6016684045881125,
  "20": 0.611053180396246,
  "21": 0.6204379562043795,
  "22": 0.6298227320125129,
  "23": 0.6402502606882168,
  "24": 0.6454640250260687,
  "25": 0.6548488008342022,
  "26": 0.6621480709071949,
  "27": 0.6715328467153283,
  "28": 0.6798748696558914,
  "29": 0.6850886339937433,
  "30": 0.6913451511991656,
  "31": 0.6965589155370175,
  "32": 0.7007299270072991,
  "33": 0.7049009384775806,
  "34": 0.7090719499478622,
  "36": 0.7163712200208548,
  "37": 0.7205422314911364,
  "38": 0.7226277372262772,
  "39": 0.7247132429614179,
  "40": 0.7320125130344106,
  "41": 0.7361835245046922,
  "42": 0.7424400417101145,
  "43": 0.746611053180396,
  "44": 0.7476538060479664,
  "45": 0.7507820646506775,
  "46": 0.7559958289885295,
  "47": 0.7591240875912406,
  "48": 0.7622523461939518,
  "49": 0.7643378519290925,
  "50": 0.7685088633993741,
  "51": 0.7705943691345148,
  "52": 0.7747653806047964,
  "53": 0.7778936392075075,
  "55": 0.7851929092805002,
  "56": 0.787278415015641,
  "57": 0.7893639207507818,
  "58": 0.7924921793534929,
  "59": 0.7945776850886337,
  "60": 0.7987486965589152,
  "61": 0.800834202294056,
  "62": 0.8039624608967672,
  "63": 0.8091762252346191,
  "64": 0.8112617309697598,
  "65": 0.8154327424400414,
  "66": 0.8164754953076118,
  "67": 0.8175182481751821,
  "69": 0.8185610010427525,
  "70": 0.8206465067778933,
  "71": 0.8227320125130341,
  "72": 0.8248175182481748,
  "73": 0.8258602711157452,
  "74": 0.827945776850886,
  "75": 0.8300312825860268,
  "76": 0.8321167883211675,
  "77": 0.8331595411887379,
  "78": 0.8362877997914491,
  "79": 0.8404588112617306,
  "80": 0.841501564129301,
  "81": 0.8425443169968714,
  "82": 0.8446298227320121,
  "84": 0.8498435870698641,
  "85": 0.8519290928050048,
  "86": 0.8540145985401456,
  "87": 0.8571428571428568,
  "88": 0.8581856100104271,
  "89": 0.8592283628779975,
  "90": 0.8613138686131383,
  "91": 0.8654848800834198,
  "92": 0.868613138686131,
  "94": 0.8706986444212718,
  "95": 0.8727841501564125,
  "96": 0.8759124087591237,
  "97": 0.8790406673618348,
  "98": 0.882168925964546,
  "99": 0.8832116788321164,
  "100": 0.8842544316996868,
  "101": 0.8852971845672571,
  "102": 0.8884254431699683,
  "103": 0.8905109489051091,
  "104": 0.8925964546402498,
  "105": 0.8946819603753906,
  "110": 0.895724713242961,
  "111": 0.8978102189781018,
  "112": 0.8998957247132425,
  "115": 0.9009384775808129,
  "116": 0.9040667361835241,
  "117": 0.9051094890510945,
  "118": 0.909280500521376,
  "119": 0.9103232533889464,
  "121": 0.9113660062565168,
  "122": 0.9134515119916575,
  "123": 0.9144942648592279,
  "124": 0.9155370177267983,
  "125": 0.9197080291970798,
  "126": 0.9207507820646502,
  "127": 0.9238790406673614,
  "128": 0.9301355578727837,
  "129": 0.9332638164754948,
  "133": 0.9343065693430652,
  "134": 0.9353493222106356,
  "135": 0.9374348279457764,
  "136": 0.9384775808133468,
  "137": 0.9405630865484875,
  "138": 0.9416058394160579,
  "139": 0.9426485922836283,
  "143": 0.9447340980187691,
  "145": 0.9468196037539098,
  "146": 0.9489051094890506,
  "147": 0.949947862356621,
  "148": 0.9509906152241914,
  "149": 0.9520333680917618,
  "155": 0.9541188738269025,
  "156": 0.9572471324296137,
  "159": 0.9614181438998952,
  "161": 0.9645464025026064,
  "162": 0.9655891553701768,
  "163": 0.9676746611053175,
  "164": 0.9687174139728879,
  "165": 0.9697601668404583,
  "167": 0.9718456725755991,
  "168": 0.9728884254431694,
  "169": 0.9739311783107398,
  "172": 0.9749739311783102,
  "174": 0.9760166840458806,
  "175": 0.9781021897810214,
  "176": 0.9791449426485918,
  "177": 0.9812304483837325,
  "178": 0.9833159541188733,
  "181": 0.9854014598540141,
  "182": 0.9874869655891548,
  "184": 0.9895724713242956,
  "185": 0.990615224191866,
  "187": 0.9927007299270068,
  "192": 0.9937434827945771,
  "193": 0.9947862356621475,
  "194": 0.9958289885297179,
  "196": 0.9979144942648587,
  "199": 0.9989572471324291,
  "200": 0.9999999999999994
}