{
  "2": 0.054313099041533544,
  "3": 0.10117145899893504,
  "4": 0.13312034078807242,
  "5": 0.15548455804046857,
  "6": 0.18317358892438762,
  "7": 0.23003194888178913,
  "8": 0.2747603833865815,
  "9": 0.30244941427050054,
  "10": 0.32374866879659214,
  "11": 0.35356762513312034,
  "12": 0.3769968051118211,
  "13": 0.402555910543131,
  "14": 0.4100106496272631,
  "15": 0.42598509052183176,
  "16": 0.435569755058573,
  "17": 0.4462193823216188,
  "18": 0.45899893503727374,
  "19": 0.4781682641107562,
  "20": 0.48455804046858364,
  "21": 0.49840255591054317,
  "22": 0.5037273695420661,
  "23": 0.509052183173589,
  "24": 0.5165069222577211,
  "25": 0.5207667731629394,
  "26": 0.5250266240681577,
  "27": 0.5260915867944623,
  "28": 0.527156549520767,
  "29": 0.5314164004259853,
  "30": 0.534611288604899,
  "31": 0.5420660276890311,
  "32": 0.5452609158679449,
  "33": 0.5495207667731632,
  "37": 0.5548455804046861,
  "38": 0.5559105431309908,
  "39": 0.5591054313099045,
  "40": 0.5623003194888183,
  "41": 0.5686900958466458,
  "42": 0.5740149094781687,
  "43": 0.5804046858359961,
  "44": 0.5835995740149099,
  "45": 0.5846645367412145,
  "46": 0.5857294994675192,
  "47": 0.588924387646433,
  "48": 0.5899893503727376,
  "49": 0.5910543130990422,
  "50": 0.5931842385516514,
  "51": 0.594249201277956,
  "52": 0.5953141640042606,
  "53": 0.6006389776357836,
  "54": 0.6038338658146973,
  "55": 0.6059637912673065,
  "56": 0.6091586794462203,
  "57": 0.6155484558040477,
  "58": 0.619808306709266,
  "59": 0.6283280085197026,
  "60": 0.6315228966986164,
  "61": 0.6347177848775302,
  "62": 0.6368477103301393,
  "63": 0.6400425985090531,
  "64": 0.645367412140576,
  "65": 0.6560170394036218,
  "66": 0.6613418530351447,
  "67": 0.6645367412140585,
  "68": 0.6656017039403631,
  "69": 0.6666666666666677,
  "71": 0.670926517571886,
  "72": 0.6794462193823226,
  "73": 0.6826411075612364,
  "74": 0.6858359957401502,
  "75": 0.6869009584664548,
  "76": 0.6879659211927595,
  "77": 0.6900958466453686,
  "78": 0.6932907348242824,
  "79": 0.6964856230031962,
  "80": 0.7050053248136328,
  "81": 0.7082002129925465,
  "82": 0.7124600638977648,
  "84": 0.7177848775292878,
  "85": 0.7199148029818969,
  "86": 0.7220447284345061,
  "87": 0.7252396166134198,
  "88": 0.7284345047923336,
  "89": 0.7337593184238566,
  "90": 0.7412140575079886,
  "91": 0.7454739084132069,
  "92": 0.752928647497339,
  "93": 0.7539936102236436,
  "95": 0.7582534611288619,
  "96": 0.7614483493077757,
  "97": 0.7646432374866895,
  "98": 0.7678381256656033,
  "99": 0.7710330138445171,
  "100": 0.7742279020234308,
  "101": 0.7795527156549538,
  "102": 0.7816826411075629,
  "103": 0.7859424920127812,
  "104": 0.789137380191695,
  "105": 0.7902023429179996,
  "106": 0.7912673056443043,
  "107": 0.794462193823218,
  "108": 0.7987220447284363,
  "109": 0.8008519701810455,
  "111": 0.8040468583599593,
  "112": 0.8061767838125684,
  "113": 0.807241746538873,
  "115": 0.8093716719914822,
  "116": 0.8146964856230051,
  "117": 0.8157614483493097,
  "119": 0.8189563365282235,
  "120": 0.8232161874334418,
  "121": 0.8242811501597465,
  "122": 0.8253461128860511,
  "123": 0.8264110756123557,
  "124": 0.8296059637912695,
  "125": 0.8317358892438786,
  "126": 0.8338658146964878,
  "127": 0.8349307774227924,
  "128": 0.8381256656017062,
  "129": 0.8423855165069245,
  "130": 0.8477103301384474,
  "131": 0.8509052183173612,
  "133": 0.8530351437699704,
  "134": 0.8583599574014933,
  "135": 0.8604898828541024,
  "136": 0.8636847710330162,
  "137": 0.8700745473908437,
  "138": 0.8732694355697574,
  "139": 0.8753993610223666,
  "140": 0.8785942492012804,
  "141": 0.8860489882854125,
  "142": 0.8871139510117171,
  "143": 0.8892438764643262,
  "144": 0.89243876464324,
  "145": 0.8966986155484583,
  "147": 0.8998935037273721,
  "149": 0.9030883919062859,
  "150": 0.9062832800851996,
  "151": 0.9084132055378088,
  "152": 0.9126730564430271,
  "153": 0.9169329073482454,
  "154": 0.9201277955271592,
  "155": 0.9211927582534638,
  "156": 0.9243876464323776,
  "157": 0.9254526091586822,
  "158": 0.9275825346112914,
  "159": 0.9318423855165097,
  "160": 0.9371671991480326,
  "161": 0.9414270500532509,
  "162": 0.9467518636847738,
  "163": 0.9499467518636876,
  "164": 0.9510117145899922,
  "165": 0.9563365282215152,
  "166": 0.9584664536741243,
  "167": 0.9595314164004289,
  "168": 0.9605963791267336,
  "169": 0.9616613418530382,
  "170": 0.9637912673056473,
  "171": 0.9669861554845611,
  "172": 0.9691160809371703,
  "174": 0.9712460063897794,
  "175": 0.9723109691160841,
  "176": 0.9733759318423887,
  "178": 0.9744408945686933,
  "179": 0.9787007454739116,
  "180": 0.9797657082002162,
  "182": 0.9818956336528254,
  "183": 0.9850905218317392,
  "184": 0.9861554845580438,
  "185": 0.988285410010653,
  "186": 0.9904153354632621,
  "188": 0.9925452609158713,
  "190": 0.9936102236421759,
  "192": 0.9946751863684805,
  "195": 0.9968051118210897,
  "196": 0.9989350372736988,
  "200": 1.0000000000000033
}