{
  "2": 0.0660377358490566,
  "3": 0.11132075471698114,
  "4": 0.15849056603773587,
  "5": 0.17735849056603775,
  "6": 0.21509433962264152,
  "7": 0.24716981132075472,
  "8": 0.27358490566037735,
  "9": 0.30377358490566037,
  "10": 0.31886792452830187,
  "11": 0.3584905660377358,
  "12": 0.3830188679245283,
  "13": 0.4150943396226415,
  "14": 0.43584905660377354,
  "15": 0.46603773584905656,
  "16": 0.48113207547169806,
  "17": 0.4943396226415094,
  "18": 0.5018867924528302,
  "19": 0.5094339622641509,
  "20": 0.5188679245283019,
  "21": 0.5245283018867924,
  "22": 0.5377358490566038,
  "23": 0.560377358490566,
  "24": 0.5716981132075472,
  "25": 0.5830188679245283,
  "26": 0.5849056603773585,
  "27": 0.6075471698113207,
  "28": 0.6188679245283019,
  "29": 0.630188679245283,
  "30": 0.6433962264150943,
  "31": 0.6528301886792452,
  "32": 0.6622641509433962,
  "33": 0.6735849056603773,
  "34": 0.6867924528301886,
  "35": 0.6962264150943396,
  "36": 0.7094339622641509,
  "37": 0.7169811320754716,
  "38": 0.7283018867924528,
  "39": 0.7358490566037735,
  "40": 0.7452830188679245,
  "41": 0.7566037735849056,
  "42": 0.7641509433962264,
  "43": 0.7660377358490565,
  "44": 0.7792452830188679,
  "45": 0.781132075471698,
  "46": 0.7830188679245282,
  "47": 0.7867924528301886,
  "48": 0.790566037735849,
  "49": 0.7943396226415094,
  "50": 0.7962264150943396,
  "51": 0.7999999999999999,
  "52": 0.8037735849056603,
  "53": 0.8150943396226414,
  "54": 0.8226415094339622,
  "55": 0.8283018867924528,
  "56": 0.8320754716981131,
  "57": 0.8396226415094339,
  "58": 0.8433962264150943,
  "59": 0.8490566037735848,
  "60": 0.850943396226415,
  "61": 0.8547169811320754,
  "62": 0.8566037735849056,
  "63": 0.8584905660377358,
  "64": 0.8641509433962263,
  "66": 0.8679245283018867,
  "67": 0.8754716981132075,
  "68": 0.8792452830188678,
  "69": 0.881132075471698,
  "70": 0.890566037735849,
  "71": 0.8962264150943395,
  "73": 0.8981132075471697,
  "75": 0.8999999999999999,
  "77": 0.9037735849056603,
  "80": 0.9075471698113207,
  "81": 0.9094339622641509,
  "83": 0.911320754716981,
  "84": 0.9169811320754716,
  "85": 0.920754716981132,
  "86": 0.9245283018867924,
  "87": 0.9283018867924527,
  "88": 0.9301886792452829,
  "89": 0.9320754716981131,
  "90": 0.9339622641509433,
  "92": 0.9377358490566037,
  "93": 0.9396226415094339,
  "95": 0.941509433962264,
  "96": 0.9433962264150942,
  "97": 0.9471698113207546,
  "99": 0.9490566037735848,
  "100": 0.950943396226415,
  "103": 0.9547169811320754,
  "104": 0.9566037735849056,
  "108": 0.9584905660377357,
  "109": 0.9603773584905659,
  "110": 0.9622641509433961,
  "114": 0.9641509433962263,
  "115": 0.9660377358490565,
  "125": 0.9679245283018867,
  "127": 0.9698113207547169,
  "132": 0.9716981132075471,
  "133": 0.9735849056603773,
  "135": 0.9754716981132074,
  "137": 0.9773584905660376,
  "141": 0.9792452830188678,
  "147": 0.981132075471698,
  "150": 0.9849056603773584,
  "151": 0.9867924528301886,
  "154": 0.9886792452830188,
  "159": 0.990566037735849,
  "165": 0.9924528301886791,
  "166": 0.9943396226415093,
  "175": 0.9962264150943395,
  "192": 0.9981132075471697,
  "196": 0.9999999999999999
}