{
  "2": 0.46987951807228917,
  "3": 0.7429718875502008,
  "4": 0.9129852744310576,
  "5": 0.9852744310575636,
  "6": 1.0
}