{
  "2": 0.0389768574908648,
  "3": 0.12545676004872108,
  "4": 0.20219244823386115,
  "5": 0.2728380024360536,
  "6": 0.3081607795371498,
  "7": 0.34835566382460414,
  "8": 0.389768574908648,
  "9": 0.4263093788063338,
  "10": 0.45310596833130334,
  "11": 0.48355663824604145,
  "12": 0.507917174177832,
  "13": 0.5371498172959805,
  "14": 0.5505481120584653,
  "15": 0.5554202192448234,
  "16": 0.5627283800243605,
  "17": 0.5712545676004872,
  "18": 0.5834348355663824,
  "19": 0.5895249695493301,
  "20": 0.6004872107186359,
  "21": 0.6151035322777102,
  "22": 0.6248477466504264,
  "23": 0.6309378806333741,
  "24": 0.6333739342265531,
  "25": 0.6370280146163216,
  "26": 0.6528623629719854,
  "27": 0.6613885505481121,
  "28": 0.6650426309378806,
  "29": 0.6735688185140073,
  "30": 0.6869671132764921,
  "31": 0.705237515225335,
  "32": 0.7125456760048721,
  "33": 0.7174177831912302,
  "34": 0.7259439707673568,
  "35": 0.7320341047503045,
  "36": 0.7356881851400731,
  "37": 0.7429963459196102,
  "38": 0.7576126674786845,
  "39": 0.7661388550548112,
  "40": 0.7722289890377588,
  "41": 0.7771010962241169,
  "43": 0.7783191230207065,
  "44": 0.7880633373934227,
  "45": 0.7941534713763704,
  "46": 0.7990255785627285,
  "47": 0.802679658952497,
  "48": 0.8087697929354447,
  "49": 0.8112058465286237,
  "50": 0.8160779537149818,
  "51": 0.8197320341047504,
  "52": 0.8221680876979294,
  "54": 0.8246041412911084,
  "57": 0.8270401948842874,
  "58": 0.8294762484774664,
  "59": 0.8343483556638245,
  "60": 0.835566382460414,
  "61": 0.8392204628501826,
  "62": 0.8428745432399511,
  "63": 0.8477466504263093,
  "64": 0.8526187576126674,
  "65": 0.8538367844092569,
  "66": 0.8562728380024359,
  "67": 0.861144945188794,
  "68": 0.8647990255785626,
  "69": 0.8660170523751521,
  "70": 0.8684531059683311,
  "71": 0.8721071863580997,
  "72": 0.8794153471376368,
  "73": 0.8818514007308158,
  "74": 0.8830694275274054,
  "75": 0.8879415347137635,
  "76": 0.8903775883069425,
  "77": 0.894031668696711,
  "78": 0.8976857490864796,
  "79": 0.9013398294762481,
  "80": 0.9049939098660167,
  "81": 0.9074299634591957,
  "83": 0.9098660170523747,
  "84": 0.9110840438489642,
  "85": 0.9147381242387328,
  "87": 0.9171741778319118,
  "88": 0.9183922046285014,
  "89": 0.9208282582216804,
  "90": 0.9244823386114489,
  "91": 0.9281364190012175,
  "92": 0.9305724725943965,
  "93": 0.934226552984165,
  "95": 0.9354445797807546,
  "96": 0.9366626065773441,
  "97": 0.9403166869671127,
  "98": 0.9415347137637022,
  "104": 0.9427527405602918,
  "105": 0.9439707673568813,
  "109": 0.9464068209500603,
  "113": 0.9476248477466499,
  "115": 0.9488428745432395,
  "119": 0.950060901339829,
  "128": 0.952496954933008,
  "129": 0.9537149817295976,
  "133": 0.9549330085261871,
  "135": 0.9561510353227767,
  "138": 0.9573690621193662,
  "140": 0.9585870889159558,
  "142": 0.9598051157125453,
  "143": 0.9610231425091349,
  "144": 0.9622411693057245,
  "145": 0.963459196102314,
  "147": 0.9646772228989036,
  "156": 0.9658952496954931,
  "158": 0.9671132764920827,
  "160": 0.9707673568818512,
  "161": 0.9719853836784408,
  "163": 0.9732034104750303,
  "165": 0.9744214372716199,
  "166": 0.9756394640682094,
  "167": 0.976857490864799,
  "168": 0.9780755176613886,
  "169": 0.9792935444579781,
  "170": 0.9805115712545677,
  "172": 0.9829476248477467,
  "176": 0.9841656516443362,
  "177": 0.9853836784409258,
  "179": 0.9866017052375153,
  "182": 0.9890377588306943,
  "183": 0.9902557856272839,
  "184": 0.9914738124238734,
  "185": 0.992691839220463,
  "187": 0.9939098660170526,
  "191": 0.9951278928136421,
  "193": 0.9963459196102317,
  "194": 0.9975639464068212,
  "198": 0.9987819732034108,
  "199": 1.0000000000000002
}