{
  "2": 0.296,
  "3": 0.552,
  "4": 0.626,
  "5": 0.71,
  "6": 0.7979999999999999,
  "7": 0.855,
  "9": 0.872,
  "10": 0.89,
  "11": 0.896,
  "12": 0.924,
  "13": 0.936,
  "14": 0.9500000000000001,
  "15": 0.9640000000000001,
  "16": 0.9840000000000001,
  "17": 0.9970000000000001,
  "18": 1.0
}