{
  "2": 0.086,
  "3": 0.519,
  "4": 0.79,
  "5": 0.868,
  "6": 0.908,
  "7": 0.928,
  "8": 0.9400000000000001,
  "9": 0.9490000000000001,
  "10": 0.9610000000000001,
  "11": 0.9750000000000001,
  "12": 0.9790000000000001,
  "13": 0.9840000000000001,
  "14": 0.9850000000000001,
  "16": 0.9880000000000001,
  "18": 0.9890000000000001,
  "20": 0.9910000000000001,
  "22": 0.9950000000000001,
  "23": 0.9960000000000001,
  "25": 0.9970000000000001,
  "26": 0.9980000000000001,
  "28": 0.9990000000000001,
  "34": 1.0
}