{
  "2": 0.02046783625730994,
  "3": 0.06140350877192982,
  "4": 0.1154970760233918,
  "5": 0.15204678362573099,
  "6": 0.19298245614035087,
  "7": 0.22660818713450293,
  "8": 0.2543859649122807,
  "9": 0.28362573099415206,
  "10": 0.3026315789473684,
  "11": 0.3201754385964912,
  "12": 0.3435672514619883,
  "13": 0.37719298245614036,
  "14": 0.3888888888888889,
  "15": 0.4035087719298246,
  "16": 0.4108187134502924,
  "17": 0.42543859649122806,
  "18": 0.4473684210526316,
  "19": 0.4605263157894737,
  "20": 0.4780701754385965,
  "21": 0.4926900584795322,
  "22": 0.5131578947368421,
  "23": 0.5248538011695907,
  "24": 0.5453216374269007,
  "25": 0.5570175438596492,
  "26": 0.5657894736842106,
  "27": 0.5760233918128655,
  "28": 0.5891812865497077,
  "29": 0.5979532163742691,
  "30": 0.608187134502924,
  "31": 0.6154970760233919,
  "32": 0.6315789473684211,
  "33": 0.6418128654970761,
  "34": 0.6593567251461989,
  "35": 0.6652046783625731,
  "36": 0.672514619883041,
  "37": 0.6827485380116959,
  "38": 0.6915204678362573,
  "39": 0.7002923976608187,
  "40": 0.7090643274853802,
  "41": 0.7134502923976609,
  "42": 0.7149122807017545,
  "43": 0.7163742690058481,
  "45": 0.7236842105263159,
  "46": 0.7309941520467838,
  "47": 0.7339181286549709,
  "48": 0.7397660818713452,
  "49": 0.747076023391813,
  "50": 0.7485380116959066,
  "52": 0.7543859649122808,
  "53": 0.7573099415204679,
  "54": 0.7616959064327486,
  "55": 0.7631578947368423,
  "56": 0.7646198830409359,
  "57": 0.7704678362573101,
  "58": 0.7719298245614037,
  "59": 0.7792397660818715,
  "60": 0.7807017543859651,
  "61": 0.7880116959064329,
  "62": 0.7923976608187137,
  "63": 0.7967836257309944,
  "64": 0.7997076023391815,
  "65": 0.8026315789473686,
  "66": 0.8055555555555557,
  "68": 0.8143274853801171,
  "69": 0.8157894736842107,
  "71": 0.8245614035087722,
  "72": 0.8274853801169593,
  "73": 0.8333333333333335,
  "74": 0.8347953216374271,
  "75": 0.8377192982456142,
  "76": 0.845029239766082,
  "77": 0.8494152046783627,
  "78": 0.8538011695906434,
  "79": 0.8567251461988306,
  "80": 0.8611111111111113,
  "81": 0.8625730994152049,
  "82": 0.8669590643274856,
  "83": 0.8684210526315792,
  "85": 0.8713450292397663,
  "86": 0.8742690058479534,
  "87": 0.8786549707602341,
  "88": 0.8815789473684212,
  "89": 0.8845029239766083,
  "91": 0.8888888888888891,
  "92": 0.8918128654970762,
  "93": 0.8961988304093569,
  "94": 0.899122807017544,
  "95": 0.9035087719298247,
  "96": 0.9122807017543861,
  "97": 0.9137426900584797,
  "98": 0.9152046783625734,
  "99": 0.9181286549707605,
  "101": 0.9195906432748541,
  "102": 0.9210526315789477,
  "104": 0.9239766081871348,
  "106": 0.9254385964912284,
  "107": 0.926900584795322,
  "109": 0.9298245614035091,
  "110": 0.9312865497076027,
  "111": 0.9327485380116963,
  "112": 0.937134502923977,
  "113": 0.9385964912280707,
  "119": 0.9400584795321643,
  "120": 0.9415204678362579,
  "126": 0.944444444444445,
  "129": 0.9473684210526321,
  "131": 0.9488304093567257,
  "132": 0.9502923976608193,
  "134": 0.9517543859649129,
  "135": 0.9532163742690065,
  "138": 0.9561403508771936,
  "139": 0.9576023391812872,
  "140": 0.9590643274853808,
  "141": 0.9605263157894744,
  "143": 0.9619883040935681,
  "144": 0.9634502923976617,
  "145": 0.9663742690058488,
  "146": 0.9678362573099424,
  "148": 0.969298245614036,
  "149": 0.9707602339181296,
  "154": 0.9722222222222232,
  "158": 0.9751461988304103,
  "161": 0.9766081871345039,
  "162": 0.9780701754385975,
  "163": 0.9795321637426911,
  "164": 0.9809941520467848,
  "168": 0.9824561403508784,
  "174": 0.983918128654972,
  "177": 0.9853801169590656,
  "178": 0.9868421052631592,
  "184": 0.9897660818713463,
  "189": 0.9912280701754399,
  "193": 0.994152046783627,
  "194": 0.9970760233918141,
  "195": 0.9985380116959077,
  "199": 1.0000000000000013
}