{
  "2": 0.028395061728395062,
  "3": 0.07160493827160494,
  "4": 0.11358024691358025,
  "5": 0.14074074074074075,
  "6": 0.1703703703703704,
  "7": 0.2,
  "8": 0.2197530864197531,
  "9": 0.24197530864197533,
  "10": 0.2654320987654321,
  "11": 0.28271604938271605,
  "12": 0.2975308641975309,
  "13": 0.3197530864197531,
  "14": 0.3345679012345679,
  "15": 0.3469135802469136,
  "16": 0.3580246913580247,
  "17": 0.37283950617283956,
  "18": 0.38518518518518524,
  "19": 0.40123456790123463,
  "20": 0.417283950617284,
  "21": 0.43086419753086425,
  "22": 0.4395061728395062,
  "23": 0.4592592592592593,
  "24": 0.4753086419753087,
  "25": 0.4851851851851852,
  "26": 0.49506172839506174,
  "27": 0.5074074074074074,
  "28": 0.5135802469135803,
  "29": 0.5246913580246914,
  "30": 0.5333333333333333,
  "31": 0.5469135802469136,
  "32": 0.5592592592592593,
  "33": 0.5641975308641977,
  "34": 0.5728395061728396,
  "35": 0.580246913580247,
  "36": 0.5851851851851854,
  "37": 0.5987654320987656,
  "38": 0.6086419753086422,
  "39": 0.6160493827160496,
  "40": 0.6185185185185187,
  "41": 0.623456790123457,
  "42": 0.6395061728395064,
  "43": 0.6456790123456793,
  "44": 0.6567901234567903,
  "45": 0.6592592592592594,
  "46": 0.6654320987654323,
  "47": 0.6740740740740743,
  "48": 0.6827160493827162,
  "49": 0.6913580246913582,
  "50": 0.7000000000000002,
  "51": 0.7074074074074076,
  "52": 0.7172839506172841,
  "53": 0.7209876543209878,
  "54": 0.7283950617283952,
  "55": 0.7320987654320988,
  "56": 0.7419753086419754,
  "57": 0.7481481481481482,
  "58": 0.7567901234567902,
  "59": 0.7604938271604939,
  "60": 0.7654320987654322,
  "61": 0.7679012345679013,
  "62": 0.7740740740740741,
  "63": 0.7765432098765432,
  "64": 0.7777777777777778,
  "65": 0.7827160493827161,
  "66": 0.7839506172839507,
  "67": 0.788888888888889,
  "68": 0.7901234567901235,
  "69": 0.7962962962962964,
  "70": 0.8012345679012347,
  "71": 0.806172839506173,
  "72": 0.8098765432098767,
  "74": 0.814814814814815,
  "75": 0.8160493827160495,
  "76": 0.8197530864197532,
  "77": 0.8259259259259261,
  "78": 0.8296296296296297,
  "79": 0.8320987654320988,
  "81": 0.8333333333333334,
  "82": 0.8358024691358025,
  "83": 0.8382716049382716,
  "84": 0.8407407407407407,
  "85": 0.845679012345679,
  "86": 0.8506172839506173,
  "87": 0.8580246913580247,
  "88": 0.8617283950617284,
  "89": 0.865432098765432,
  "90": 0.8666666666666666,
  "91": 0.8703703703703702,
  "92": 0.8740740740740739,
  "93": 0.876543209876543,
  "94": 0.8777777777777775,
  "95": 0.8827160493827159,
  "96": 0.885185185185185,
  "97": 0.8864197530864195,
  "99": 0.8913580246913578,
  "100": 0.8950617283950615,
  "101": 0.8975308641975306,
  "102": 0.9012345679012342,
  "103": 0.9037037037037033,
  "104": 0.9049382716049379,
  "106": 0.9061728395061724,
  "107": 0.907407407407407,
  "108": 0.9098765432098761,
  "109": 0.9111111111111106,
  "110": 0.9148148148148143,
  "111": 0.9160493827160489,
  "112": 0.918518518518518,
  "115": 0.9222222222222216,
  "117": 0.9234567901234562,
  "118": 0.9246913580246907,
  "120": 0.9271604938271598,
  "121": 0.9283950617283944,
  "122": 0.9296296296296289,
  "123": 0.9308641975308635,
  "125": 0.932098765432098,
  "127": 0.9333333333333326,
  "128": 0.9345679012345671,
  "129": 0.9382716049382708,
  "130": 0.9395061728395053,
  "131": 0.9407407407407399,
  "132": 0.9444444444444435,
  "135": 0.9456790123456781,
  "136": 0.9469135802469126,
  "138": 0.9493827160493817,
  "142": 0.9506172839506163,
  "143": 0.9518518518518508,
  "145": 0.9567901234567892,
  "148": 0.9592592592592583,
  "150": 0.9604938271604928,
  "151": 0.9629629629629619,
  "152": 0.9641975308641965,
  "153": 0.9666666666666656,
  "155": 0.9679012345679001,
  "156": 0.9691358024691347,
  "157": 0.9716049382716038,
  "158": 0.9728395061728383,
  "161": 0.9740740740740729,
  "162": 0.9777777777777765,
  "164": 0.9802469135802456,
  "165": 0.9814814814814802,
  "167": 0.9827160493827147,
  "170": 0.9851851851851838,
  "173": 0.9876543209876529,
  "177": 0.9888888888888875,
  "178": 0.990123456790122,
  "183": 0.9925925925925911,
  "186": 0.9938271604938257,
  "187": 0.9950617283950602,
  "190": 0.9962962962962948,
  "192": 0.9987654320987639,
  "195": 0.9999999999999984
}