{
  "2": 0.028708133971291867,
  "3": 0.06220095693779905,
  "4": 0.1244019138755981,
  "5": 0.15311004784688997,
  "6": 0.2105263157894737,
  "7": 0.24401913875598089,
  "8": 0.2822966507177034,
  "9": 0.3014354066985646,
  "10": 0.32057416267942584,
  "11": 0.3779904306220096,
  "12": 0.4114832535885168,
  "13": 0.4162679425837321,
  "14": 0.44497607655502397,
  "15": 0.4545454545454546,
  "16": 0.4736842105263158,
  "17": 0.4976076555023924,
  "18": 0.5071770334928231,
  "19": 0.535885167464115,
  "20": 0.5645933014354069,
  "21": 0.5885167464114834,
  "22": 0.6076555023923447,
  "23": 0.61244019138756,
  "24": 0.6315789473684212,
  "25": 0.6411483253588519,
  "26": 0.674641148325359,
  "27": 0.703349282296651,
  "28": 0.7177033492822968,
  "29": 0.7464114832535887,
  "30": 0.7846889952153112,
  "31": 0.8038277511961724,
  "32": 0.827751196172249,
  "33": 0.8421052631578949,
  "34": 0.8564593301435408,
  "35": 0.8708133971291867,
  "36": 0.8803827751196174,
  "37": 0.8851674641148327,
  "38": 0.9186602870813398,
  "39": 0.9234449760765552,
  "42": 0.9282296650717705,
  "43": 0.9330143540669859,
  "44": 0.9377990430622012,
  "46": 0.9473684210526319,
  "48": 0.9521531100478472,
  "52": 0.9617224880382779,
  "53": 0.9760765550239238,
  "57": 0.9808612440191391,
  "61": 0.9856459330143544,
  "69": 0.9904306220095698,
  "71": 0.9952153110047851,
  "85": 1.0000000000000004
}