{
  "2": 0.06349206349206349,
  "3": 0.10317460317460317,
  "4": 0.14285714285714285,
  "5": 0.2222222222222222,
  "6": 0.2777777777777778,
  "7": 0.3253968253968254,
  "8": 0.35714285714285715,
  "9": 0.39682539682539686,
  "10": 0.40476190476190477,
  "11": 0.4523809523809524,
  "12": 0.5,
  "13": 0.5079365079365079,
  "14": 0.5317460317460317,
  "15": 0.5476190476190477,
  "17": 0.5873015873015873,
  "18": 0.5952380952380952,
  "19": 0.6111111111111112,
  "20": 0.6190476190476191,
  "21": 0.626984126984127,
  "22": 0.6507936507936508,
  "23": 0.6746031746031746,
  "24": 0.7063492063492064,
  "25": 0.7142857142857143,
  "26": 0.7380952380952381,
  "27": 0.753968253968254,
  "29": 0.7619047619047619,
  "30": 0.7698412698412698,
  "31": 0.7777777777777777,
  "33": 0.7936507936507935,
  "34": 0.8095238095238093,
  "35": 0.8174603174603172,
  "36": 0.833333333333333,
  "37": 0.8571428571428569,
  "40": 0.8650793650793648,
  "41": 0.8730158730158727,
  "42": 0.9047619047619044,
  "43": 0.9126984126984123,
  "44": 0.9206349206349203,
  "53": 0.9285714285714282,
  "54": 0.9365079365079361,
  "57": 0.9523809523809519,
  "70": 0.9603174603174598,
  "74": 0.9682539682539677,
  "75": 0.9761904761904756,
  "78": 0.9841269841269835,
  "98": 0.9920634920634914,
  "104": 0.9999999999999993
}