{
  "2": 0.027379400260756193,
  "3": 0.07040417209908735,
  "4": 0.09908735332464146,
  "5": 0.1290743155149935,
  "6": 0.16818774445893092,
  "7": 0.19687092568448503,
  "8": 0.21773142112125166,
  "9": 0.24250325945241202,
  "10": 0.2607561929595828,
  "11": 0.28552803129074317,
  "12": 0.3050847457627119,
  "13": 0.3350717079530639,
  "14": 0.35071707953063885,
  "15": 0.3741851368970013,
  "16": 0.39374185136897,
  "17": 0.40547588005215124,
  "18": 0.423728813559322,
  "19": 0.43546284224250326,
  "20": 0.4485006518904824,
  "21": 0.4615384615384615,
  "22": 0.4680573663624511,
  "23": 0.4863102998696219,
  "24": 0.5006518904823989,
  "25": 0.5071707953063884,
  "26": 0.5123859191655801,
  "27": 0.5228161668839634,
  "28": 0.5410691003911342,
  "29": 0.5514993481095175,
  "30": 0.559322033898305,
  "31": 0.5658409387222946,
  "32": 0.5736636245110821,
  "33": 0.5801825293350716,
  "35": 0.5906127770534549,
  "36": 0.5984354628422425,
  "37": 0.6010430247718384,
  "38": 0.6101694915254238,
  "39": 0.6166883963494133,
  "40": 0.6245110821382008,
  "41": 0.6323337679269884,
  "42": 0.6401564537157759,
  "43": 0.6479791395045634,
  "44": 0.654498044328553,
  "45": 0.6636245110821384,
  "46": 0.66883963494133,
  "47": 0.6740547588005217,
  "48": 0.6766623207301176,
  "49": 0.6831812255541071,
  "50": 0.6883963494132987,
  "51": 0.6910039113428946,
  "52": 0.6949152542372884,
  "53": 0.70013037809648,
  "54": 0.7040417209908738,
  "55": 0.7092568448500655,
  "56": 0.7183833116036509,
  "57": 0.7209908735332468,
  "58": 0.7275097783572363,
  "59": 0.7314211212516301,
  "60": 0.7353324641460238,
  "61": 0.7366362451108217,
  "62": 0.7418513689700134,
  "63": 0.7457627118644071,
  "64": 0.7509778357235988,
  "65": 0.7574967405475883,
  "66": 0.7601043024771842,
  "67": 0.7666232073011737,
  "68": 0.7731421121251633,
  "69": 0.7809647979139508,
  "70": 0.7848761408083446,
  "71": 0.7874837027379404,
  "72": 0.7926988265971321,
  "73": 0.7992177314211216,
  "74": 0.8018252933507175,
  "75": 0.8031290743155154,
  "76": 0.8096479791395049,
  "77": 0.8122555410691008,
  "78": 0.8161668839634946,
  "79": 0.8200782268578883,
  "80": 0.8226857887874842,
  "81": 0.8279009126466759,
  "82": 0.8305084745762717,
  "83": 0.8344198174706655,
  "84": 0.8370273794002614,
  "85": 0.8396349413298573,
  "86": 0.8409387222946552,
  "87": 0.843546284224251,
  "88": 0.8474576271186448,
  "89": 0.8500651890482407,
  "91": 0.8526727509778366,
  "92": 0.8552803129074324,
  "94": 0.8578878748370283,
  "95": 0.8591916558018262,
  "96": 0.8604954367666241,
  "97": 0.8644067796610179,
  "98": 0.8683181225554116,
  "99": 0.8696219035202095,
  "100": 0.8722294654498054,
  "102": 0.8735332464146033,
  "103": 0.8761408083441992,
  "104": 0.877444589308997,
  "105": 0.8800521512385929,
  "107": 0.8839634941329867,
  "109": 0.8852672750977846,
  "110": 0.8865710560625825,
  "111": 0.8891786179921783,
  "112": 0.8904823989569762,
  "113": 0.8917861799217741,
  "114": 0.893089960886572,
  "115": 0.8943937418513699,
  "116": 0.8970013037809658,
  "117": 0.8983050847457636,
  "118": 0.8996088657105615,
  "119": 0.9009126466753594,
  "120": 0.9022164276401573,
  "122": 0.9035202086049552,
  "124": 0.9048239895697531,
  "125": 0.906127770534551,
  "126": 0.9100391134289447,
  "128": 0.9139504563233385,
  "129": 0.9152542372881364,
  "130": 0.9191655801825301,
  "131": 0.920469361147328,
  "132": 0.9217731421121259,
  "133": 0.9243807040417218,
  "134": 0.9256844850065197,
  "135": 0.9269882659713176,
  "137": 0.9308996088657113,
  "139": 0.9322033898305092,
  "140": 0.936114732724903,
  "141": 0.9374185136897009,
  "145": 0.9400260756192967,
  "147": 0.9413298565840946,
  "149": 0.9426336375488925,
  "150": 0.9452411994784884,
  "151": 0.9465449804432863,
  "152": 0.9478487614080842,
  "154": 0.949152542372882,
  "155": 0.9517601043024779,
  "156": 0.9543676662320738,
  "157": 0.9569752281616697,
  "158": 0.9582790091264676,
  "162": 0.9595827900912655,
  "163": 0.9621903520208613,
  "164": 0.9634941329856592,
  "167": 0.9647979139504571,
  "168": 0.9687092568448509,
  "170": 0.9713168187744468,
  "172": 0.9739243807040426,
  "173": 0.9778357235984364,
  "176": 0.9791395045632343,
  "177": 0.9817470664928302,
  "180": 0.983050847457628,
  "182": 0.9843546284224259,
  "186": 0.9856584093872238,
  "188": 0.9882659713168197,
  "189": 0.9895697522816176,
  "190": 0.9908735332464155,
  "191": 0.9934810951760114,
  "193": 0.9960886571056072,
  "194": 0.9973924380704051,
  "196": 0.998696219035203,
  "200": 1.0000000000000009
}