{
  "2": 0.023170731707317073,
  "3": 0.07560975609756097,
  "4": 0.11707317073170731,
  "5": 0.15,
  "6": 0.17073170731707316,
  "7": 0.1878048780487805,
  "8": 0.21707317073170732,
  "9": 0.2426829268292683,
  "10": 0.2634146341463415,
  "11": 0.28170731707317076,
  "12": 0.3036585365853659,
  "13": 0.326829268292683,
  "14": 0.33780487804878057,
  "15": 0.3500000000000001,
  "16": 0.36341463414634156,
  "17": 0.3829268292682928,
  "18": 0.3926829268292684,
  "19": 0.41219512195121966,
  "20": 0.42560975609756113,
  "21": 0.4365853658536587,
  "22": 0.4439024390243904,
  "23": 0.4524390243902441,
  "24": 0.45609756097560994,
  "25": 0.46585365853658556,
  "26": 0.4695121951219514,
  "27": 0.47926829268292703,
  "28": 0.48902439024390265,
  "29": 0.49634146341463437,
  "30": 0.5109756097560978,
  "31": 0.5170731707317076,
  "32": 0.5292682926829271,
  "33": 0.5390243902439027,
  "34": 0.5463414634146344,
  "35": 0.5609756097560978,
  "36": 0.5682926829268296,
  "37": 0.581707317073171,
  "38": 0.5963414634146345,
  "39": 0.6060975609756101,
  "40": 0.6121951219512198,
  "41": 0.6207317073170735,
  "42": 0.6292682926829272,
  "43": 0.6317073170731711,
  "44": 0.6365853658536589,
  "45": 0.6426829268292686,
  "46": 0.6524390243902443,
  "47": 0.659756097560976,
  "48": 0.6621951219512199,
  "49": 0.6670731707317077,
  "50": 0.6731707317073174,
  "51": 0.6780487804878053,
  "52": 0.6792682926829272,
  "53": 0.684146341463415,
  "54": 0.6926829268292687,
  "55": 0.7036585365853663,
  "56": 0.709756097560976,
  "57": 0.7121951219512199,
  "58": 0.7158536585365858,
  "59": 0.7182926829268297,
  "60": 0.7256097560975614,
  "61": 0.7329268292682931,
  "62": 0.736585365853659,
  "63": 0.7402439024390248,
  "64": 0.7426829268292687,
  "65": 0.7451219512195126,
  "66": 0.7500000000000004,
  "67": 0.76219512195122,
  "68": 0.7682926829268297,
  "69": 0.7695121951219517,
  "70": 0.7756097560975614,
  "71": 0.7792682926829273,
  "72": 0.7841463414634151,
  "73": 0.7890243902439029,
  "74": 0.7914634146341468,
  "76": 0.7926829268292688,
  "77": 0.7951219512195127,
  "78": 0.8024390243902444,
  "79": 0.8048780487804883,
  "80": 0.8073170731707322,
  "81": 0.8097560975609761,
  "82": 0.81219512195122,
  "83": 0.8146341463414639,
  "84": 0.8195121951219517,
  "85": 0.8231707317073176,
  "86": 0.8256097560975615,
  "87": 0.8317073170731712,
  "89": 0.8353658536585371,
  "90": 0.8365853658536591,
  "91": 0.839024390243903,
  "92": 0.8414634146341469,
  "93": 0.8439024390243908,
  "94": 0.8475609756097566,
  "95": 0.8500000000000005,
  "96": 0.8524390243902444,
  "97": 0.8536585365853664,
  "98": 0.8548780487804883,
  "99": 0.8560975609756103,
  "100": 0.8585365853658542,
  "101": 0.864634146341464,
  "102": 0.8682926829268298,
  "103": 0.8743902439024396,
  "104": 0.8768292682926835,
  "105": 0.8792682926829274,
  "106": 0.8817073170731713,
  "108": 0.8841463414634152,
  "109": 0.890243902439025,
  "110": 0.8939024390243908,
  "111": 0.8951219512195128,
  "113": 0.8975609756097567,
  "114": 0.8987804878048786,
  "115": 0.9000000000000006,
  "116": 0.9024390243902445,
  "117": 0.9048780487804884,
  "119": 0.9073170731707323,
  "120": 0.9097560975609762,
  "121": 0.9109756097560981,
  "123": 0.9121951219512201,
  "124": 0.913414634146342,
  "126": 0.914634146341464,
  "127": 0.915853658536586,
  "128": 0.9195121951219518,
  "130": 0.9219512195121957,
  "131": 0.9231707317073177,
  "133": 0.9243902439024396,
  "134": 0.9256097560975616,
  "135": 0.9268292682926835,
  "136": 0.9292682926829274,
  "137": 0.9329268292682933,
  "138": 0.9353658536585372,
  "139": 0.9365853658536591,
  "140": 0.9378048780487811,
  "141": 0.940243902439025,
  "142": 0.941463414634147,
  "144": 0.9439024390243909,
  "146": 0.9451219512195128,
  "148": 0.9475609756097567,
  "151": 0.9487804878048787,
  "153": 0.9512195121951226,
  "154": 0.9524390243902445,
  "155": 0.9548780487804884,
  "156": 0.9560975609756104,
  "161": 0.9597560975609762,
  "164": 0.9609756097560982,
  "167": 0.9634146341463421,
  "169": 0.967073170731708,
  "171": 0.9682926829268299,
  "172": 0.9731707317073177,
  "176": 0.9743902439024397,
  "177": 0.9756097560975616,
  "178": 0.9768292682926836,
  "180": 0.9804878048780494,
  "183": 0.9817073170731714,
  "185": 0.9829268292682933,
  "186": 0.9853658536585372,
  "189": 0.9865853658536592,
  "191": 0.9878048780487811,
  "193": 0.991463414634147,
  "195": 0.9939024390243909,
  "196": 0.9951219512195129,
  "197": 0.9975609756097568,
  "198": 0.9987804878048787,
  "199": 1.0000000000000007
}