{
  "random_num_paths_missing": 874,
  "averageOutDegree": 3.8154803040774015,
  "averageInDegree": 3.8154803040774015,
  "decentralized_average_decentralized_path_length": 17.40740740740741,
  "decentralized_num_paths_found": 108,
  "decentralized_average_num_unique_nodes": 11.712962962962964,
  "averagePathLength": 4.973040548465172,
  "selfLinks": 18,
  "numEdges": 5521,
  "decentralized_num_paths_missing": 892,
  "random_num_paths_found": 126,
  "random_average_num_unique_nodes": 12.722222222222221,
  "numNodes": 1447,
  "random_average_decentralized_path_length": 15.261904761904763
}