{
  "random_num_paths_missing": 63,
  "averageOutDegree": 14.521311475409837,
  "averageInDegree": 14.521311475409837,
  "decentralized_average_decentralized_path_length": 140.3287514318442,
  "decentralized_num_paths_found": 873,
  "decentralized_average_num_unique_nodes": 69.86827033218786,
  "averagePathLength": 3.4143392933998142,
  "selfLinks": 2,
  "numEdges": 17716,
  "decentralized_num_paths_missing": 127,
  "random_num_paths_found": 937,
  "random_average_num_unique_nodes": 112.11953041622199,
  "numNodes": 1220,
  "random_average_decentralized_path_length": 136.00320170757738
}