{
  "64": 0.9909297052154195,
  "2": 0.05215419501133787,
  "3": 0.35487528344671204,
  "4": 0.5884353741496599,
  "5": 0.7097505668934241,
  "6": 0.7732426303854876,
  "7": 0.8015873015873016,
  "8": 0.8321995464852608,
  "9": 0.8514739229024944,
  "10": 0.8684807256235828,
  "11": 0.8866213151927438,
  "12": 0.8956916099773243,
  "13": 0.9047619047619049,
  "14": 0.90702947845805,
  "15": 0.914965986394558,
  "16": 0.9229024943310659,
  "17": 0.9308390022675738,
  "18": 0.935374149659864,
  "19": 0.9399092970521542,
  "20": 0.9467120181405896,
  "21": 0.9523809523809524,
  "23": 0.953514739229025,
  "68": 0.994331065759637,
  "29": 0.9546485260770975,
  "67": 0.9931972789115645,
  "37": 0.9569160997732427,
  "40": 0.9580498866213152,
  "66": 0.992063492063492,
  "43": 0.9591836734693877,
  "70": 0.9977324263038547,
  "76": 0.9999999999999998,
  "49": 0.9625850340136054,
  "51": 0.9648526077097506,
  "53": 0.9682539682539683,
  "54": 0.971655328798186,
  "55": 0.9761904761904762,
  "56": 0.9784580498866213,
  "57": 0.9795918367346939,
  "59": 0.9841269841269841,
  "60": 0.9863945578231292,
  "61": 0.9875283446712018,
  "72": 0.9988662131519273,
  "63": 0.9897959183673469
}