{
  "2": 0.06818181818181818,
  "3": 0.13636363636363635,
  "4": 0.24242424242424243,
  "5": 0.3106060606060606,
  "6": 0.3484848484848485,
  "7": 0.3787878787878788,
  "8": 0.4015151515151515,
  "9": 0.4242424242424242,
  "10": 0.4621212121212121,
  "11": 0.46969696969696967,
  "12": 0.5,
  "13": 0.5454545454545454,
  "14": 0.5833333333333333,
  "15": 0.6287878787878787,
  "16": 0.6666666666666665,
  "17": 0.6969696969696968,
  "18": 0.7348484848484846,
  "19": 0.7575757575757573,
  "21": 0.78030303030303,
  "22": 0.7954545454545452,
  "24": 0.8030303030303028,
  "25": 0.8181818181818179,
  "26": 0.8257575757575755,
  "27": 0.8484848484848482,
  "28": 0.8560606060606057,
  "30": 0.8636363636363633,
  "31": 0.8712121212121209,
  "33": 0.886363636363636,
  "35": 0.8939393939393936,
  "36": 0.9015151515151512,
  "37": 0.9090909090909087,
  "38": 0.9166666666666663,
  "39": 0.9242424242424239,
  "42": 0.9318181818181814,
  "43": 0.939393939393939,
  "46": 0.9621212121212117,
  "72": 0.9999999999999996,
  "50": 0.9696969696969693,
  "54": 0.9772727272727268,
  "60": 0.9848484848484844,
  "61": 0.992424242424242
}