{
  "2": 0.0334075723830735,
  "3": 0.0534521158129176,
  "4": 0.0779510022271715,
  "5": 0.10244988864142539,
  "6": 0.11581291759465479,
  "7": 0.1403118040089087,
  "8": 0.155902004454343,
  "9": 0.1714922048997773,
  "10": 0.1870824053452116,
  "11": 0.19821826280623608,
  "12": 0.20935412026726058,
  "13": 0.22048997772828507,
  "14": 0.23162583518930957,
  "15": 0.23385300668151446,
  "16": 0.24276169265033407,
  "17": 0.26280623608017817,
  "18": 0.27616926503340755,
  "19": 0.2873051224944321,
  "20": 0.2984409799554566,
  "21": 0.3073496659242762,
  "22": 0.3095768374164811,
  "23": 0.3140311804008909,
  "24": 0.3296213808463252,
  "25": 0.3363028953229399,
  "26": 0.34966592427616927,
  "27": 0.3585746102449889,
  "28": 0.3674832962138085,
  "29": 0.3741648106904232,
  "30": 0.37861915367483295,
  "31": 0.39420935412026725,
  "32": 0.4053452115812918,
  "33": 0.4164810690423163,
  "34": 0.4187082405345212,
  "35": 0.4276169265033408,
  "36": 0.4342984409799555,
  "37": 0.4432071269487751,
  "39": 0.45211581291759473,
  "40": 0.4587973273942094,
  "41": 0.4632516703786192,
  "42": 0.4721603563474388,
  "43": 0.4766146993318486,
  "44": 0.48997772828507796,
  "45": 0.5033407572383074,
  "46": 0.5167037861915368,
  "47": 0.5233853006681515,
  "48": 0.5300668151447662,
  "49": 0.5389755011135857,
  "50": 0.5456570155902004,
  "51": 0.5612472160356348,
  "52": 0.5723830734966593,
  "53": 0.579064587973274,
  "54": 0.5902004454342985,
  "55": 0.5991091314031181,
  "56": 0.6080178173719376,
  "57": 0.6146993318485523,
  "58": 0.6258351893095768,
  "59": 0.6347438752783964,
  "61": 0.6458797327394209,
  "62": 0.6481069042316258,
  "63": 0.6503340757238306,
  "64": 0.6525612472160355,
  "65": 0.6570155902004453,
  "66": 0.66369710467706,
  "67": 0.6703786191536747,
  "68": 0.6748329621380845,
  "69": 0.6881959910913139,
  "70": 0.6926503340757237,
  "71": 0.6971046770601336,
  "72": 0.6993318485523384,
  "73": 0.710467706013363,
  "74": 0.7193763919821825,
  "75": 0.7238307349665923,
  "76": 0.7282850779510022,
  "77": 0.732739420935412,
  "78": 0.7394209354120267,
  "79": 0.7416481069042316,
  "81": 0.7483296213808462,
  "82": 0.7550111358574609,
  "83": 0.7661469933184855,
  "85": 0.7706013363028953,
  "86": 0.7750556792873051,
  "87": 0.779510022271715,
  "88": 0.7839643652561248,
  "89": 0.7861915367483296,
  "90": 0.7884187082405345,
  "91": 0.7928730512249443,
  "92": 0.7951002227171492,
  "93": 0.8040089086859687,
  "94": 0.8084632516703786,
  "96": 0.8151447661469933,
  "97": 0.8195991091314031,
  "98": 0.8240534521158129,
  "102": 0.8307349665924276,
  "103": 0.8374164810690423,
  "104": 0.8396436525612472,
  "105": 0.8485523385300667,
  "107": 0.8507795100222716,
  "108": 0.8552338530066814,
  "109": 0.8596881959910913,
  "111": 0.8619153674832961,
  "112": 0.8685968819599108,
  "113": 0.8708240534521157,
  "114": 0.8752783964365255,
  "118": 0.8775055679287304,
  "120": 0.8797327394209352,
  "122": 0.884187082405345,
  "124": 0.8864142538975499,
  "126": 0.8908685968819597,
  "127": 0.8930957683741646,
  "130": 0.8953229398663695,
  "131": 0.9020044543429842,
  "132": 0.9086859688195988,
  "133": 0.9131403118040087,
  "134": 0.9153674832962135,
  "139": 0.9175946547884184,
  "141": 0.9242761692650331,
  "142": 0.926503340757238,
  "146": 0.9309576837416478,
  "147": 0.9331848552338526,
  "148": 0.9354120267260575,
  "150": 0.9398663697104673,
  "152": 0.9420935412026722,
  "154": 0.9487750556792869,
  "155": 0.9554565701559016,
  "162": 0.9576837416481064,
  "165": 0.9599109131403113,
  "168": 0.9621380846325162,
  "169": 0.9688195991091308,
  "171": 0.9732739420935407,
  "172": 0.9755011135857455,
  "175": 0.9799554565701554,
  "178": 0.9821826280623602,
  "181": 0.9844097995545651,
  "184": 0.98663697104677,
  "185": 0.9888641425389748,
  "187": 0.9910913140311797,
  "191": 0.9933184855233845,
  "193": 0.9955456570155894,
  "196": 0.9999999999999992
}