{
  "2": 0.083,
  "3": 0.504,
  "4": 0.779,
  "5": 0.882,
  "6": 0.922,
  "7": 0.9460000000000001,
  "8": 0.9560000000000001,
  "9": 0.9630000000000001,
  "10": 0.9680000000000001,
  "11": 0.9720000000000001,
  "12": 0.9750000000000001,
  "13": 0.9800000000000001,
  "14": 0.9820000000000001,
  "15": 0.9830000000000001,
  "16": 0.9850000000000001,
  "17": 0.9860000000000001,
  "18": 0.9880000000000001,
  "22": 0.9890000000000001,
  "25": 0.9900000000000001,
  "30": 0.9910000000000001,
  "36": 0.9930000000000001,
  "38": 0.9940000000000001,
  "39": 0.9960000000000001,
  "49": 0.9980000000000001,
  "50": 0.9990000000000001,
  "51": 1.0
}