{
  "2": 0.04287369640787949,
  "3": 0.12282734646581692,
  "4": 0.21320973348783312,
  "5": 0.30359212050984935,
  "6": 0.35573580533024335,
  "7": 0.3986095017381228,
  "8": 0.43337195828505215,
  "9": 0.4623406720741599,
  "10": 0.47856315179606024,
  "11": 0.49246813441483195,
  "12": 0.4982618771726535,
  "13": 0.5052143684820394,
  "14": 0.5133256083429896,
  "15": 0.5237543453070683,
  "16": 0.5365005793742758,
  "17": 0.544611819235226,
  "18": 0.5527230590961761,
  "19": 0.5677867902665121,
  "20": 0.5805330243337196,
  "21": 0.593279258400927,
  "22": 0.6048667439165701,
  "23": 0.6176129779837776,
  "24": 0.6210892236384705,
  "25": 0.626882966396292,
  "26": 0.6315179606025493,
  "27": 0.6373117033603708,
  "28": 0.6431054461181923,
  "29": 0.6512166859791425,
  "30": 0.6558516801853997,
  "31": 0.6593279258400927,
  "32": 0.6639629200463499,
  "33": 0.6709154113557358,
  "34": 0.6778679026651218,
  "35": 0.682502896871379,
  "36": 0.6871378910776362,
  "37": 0.6906141367323292,
  "38": 0.6929316338354579,
  "39": 0.6975666280417151,
  "40": 0.6998841251448438,
  "41": 0.704519119351101,
  "42": 0.707995365005794,
  "43": 0.7149478563151799,
  "44": 0.7219003476245658,
  "45": 0.7276940903823873,
  "46": 0.7323290845886445,
  "47": 0.7381228273464661,
  "48": 0.7392815758980303,
  "49": 0.753186558516802,
  "50": 0.7612977983777522,
  "51": 0.7694090382387024,
  "52": 0.775202780996524,
  "53": 0.7867902665121671,
  "54": 0.7925840092699886,
  "55": 0.8041714947856318,
  "56": 0.8111239860950177,
  "57": 0.8215527230590964,
  "58": 0.8296639629200466,
  "59": 0.8389339513325611,
  "60": 0.8435689455388183,
  "61": 0.8493626882966399,
  "62": 0.8551564310544614,
  "63": 0.8597914252607186,
  "64": 0.8609501738122829,
  "65": 0.8667439165701044,
  "66": 0.8713789107763616,
  "67": 0.8760139049826189,
  "69": 0.8771726535341832,
  "70": 0.8794901506373118,
  "71": 0.8806488991888761,
  "72": 0.8818076477404404,
  "73": 0.8841251448435691,
  "74": 0.8864426419466978,
  "75": 0.887601390498262,
  "76": 0.8922363847045193,
  "77": 0.8933951332560836,
  "79": 0.8957126303592122,
  "80": 0.8991888760139052,
  "81": 0.9026651216685981,
  "82": 0.9049826187717268,
  "83": 0.9084588644264198,
  "84": 0.9107763615295484,
  "86": 0.9154113557358057,
  "90": 0.91657010428737,
  "91": 0.9200463499420629,
  "92": 0.9235225955967559,
  "93": 0.9246813441483202,
  "94": 0.9258400926998844,
  "95": 0.9269988412514487,
  "96": 0.9293163383545774,
  "99": 0.9304750869061417,
  "100": 0.9339513325608346,
  "103": 0.9351100811123989,
  "105": 0.9409038238702204,
  "107": 0.9420625724217847,
  "108": 0.943221320973349,
  "109": 0.9443800695249133,
  "111": 0.9466975666280419,
  "112": 0.9478563151796062,
  "115": 0.9490150637311705,
  "120": 0.9513325608342992,
  "122": 0.9524913093858635,
  "125": 0.9536500579374277,
  "127": 0.954808806488992,
  "129": 0.9559675550405563,
  "131": 0.9571263035921206,
  "132": 0.9594438006952493,
  "134": 0.9606025492468135,
  "136": 0.9617612977983778,
  "140": 0.9629200463499421,
  "145": 0.9640787949015064,
  "150": 0.9652375434530707,
  "157": 0.966396292004635,
  "158": 0.9675550405561992,
  "159": 0.9733487833140207,
  "161": 0.974507531865585,
  "163": 0.9756662804171493,
  "167": 0.9768250289687136,
  "168": 0.9779837775202779,
  "169": 0.9791425260718422,
  "170": 0.9803012746234064,
  "171": 0.9826187717265351,
  "173": 0.9849362688296638,
  "176": 0.9872537659327925,
  "178": 0.9895712630359211,
  "180": 0.9907300115874854,
  "181": 0.9918887601390497,
  "183": 0.993047508690614,
  "194": 0.9942062572421783,
  "195": 0.9953650057937425,
  "196": 0.9965237543453068,
  "197": 0.9988412514484355,
  "198": 0.9999999999999998
}