{
  "2": 0.046192259675405745,
  "3": 0.11860174781523096,
  "4": 0.16978776529338327,
  "5": 0.1947565543071161,
  "6": 0.23470661672908866,
  "7": 0.26841448189762795,
  "8": 0.2933832709113608,
  "9": 0.3283395755305868,
  "10": 0.365792759051186,
  "11": 0.4044943820224719,
  "12": 0.42446941323345816,
  "13": 0.44818976279650435,
  "14": 0.4681647940074906,
  "15": 0.47940074906367036,
  "16": 0.49812734082397,
  "17": 0.5268414481897628,
  "18": 0.5505617977528089,
  "19": 0.5767790262172283,
  "20": 0.5880149812734081,
  "21": 0.6004993757802746,
  "22": 0.612983770287141,
  "23": 0.6217228464419475,
  "24": 0.6292134831460674,
  "25": 0.634207240948814,
  "26": 0.6416978776529338,
  "27": 0.6504369538077404,
  "28": 0.6541822721598003,
  "29": 0.6579275905118602,
  "30": 0.6591760299625469,
  "31": 0.6666666666666667,
  "32": 0.66916354556804,
  "33": 0.6704119850187267,
  "34": 0.6754057428214733,
  "35": 0.6779026217228465,
  "36": 0.6816479400749065,
  "37": 0.6841448189762798,
  "38": 0.690387016229713,
  "39": 0.6916354556803996,
  "40": 0.6928838951310863,
  "41": 0.6953807740324596,
  "42": 0.6991260923845195,
  "43": 0.7016229712858928,
  "44": 0.7028714107365794,
  "45": 0.7066167290886394,
  "47": 0.707865168539326,
  "48": 0.711610486891386,
  "49": 0.7141073657927592,
  "50": 0.7166042446941325,
  "51": 0.7203495630461925,
  "52": 0.7228464419475658,
  "54": 0.7240948813982524,
  "55": 0.725343320848939,
  "56": 0.7303370786516856,
  "57": 0.7328339575530589,
  "58": 0.7428214731585521,
  "59": 0.7453183520599254,
  "60": 0.746566791510612,
  "61": 0.7503121098626719,
  "62": 0.7578027465667918,
  "63": 0.7665418227215983,
  "64": 0.7727840199750315,
  "65": 0.7740324594257182,
  "66": 0.785268414481898,
  "67": 0.7890137328339579,
  "68": 0.7927590511860179,
  "69": 0.8002496878901377,
  "70": 0.8039950062421977,
  "71": 0.8114856429463175,
  "72": 0.8139825218476908,
  "73": 0.8164794007490641,
  "74": 0.8189762796504374,
  "75": 0.8264669163545573,
  "76": 0.8314606741573038,
  "77": 0.8364544319600504,
  "78": 0.8377028714107371,
  "79": 0.8401997503121104,
  "81": 0.841448189762797,
  "82": 0.8426966292134837,
  "87": 0.8464419475655436,
  "88": 0.8489388264669169,
  "90": 0.8526841448189768,
  "91": 0.8601747815230967,
  "92": 0.8651685393258433,
  "93": 0.8676654182272165,
  "94": 0.8726591760299631,
  "96": 0.8776529338327097,
  "97": 0.880149812734083,
  "98": 0.8813982521847696,
  "99": 0.8863920099875162,
  "100": 0.8901373283395762,
  "101": 0.8926342072409494,
  "102": 0.8951310861423227,
  "103": 0.8988764044943827,
  "104": 0.9001248439450693,
  "105": 0.9026217228464426,
  "106": 0.9051186017478159,
  "107": 0.9063670411985025,
  "108": 0.9101123595505625,
  "109": 0.9113607990012491,
  "110": 0.9138576779026224,
  "111": 0.9163545568039957,
  "112": 0.9176029962546823,
  "114": 0.9200998751560556,
  "116": 0.9213483146067423,
  "117": 0.9238451935081156,
  "118": 0.9275905118601755,
  "119": 0.9288389513108621,
  "120": 0.9313358302122354,
  "121": 0.9338327091136087,
  "122": 0.936329588014982,
  "124": 0.9388264669163553,
  "126": 0.9400749063670419,
  "128": 0.9425717852684152,
  "129": 0.9450686641697885,
  "130": 0.9513108614232217,
  "133": 0.9525593008739084,
  "134": 0.953807740324595,
  "136": 0.9550561797752817,
  "137": 0.957553058676655,
  "138": 0.9612983770287149,
  "139": 0.9625468164794015,
  "143": 0.9650436953807748,
  "145": 0.9662921348314615,
  "147": 0.9675405742821481,
  "152": 0.9700374531835214,
  "156": 0.9712858926342081,
  "158": 0.9725343320848947,
  "159": 0.9737827715355813,
  "160": 0.975031210986268,
  "163": 0.9762796504369546,
  "165": 0.9775280898876413,
  "166": 0.9787765293383279,
  "167": 0.9800249687890146,
  "168": 0.9812734082397012,
  "170": 0.9825218476903879,
  "172": 0.9850187265917612,
  "175": 0.9862671660424478,
  "177": 0.9875156054931344,
  "179": 0.9887640449438211,
  "180": 0.9900124843945077,
  "182": 0.9912609238451944,
  "183": 0.992509363295881,
  "192": 0.996254681647941,
  "193": 0.9975031210986276,
  "198": 0.9987515605493142,
  "200": 1.0000000000000009
}