{
  "2": 0.0174496644295302,
  "3": 0.08053691275167785,
  "4": 0.15033557046979865,
  "5": 0.20536912751677852,
  "6": 0.23758389261744967,
  "7": 0.276510067114094,
  "8": 0.2993288590604027,
  "9": 0.3181208053691275,
  "10": 0.3409395973154362,
  "11": 0.348993288590604,
  "12": 0.3731543624161074,
  "13": 0.3906040268456376,
  "14": 0.3986577181208054,
  "15": 0.41744966442953024,
  "16": 0.4295302013422819,
  "17": 0.4335570469798658,
  "18": 0.4375838926174497,
  "19": 0.4442953020134228,
  "20": 0.45369127516778524,
  "21": 0.4590604026845638,
  "22": 0.47114093959731546,
  "23": 0.47516778523489933,
  "24": 0.4818791946308725,
  "25": 0.487248322147651,
  "26": 0.49395973154362416,
  "27": 0.5073825503355704,
  "28": 0.5181208053691275,
  "29": 0.5342281879194631,
  "30": 0.5449664429530202,
  "31": 0.5583892617449665,
  "32": 0.567785234899329,
  "33": 0.5758389261744967,
  "34": 0.5825503355704699,
  "35": 0.5879194630872484,
  "36": 0.5973154362416109,
  "37": 0.6053691275167786,
  "38": 0.6107382550335572,
  "39": 0.6161073825503357,
  "40": 0.6228187919463088,
  "41": 0.6268456375838928,
  "42": 0.629530201342282,
  "43": 0.6322147651006712,
  "44": 0.6375838926174497,
  "45": 0.6429530201342283,
  "46": 0.6496644295302014,
  "47": 0.6536912751677854,
  "48": 0.6590604026845639,
  "49": 0.6617449664429531,
  "50": 0.6644295302013423,
  "51": 0.6697986577181209,
  "52": 0.676510067114094,
  "53": 0.6805369127516779,
  "54": 0.6832214765100671,
  "55": 0.6912751677852349,
  "56": 0.6953020134228188,
  "57": 0.697986577181208,
  "58": 0.7033557046979866,
  "59": 0.7073825503355705,
  "60": 0.7100671140939597,
  "61": 0.7127516778523489,
  "62": 0.7181208053691275,
  "63": 0.7221476510067114,
  "64": 0.7288590604026846,
  "65": 0.7315436241610738,
  "66": 0.7369127516778523,
  "67": 0.7436241610738255,
  "68": 0.7463087248322147,
  "69": 0.7503355704697986,
  "70": 0.7543624161073825,
  "71": 0.7597315436241611,
  "72": 0.7664429530201342,
  "73": 0.7691275167785234,
  "75": 0.774496644295302,
  "76": 0.7825503355704697,
  "77": 0.7838926174496643,
  "78": 0.7906040268456375,
  "79": 0.795973154362416,
  "80": 0.7999999999999999,
  "81": 0.8026845637583891,
  "82": 0.8093959731543623,
  "83": 0.8134228187919462,
  "84": 0.8147651006711408,
  "85": 0.8201342281879194,
  "86": 0.821476510067114,
  "87": 0.8255033557046979,
  "88": 0.8335570469798657,
  "89": 0.8362416107382549,
  "90": 0.8402684563758388,
  "91": 0.8416107382550334,
  "92": 0.8456375838926173,
  "93": 0.846979865771812,
  "94": 0.8483221476510066,
  "96": 0.8523489932885905,
  "97": 0.861744966442953,
  "98": 0.8630872483221476,
  "99": 0.8644295302013422,
  "100": 0.8671140939597314,
  "101": 0.8697986577181206,
  "102": 0.8711409395973152,
  "103": 0.8738255033557044,
  "104": 0.8765100671140936,
  "106": 0.8778523489932882,
  "107": 0.8818791946308722,
  "108": 0.8832214765100668,
  "111": 0.8872483221476507,
  "113": 0.8899328859060399,
  "115": 0.8926174496644291,
  "116": 0.8966442953020131,
  "117": 0.9020134228187916,
  "118": 0.9073825503355701,
  "119": 0.9100671140939594,
  "120": 0.9140939597315433,
  "122": 0.9167785234899325,
  "124": 0.9208053691275164,
  "125": 0.9234899328859056,
  "126": 0.9248322147651002,
  "127": 0.9261744966442949,
  "129": 0.9288590604026841,
  "130": 0.9302013422818787,
  "131": 0.9342281879194626,
  "135": 0.9355704697986572,
  "136": 0.9382550335570464,
  "138": 0.9409395973154356,
  "140": 0.9422818791946302,
  "141": 0.9436241610738249,
  "143": 0.9449664429530195,
  "144": 0.9476510067114087,
  "145": 0.9489932885906033,
  "146": 0.9516778523489925,
  "147": 0.9557046979865764,
  "148": 0.957046979865771,
  "149": 0.9597315436241602,
  "150": 0.9624161073825495,
  "151": 0.9637583892617441,
  "152": 0.9651006711409387,
  "155": 0.9664429530201333,
  "157": 0.9677852348993279,
  "158": 0.9691275167785225,
  "160": 0.9718120805369117,
  "162": 0.9731543624161063,
  "164": 0.9744966442953009,
  "165": 0.9771812080536901,
  "167": 0.9785234899328847,
  "169": 0.9798657718120793,
  "170": 0.981208053691274,
  "174": 0.9825503355704686,
  "176": 0.9838926174496632,
  "181": 0.9852348993288578,
  "182": 0.9865771812080524,
  "183": 0.987919463087247,
  "184": 0.9892617449664416,
  "190": 0.9906040268456362,
  "192": 0.9919463087248308,
  "193": 0.99463087248322,
  "194": 0.9959731543624146,
  "196": 0.9973154362416092,
  "199": 0.9986577181208038,
  "200": 0.9999999999999984
}