{
  "2": 0.307,
  "3": 0.589,
  "4": 0.698,
  "5": 0.7789999999999999,
  "6": 0.824,
  "7": 0.854,
  "8": 0.881,
  "9": 0.903,
  "10": 0.919,
  "11": 0.927,
  "12": 0.932,
  "13": 0.9380000000000001,
  "14": 0.9420000000000001,
  "15": 0.9480000000000001,
  "16": 0.9550000000000001,
  "17": 0.9600000000000001,
  "18": 0.9610000000000001,
  "19": 0.9690000000000001,
  "20": 0.9750000000000001,
  "21": 0.9820000000000001,
  "22": 0.9840000000000001,
  "23": 0.9870000000000001,
  "24": 0.9880000000000001,
  "25": 0.9930000000000001,
  "27": 0.9940000000000001,
  "29": 0.9950000000000001,
  "30": 0.9960000000000001,
  "31": 0.9970000000000001,
  "32": 0.9990000000000001,
  "41": 1.0
}