{
  "2": 0.04994797086368366,
  "3": 0.13735691987513007,
  "4": 0.17585848074921956,
  "5": 0.22580645161290322,
  "6": 0.2611862643080125,
  "7": 0.2976066597294485,
  "8": 0.331945889698231,
  "9": 0.3610822060353798,
  "10": 0.3943808532778356,
  "11": 0.413111342351717,
  "12": 0.4464099895941728,
  "13": 0.4640998959417274,
  "14": 0.49115504682622274,
  "15": 0.5130072840790844,
  "16": 0.5286160249739855,
  "17": 0.5379812695109262,
  "18": 0.554630593132154,
  "19": 0.5723204994797086,
  "20": 0.5900104058272633,
  "21": 0.6066597294484911,
  "22": 0.6170655567117586,
  "23": 0.6243496357960457,
  "24": 0.6368366285119667,
  "25": 0.6462018730489073,
  "26": 0.6586888657648282,
  "27": 0.6690946930280957,
  "28": 0.6805411030176898,
  "29": 0.6899063475546304,
  "30": 0.6982310093652444,
  "31": 0.7034339229968781,
  "32": 0.7086368366285118,
  "33": 0.7117585848074921,
  "34": 0.7148803329864724,
  "35": 0.7200832466181061,
  "36": 0.7232049947970863,
  "37": 0.7242455775234131,
  "38": 0.7252861602497399,
  "39": 0.7325702393340271,
  "40": 0.7408949011446411,
  "41": 0.7471383975026016,
  "42": 0.7502601456815818,
  "43": 0.7565036420395423,
  "44": 0.7606659729448493,
  "45": 0.7637877211238295,
  "46": 0.7679500520291365,
  "47": 0.7700312174817899,
  "48": 0.7710718002081167,
  "49": 0.7721123829344435,
  "50": 0.7752341311134238,
  "51": 0.7762747138397506,
  "52": 0.7773152965660773,
  "53": 0.7804370447450576,
  "54": 0.7825182101977111,
  "55": 0.7835587929240379,
  "56": 0.7866805411030181,
  "57": 0.790842872008325,
  "58": 0.795005202913632,
  "59": 0.8002081165452657,
  "60": 0.8012486992715925,
  "61": 0.8043704474505727,
  "62": 0.8054110301768995,
  "63": 0.807492195629553,
  "64": 0.8106139438085332,
  "65": 0.81165452653486,
  "66": 0.8168574401664938,
  "67": 0.8189386056191472,
  "68": 0.8210197710718007,
  "69": 0.8220603537981275,
  "70": 0.8231009365244543,
  "71": 0.8251821019771077,
  "72": 0.8262226847034345,
  "73": 0.8272632674297613,
  "74": 0.8293444328824148,
  "75": 0.8314255983350682,
  "76": 0.8355879292403752,
  "77": 0.836628511966702,
  "83": 0.8397502601456822,
  "84": 0.8439125910509891,
  "85": 0.8470343392299694,
  "86": 0.8511966701352763,
  "87": 0.8532778355879298,
  "88": 0.8553590010405833,
  "89": 0.8574401664932367,
  "90": 0.8595213319458902,
  "91": 0.8616024973985437,
  "92": 0.8647242455775239,
  "95": 0.8657648283038507,
  "97": 0.8668054110301775,
  "99": 0.8699271592091578,
  "100": 0.8740894901144647,
  "102": 0.8782518210197716,
  "103": 0.8834547346514053,
  "104": 0.8844953173777321,
  "106": 0.8855359001040589,
  "108": 0.8865764828303857,
  "109": 0.8886576482830392,
  "111": 0.8907388137356926,
  "112": 0.8917793964620194,
  "113": 0.8949011446409997,
  "114": 0.8990634755463066,
  "115": 0.9011446409989601,
  "117": 0.9021852237252869,
  "118": 0.9042663891779403,
  "119": 0.9053069719042671,
  "120": 0.9073881373569206,
  "121": 0.9125910509885543,
  "122": 0.9157127991675346,
  "123": 0.9167533818938614,
  "124": 0.9188345473465148,
  "125": 0.9198751300728416,
  "127": 0.9219562955254951,
  "128": 0.9240374609781485,
  "129": 0.9250780437044753,
  "130": 0.930280957336109,
  "131": 0.9313215400624358,
  "132": 0.9323621227887626,
  "133": 0.9344432882414161,
  "134": 0.9354838709677429,
  "136": 0.9375650364203963,
  "137": 0.9406867845993766,
  "138": 0.9427679500520301,
  "139": 0.9458896982310103,
  "140": 0.9479708636836638,
  "141": 0.9500520291363173,
  "142": 0.951092611862644,
  "144": 0.9531737773152975,
  "149": 0.955254942767951,
  "151": 0.9594172736732579,
  "153": 0.9614984391259114,
  "155": 0.9625390218522382,
  "156": 0.9656607700312184,
  "158": 0.9677419354838719,
  "159": 0.9687825182101987,
  "161": 0.9708636836628521,
  "164": 0.9729448491155056,
  "166": 0.9750260145681591,
  "168": 0.9760665972944859,
  "169": 0.9791883454734661,
  "172": 0.9802289281997929,
  "174": 0.9812695109261197,
  "175": 0.9823100936524465,
  "176": 0.9843912591051,
  "177": 0.9854318418314267,
  "179": 0.9864724245577535,
  "181": 0.9895941727367338,
  "182": 0.9916753381893872,
  "183": 0.992715920915714,
  "190": 0.9958376690946943,
  "191": 0.9968782518210211,
  "198": 0.9979188345473479,
  "199": 1.0000000000000013
}