{
  "2": 0.051041666666666666,
  "3": 0.109375,
  "4": 0.15833333333333333,
  "5": 0.19791666666666666,
  "6": 0.23854166666666665,
  "7": 0.26875,
  "8": 0.3052083333333333,
  "9": 0.34062499999999996,
  "10": 0.3708333333333333,
  "11": 0.4041666666666666,
  "12": 0.4354166666666666,
  "13": 0.46562499999999996,
  "14": 0.4895833333333333,
  "15": 0.5010416666666666,
  "16": 0.5249999999999999,
  "17": 0.5385416666666666,
  "18": 0.5520833333333333,
  "19": 0.5666666666666665,
  "20": 0.5812499999999998,
  "21": 0.5895833333333331,
  "22": 0.5989583333333331,
  "23": 0.6177083333333332,
  "24": 0.6270833333333332,
  "25": 0.6322916666666666,
  "26": 0.6406249999999999,
  "27": 0.6510416666666665,
  "28": 0.6552083333333332,
  "29": 0.6635416666666665,
  "30": 0.6708333333333332,
  "31": 0.6770833333333331,
  "32": 0.6822916666666665,
  "33": 0.6906249999999998,
  "34": 0.6937499999999999,
  "35": 0.6999999999999998,
  "36": 0.7020833333333332,
  "37": 0.7041666666666665,
  "38": 0.7104166666666665,
  "39": 0.7114583333333332,
  "40": 0.7156249999999998,
  "41": 0.7208333333333332,
  "42": 0.7218749999999999,
  "43": 0.725,
  "44": 0.7270833333333333,
  "45": 0.73125,
  "46": 0.7322916666666667,
  "47": 0.7364583333333333,
  "48": 0.7416666666666667,
  "49": 0.7447916666666667,
  "50": 0.7500000000000001,
  "51": 0.7572916666666668,
  "52": 0.7604166666666669,
  "53": 0.7635416666666669,
  "54": 0.7697916666666669,
  "55": 0.7708333333333336,
  "56": 0.776041666666667,
  "57": 0.7770833333333337,
  "58": 0.7781250000000004,
  "59": 0.7791666666666671,
  "61": 0.7802083333333338,
  "62": 0.7864583333333338,
  "63": 0.7875000000000005,
  "64": 0.7885416666666673,
  "65": 0.789583333333334,
  "66": 0.7937500000000006,
  "67": 0.7947916666666673,
  "68": 0.7958333333333341,
  "69": 0.7968750000000008,
  "70": 0.8000000000000008,
  "71": 0.8020833333333341,
  "73": 0.8041666666666675,
  "74": 0.8062500000000008,
  "75": 0.8093750000000008,
  "76": 0.8114583333333342,
  "77": 0.8125000000000009,
  "78": 0.8156250000000009,
  "80": 0.8197916666666676,
  "81": 0.8208333333333343,
  "82": 0.825000000000001,
  "83": 0.8270833333333343,
  "84": 0.8291666666666676,
  "85": 0.8302083333333343,
  "86": 0.8322916666666677,
  "87": 0.8364583333333343,
  "88": 0.837500000000001,
  "89": 0.8416666666666677,
  "91": 0.8427083333333344,
  "92": 0.8437500000000011,
  "94": 0.8447916666666678,
  "95": 0.8468750000000012,
  "96": 0.8479166666666679,
  "97": 0.8500000000000012,
  "98": 0.8520833333333345,
  "99": 0.8541666666666679,
  "100": 0.8562500000000012,
  "101": 0.8604166666666678,
  "102": 0.8614583333333345,
  "103": 0.8625000000000013,
  "105": 0.863541666666668,
  "106": 0.8656250000000013,
  "107": 0.8677083333333346,
  "108": 0.8687500000000014,
  "110": 0.8708333333333347,
  "111": 0.8718750000000014,
  "112": 0.8729166666666681,
  "114": 0.8739583333333348,
  "115": 0.8750000000000016,
  "116": 0.8781250000000016,
  "117": 0.8791666666666683,
  "118": 0.8822916666666684,
  "119": 0.8833333333333351,
  "121": 0.8864583333333351,
  "124": 0.8885416666666685,
  "125": 0.8895833333333352,
  "129": 0.8927083333333352,
  "131": 0.8947916666666685,
  "132": 0.8958333333333353,
  "134": 0.8979166666666686,
  "136": 0.9020833333333352,
  "137": 0.903125000000002,
  "138": 0.906250000000002,
  "141": 0.9104166666666687,
  "142": 0.9114583333333354,
  "143": 0.9145833333333354,
  "145": 0.9156250000000021,
  "146": 0.9177083333333355,
  "147": 0.9187500000000022,
  "148": 0.9229166666666688,
  "149": 0.9239583333333355,
  "150": 0.9250000000000023,
  "151": 0.9270833333333356,
  "152": 0.9281250000000023,
  "153": 0.929166666666669,
  "154": 0.9322916666666691,
  "155": 0.9333333333333358,
  "156": 0.9364583333333358,
  "158": 0.9375000000000026,
  "159": 0.9395833333333359,
  "160": 0.9416666666666692,
  "163": 0.9437500000000025,
  "164": 0.9458333333333359,
  "165": 0.9479166666666692,
  "166": 0.9510416666666692,
  "167": 0.9531250000000026,
  "169": 0.9562500000000026,
  "170": 0.9593750000000026,
  "171": 0.9625000000000027,
  "173": 0.964583333333336,
  "175": 0.9656250000000027,
  "176": 0.9666666666666694,
  "177": 0.9687500000000028,
  "178": 0.9708333333333361,
  "179": 0.9729166666666694,
  "180": 0.9739583333333361,
  "183": 0.9770833333333362,
  "186": 0.9791666666666695,
  "187": 0.9812500000000028,
  "188": 0.9833333333333362,
  "189": 0.9843750000000029,
  "190": 0.9875000000000029,
  "191": 0.9885416666666696,
  "192": 0.9916666666666697,
  "194": 0.9947916666666697,
  "197": 0.9958333333333365,
  "198": 0.9968750000000032,
  "199": 1.000000000000003
}