{
  "2": 0.020785219399538105,
  "3": 0.08083140877598152,
  "4": 0.1235565819861432,
  "5": 0.1674364896073903,
  "6": 0.20323325635103925,
  "7": 0.23210161662817552,
  "8": 0.26096997690531176,
  "9": 0.28175519630484985,
  "10": 0.30715935334872974,
  "11": 0.3267898383371824,
  "12": 0.3568129330254041,
  "13": 0.3775981524249422,
  "14": 0.39145496535796764,
  "15": 0.4053117782909931,
  "16": 0.4226327944572748,
  "17": 0.4434180138568129,
  "18": 0.45612009237875284,
  "19": 0.47921478060046185,
  "20": 0.4965357967667436,
  "21": 0.510392609699769,
  "22": 0.5219399538106234,
  "23": 0.5346420323325634,
  "24": 0.5438799076212469,
  "25": 0.5484988452655888,
  "26": 0.5531177829099306,
  "27": 0.5577367205542725,
  "28": 0.5600461893764433,
  "29": 0.5646651270207852,
  "30": 0.5727482678983834,
  "31": 0.581986143187067,
  "32": 0.5923787528868361,
  "33": 0.6016166281755196,
  "34": 0.6143187066974596,
  "35": 0.6212471131639723,
  "36": 0.628175519630485,
  "37": 0.6327944572748269,
  "38": 0.6408775981524251,
  "39": 0.6466512702078523,
  "40": 0.6558891454965359,
  "41": 0.6616628175519631,
  "42": 0.6674364896073903,
  "43": 0.6697459584295612,
  "44": 0.6801385681293303,
  "45": 0.687066974595843,
  "46": 0.6882217090069285,
  "47": 0.6916859122401848,
  "48": 0.6963048498845267,
  "49": 0.699769053117783,
  "50": 0.7032332563510394,
  "51": 0.7066974595842958,
  "52": 0.7136258660508085,
  "53": 0.7182448036951503,
  "54": 0.7193995381062358,
  "55": 0.725173210161663,
  "56": 0.7297921478060049,
  "57": 0.7355658198614321,
  "58": 0.737875288683603,
  "59": 0.7413394919168593,
  "60": 0.7448036951501157,
  "61": 0.7494226327944575,
  "62": 0.7575057736720557,
  "63": 0.7598152424942266,
  "64": 0.7667436489607393,
  "65": 0.7713625866050812,
  "66": 0.7748267898383375,
  "67": 0.7794457274826794,
  "68": 0.7852193995381066,
  "69": 0.7875288683602775,
  "70": 0.7898383371824483,
  "71": 0.7909930715935338,
  "72": 0.7944572748267902,
  "73": 0.7979214780600465,
  "74": 0.8048498845265593,
  "75": 0.8106235565819865,
  "76": 0.8129330254041574,
  "77": 0.8163972286374137,
  "78": 0.8210161662817556,
  "79": 0.822170900692841,
  "81": 0.8233256351039265,
  "82": 0.824480369515012,
  "83": 0.8256351039260975,
  "84": 0.826789838337183,
  "85": 0.8325635103926102,
  "86": 0.8337182448036957,
  "87": 0.8348729792147812,
  "88": 0.8383371824480376,
  "89": 0.8406466512702084,
  "90": 0.8418013856812939,
  "91": 0.8441108545034648,
  "93": 0.8487297921478066,
  "94": 0.852193995381063,
  "95": 0.8556581986143194,
  "97": 0.8614318706697466,
  "98": 0.8672055427251738,
  "100": 0.8683602771362593,
  "101": 0.8718244803695157,
  "102": 0.8775981524249429,
  "105": 0.8787528868360284,
  "106": 0.8822170900692847,
  "107": 0.8833718244803702,
  "108": 0.8845265588914557,
  "110": 0.8856812933025412,
  "112": 0.8891454965357976,
  "113": 0.890300230946883,
  "114": 0.8914549653579685,
  "116": 0.8949191685912249,
  "117": 0.8960739030023104,
  "118": 0.8972286374133959,
  "119": 0.8995381062355667,
  "120": 0.9006928406466522,
  "121": 0.9018475750577377,
  "123": 0.9076212471131649,
  "124": 0.9099307159353358,
  "125": 0.9110854503464213,
  "128": 0.9133949191685922,
  "129": 0.915704387990763,
  "130": 0.9168591224018485,
  "131": 0.9191685912240194,
  "134": 0.9237875288683612,
  "138": 0.9272517321016176,
  "140": 0.9284064665127031,
  "141": 0.9318706697459594,
  "142": 0.9330254041570449,
  "143": 0.9353348729792158,
  "146": 0.9387990762124722,
  "147": 0.941108545034643,
  "148": 0.9434180138568139,
  "149": 0.9468822170900703,
  "150": 0.9503464203233266,
  "151": 0.9526558891454975,
  "153": 0.9549653579676683,
  "155": 0.9572748267898392,
  "157": 0.9584295612009247,
  "159": 0.9595842956120102,
  "160": 0.9607390300230957,
  "162": 0.9630484988452666,
  "163": 0.9653579676674374,
  "164": 0.9676674364896083,
  "166": 0.9688221709006938,
  "167": 0.9711316397228646,
  "168": 0.9734411085450355,
  "174": 0.974595842956121,
  "175": 0.9769053117782919,
  "177": 0.9792147806004627,
  "178": 0.9803695150115482,
  "179": 0.9815242494226337,
  "180": 0.9838337182448046,
  "181": 0.9849884526558901,
  "182": 0.9861431870669756,
  "183": 0.9872979214780611,
  "184": 0.9884526558891465,
  "187": 0.989607390300232,
  "188": 0.9907621247113175,
  "190": 0.991916859122403,
  "193": 0.9953810623556594,
  "194": 0.9976905311778302,
  "198": 0.9988452655889157,
  "199": 1.000000000000001
}