{
  "2": 0.019202363367799114,
  "3": 0.06351550960118169,
  "4": 0.1019202363367799,
  "5": 0.14771048744460857,
  "6": 0.1875923190546529,
  "7": 0.21713441654357463,
  "8": 0.25258493353028066,
  "9": 0.2658788774002954,
  "10": 0.292466765140325,
  "11": 0.3190546528803545,
  "12": 0.3397341211225997,
  "13": 0.3500738552437223,
  "14": 0.36779911373707536,
  "15": 0.3766617429837519,
  "16": 0.3870014771048745,
  "17": 0.3973412112259971,
  "18": 0.41358936484490405,
  "19": 0.4194977843426884,
  "20": 0.42688330871491886,
  "21": 0.43279172821270323,
  "22": 0.4357459379615954,
  "23": 0.4519940915805023,
  "24": 0.45790251107828667,
  "25": 0.46824224519940927,
  "26": 0.47858197932053187,
  "27": 0.48892171344165447,
  "28": 0.497784342688331,
  "29": 0.5096011816838997,
  "30": 0.5140324963072379,
  "31": 0.5243722304283605,
  "32": 0.5361890694239292,
  "33": 0.5406203840472674,
  "34": 0.5450516986706057,
  "35": 0.5539143279172821,
  "36": 0.5701624815361891,
  "37": 0.5775480059084195,
  "38": 0.5834564254062038,
  "39": 0.5908419497784342,
  "40": 0.5997045790251107,
  "41": 0.6026587887740028,
  "42": 0.6115214180206793,
  "43": 0.6203840472673557,
  "44": 0.624815361890694,
  "45": 0.6322008862629244,
  "46": 0.6440177252584931,
  "47": 0.6514032496307235,
  "48": 0.6632200886262922,
  "49": 0.6735598227474148,
  "50": 0.6794682422451991,
  "51": 0.6824224519940912,
  "52": 0.6883308714918756,
  "53": 0.697193500738552,
  "54": 0.7090103397341208,
  "55": 0.7163958641063511,
  "56": 0.7223042836041355,
  "57": 0.7267355982274737,
  "58": 0.7311669128508119,
  "59": 0.7341211225997041,
  "60": 0.7370753323485962,
  "61": 0.7459379615952727,
  "62": 0.7503692762186109,
  "63": 0.7533234859675031,
  "64": 0.7592319054652874,
  "65": 0.7680945347119639,
  "66": 0.771048744460856,
  "67": 0.7754800590841943,
  "68": 0.7799113737075325,
  "70": 0.7843426883308707,
  "71": 0.788774002954209,
  "72": 0.7961595273264394,
  "73": 0.7991137370753315,
  "74": 0.8020679468242237,
  "75": 0.8050221565731158,
  "78": 0.807976366322008,
  "79": 0.8109305760709001,
  "80": 0.8124076809453462,
  "81": 0.8153618906942384,
  "82": 0.8183161004431305,
  "83": 0.8197932053175766,
  "84": 0.8242245199409148,
  "86": 0.8301329394386991,
  "88": 0.8316100443131452,
  "89": 0.8360413589364835,
  "91": 0.8404726735598217,
  "93": 0.8434268833087138,
  "94": 0.8493353028064982,
  "95": 0.8537666174298364,
  "96": 0.8581979320531746,
  "97": 0.8596750369276207,
  "98": 0.8626292466765129,
  "99": 0.8685376661742972,
  "101": 0.8714918759231893,
  "104": 0.8759231905465276,
  "105": 0.8788774002954197,
  "106": 0.8818316100443119,
  "107": 0.884785819793204,
  "108": 0.8862629246676501,
  "110": 0.8877400295420962,
  "112": 0.8906942392909883,
  "113": 0.8951255539143266,
  "115": 0.8966026587887727,
  "116": 0.9010339734121109,
  "117": 0.902511078286557,
  "118": 0.903988183161003,
  "119": 0.9084194977843413,
  "120": 0.9113737075332334,
  "121": 0.9128508124076795,
  "122": 0.9172821270310177,
  "123": 0.9187592319054638,
  "124": 0.9231905465288021,
  "125": 0.9246676514032481,
  "126": 0.9261447562776942,
  "127": 0.9290989660265864,
  "129": 0.9320531757754785,
  "132": 0.9335302806499246,
  "133": 0.9350073855243707,
  "134": 0.9379615952732628,
  "139": 0.9394387001477089,
  "140": 0.940915805022155,
  "142": 0.9438700147710471,
  "143": 0.9453471196454932,
  "145": 0.9497784342688315,
  "152": 0.9512555391432775,
  "154": 0.9556868537666158,
  "155": 0.9571639586410619,
  "156": 0.9615952732644001,
  "157": 0.9645494830132922,
  "158": 0.9660265878877383,
  "162": 0.9689807976366305,
  "163": 0.9704579025110766,
  "164": 0.9719350073855226,
  "165": 0.9734121122599687,
  "166": 0.9778434268833069,
  "167": 0.979320531757753,
  "168": 0.9807976366321991,
  "169": 0.9822747415066452,
  "174": 0.9837518463810913,
  "182": 0.9852289512555373,
  "183": 0.9867060561299834,
  "185": 0.9881831610044295,
  "187": 0.9926144756277677,
  "189": 0.9940915805022138,
  "190": 0.9955686853766599,
  "191": 0.997045790251106,
  "194": 0.998522895125552,
  "195": 0.9999999999999981
}