{
  "2": 0.344,
  "3": 0.701,
  "4": 0.7929999999999999,
  "5": 0.849,
  "6": 0.881,
  "7": 0.903,
  "8": 0.922,
  "9": 0.936,
  "10": 0.9480000000000001,
  "11": 0.9590000000000001,
  "12": 0.9670000000000001,
  "13": 0.9730000000000001,
  "14": 0.9800000000000001,
  "15": 0.9890000000000001,
  "16": 0.9950000000000001,
  "17": 0.9980000000000001,
  "18": 1.0
}