{
  "2": 0.32,
  "3": 0.504,
  "4": 0.576,
  "5": 0.639,
  "6": 0.6910000000000001,
  "7": 0.7240000000000001,
  "8": 0.7580000000000001,
  "9": 0.7900000000000001,
  "10": 0.8140000000000002,
  "11": 0.8430000000000002,
  "12": 0.8580000000000002,
  "13": 0.8750000000000002,
  "14": 0.8940000000000002,
  "15": 0.9110000000000003,
  "16": 0.9280000000000003,
  "17": 0.9350000000000003,
  "18": 0.9470000000000003,
  "19": 0.9530000000000003,
  "20": 0.9580000000000003,
  "21": 0.9600000000000003,
  "22": 0.9620000000000003,
  "23": 0.9660000000000003,
  "24": 0.9670000000000003,
  "25": 0.9690000000000003,
  "26": 0.9710000000000003,
  "27": 0.9720000000000003,
  "28": 0.9750000000000003,
  "30": 0.9760000000000003,
  "31": 0.9770000000000003,
  "32": 0.9790000000000003,
  "33": 0.9800000000000003,
  "35": 0.9810000000000003,
  "36": 0.9820000000000003,
  "37": 0.9840000000000003,
  "38": 0.9850000000000003,
  "39": 0.9860000000000003,
  "41": 0.9870000000000003,
  "48": 0.9880000000000003,
  "51": 0.9890000000000003,
  "55": 0.9910000000000003,
  "57": 0.9920000000000003,
  "58": 0.9930000000000003,
  "60": 0.9940000000000003,
  "63": 0.9950000000000003,
  "66": 0.9960000000000003,
  "72": 0.9970000000000003,
  "82": 0.9980000000000003,
  "90": 0.9990000000000003,
  "115": 1.0000000000000002
}