{
  "2": 0.05355064027939464,
  "3": 0.11408614668218858,
  "4": 0.16880093131548313,
  "5": 0.20023282887077998,
  "6": 0.22584400465657742,
  "7": 0.2630966239813737,
  "8": 0.2840512223515716,
  "9": 0.3073341094295693,
  "10": 0.3329452852153667,
  "11": 0.3585564610011641,
  "12": 0.3806752037252619,
  "13": 0.39930151338766007,
  "14": 0.41559953434225844,
  "15": 0.43655413271245636,
  "16": 0.45168800931315484,
  "17": 0.46449359720605354,
  "18": 0.4819557625145518,
  "19": 0.4935972060535506,
  "20": 0.5133876600698486,
  "21": 0.5227008149010477,
  "22": 0.5343422584400466,
  "23": 0.5459837019790454,
  "24": 0.5552968568102445,
  "25": 0.5657741559953435,
  "26": 0.582072176949942,
  "27": 0.5948777648428407,
  "28": 0.5995343422584403,
  "29": 0.6146682188591388,
  "30": 0.6239813736903379,
  "31": 0.633294528521537,
  "32": 0.6449359720605359,
  "33": 0.6472642607683357,
  "34": 0.654249126891735,
  "35": 0.6577415599534346,
  "36": 0.6658905704307339,
  "37": 0.6670547147846337,
  "38": 0.6798603026775325,
  "39": 0.6833527357392322,
  "40": 0.6868451688009318,
  "41": 0.6880093131548317,
  "42": 0.6938300349243312,
  "43": 0.7008149010477305,
  "44": 0.7043073341094301,
  "45": 0.7101280558789296,
  "46": 0.7147846332945291,
  "47": 0.7217694994179285,
  "48": 0.7240977881257282,
  "49": 0.7299185098952277,
  "50": 0.7357392316647271,
  "51": 0.7392316647264268,
  "52": 0.747380675203726,
  "53": 0.7497089639115257,
  "54": 0.7532013969732254,
  "55": 0.7566938300349251,
  "56": 0.7590221187427248,
  "57": 0.7613504074505246,
  "58": 0.7660069848661242,
  "59": 0.7671711292200241,
  "60": 0.7706635622817237,
  "61": 0.7741559953434234,
  "62": 0.7788125727590229,
  "63": 0.7846332945285224,
  "64": 0.788125727590222,
  "65": 0.7927823050058216,
  "66": 0.7962747380675212,
  "67": 0.798603026775321,
  "68": 0.8067520372526202,
  "69": 0.8102444703143199,
  "70": 0.8172293364377192,
  "71": 0.819557625145519,
  "72": 0.8218859138533188,
  "73": 0.8253783469150184,
  "74": 0.8311990686845179,
  "75": 0.8323632130384178,
  "76": 0.8393480791618171,
  "78": 0.8416763678696169,
  "79": 0.8440046565774166,
  "80": 0.8498253783469161,
  "81": 0.8544819557625156,
  "82": 0.861466821885915,
  "83": 0.8649592549476146,
  "84": 0.8672875436554144,
  "85": 0.8719441210710139,
  "86": 0.8731082654249138,
  "87": 0.8754365541327136,
  "88": 0.881257275902213,
  "89": 0.8847497089639127,
  "90": 0.8882421420256124,
  "91": 0.8905704307334121,
  "92": 0.8952270081490117,
  "93": 0.8963911525029116,
  "94": 0.8987194412107113,
  "95": 0.9010477299185111,
  "97": 0.9057043073341107,
  "98": 0.9068684516880106,
  "101": 0.9091967403958103,
  "102": 0.9115250291036101,
  "103": 0.9150174621653098,
  "104": 0.9173457508731095,
  "105": 0.9208381839348092,
  "106": 0.9220023282887091,
  "107": 0.9254947613504088,
  "108": 0.9278230500582085,
  "109": 0.9289871944121084,
  "114": 0.9313154831199082,
  "115": 0.933643771827708,
  "116": 0.9359720605355077,
  "117": 0.9371362048894076,
  "118": 0.9383003492433075,
  "121": 0.9394644935972074,
  "122": 0.9406286379511073,
  "123": 0.9417927823050072,
  "126": 0.9429569266589071,
  "127": 0.944121071012807,
  "128": 0.9452852153667068,
  "129": 0.9464493597206067,
  "130": 0.9487776484284065,
  "132": 0.9511059371362063,
  "134": 0.9522700814901062,
  "135": 0.9534342258440061,
  "136": 0.9569266589057057,
  "137": 0.9580908032596056,
  "138": 0.9592549476135055,
  "139": 0.9604190919674054,
  "140": 0.9627473806752052,
  "143": 0.963911525029105,
  "144": 0.9674039580908047,
  "145": 0.9685681024447046,
  "150": 0.9708963911525044,
  "153": 0.9720605355064043,
  "154": 0.9732246798603041,
  "158": 0.9755529685681039,
  "159": 0.9767171129220038,
  "160": 0.9790454016298036,
  "162": 0.9802095459837035,
  "166": 0.9813736903376034,
  "167": 0.9825378346915032,
  "169": 0.9837019790454031,
  "172": 0.984866123399303,
  "174": 0.9871944121071028,
  "175": 0.9883585564610027,
  "177": 0.9895227008149026,
  "183": 0.9918509895227023,
  "184": 0.9930151338766022,
  "187": 0.9941792782305021,
  "190": 0.995343422584402,
  "194": 0.9976717112922018,
  "195": 0.9988358556461017,
  "198": 1.0000000000000016
}