{
  "2": 0.04291845493562232,
  "3": 0.08869814020028613,
  "4": 0.12875536480686695,
  "5": 0.16022889842632332,
  "6": 0.19456366237482117,
  "7": 0.2374821173104435,
  "8": 0.24892703862660945,
  "9": 0.2703862660944206,
  "10": 0.30042918454935624,
  "11": 0.3218884120171674,
  "12": 0.33476394849785407,
  "13": 0.35050071530758226,
  "14": 0.3676680972818312,
  "15": 0.3934191702432046,
  "16": 0.41058655221745355,
  "17": 0.43061516452074394,
  "18": 0.4420600858369099,
  "19": 0.4549356223175966,
  "20": 0.47210300429184554,
  "21": 0.4778254649499285,
  "22": 0.4821173104434907,
  "23": 0.4949928469241774,
  "24": 0.5035765379113019,
  "25": 0.5135908440629471,
  "26": 0.5236051502145923,
  "27": 0.5350500715307582,
  "28": 0.5464949928469242,
  "29": 0.5550786838340486,
  "30": 0.569384835479256,
  "31": 0.5851216022889841,
  "32": 0.6008583690987123,
  "33": 0.6108726752503575,
  "34": 0.6194563662374819,
  "35": 0.6266094420600856,
  "36": 0.6323319027181686,
  "37": 0.6466380543633761,
  "38": 0.658082975679542,
  "39": 0.6666666666666664,
  "40": 0.6723891273247494,
  "41": 0.6866952789699569,
  "42": 0.6924177396280399,
  "43": 0.6995708154506436,
  "44": 0.7052932761087266,
  "45": 0.7124463519313303,
  "46": 0.7181688125894133,
  "47": 0.7267525035765378,
  "48": 0.7281831187410585,
  "49": 0.7324749642346207,
  "50": 0.7424892703862659,
  "51": 0.7525035765379111,
  "52": 0.7567954220314733,
  "53": 0.758226037195994,
  "54": 0.7625178826895562,
  "55": 0.7682403433476392,
  "56": 0.7725321888412015,
  "57": 0.775393419170243,
  "59": 0.7768240343347637,
  "60": 0.7811158798283259,
  "61": 0.7839771101573674,
  "62": 0.7868383404864089,
  "63": 0.7882689556509296,
  "66": 0.7896995708154503,
  "67": 0.7954220314735333,
  "68": 0.7982832618025748,
  "69": 0.8011444921316163,
  "70": 0.802575107296137,
  "71": 0.8097281831187407,
  "72": 0.8111587982832614,
  "73": 0.8125894134477821,
  "74": 0.8140200286123028,
  "75": 0.8168812589413443,
  "76": 0.8197424892703858,
  "79": 0.824034334763948,
  "81": 0.8268955650929896,
  "82": 0.8283261802575103,
  "83": 0.8326180257510725,
  "84": 0.835479256080114,
  "85": 0.8397711015736762,
  "87": 0.8440629470672384,
  "89": 0.8454935622317591,
  "90": 0.8469241773962798,
  "91": 0.8483547925608005,
  "92": 0.8497854077253212,
  "93": 0.8512160228898419,
  "95": 0.8540772532188834,
  "96": 0.8555078683834041,
  "97": 0.8569384835479248,
  "100": 0.8626609442060078,
  "101": 0.8640915593705285,
  "102": 0.8655221745350492,
  "103": 0.8683834048640907,
  "104": 0.8698140200286114,
  "105": 0.8712446351931321,
  "106": 0.8755364806866943,
  "107": 0.8798283261802565,
  "108": 0.8841201716738187,
  "109": 0.8855507868383394,
  "110": 0.8869814020028601,
  "111": 0.8884120171673808,
  "113": 0.8912732474964223,
  "115": 0.8955650929899845,
  "117": 0.8998569384835468,
  "118": 0.9012875536480675,
  "119": 0.9027181688125882,
  "120": 0.9055793991416297,
  "121": 0.9070100143061504,
  "122": 0.9113018597997126,
  "123": 0.9141630901287541,
  "124": 0.9170243204577956,
  "127": 0.9184549356223163,
  "129": 0.9227467811158785,
  "130": 0.92560801144492,
  "131": 0.9284692417739615,
  "132": 0.9298998569384822,
  "134": 0.9313304721030029,
  "136": 0.9327610872675236,
  "137": 0.9370529327610858,
  "138": 0.9384835479256065,
  "139": 0.9399141630901272,
  "140": 0.9413447782546479,
  "141": 0.9427753934191686,
  "143": 0.9456366237482101,
  "144": 0.9484978540772516,
  "145": 0.9499284692417723,
  "146": 0.951359084406293,
  "147": 0.9542203147353345,
  "148": 0.957081545064376,
  "149": 0.9585121602288967,
  "150": 0.9599427753934174,
  "151": 0.9613733905579381,
  "153": 0.9685264663805419,
  "154": 0.9713876967095834,
  "155": 0.9742489270386249,
  "156": 0.9756795422031456,
  "160": 0.9771101573676663,
  "161": 0.978540772532187,
  "162": 0.9799713876967077,
  "163": 0.9828326180257492,
  "164": 0.9842632331902699,
  "165": 0.9871244635193114,
  "169": 0.9885550786838321,
  "174": 0.9899856938483528,
  "176": 0.9914163090128735,
  "177": 0.9928469241773942,
  "178": 0.9942775393419149,
  "181": 0.9957081545064356,
  "182": 0.9971387696709563,
  "194": 0.9999999999999978
}