{
  "2": 0.03814713896457766,
  "3": 0.06948228882833787,
  "4": 0.0994550408719346,
  "5": 0.12397820163487738,
  "6": 0.15122615803814715,
  "7": 0.16485013623978204,
  "8": 0.17847411444141692,
  "9": 0.19754768392370575,
  "10": 0.2152588555858311,
  "11": 0.23569482288828342,
  "12": 0.2574931880108992,
  "13": 0.27520435967302453,
  "14": 0.28746594005449594,
  "15": 0.3024523160762943,
  "16": 0.3201634877384196,
  "17": 0.33787465940054495,
  "18": 0.36103542234332425,
  "19": 0.3773841961852861,
  "20": 0.3923705722070845,
  "21": 0.40735694822888285,
  "22": 0.4223433242506812,
  "23": 0.43051771117166215,
  "24": 0.4455040871934605,
  "25": 0.45231607629427795,
  "26": 0.4564032697547684,
  "27": 0.4673024523160763,
  "28": 0.47411444141689374,
  "29": 0.48365122615803813,
  "30": 0.4891008174386921,
  "31": 0.4986376021798365,
  "32": 0.5040871934604905,
  "33": 0.5149863760217984,
  "34": 0.5258855585831064,
  "35": 0.5299727520435968,
  "36": 0.5340599455040873,
  "37": 0.5435967302452317,
  "38": 0.5544959128065396,
  "39": 0.5613079019073571,
  "40": 0.5640326975476841,
  "41": 0.5681198910081746,
  "42": 0.5762942779291556,
  "43": 0.5817438692098095,
  "44": 0.5871934604904634,
  "45": 0.5926430517711173,
  "46": 0.5980926430517712,
  "47": 0.6076294277929156,
  "48": 0.619891008174387,
  "49": 0.622615803814714,
  "50": 0.630790190735695,
  "51": 0.6430517711171664,
  "52": 0.6498637602179839,
  "53": 0.6566757493188013,
  "54": 0.6594005449591284,
  "55": 0.6634877384196188,
  "56": 0.6716621253405998,
  "57": 0.6757493188010902,
  "58": 0.6825613079019077,
  "59": 0.6866485013623982,
  "60": 0.6920980926430521,
  "61": 0.6989100817438696,
  "62": 0.7016348773841966,
  "63": 0.7057220708446871,
  "64": 0.7125340599455046,
  "65": 0.716621253405995,
  "66": 0.7207084468664855,
  "67": 0.7316076294277934,
  "68": 0.7343324250681205,
  "69": 0.7370572207084475,
  "70": 0.7425068119891014,
  "71": 0.7465940054495919,
  "72": 0.7520435967302458,
  "73": 0.7534059945504092,
  "74": 0.7574931880108997,
  "75": 0.7602179836512267,
  "76": 0.7629427792915537,
  "77": 0.7670299727520442,
  "78": 0.7683923705722077,
  "79": 0.7697547683923711,
  "80": 0.7792915531335155,
  "81": 0.780653950953679,
  "82": 0.783378746594006,
  "83": 0.786103542234333,
  "84": 0.7874659400544964,
  "85": 0.7915531335149869,
  "86": 0.7970027247956408,
  "87": 0.8010899182561313,
  "88": 0.8024523160762947,
  "89": 0.8051771117166218,
  "90": 0.8065395095367852,
  "91": 0.8119891008174391,
  "92": 0.8133514986376026,
  "93": 0.8174386920980931,
  "94": 0.8215258855585835,
  "95": 0.822888283378747,
  "96": 0.8269754768392374,
  "97": 0.8297002724795645,
  "99": 0.8324250681198915,
  "100": 0.8365122615803819,
  "101": 0.839237057220709,
  "102": 0.841961852861036,
  "103": 0.8460490463215264,
  "106": 0.8487738419618535,
  "107": 0.8542234332425074,
  "109": 0.8569482288828344,
  "110": 0.8583106267029978,
  "111": 0.8623978201634883,
  "113": 0.8678474114441422,
  "115": 0.8719346049046327,
  "116": 0.8801089918256136,
  "117": 0.8814713896457771,
  "118": 0.8828337874659405,
  "119": 0.8855585831062676,
  "120": 0.8882833787465946,
  "121": 0.889645776566758,
  "122": 0.8910081743869215,
  "124": 0.8937329700272485,
  "127": 0.8964577656675755,
  "129": 0.897820163487739,
  "131": 0.900544959128066,
  "132": 0.9019073569482294,
  "133": 0.9032697547683929,
  "135": 0.9059945504087199,
  "136": 0.9141689373297008,
  "137": 0.9155313351498643,
  "139": 0.9168937329700277,
  "142": 0.9209809264305182,
  "143": 0.9223433242506817,
  "144": 0.9250681198910087,
  "145": 0.9264305177111721,
  "146": 0.9305177111716626,
  "147": 0.931880108991826,
  "148": 0.9332425068119895,
  "150": 0.934604904632153,
  "152": 0.93732970027248,
  "153": 0.940054495912807,
  "155": 0.942779291553134,
  "156": 0.945504087193461,
  "157": 0.9468664850136245,
  "158": 0.9482288828337879,
  "159": 0.9495912806539514,
  "161": 0.9523160762942784,
  "163": 0.9536784741144418,
  "164": 0.9591280653950958,
  "167": 0.9604904632152592,
  "168": 0.9618528610354227,
  "170": 0.9645776566757497,
  "171": 0.9659400544959131,
  "172": 0.9673024523160766,
  "175": 0.96866485013624,
  "177": 0.9727520435967305,
  "179": 0.974114441416894,
  "180": 0.976839237057221,
  "181": 0.9782016348773844,
  "182": 0.9809264305177114,
  "183": 0.9822888283378749,
  "185": 0.9836512261580383,
  "186": 0.9850136239782018,
  "189": 0.9877384196185288,
  "191": 0.9891008174386923,
  "192": 0.9904632152588557,
  "193": 0.9931880108991827,
  "194": 0.9945504087193462,
  "196": 0.9959128065395096,
  "197": 0.9972752043596731,
  "198": 0.9986376021798365,
  "200": 1.0
}