{
  "2": 0.294,
  "3": 0.518,
  "4": 0.622,
  "5": 0.668,
  "6": 0.747,
  "7": 0.799,
  "8": 0.8160000000000001,
  "9": 0.8540000000000001,
  "10": 0.919,
  "11": 0.931,
  "12": 0.9560000000000001,
  "13": 0.9690000000000001,
  "14": 0.9850000000000001,
  "15": 0.9920000000000001,
  "16": 0.9930000000000001,
  "17": 1.0
}