{
  "2": 0.03263707571801567,
  "3": 0.08093994778067885,
  "4": 0.13315926892950392,
  "5": 0.17493472584856395,
  "6": 0.2023498694516971,
  "7": 0.23237597911227154,
  "8": 0.2558746736292428,
  "9": 0.28067885117493474,
  "10": 0.29503916449086165,
  "11": 0.3211488250652742,
  "12": 0.3407310704960836,
  "13": 0.35900783289817234,
  "14": 0.37597911227154046,
  "15": 0.4046997389033942,
  "16": 0.41644908616187987,
  "17": 0.43603133159268925,
  "18": 0.45300261096605743,
  "19": 0.46344647519582244,
  "20": 0.47780678851174935,
  "21": 0.4856396866840731,
  "22": 0.4908616187989556,
  "23": 0.49869451697127937,
  "24": 0.5078328981723238,
  "25": 0.5156657963446476,
  "26": 0.5169712793733682,
  "27": 0.5300261096605744,
  "28": 0.5391644908616188,
  "29": 0.5483028720626631,
  "30": 0.556135770234987,
  "31": 0.5652741514360313,
  "32": 0.5665796344647519,
  "33": 0.5718015665796344,
  "34": 0.5809399477806788,
  "35": 0.5874673629242819,
  "36": 0.5953002610966057,
  "37": 0.6018276762402088,
  "38": 0.6057441253263707,
  "39": 0.6096605744125325,
  "40": 0.6161879895561356,
  "41": 0.6201044386422975,
  "42": 0.6266318537859006,
  "43": 0.6279373368146212,
  "44": 0.6305483028720624,
  "45": 0.6344647519582243,
  "46": 0.6396866840731068,
  "47": 0.6501305483028719,
  "48": 0.656657963446475,
  "49": 0.6605744125326368,
  "50": 0.6618798955613574,
  "51": 0.6697127937336812,
  "52": 0.6723237597911225,
  "53": 0.673629242819843,
  "54": 0.6749347258485636,
  "55": 0.6801566579634462,
  "56": 0.6853785900783287,
  "57": 0.68798955613577,
  "58": 0.6919060052219318,
  "59": 0.6997389033942556,
  "60": 0.7010443864229762,
  "64": 0.7036553524804174,
  "66": 0.704960835509138,
  "67": 0.7114882506527411,
  "68": 0.7140992167101824,
  "69": 0.7180156657963442,
  "70": 0.7193211488250648,
  "71": 0.7245430809399473,
  "72": 0.7258485639686679,
  "73": 0.7271540469973885,
  "74": 0.7297650130548298,
  "75": 0.7310704960835503,
  "76": 0.7336814621409916,
  "77": 0.7402088772845947,
  "78": 0.7454308093994773,
  "79": 0.7480417754569185,
  "81": 0.7493472584856391,
  "82": 0.7519582245430804,
  "83": 0.753263707571801,
  "85": 0.7558746736292422,
  "86": 0.7584856396866835,
  "87": 0.763707571801566,
  "88": 0.7663185378590073,
  "91": 0.7676240208877279,
  "92": 0.7689295039164484,
  "93": 0.7728459530026103,
  "94": 0.7754569190600515,
  "95": 0.7780678851174928,
  "96": 0.7806788511749341,
  "97": 0.7832898172323753,
  "98": 0.7898172323759785,
  "99": 0.7924281984334197,
  "100": 0.7963446475195816,
  "101": 0.8002610966057434,
  "102": 0.8054830287206259,
  "103": 0.8133159268929497,
  "105": 0.8146214099216703,
  "107": 0.8198433420365528,
  "108": 0.8211488250652734,
  "109": 0.822454308093994,
  "110": 0.8263707571801558,
  "111": 0.8276762402088764,
  "112": 0.828981723237597,
  "113": 0.8302872062663176,
  "114": 0.8315926892950382,
  "115": 0.8355091383812,
  "116": 0.8368146214099206,
  "117": 0.8407310704960824,
  "118": 0.842036553524803,
  "119": 0.8459530026109648,
  "120": 0.8472584856396854,
  "122": 0.8498694516971267,
  "123": 0.8511749347258473,
  "124": 0.8524804177545678,
  "125": 0.859007832898171,
  "126": 0.8616187989556122,
  "127": 0.8668407310704948,
  "128": 0.8720626631853773,
  "129": 0.8733681462140979,
  "130": 0.8759791122715391,
  "131": 0.8812010443864217,
  "132": 0.8838120104438629,
  "133": 0.8851174934725835,
  "134": 0.8877284595300248,
  "135": 0.890339425587466,
  "136": 0.8955613577023486,
  "138": 0.8968668407310691,
  "139": 0.8994778067885104,
  "140": 0.900783289817231,
  "142": 0.9033942558746723,
  "143": 0.9046997389033928,
  "144": 0.9060052219321134,
  "145": 0.907310704960834,
  "146": 0.9086161879895546,
  "147": 0.9099216710182751,
  "149": 0.9112271540469957,
  "150": 0.9177545691905988,
  "151": 0.9190600522193194,
  "152": 0.9216710182767607,
  "153": 0.9268929503916432,
  "154": 0.930809399477805,
  "155": 0.9321148825065256,
  "156": 0.9334203655352462,
  "157": 0.9360313315926875,
  "159": 0.937336814621408,
  "160": 0.9412532637075699,
  "162": 0.9425587467362905,
  "163": 0.943864229765011,
  "164": 0.9464751958224523,
  "165": 0.9490861618798936,
  "166": 0.9516971279373349,
  "167": 0.9543080939947761,
  "168": 0.9556135770234967,
  "169": 0.958224543080938,
  "171": 0.9595300261096585,
  "172": 0.9608355091383791,
  "173": 0.9621409921670997,
  "174": 0.9634464751958203,
  "175": 0.9673629242819821,
  "177": 0.9686684073107027,
  "178": 0.9699738903394233,
  "179": 0.9738903394255851,
  "181": 0.9751958224543057,
  "183": 0.9765013054830263,
  "184": 0.9791122715404675,
  "185": 0.9804177545691881,
  "187": 0.9817232375979087,
  "188": 0.9830287206266293,
  "189": 0.9843342036553498,
  "190": 0.9856396866840704,
  "191": 0.9882506527415117,
  "193": 0.9921671018276735,
  "194": 0.9934725848563941,
  "197": 0.9947780678851147,
  "198": 0.997389033942556,
  "199": 0.9986945169712765,
  "200": 0.9999999999999971
}