{
  "2": 0.48480662983425415,
  "3": 0.7237569060773481,
  "4": 0.8853591160220995,
  "5": 0.9875690607734807,
  "6": 1.0
}