{
  "2": 0.05807814149947202,
  "3": 0.12777191129883844,
  "4": 0.17001055966209083,
  "5": 0.20696937697993667,
  "6": 0.2344244984160507,
  "7": 0.2565997888067582,
  "8": 0.26821541710665264,
  "9": 0.2851108764519536,
  "10": 0.3009503695881732,
  "11": 0.3157338965153116,
  "12": 0.33790918690601907,
  "13": 0.35586061246040135,
  "14": 0.3695881731784584,
  "15": 0.37909186906019016,
  "16": 0.3959873284054911,
  "17": 0.41077085533262947,
  "18": 0.4255543822597678,
  "19": 0.43611404435058093,
  "20": 0.4551214361140445,
  "21": 0.46462513199577626,
  "22": 0.47412882787750804,
  "23": 0.48468848996832115,
  "24": 0.49736008447729685,
  "25": 0.5089757127771912,
  "26": 0.5248152059134109,
  "27": 0.5332629355860614,
  "28": 0.5448785638859558,
  "29": 0.5670538542766633,
  "30": 0.5902851108764522,
  "31": 0.6019007391763466,
  "32": 0.6061246040126718,
  "33": 0.6166842661034848,
  "34": 0.624076029567054,
  "35": 0.6304118268215418,
  "36": 0.6399155227032737,
  "37": 0.6441393875395989,
  "38": 0.6525871172122494,
  "39": 0.6568109820485746,
  "40": 0.6610348468848998,
  "41": 0.665258711721225,
  "42": 0.6737064413938755,
  "43": 0.678986272439282,
  "44": 0.6810982048574447,
  "45": 0.6832101372756073,
  "46": 0.6863780359028513,
  "47": 0.6895459345300953,
  "48": 0.6969376979936645,
  "49": 0.7032734952481523,
  "50": 0.7043294614572336,
  "51": 0.7096092925026402,
  "52": 0.7138331573389654,
  "53": 0.7212249208025345,
  "54": 0.7307286166842664,
  "55": 0.7349524815205916,
  "56": 0.7391763463569168,
  "57": 0.7444561774023233,
  "58": 0.7486800422386485,
  "59": 0.757127771911299,
  "60": 0.7624076029567055,
  "61": 0.767687434002112,
  "62": 0.770855332629356,
  "63": 0.7729672650475187,
  "64": 0.7782470960929252,
  "65": 0.7835269271383317,
  "66": 0.7866948257655757,
  "67": 0.7909186906019009,
  "68": 0.7972544878563887,
  "69": 0.8004223864836327,
  "70": 0.8057022175290393,
  "71": 0.8088701161562832,
  "72": 0.8109820485744459,
  "73": 0.8215417106652589,
  "74": 0.8225976768743403,
  "75": 0.8278775079197468,
  "76": 0.832101372756072,
  "77": 0.8342133051742346,
  "78": 0.8363252375923973,
  "79": 0.8373812038014786,
  "80": 0.8426610348468851,
  "81": 0.8437170010559665,
  "82": 0.8479408658922917,
  "83": 0.8500527983104543,
  "84": 0.8553326293558609,
  "85": 0.8606124604012674,
  "86": 0.8669482576557552,
  "87": 0.8764519535374871,
  "88": 0.879619852164731,
  "89": 0.8806758183738124,
  "90": 0.882787750791975,
  "91": 0.8848996832101377,
  "92": 0.8870116156283003,
  "93": 0.8901795142555443,
  "94": 0.8933474128827883,
  "95": 0.8975712777191135,
  "96": 0.8996832101372761,
  "97": 0.9017951425554388,
  "98": 0.906019007391764,
  "99": 0.9070749736008453,
  "100": 0.909186906019008,
  "101": 0.9102428722280893,
  "103": 0.9112988384371706,
  "104": 0.9134107708553333,
  "110": 0.9155227032734959,
  "114": 0.9176346356916586,
  "116": 0.9186906019007399,
  "118": 0.9218585005279839,
  "119": 0.9229144667370652,
  "120": 0.9239704329461466,
  "121": 0.9281942977824718,
  "123": 0.9313621964097157,
  "125": 0.9334741288278784,
  "127": 0.9345300950369597,
  "128": 0.9366420274551224,
  "129": 0.9376979936642037,
  "130": 0.9408658922914477,
  "136": 0.941921858500529,
  "137": 0.9461457233368542,
  "139": 0.9472016895459355,
  "142": 0.9482576557550169,
  "143": 0.9503695881731795,
  "144": 0.9514255543822608,
  "145": 0.9524815205913422,
  "146": 0.9545934530095048,
  "148": 0.9556494192185861,
  "149": 0.9588173178458301,
  "150": 0.9609292502639928,
  "151": 0.9619852164730741,
  "154": 0.9651531151003181,
  "155": 0.9683210137275621,
  "157": 0.9704329461457247,
  "158": 0.9714889123548061,
  "161": 0.9725448785638874,
  "163": 0.97465681098205,
  "167": 0.9767687434002127,
  "170": 0.977824709609294,
  "171": 0.9799366420274567,
  "173": 0.980992608236538,
  "174": 0.9820485744456193,
  "176": 0.984160506863782,
  "177": 0.9852164730728633,
  "178": 0.9883843717001073,
  "180": 0.9894403379091886,
  "181": 0.9915522703273513,
  "186": 0.9926082365364326,
  "187": 0.9936642027455139,
  "188": 0.9947201689545953,
  "189": 0.9957761351636766,
  "190": 0.9968321013727579,
  "192": 0.9978880675818392,
  "193": 0.9989440337909206,
  "196": 1.0000000000000018
}