{
  "2": 0.014388489208633094,
  "3": 0.05755395683453238,
  "4": 0.08489208633093526,
  "5": 0.11079136690647483,
  "6": 0.13956834532374102,
  "7": 0.1669064748201439,
  "8": 0.18848920863309354,
  "9": 0.21151079136690648,
  "10": 0.2273381294964029,
  "11": 0.24604316546762592,
  "12": 0.260431654676259,
  "13": 0.2776978417266187,
  "14": 0.2906474820143885,
  "15": 0.2992805755395684,
  "16": 0.3122302158273382,
  "17": 0.3309352517985612,
  "18": 0.3395683453237411,
  "19": 0.34964028776978423,
  "20": 0.3611510791366907,
  "21": 0.36834532374100726,
  "22": 0.38129496402877705,
  "23": 0.3913669064748202,
  "24": 0.40431654676259,
  "25": 0.4086330935251799,
  "26": 0.4129496402877698,
  "27": 0.42302158273381296,
  "28": 0.4302158273381295,
  "29": 0.43309352517985616,
  "30": 0.4431654676258993,
  "31": 0.44460431654676263,
  "32": 0.45035971223021587,
  "33": 0.4561151079136691,
  "34": 0.46330935251798566,
  "35": 0.4676258992805756,
  "36": 0.4733812949640288,
  "37": 0.4863309352517986,
  "38": 0.48920863309352525,
  "39": 0.4992805755395684,
  "40": 0.502158273381295,
  "41": 0.5093525179856115,
  "42": 0.516546762589928,
  "43": 0.5223021582733813,
  "44": 0.5309352517985612,
  "45": 0.539568345323741,
  "46": 0.5453237410071943,
  "47": 0.5510791366906476,
  "48": 0.5539568345323742,
  "49": 0.562589928057554,
  "50": 0.5683453237410073,
  "51": 0.5741007194244606,
  "52": 0.5841726618705038,
  "53": 0.5870503597122304,
  "54": 0.5884892086330937,
  "55": 0.594244604316547,
  "56": 0.5971223021582737,
  "57": 0.6014388489208636,
  "58": 0.6043165467625903,
  "59": 0.6057553956834536,
  "60": 0.6100719424460436,
  "61": 0.6115107913669069,
  "62": 0.6143884892086335,
  "63": 0.62158273381295,
  "64": 0.62589928057554,
  "66": 0.6316546762589933,
  "67": 0.6359712230215833,
  "68": 0.6374100719424466,
  "69": 0.6460431654676264,
  "70": 0.6489208633093531,
  "71": 0.6503597122302164,
  "72": 0.653237410071943,
  "73": 0.6561151079136697,
  "74": 0.6633093525179862,
  "76": 0.6690647482014395,
  "77": 0.6705035971223028,
  "79": 0.6762589928057561,
  "80": 0.6776978417266194,
  "81": 0.680575539568346,
  "82": 0.6834532374100727,
  "83": 0.6863309352517993,
  "84": 0.689208633093526,
  "85": 0.6920863309352526,
  "86": 0.693525179856116,
  "87": 0.6992805755395692,
  "88": 0.7021582733812959,
  "89": 0.7035971223021592,
  "90": 0.7079136690647492,
  "92": 0.7107913669064758,
  "93": 0.7122302158273391,
  "94": 0.7151079136690658,
  "96": 0.7165467625899291,
  "97": 0.7179856115107924,
  "99": 0.7194244604316558,
  "100": 0.7223021582733824,
  "102": 0.7237410071942457,
  "103": 0.725179856115109,
  "106": 0.7266187050359724,
  "109": 0.7309352517985623,
  "110": 0.733812949640289,
  "112": 0.7352517985611523,
  "115": 0.738129496402879,
  "116": 0.7395683453237423,
  "118": 0.7410071942446056,
  "119": 0.7453237410071956,
  "121": 0.7467625899280589,
  "124": 0.7496402877697855,
  "126": 0.7525179856115122,
  "127": 0.7553956834532388,
  "128": 0.7597122302158288,
  "130": 0.7625899280575554,
  "131": 0.7654676258992821,
  "132": 0.7683453237410087,
  "133": 0.769784172661872,
  "134": 0.7726618705035987,
  "135": 0.774100719424462,
  "139": 0.7755395683453253,
  "140": 0.7798561151079153,
  "141": 0.7812949640287786,
  "142": 0.782733812949642,
  "143": 0.7856115107913686,
  "144": 0.7870503597122319,
  "145": 0.7884892086330952,
  "146": 0.7913669064748219,
  "147": 0.7928057553956852,
  "151": 0.7942446043165485,
  "155": 0.7956834532374119,
  "159": 0.7971223021582752,
  "160": 0.7985611510791385,
  "161": 0.8000000000000018,
  "162": 0.8028776978417285,
  "163": 0.8043165467625918,
  "164": 0.8057553956834551,
  "165": 0.8086330935251818,
  "167": 0.8115107913669084,
  "169": 0.8129496402877717,
  "170": 0.814388489208635,
  "171": 0.8158273381294984,
  "173": 0.8201438848920883,
  "174": 0.8215827338129517,
  "176": 0.8244604316546783,
  "177": 0.8258992805755416,
  "179": 0.827338129496405,
  "180": 0.8287769784172683,
  "181": 0.8316546762589949,
  "183": 0.8330935251798582,
  "184": 0.8345323741007216,
  "185": 0.8374100719424482,
  "186": 0.8417266187050382,
  "192": 0.8431654676259015,
  "197": 0.8446043165467648,
  "198": 0.8460431654676281,
  "200": 0.8489208633093548,
  "206": 0.8503597122302181,
  "209": 0.8517985611510814,
  "210": 0.8532374100719448,
  "211": 0.8546762589928081,
  "212": 0.8561151079136714,
  "214": 0.8575539568345347,
  "217": 0.858992805755398,
  "220": 0.8604316546762614,
  "224": 0.8618705035971247,
  "227": 0.863309352517988,
  "228": 0.8647482014388513,
  "229": 0.8661870503597147,
  "234": 0.867625899280578,
  "236": 0.8690647482014413,
  "239": 0.8705035971223046,
  "241": 0.871942446043168,
  "242": 0.8733812949640313,
  "243": 0.8748201438848946,
  "244": 0.8776978417266212,
  "245": 0.8820143884892112,
  "249": 0.8834532374100745,
  "250": 0.8848920863309379,
  "256": 0.8863309352518012,
  "261": 0.8877697841726645,
  "262": 0.8892086330935278,
  "263": 0.8906474820143911,
  "265": 0.8920863309352545,
  "266": 0.8935251798561178,
  "268": 0.8949640287769811,
  "270": 0.8964028776978444,
  "276": 0.8978417266187078,
  "282": 0.8992805755395711,
  "284": 0.9007194244604344,
  "285": 0.9021582733812977,
  "289": 0.903597122302161,
  "295": 0.9050359712230244,
  "301": 0.9064748201438877,
  "310": 0.907913669064751,
  "313": 0.9093525179856143,
  "318": 0.912230215827341,
  "326": 0.9136690647482043,
  "327": 0.916546762589931,
  "328": 0.9179856115107943,
  "331": 0.9194244604316576,
  "332": 0.9208633093525209,
  "343": 0.9223021582733842,
  "346": 0.9251798561151109,
  "355": 0.9280575539568375,
  "357": 0.9294964028777009,
  "360": 0.9309352517985642,
  "361": 0.9323741007194275,
  "370": 0.9352517985611541,
  "372": 0.9366906474820175,
  "374": 0.9381294964028808,
  "376": 0.9395683453237441,
  "382": 0.9410071942446074,
  "384": 0.9438848920863341,
  "389": 0.9453237410071974,
  "396": 0.9467625899280607,
  "406": 0.948201438848924,
  "412": 0.9496402877697874,
  "418": 0.9510791366906507,
  "425": 0.952517985611514,
  "429": 0.9539568345323773,
  "435": 0.9553956834532407,
  "439": 0.956834532374104,
  "440": 0.9582733812949673,
  "446": 0.961151079136694,
  "449": 0.9625899280575573,
  "453": 0.9640287769784206,
  "462": 0.9654676258992839,
  "472": 0.9669064748201472,
  "474": 0.9683453237410106,
  "496": 0.9697841726618739,
  "499": 0.9712230215827372,
  "504": 0.9726618705036005,
  "511": 0.9741007194244639,
  "526": 0.9755395683453272,
  "537": 0.9769784172661905,
  "541": 0.9784172661870538,
  "545": 0.9798561151079171,
  "549": 0.9812949640287805,
  "551": 0.9827338129496438,
  "555": 0.9841726618705071,
  "559": 0.9856115107913704,
  "576": 0.9870503597122338,
  "580": 0.9884892086330971,
  "608": 0.9899280575539604,
  "642": 0.9913669064748237,
  "669": 0.992805755395687,
  "724": 0.9942446043165504,
  "760": 0.9956834532374137,
  "779": 0.997122302158277,
  "797": 0.9985611510791403,
  "875": 1.0000000000000036
}