{
  "2": 0.0970970970970971,
  "3": 0.5355355355355356,
  "4": 0.7347347347347348,
  "5": 0.8188188188188189,
  "6": 0.8788788788788789,
  "7": 0.9049049049049049,
  "8": 0.9209209209209209,
  "9": 0.9369369369369369,
  "10": 0.9429429429429429,
  "11": 0.9529529529529529,
  "12": 0.9589589589589589,
  "13": 0.9629629629629629,
  "14": 0.965965965965966,
  "15": 0.970970970970971,
  "16": 0.973973973973974,
  "17": 0.976976976976977,
  "18": 0.9799799799799801,
  "19": 0.9809809809809811,
  "20": 0.981981981981982,
  "21": 0.9849849849849851,
  "22": 0.9909909909909911,
  "23": 0.9919919919919921,
  "24": 0.992992992992993,
  "26": 0.993993993993994,
  "31": 0.994994994994995,
  "36": 0.995995995995996,
  "37": 0.996996996996997,
  "39": 0.9979979979979979,
  "56": 0.9989989989989989,
  "60": 0.9999999999999999
}