{
  "2": 0.040923399790136414,
  "3": 0.1322140608604407,
  "4": 0.1794333683105981,
  "5": 0.2329485834207765,
  "6": 0.2885624344176286,
  "7": 0.32109129066107034,
  "8": 0.35466946484784895,
  "9": 0.3830010493179434,
  "10": 0.4186778593913956,
  "11": 0.4407135362014691,
  "12": 0.4637985309548794,
  "13": 0.4879328436516265,
  "14": 0.503672612801679,
  "15": 0.5257082896117524,
  "16": 0.5351521511017839,
  "17": 0.5498426023084996,
  "18": 0.5624344176285415,
  "19": 0.5739769150052466,
  "20": 0.5855194123819517,
  "21": 0.5981112277019937,
  "22": 0.6033578174186778,
  "23": 0.6159496327387197,
  "24": 0.6232948583420775,
  "25": 0.632738719832109,
  "26": 0.6348373557187827,
  "27": 0.6411332633788037,
  "28": 0.6526757607555088,
  "29": 0.6568730325288561,
  "30": 0.6621196222455402,
  "31": 0.6705141657922349,
  "32": 0.6778593913955927,
  "33": 0.6873032528856242,
  "34": 0.694648478488982,
  "35": 0.7019937040923399,
  "36": 0.7082896117523608,
  "37": 0.7093389296956977,
  "38": 0.7114375655823714,
  "39": 0.7145855194123819,
  "40": 0.7156348373557188,
  "41": 0.719832109129066,
  "42": 0.7250786988457502,
  "43": 0.7292759706190974,
  "44": 0.7313746065057711,
  "45": 0.7376705141657921,
  "46": 0.7418677859391394,
  "47": 0.7429171038824762,
  "48": 0.7460650577124868,
  "49": 0.750262329485834,
  "50": 0.7534102833158446,
  "51": 0.7576075550891919,
  "52": 0.7597061909758656,
  "53": 0.7628541448058761,
  "54": 0.7649527806925498,
  "55": 0.7660020986358866,
  "56": 0.7691500524658972,
  "57": 0.770199370409234,
  "58": 0.7743966421825813,
  "59": 0.776495278069255,
  "60": 0.7817418677859391,
  "61": 0.7848898216159497,
  "62": 0.7859391395592865,
  "63": 0.7880377754459602,
  "64": 0.7922350472193075,
  "65": 0.7964323189926548,
  "66": 0.7995802728226653,
  "67": 0.801678908709339,
  "68": 0.8048268625393495,
  "69": 0.8069254984260232,
  "70": 0.8090241343126969,
  "71": 0.8111227701993706,
  "72": 0.8121720881427075,
  "73": 0.815320041972718,
  "74": 0.8195173137460653,
  "75": 0.821615949632739,
  "76": 0.8237145855194127,
  "77": 0.8247639034627495,
  "78": 0.8258132214060864,
  "79": 0.8289611752360969,
  "81": 0.8300104931794338,
  "82": 0.8310598111227706,
  "84": 0.8352570828961179,
  "85": 0.8394543546694652,
  "86": 0.8415529905561389,
  "87": 0.8426023084994757,
  "88": 0.8447009443861494,
  "90": 0.8457502623294862,
  "91": 0.8467995802728231,
  "93": 0.8499475341028336,
  "94": 0.8541448058761809,
  "95": 0.8572927597061915,
  "96": 0.8593913955928651,
  "97": 0.8625393494228757,
  "98": 0.866736621196223,
  "101": 0.8688352570828967,
  "102": 0.8709338929695704,
  "105": 0.8740818467995809,
  "106": 0.8772298006295914,
  "107": 0.8782791185729283,
  "109": 0.8793284365162651,
  "110": 0.8814270724029388,
  "111": 0.8824763903462757,
  "112": 0.8835257082896125,
  "113": 0.8845750262329494,
  "114": 0.8856243441762862,
  "115": 0.8866736621196231,
  "116": 0.8877229800629599,
  "117": 0.8898216159496336,
  "118": 0.8919202518363073,
  "119": 0.8950682056663178,
  "120": 0.8961175236096547,
  "123": 0.900314795383002,
  "124": 0.9045120671563492,
  "125": 0.9066107030430229,
  "126": 0.9076600209863598,
  "127": 0.9118572927597071,
  "128": 0.9129066107030439,
  "129": 0.9160545645330544,
  "130": 0.9171038824763913,
  "131": 0.9213011542497386,
  "132": 0.9244491080797491,
  "133": 0.925498426023086,
  "134": 0.9265477439664228,
  "135": 0.9275970619097597,
  "136": 0.9296956977964334,
  "137": 0.9307450157397702,
  "139": 0.931794333683107,
  "140": 0.9349422875131176,
  "141": 0.9359916054564544,
  "142": 0.9380902413431281,
  "143": 0.9401888772298018,
  "145": 0.9422875131164755,
  "148": 0.9443861490031492,
  "149": 0.9454354669464861,
  "151": 0.9464847848898229,
  "152": 0.9485834207764966,
  "153": 0.9527806925498439,
  "156": 0.9559286463798544,
  "158": 0.9580272822665281,
  "159": 0.9601259181532018,
  "160": 0.9622245540398755,
  "162": 0.9632738719832123,
  "165": 0.9643231899265492,
  "167": 0.965372507869886,
  "168": 0.9664218258132229,
  "169": 0.9674711437565597,
  "170": 0.9685204616998966,
  "172": 0.9695697796432334,
  "173": 0.9706190975865703,
  "175": 0.9716684155299071,
  "177": 0.9748163693599177,
  "178": 0.9769150052465914,
  "180": 0.9811122770199386,
  "181": 0.9821615949632755,
  "182": 0.9832109129066123,
  "183": 0.985309548793286,
  "186": 0.9884575026232966,
  "189": 0.9895068205666334,
  "190": 0.9905561385099703,
  "191": 0.9916054564533071,
  "192": 0.992654774396644,
  "193": 0.9937040923399808,
  "194": 0.9947534102833177,
  "195": 0.9968520461699913,
  "196": 1.0000000000000018
}