{
  "2": 0.061855670103092786,
  "3": 0.16623711340206188,
  "4": 0.24355670103092786,
  "5": 0.2989690721649485,
  "6": 0.3453608247422681,
  "7": 0.40592783505154645,
  "8": 0.4497422680412372,
  "9": 0.49613402061855677,
  "10": 0.5322164948453609,
  "11": 0.5528350515463919,
  "12": 0.5914948453608249,
  "13": 0.6237113402061857,
  "14": 0.6610824742268042,
  "15": 0.6971649484536083,
  "16": 0.7396907216494846,
  "17": 0.7628865979381444,
  "18": 0.7847938144329898,
  "19": 0.7976804123711341,
  "20": 0.8079896907216495,
  "21": 0.8402061855670103,
  "22": 0.8479381443298969,
  "23": 0.8569587628865979,
  "24": 0.8608247422680412,
  "25": 0.8711340206185566,
  "26": 0.8762886597938143,
  "27": 0.8801546391752576,
  "28": 0.8865979381443297,
  "29": 0.8891752577319586,
  "30": 0.8917525773195875,
  "31": 0.8956185567010307,
  "34": 0.8969072164948452,
  "35": 0.899484536082474,
  "36": 0.9059278350515462,
  "37": 0.9110824742268039,
  "38": 0.917525773195876,
  "39": 0.9201030927835049,
  "40": 0.9252577319587626,
  "41": 0.926546391752577,
  "42": 0.9278350515463915,
  "44": 0.9304123711340203,
  "45": 0.9317010309278347,
  "46": 0.9329896907216492,
  "49": 0.935567010309278,
  "51": 0.9368556701030925,
  "58": 0.9381443298969069,
  "59": 0.9394329896907213,
  "65": 0.9420103092783502,
  "67": 0.9484536082474223,
  "68": 0.9574742268041233,
  "69": 0.9600515463917522,
  "70": 0.9613402061855666,
  "71": 0.9664948453608243,
  "73": 0.9677835051546387,
  "74": 0.9729381443298964,
  "75": 0.9768041237113397,
  "76": 0.9832474226804119,
  "77": 0.9845360824742263,
  "78": 0.9884020618556696,
  "79": 0.989690721649484,
  "81": 0.9909793814432984,
  "82": 0.9922680412371129,
  "83": 0.9948453608247417,
  "92": 0.9961340206185562,
  "94": 0.9974226804123706,
  "95": 0.998711340206185,
  "96": 0.9999999999999994
}