{
  "2": 0.036382536382536385,
  "3": 0.10602910602910603,
  "4": 0.15072765072765074,
  "5": 0.21101871101871103,
  "6": 0.26195426195426197,
  "7": 0.2920997920997921,
  "8": 0.3212058212058212,
  "9": 0.35446985446985446,
  "10": 0.38877338877338874,
  "11": 0.4126819126819127,
  "12": 0.44490644490644493,
  "13": 0.47193347193347196,
  "14": 0.497920997920998,
  "15": 0.5207900207900209,
  "16": 0.5384615384615385,
  "17": 0.5550935550935552,
  "18": 0.5727650727650728,
  "19": 0.5852390852390853,
  "20": 0.6018711018711019,
  "21": 0.6122661122661124,
  "22": 0.6226611226611227,
  "23": 0.6351351351351352,
  "24": 0.6486486486486487,
  "25": 0.654885654885655,
  "26": 0.6642411642411643,
  "27": 0.6694386694386695,
  "28": 0.6735966735966736,
  "29": 0.6787941787941788,
  "30": 0.681912681912682,
  "31": 0.6871101871101871,
  "32": 0.6943866943866944,
  "33": 0.7006237006237006,
  "34": 0.7037422037422038,
  "35": 0.7058212058212059,
  "36": 0.7141372141372142,
  "37": 0.7193347193347194,
  "38": 0.7266112266112267,
  "39": 0.733887733887734,
  "40": 0.7401247401247402,
  "41": 0.7411642411642412,
  "42": 0.7432432432432432,
  "43": 0.7463617463617463,
  "44": 0.7505197505197505,
  "45": 0.7546777546777547,
  "46": 0.7557172557172557,
  "47": 0.7577962577962578,
  "48": 0.761954261954262,
  "49": 0.762993762993763,
  "50": 0.7671517671517671,
  "51": 0.7692307692307692,
  "52": 0.7713097713097712,
  "53": 0.7765072765072764,
  "54": 0.7785862785862785,
  "55": 0.7806652806652805,
  "56": 0.7827442827442825,
  "57": 0.7837837837837835,
  "58": 0.7889812889812887,
  "59": 0.7931392931392929,
  "60": 0.7941787941787939,
  "61": 0.7962577962577959,
  "62": 0.8004158004158001,
  "63": 0.8035343035343032,
  "64": 0.8056133056133052,
  "65": 0.8076923076923073,
  "66": 0.8108108108108104,
  "67": 0.8139293139293136,
  "68": 0.8160083160083156,
  "69": 0.8191268191268187,
  "70": 0.8201663201663197,
  "71": 0.8212058212058208,
  "72": 0.8243243243243239,
  "73": 0.8253638253638249,
  "74": 0.8274428274428269,
  "76": 0.828482328482328,
  "77": 0.83056133056133,
  "78": 0.831600831600831,
  "79": 0.833679833679833,
  "80": 0.834719334719334,
  "81": 0.8419958419958413,
  "82": 0.8430353430353423,
  "83": 0.8461538461538455,
  "85": 0.8471933471933465,
  "86": 0.8503118503118496,
  "87": 0.8534303534303528,
  "88": 0.8575883575883569,
  "89": 0.858627858627858,
  "90": 0.859667359667359,
  "91": 0.8627858627858621,
  "92": 0.8648648648648642,
  "93": 0.8659043659043653,
  "94": 0.8690228690228684,
  "95": 0.8700623700623694,
  "96": 0.8731808731808726,
  "97": 0.8752598752598746,
  "98": 0.8794178794178787,
  "100": 0.8825363825363819,
  "102": 0.886694386694386,
  "105": 0.8898128898128892,
  "106": 0.8908523908523902,
  "107": 0.8950103950103944,
  "108": 0.8960498960498954,
  "109": 0.8970893970893964,
  "112": 0.9012474012474005,
  "113": 0.9022869022869016,
  "114": 0.9043659043659036,
  "116": 0.9064449064449056,
  "117": 0.9085239085239076,
  "118": 0.9137214137214128,
  "119": 0.9158004158004149,
  "120": 0.916839916839916,
  "121": 0.917879417879417,
  "122": 0.918918918918918,
  "123": 0.92099792099792,
  "125": 0.923076923076922,
  "126": 0.924116424116423,
  "127": 0.926195426195425,
  "130": 0.9272349272349261,
  "131": 0.9293139293139281,
  "132": 0.9313929313929301,
  "133": 0.9324324324324311,
  "136": 0.9334719334719321,
  "137": 0.9355509355509342,
  "138": 0.9386694386694373,
  "139": 0.9407484407484394,
  "140": 0.9417879417879405,
  "141": 0.9428274428274415,
  "142": 0.9449064449064435,
  "143": 0.9459459459459445,
  "144": 0.9480249480249465,
  "145": 0.9501039501039485,
  "146": 0.9521829521829506,
  "147": 0.9532224532224516,
  "148": 0.9542619542619526,
  "149": 0.9563409563409546,
  "151": 0.9584199584199566,
  "152": 0.9594594594594577,
  "154": 0.9615384615384597,
  "158": 0.9636174636174617,
  "161": 0.9656964656964637,
  "163": 0.9677754677754657,
  "164": 0.9708939708939689,
  "165": 0.9719334719334699,
  "166": 0.975051975051973,
  "168": 0.9781704781704762,
  "170": 0.9792099792099772,
  "171": 0.9802494802494782,
  "174": 0.9812889812889792,
  "175": 0.9823284823284802,
  "176": 0.9833679833679813,
  "178": 0.9844074844074823,
  "179": 0.9864864864864844,
  "181": 0.9875259875259854,
  "182": 0.9896049896049874,
  "183": 0.9906444906444885,
  "185": 0.9916839916839895,
  "187": 0.9927234927234905,
  "189": 0.9937629937629915,
  "191": 0.9948024948024925,
  "195": 0.9968814968814945,
  "197": 0.9999999999999977
}