{
  "2": 0.014973262032085561,
  "3": 0.047058823529411764,
  "4": 0.06951871657754011,
  "5": 0.09732620320855614,
  "6": 0.1229946524064171,
  "7": 0.15080213903743314,
  "8": 0.16684491978609625,
  "9": 0.18074866310160428,
  "10": 0.20427807486631017,
  "11": 0.21390374331550802,
  "12": 0.2288770053475936,
  "13": 0.23529411764705882,
  "14": 0.24385026737967913,
  "15": 0.253475935828877,
  "16": 0.2620320855614973,
  "17": 0.2663101604278075,
  "18": 0.2716577540106952,
  "19": 0.2812834224598931,
  "20": 0.2877005347593583,
  "21": 0.2962566844919786,
  "22": 0.3037433155080214,
  "23": 0.31764705882352945,
  "24": 0.3240641711229947,
  "25": 0.33368983957219256,
  "26": 0.3390374331550803,
  "27": 0.34331550802139044,
  "28": 0.34866310160427816,
  "29": 0.35721925133689847,
  "30": 0.35935828877005355,
  "31": 0.3657754010695188,
  "32": 0.37647058823529417,
  "33": 0.37860962566844925,
  "34": 0.3818181818181819,
  "35": 0.3893048128342247,
  "36": 0.3946524064171124,
  "37": 0.39786096256684506,
  "38": 0.4021390374331552,
  "39": 0.4106951871657755,
  "40": 0.41711229946524075,
  "41": 0.4181818181818183,
  "42": 0.42139037433155097,
  "43": 0.42352941176470604,
  "44": 0.4267379679144387,
  "45": 0.43101604278074884,
  "46": 0.4342245989304815,
  "47": 0.4395721925133692,
  "48": 0.4406417112299468,
  "49": 0.447058823529412,
  "50": 0.45026737967914465,
  "51": 0.4556149732620324,
  "52": 0.4620320855614976,
  "53": 0.4641711229946527,
  "54": 0.46524064171123025,
  "55": 0.470588235294118,
  "56": 0.4737967914438506,
  "57": 0.47914438502673834,
  "58": 0.4834224598930485,
  "59": 0.4909090909090913,
  "60": 0.49518716577540145,
  "1034": 0.9336898395722012,
  "62": 0.4983957219251341,
  "63": 0.5005347593582892,
  "64": 0.5048128342245993,
  "65": 0.5090909090909095,
  "66": 0.5122994652406421,
  "68": 0.5165775401069522,
  "69": 0.5176470588235298,
  "70": 0.5187165775401074,
  "71": 0.52192513368984,
  "72": 0.5240641711229951,
  "73": 0.5262032085561502,
  "74": 0.5283422459893053,
  "75": 0.5315508021390379,
  "76": 0.5347593582887705,
  "77": 0.5401069518716582,
  "79": 0.5411764705882358,
  "80": 0.5422459893048134,
  "81": 0.545454545454546,
  "83": 0.5486631016042786,
  "84": 0.5518716577540111,
  "85": 0.5550802139037437,
  "86": 0.5582887700534763,
  "87": 0.5614973262032089,
  "88": 0.563636363636364,
  "89": 0.5657754010695192,
  "90": 0.5711229946524069,
  "91": 0.5721925133689845,
  "92": 0.5743315508021396,
  "93": 0.5754010695187172,
  "94": 0.5786096256684498,
  "95": 0.5796791443850273,
  "96": 0.5828877005347599,
  "97": 0.5839572192513375,
  "98": 0.5871657754010701,
  "101": 0.5882352941176476,
  "102": 0.5903743315508028,
  "103": 0.5914438502673803,
  "104": 0.5935828877005355,
  "105": 0.594652406417113,
  "106": 0.5967914438502682,
  "107": 0.5989304812834233,
  "108": 0.6010695187165784,
  "109": 0.602139037433156,
  "110": 0.6032085561497336,
  "111": 0.6042780748663111,
  "112": 0.6053475935828887,
  "113": 0.6074866310160438,
  "114": 0.6085561497326214,
  "1140": 0.9529411764705974,
  "117": 0.6106951871657765,
  "1142": 0.954010695187175,
  "119": 0.6160427807486643,
  "120": 0.6171122994652418,
  "123": 0.6181818181818194,
  "125": 0.6224598930481295,
  "127": 0.6235294117647071,
  "128": 0.6245989304812847,
  "129": 0.6256684491978622,
  "130": 0.6278074866310174,
  "133": 0.6288770053475949,
  "134": 0.6299465240641725,
  "135": 0.6310160427807501,
  "1057": 0.939037433155089,
  "138": 0.6331550802139052,
  "139": 0.6352941176470603,
  "144": 0.6374331550802155,
  "1170": 0.9561497326203301,
  "150": 0.638502673796793,
  "151": 0.6395721925133706,
  "152": 0.6417112299465257,
  "153": 0.6427807486631033,
  "155": 0.6438502673796809,
  "156": 0.6449197860962584,
  "158": 0.648128342245991,
  "159": 0.6491978609625686,
  "161": 0.6513368983957237,
  "1187": 0.9593582887700628,
  "164": 0.6534759358288789,
  "165": 0.6545454545454564,
  "1191": 0.9614973262032179,
  "169": 0.655614973262034,
  "173": 0.6566844919786116,
  "1053": 0.9368983957219339,
  "1054": 0.9379679144385115,
  "185": 0.6577540106951891,
  "187": 0.6588235294117667,
  "188": 0.6609625668449218,
  "189": 0.6620320855614994,
  "191": 0.663101604278077,
  "193": 0.6641711229946545,
  "195": 0.6652406417112321,
  "196": 0.6663101604278097,
  "1221": 0.9625668449197955,
  "199": 0.6673796791443872,
  "201": 0.6684491978609648,
  "202": 0.6705882352941199,
  "204": 0.6716577540106975,
  "1229": 0.9636363636363731,
  "206": 0.6727272727272751,
  "207": 0.6737967914438526,
  "209": 0.6748663101604302,
  "211": 0.6759358288770078,
  "1064": 0.9411764705882442,
  "216": 0.6770053475935853,
  "219": 0.6780748663101629,
  "1244": 0.9647058823529506,
  "221": 0.6791443850267405,
  "1061": 0.9401069518716666,
  "226": 0.680213903743318,
  "229": 0.6812834224598956,
  "1255": 0.9657754010695282,
  "232": 0.6823529411764732,
  "1257": 0.9668449197861058,
  "238": 0.6834224598930507,
  "240": 0.6844919786096283,
  "241": 0.6855614973262059,
  "242": 0.6866310160427834,
  "244": 0.687700534759361,
  "245": 0.6887700534759386,
  "247": 0.6898395721925161,
  "248": 0.6909090909090937,
  "249": 0.6919786096256713,
  "250": 0.6930481283422488,
  "252": 0.6941176470588264,
  "254": 0.695187165775404,
  "1282": 0.9679144385026833,
  "265": 0.6962566844919815,
  "270": 0.6983957219251367,
  "1120": 0.9497326203208647,
  "1297": 0.9689839572192609,
  "1411": 0.9764705882353039,
  "276": 0.7005347593582918,
  "277": 0.7016042780748694,
  "278": 0.7026737967914469,
  "279": 0.7037433155080245,
  "281": 0.7048128342246021,
  "283": 0.7058823529411796,
  "285": 0.7080213903743348,
  "286": 0.7090909090909123,
  "292": 0.7101604278074899,
  "294": 0.712299465240645,
  "295": 0.7133689839572226,
  "296": 0.7144385026738002,
  "297": 0.7165775401069553,
  "299": 0.7176470588235329,
  "300": 0.719786096256688,
  "301": 0.7219251336898431,
  "308": 0.7229946524064207,
  "310": 0.7240641711229983,
  "312": 0.7251336898395758,
  "313": 0.7262032085561534,
  "314": 0.727272727272731,
  "315": 0.7283422459893085,
  "317": 0.7294117647058861,
  "319": 0.7315508021390412,
  "1344": 0.971122994652416,
  "322": 0.7326203208556188,
  "323": 0.7336898395721964,
  "1349": 0.9721925133689936,
  "329": 0.7347593582887739,
  "336": 0.7368983957219291,
  "339": 0.7390374331550842,
  "344": 0.7411764705882393,
  "347": 0.7422459893048169,
  "348": 0.7433155080213945,
  "349": 0.744385026737972,
  "351": 0.7454545454545496,
  "352": 0.7465240641711272,
  "353": 0.7486631016042823,
  "1378": 0.9732620320855712,
  "361": 0.7508021390374374,
  "363": 0.751871657754015,
  "367": 0.7529411764705926,
  "368": 0.7540106951871701,
  "369": 0.7550802139037477,
  "1394": 0.9743315508021487,
  "376": 0.7561497326203253,
  "1401": 0.9754010695187263,
  "381": 0.7572192513369028,
  "382": 0.759358288770058,
  "1088": 0.9443850267379769,
  "386": 0.7604278074866355,
  "387": 0.7625668449197907,
  "390": 0.7636363636363682,
  "393": 0.7647058823529458,
  "394": 0.7657754010695234,
  "1422": 0.9775401069518814,
  "399": 0.7679144385026785,
  "1424": 0.978609625668459,
  "402": 0.768983957219256,
  "410": 0.7700534759358336,
  "412": 0.7711229946524112,
  "413": 0.7721925133689888,
  "1093": 0.9454545454545544,
  "416": 0.7743315508021439,
  "422": 0.7754010695187215,
  "1447": 0.9807486631016141,
  "1071": 0.9422459893048217,
  "1453": 0.9818181818181917,
  "1437": 0.9796791443850366,
  "432": 0.776470588235299,
  "1460": 0.9828877005347693,
  "438": 0.7775401069518766,
  "447": 0.7786096256684542,
  "450": 0.7796791443850317,
  "451": 0.7807486631016093,
  "453": 0.7818181818181869,
  "455": 0.7828877005347644,
  "457": 0.783957219251342,
  "1038": 0.9347593582887788,
  "460": 0.7850267379679196,
  "466": 0.7871657754010747,
  "469": 0.7882352941176523,
  "471": 0.7893048128342298,
  "472": 0.791443850267385,
  "474": 0.7925133689839625,
  "1103": 0.946524064171132,
  "479": 0.7935828877005401,