{
  "2": 0.021361815754339118,
  "3": 0.042723631508678236,
  "4": 0.07343124165554071,
  "5": 0.11214953271028036,
  "6": 0.14285714285714285,
  "7": 0.17356475300400534,
  "8": 0.20427236315086783,
  "9": 0.23097463284379172,
  "10": 0.2576769025367156,
  "11": 0.2790387182910547,
  "12": 0.3070761014686248,
  "13": 0.3244325767690253,
  "14": 0.3404539385847797,
  "15": 0.3604806408544726,
  "16": 0.3751668891855808,
  "17": 0.3871829105473965,
  "18": 0.4032042723631509,
  "19": 0.4152202937249666,
  "20": 0.42456608811748997,
  "21": 0.4379172229639519,
  "22": 0.44993324432576765,
  "23": 0.4646194926568758,
  "24": 0.4753004005340454,
  "25": 0.48331108144192253,
  "26": 0.4926568758344459,
  "27": 0.4979973297730307,
  "28": 0.5100133511348465,
  "29": 0.5193591455273698,
  "30": 0.5287049399198932,
  "31": 0.5313751668891856,
  "32": 0.5420560747663552,
  "33": 0.5514018691588786,
  "34": 0.5607476635514019,
  "35": 0.5660881174899867,
  "36": 0.5767690253671562,
  "37": 0.5834445927903872,
  "38": 0.5874499332443258,
  "39": 0.595460614152203,
  "40": 0.5994659546061416,
  "41": 0.6034712950600802,
  "42": 0.608811748998665,
  "43": 0.6248331108144193,
  "44": 0.6315086782376502,
  "45": 0.636849132176235,
  "46": 0.6395193591455274,
  "47": 0.6488651535380507,
  "48": 0.6528704939919894,
  "49": 0.6542056074766356,
  "50": 0.6622162883845127,
  "51": 0.6702269692923899,
  "52": 0.6755674232309746,
  "53": 0.6835781041388518,
  "54": 0.684913217623498,
  "55": 0.6902536715620827,
  "56": 0.6969292389853137,
  "57": 0.7049399198931908,
  "58": 0.7089452603471295,
  "59": 0.7142857142857142,
  "62": 0.7222963951935913,
  "63": 0.7249666221628838,
  "64": 0.7316421895861147,
  "65": 0.7329773030707609,
  "66": 0.7369826435246996,
  "67": 0.7449933244325767,
  "68": 0.7489986648865153,
  "69": 0.7543391188251001,
  "70": 0.7596795727636848,
  "71": 0.7650200267022695,
  "72": 0.7716955941255005,
  "73": 0.7770360480640852,
  "74": 0.7783711615487314,
  "75": 0.7797062750333776,
  "76": 0.7810413885180238,
  "77": 0.7863818424566086,
  "78": 0.7903871829105472,
  "79": 0.7917222963951934,
  "80": 0.7970627503337782,
  "81": 0.8010680907877168,
  "82": 0.8064085447263015,
  "83": 0.809078771695594,
  "84": 0.8144192256341787,
  "85": 0.8170894526034711,
  "88": 0.8210947930574097,
  "89": 0.8264352469959945,
  "90": 0.8317757009345792,
  "91": 0.8331108144192254,
  "93": 0.8344459279038716,
  "94": 0.8384512683578103,
  "95": 0.8424566088117489,
  "96": 0.8464619492656875,
  "99": 0.8477970627503337,
  "100": 0.8491321762349799,
  "102": 0.8504672897196262,
  "103": 0.8518024032042724,
  "104": 0.8544726301735648,
  "105": 0.855807743658211,
  "106": 0.8598130841121496,
  "107": 0.862483311081442,
  "108": 0.8651535380507345,
  "109": 0.8691588785046731,
  "110": 0.8704939919893193,
  "112": 0.8718291054739655,
  "113": 0.8731642189586117,
  "114": 0.8758344459279042,
  "115": 0.8811748998664889,
  "116": 0.8825100133511351,
  "117": 0.8851802403204275,
  "118": 0.88785046728972,
  "119": 0.8891855807743662,
  "120": 0.8905206942590124,
  "121": 0.894526034712951,
  "122": 0.901201602136182,
  "123": 0.9065420560747667,
  "124": 0.9078771695594129,
  "125": 0.9105473965287053,
  "126": 0.9118825100133515,
  "127": 0.9145527369826439,
  "128": 0.9158878504672902,
  "129": 0.9172229639519364,
  "130": 0.9198931909212288,
  "132": 0.9225634178905212,
  "133": 0.9238985313751674,
  "134": 0.9265687583444598,
  "135": 0.927903871829106,
  "137": 0.9292389853137523,
  "138": 0.9305740987983985,
  "141": 0.9332443257676909,
  "142": 0.9359145527369833,
  "143": 0.9372496662216295,
  "146": 0.9385847797062757,
  "149": 0.939919893190922,
  "150": 0.9425901201602144,
  "151": 0.9452603471295068,
  "152": 0.946595460614153,
  "153": 0.9479305740987992,
  "155": 0.9492656875834454,
  "158": 0.9506008010680916,
  "159": 0.9519359145527378,
  "162": 0.9532710280373841,
  "163": 0.9559412550066765,
  "164": 0.9586114819759689,
  "165": 0.9599465954606151,
  "166": 0.9612817089452613,
  "167": 0.9626168224299075,
  "169": 0.9639519359145537,
  "170": 0.9666221628838462,
  "171": 0.9679572763684924,
  "175": 0.9706275033377848,
  "176": 0.971962616822431,
  "178": 0.9732977303070772,
  "179": 0.9746328437917234,
  "180": 0.9773030707610159,
  "181": 0.9799732977303083,
  "182": 0.9813084112149545,
  "183": 0.9826435246996007,
  "187": 0.9866488651535393,
  "190": 0.9893190921228318,
  "191": 0.9973297730307089,
  "193": 0.9986648865153551,
  "198": 1.0000000000000013
}