{
  "2": 0.03547066848567531,
  "3": 0.0572987721691678,
  "4": 0.08458390177353342,
  "5": 0.10914051841746247,
  "6": 0.13233287858117326,
  "7": 0.1596180081855389,
  "8": 0.17189631650750342,
  "9": 0.19645293315143247,
  "10": 0.2073669849931787,
  "11": 0.23192360163710776,
  "12": 0.24829467939972713,
  "13": 0.2660300136425648,
  "14": 0.2796725784447476,
  "15": 0.2946793997271487,
  "16": 0.30832196452933147,
  "17": 0.33151432469304226,
  "18": 0.3424283765347885,
  "19": 0.3615279672578445,
  "20": 0.36971350613915416,
  "21": 0.3792633015006821,
  "22": 0.39017735334242837,
  "23": 0.40381991814461116,
  "24": 0.4147339699863574,
  "25": 0.4283765347885402,
  "26": 0.4365620736698499,
  "27": 0.4447476125511596,
  "28": 0.4570259208731241,
  "29": 0.4638472032742155,
  "30": 0.47339699863574347,
  "31": 0.48431105047748974,
  "32": 0.4870395634379263,
  "33": 0.49658935879945426,
  "34": 0.5075034106412005,
  "35": 0.5143246930422919,
  "36": 0.5238744884038199,
  "37": 0.5320600272851296,
  "38": 0.5388813096862209,
  "39": 0.5457025920873123,
  "40": 0.553888130968622,
  "41": 0.5579809004092768,
  "42": 0.568894952251023,
  "43": 0.5757162346521144,
  "44": 0.5825375170532058,
  "45": 0.5879945429740789,
  "46": 0.5975443383356069,
  "47": 0.5989085948158253,
  "48": 0.6030013642564801,
  "49": 0.6098226466575715,
  "50": 0.6139154160982263,
  "51": 0.622100954979536,
  "52": 0.6261937244201908,
  "54": 0.6384720327421554,
  "55": 0.646657571623465,
  "56": 0.656207366984993,
  "57": 0.6616643929058662,
  "58": 0.665757162346521,
  "59": 0.6698499317871759,
  "60": 0.6725784447476124,
  "61": 0.6793997271487038,
  "62": 0.6862210095497951,
  "63": 0.69031377899045,
  "64": 0.6944065484311048,
  "65": 0.6957708049113231,
  "66": 0.699863574351978,
  "67": 0.7012278308321963,
  "68": 0.7039563437926328,
  "69": 0.7066848567530694,
  "70": 0.7094133697135059,
  "71": 0.7135061391541607,
  "72": 0.7189631650750339,
  "73": 0.7257844474761252,
  "74": 0.7271487039563436,
  "76": 0.7285129604365619,
  "77": 0.7312414733969984,
  "78": 0.7326057298772167,
  "79": 0.7366984993178716,
  "80": 0.7448840381991813,
  "81": 0.7517053206002726,
  "82": 0.7544338335607091,
  "83": 0.7626193724420188,
  "84": 0.768076398362892,
  "85": 0.7708049113233285,
  "86": 0.7789904502046382,
  "87": 0.783083219645293,
  "88": 0.7858117326057296,
  "89": 0.7899045020463844,
  "90": 0.7926330150068209,
  "91": 0.7939972714870392,
  "92": 0.7953615279672576,
  "93": 0.8008185538881307,
  "94": 0.802182810368349,
  "95": 0.8049113233287856,
  "97": 0.8062755798090039,
  "99": 0.8076398362892222,
  "100": 0.8158253751705319,
  "101": 0.8185538881309684,
  "102": 0.8240109140518416,
  "103": 0.8253751705320599,
  "104": 0.8281036834924964,
  "105": 0.8308321964529329,
  "106": 0.8335607094133695,
  "107": 0.8376534788540243,
  "108": 0.8417462482946791,
  "109": 0.8472032742155523,
  "111": 0.8540245566166437,
  "112": 0.8567530695770802,
  "113": 0.860845839017735,
  "114": 0.8663028649386082,
  "115": 0.8676671214188265,
  "116": 0.870395634379263,
  "117": 0.8731241473396996,
  "119": 0.8758526603001361,
  "120": 0.8799454297407909,
  "122": 0.8813096862210092,
  "124": 0.8840381991814458,
  "125": 0.8867667121418823,
  "126": 0.8894952251023188,
  "128": 0.8935879945429737,
  "129": 0.8976807639836285,
  "131": 0.9017735334242833,
  "132": 0.9031377899045017,
  "133": 0.90450204638472,
  "134": 0.9085948158253748,
  "135": 0.9113233287858113,
  "136": 0.9154160982264662,
  "138": 0.9167803547066845,
  "139": 0.919508867667121,
  "140": 0.9222373806275576,
  "141": 0.9249658935879941,
  "142": 0.9276944065484306,
  "143": 0.9290586630286489,
  "145": 0.9304229195088672,
  "148": 0.9372442019099586,
  "149": 0.9413369713506134,
  "150": 0.9427012278308318,
  "151": 0.9440654843110501,
  "152": 0.9454297407912684,
  "153": 0.9522510231923598,
  "154": 0.9536152796725781,
  "155": 0.9604365620736695,
  "156": 0.9645293315143243,
  "157": 0.9686221009549791,
  "158": 0.9699863574351975,
  "159": 0.9713506139154158,
  "161": 0.9740791268758523,
  "163": 0.9768076398362888,
  "168": 0.9781718963165071,
  "171": 0.9795361527967255,
  "172": 0.9809004092769438,
  "173": 0.9822646657571621,
  "180": 0.9836289222373804,
  "181": 0.9849931787175987,
  "182": 0.986357435197817,
  "183": 0.9877216916780354,
  "184": 0.9890859481582537,
  "187": 0.990450204638472,
  "189": 0.9918144611186903,
  "190": 0.9931787175989086,
  "193": 0.994542974079127,
  "194": 0.9959072305593453,
  "195": 0.9986357435197818,
  "199": 1.0
}