{
  "2": 0.03017241379310345,
  "3": 0.10057471264367816,
  "4": 0.15660919540229884,
  "5": 0.20977011494252873,
  "6": 0.24856321839080459,
  "7": 0.28160919540229884,
  "8": 0.3103448275862069,
  "9": 0.33045977011494254,
  "10": 0.3563218390804598,
  "11": 0.3706896551724138,
  "12": 0.39224137931034486,
  "13": 0.4137931034482759,
  "14": 0.43390804597701155,
  "15": 0.44540229885057475,
  "16": 0.45833333333333337,
  "17": 0.4612068965517242,
  "18": 0.4727011494252874,
  "19": 0.4841954022988506,
  "20": 0.4942528735632184,
  "21": 0.4985632183908046,
  "22": 0.5100574712643678,
  "23": 0.5229885057471265,
  "24": 0.5301724137931035,
  "25": 0.5373563218390806,
  "26": 0.5459770114942529,
  "27": 0.5560344827586208,
  "29": 0.5660919540229886,
  "30": 0.5732758620689656,
  "31": 0.5775862068965518,
  "32": 0.581896551724138,
  "33": 0.589080459770115,
  "34": 0.5919540229885059,
  "35": 0.5948275862068967,
  "36": 0.6005747126436783,
  "37": 0.6106321839080462,
  "38": 0.6149425287356324,
  "39": 0.6163793103448277,
  "40": 0.6192528735632186,
  "41": 0.6250000000000002,
  "42": 0.627873563218391,
  "43": 0.6307471264367819,
  "44": 0.6321839080459772,
  "45": 0.6336206896551726,
  "46": 0.635057471264368,
  "47": 0.6393678160919541,
  "48": 0.6465517241379312,
  "49": 0.6479885057471265,
  "50": 0.6508620689655173,
  "51": 0.6522988505747127,
  "52": 0.6580459770114944,
  "53": 0.6666666666666667,
  "54": 0.6724137931034484,
  "55": 0.6767241379310346,
  "56": 0.6839080459770116,
  "57": 0.6882183908045978,
  "58": 0.6968390804597702,
  "59": 0.699712643678161,
  "60": 0.7025862068965518,
  "61": 0.7040229885057472,
  "62": 0.7083333333333334,
  "63": 0.7112068965517242,
  "64": 0.7155172413793104,
  "65": 0.7198275862068966,
  "66": 0.7241379310344828,
  "67": 0.7255747126436781,
  "68": 0.7270114942528735,
  "69": 0.7298850574712643,
  "70": 0.7385057471264367,
  "71": 0.739942528735632,
  "72": 0.7442528735632182,
  "73": 0.7514367816091952,
  "74": 0.7557471264367814,
  "75": 0.7586206896551723,
  "76": 0.7614942528735631,
  "77": 0.7643678160919539,
  "78": 0.7744252873563218,
  "79": 0.7801724137931034,
  "80": 0.7816091954022988,
  "81": 0.7830459770114941,
  "82": 0.7873563218390803,
  "83": 0.7916666666666665,
  "84": 0.7959770114942527,
  "85": 0.7974137931034481,
  "86": 0.8017241379310343,
  "87": 0.8031609195402296,
  "88": 0.8074712643678158,
  "89": 0.811781609195402,
  "90": 0.8160919540229882,
  "91": 0.818965517241379,
  "93": 0.8232758620689652,
  "95": 0.826149425287356,
  "96": 0.8275862068965514,
  "97": 0.8304597701149422,
  "99": 0.8318965517241376,
  "100": 0.8333333333333329,
  "101": 0.8362068965517238,
  "102": 0.8419540229885054,
  "106": 0.8448275862068962,
  "107": 0.8462643678160916,
  "109": 0.8505747126436778,
  "110": 0.8534482758620686,
  "111": 0.854885057471264,
  "114": 0.8577586206896548,
  "116": 0.8591954022988502,
  "117": 0.8635057471264364,
  "118": 0.869252873563218,
  "120": 0.8735632183908042,
  "122": 0.876436781609195,
  "123": 0.8793103448275859,
  "125": 0.8850574712643675,
  "126": 0.8879310344827583,
  "127": 0.8922413793103445,
  "128": 0.8965517241379307,
  "129": 0.9022988505747124,
  "132": 0.908045977011494,
  "134": 0.9109195402298849,
  "135": 0.9123563218390802,
  "136": 0.9137931034482756,
  "137": 0.9181034482758618,
  "139": 0.9195402298850571,
  "140": 0.922413793103448,
  "145": 0.9238505747126433,
  "146": 0.9267241379310341,
  "147": 0.929597701149425,
  "148": 0.9324712643678158,
  "149": 0.9339080459770112,
  "150": 0.9382183908045973,
  "153": 0.9410919540229882,
  "154": 0.9425287356321835,
  "155": 0.9439655172413789,
  "158": 0.9454022988505743,
  "159": 0.9482758620689651,
  "160": 0.9497126436781604,
  "161": 0.9511494252873558,
  "162": 0.955459770114942,
  "163": 0.9568965517241373,
  "164": 0.9583333333333327,
  "165": 0.9597701149425281,
  "166": 0.9612068965517234,
  "167": 0.9640804597701143,
  "168": 0.9655172413793096,
  "172": 0.9683908045977004,
  "173": 0.9698275862068958,
  "174": 0.9712643678160912,
  "175": 0.9727011494252865,
  "177": 0.9770114942528727,
  "178": 0.9784482758620681,
  "179": 0.9798850574712634,
  "180": 0.9827586206896542,
  "183": 0.9841954022988496,
  "184": 0.985632183908045,
  "185": 0.9870689655172403,
  "187": 0.9885057471264357,
  "188": 0.989942528735631,
  "189": 0.9913793103448264,
  "191": 0.9928160919540218,
  "192": 0.9942528735632171,
  "194": 0.9956896551724125,
  "196": 0.9971264367816078,
  "198": 0.9985632183908032,
  "199": 0.9999999999999986
}