{
  "2": 0.018413597733711047,
  "3": 0.05807365439093484,
  "4": 0.09065155807365438,
  "5": 0.12606232294617564,
  "6": 0.14730878186968838,
  "7": 0.17138810198300283,
  "8": 0.19971671388101983,
  "9": 0.23087818696883852,
  "10": 0.23796033994334276,
  "11": 0.2563739376770538,
  "12": 0.2677053824362606,
  "13": 0.2832861189801699,
  "14": 0.3087818696883852,
  "15": 0.3229461756373937,
  "16": 0.3371104815864022,
  "17": 0.35269121813031157,
  "18": 0.3654390934844192,
  "19": 0.3796033994334277,
  "20": 0.3966005665722379,
  "21": 0.4192634560906515,
  "22": 0.4305949008498583,
  "23": 0.4447592067988668,
  "24": 0.4546742209631728,
  "25": 0.4730878186968838,
  "26": 0.4801699716713881,
  "27": 0.48866855524079317,
  "28": 0.5028328611898016,
  "29": 0.5141643059490084,
  "30": 0.5297450424929178,
  "31": 0.5453257790368271,
  "32": 0.5538243626062322,
  "33": 0.5552407932011331,
  "34": 0.5665722379603398,
  "35": 0.575070821529745,
  "36": 0.5906515580736543,
  "37": 0.6019830028328611,
  "38": 0.6048158640226629,
  "39": 0.6147308781869688,
  "40": 0.621813031161473,
  "41": 0.6373937677053824,
  "42": 0.6444759206798866,
  "43": 0.6529745042492917,
  "44": 0.6614730878186968,
  "45": 0.6643059490084986,
  "46": 0.669971671388102,
  "47": 0.6770538243626062,
  "48": 0.6798866855524079,
  "49": 0.6869688385269122,
  "50": 0.688385269121813,
  "51": 0.6954674220963172,
  "52": 0.7011331444759206,
  "53": 0.7053824362606231,
  "54": 0.706798866855524,
  "55": 0.7110481586402265,
  "56": 0.7209631728045325,
  "57": 0.7266288951841359,
  "58": 0.7294617563739376,
  "59": 0.7308781869688384,
  "60": 0.7379603399433426,
  "61": 0.7422096317280452,
  "62": 0.7478753541076486,
  "63": 0.7507082152974504,
  "64": 0.7535410764872521,
  "65": 0.7577903682719547,
  "66": 0.7592067988668555,
  "67": 0.7606232294617563,
  "68": 0.7634560906515581,
  "69": 0.7648725212464589,
  "70": 0.7662889518413597,
  "71": 0.7691218130311614,
  "72": 0.7747875354107648,
  "73": 0.7776203966005666,
  "74": 0.7790368271954674,
  "76": 0.7818696883852692,
  "77": 0.78328611898017,
  "78": 0.7847025495750708,
  "79": 0.791784702549575,
  "81": 0.7946175637393768,
  "82": 0.7960339943342776,
  "83": 0.801699716713881,
  "84": 0.8045325779036827,
  "85": 0.8073654390934845,
  "86": 0.811614730878187,
  "87": 0.8144475920679888,
  "89": 0.8201133144475922,
  "90": 0.8229461756373939,
  "92": 0.8257790368271957,
  "93": 0.8286118980169974,
  "95": 0.8314447592067992,
  "96": 0.8356940509915017,
  "97": 0.8385269121813035,
  "98": 0.8413597733711052,
  "99": 0.842776203966006,
  "100": 0.8441926345609069,
  "101": 0.8456090651558077,
  "102": 0.8484419263456094,
  "103": 0.8512747875354112,
  "104": 0.8555240793201138,
  "105": 0.8569405099150146,
  "106": 0.8597733711048163,
  "107": 0.8611898016997172,
  "108": 0.862606232294618,
  "109": 0.8668555240793205,
  "111": 0.8682719546742214,
  "112": 0.8725212464589239,
  "113": 0.8739376770538247,
  "114": 0.8753541076487256,
  "115": 0.8781869688385273,
  "116": 0.8810198300283291,
  "117": 0.8824362606232299,
  "118": 0.8852691218130316,
  "120": 0.8895184135977342,
  "121": 0.892351274787536,
  "122": 0.8937677053824368,
  "123": 0.8994334277620402,
  "124": 0.900849858356941,
  "125": 0.9022662889518418,
  "126": 0.9065155807365444,
  "128": 0.9079320113314452,
  "130": 0.9107648725212469,
  "131": 0.9121813031161478,
  "132": 0.9150141643059495,
  "133": 0.9164305949008503,
  "135": 0.9206798866855529,
  "136": 0.9220963172804537,
  "139": 0.9249291784702555,
  "140": 0.9263456090651563,
  "141": 0.9305949008498589,
  "142": 0.9334277620396606,
  "143": 0.9348441926345614,
  "146": 0.939093484419264,
  "148": 0.9419263456090657,
  "150": 0.9433427762039666,
  "153": 0.94900849858357,
  "154": 0.9504249291784708,
  "158": 0.9518413597733716,
  "159": 0.9532577903682724,
  "160": 0.9546742209631732,
  "161": 0.956090651558074,
  "162": 0.9575070821529749,
  "163": 0.9603399433427766,
  "164": 0.9617563739376774,
  "165": 0.9631728045325783,
  "168": 0.9645892351274791,
  "169": 0.9660056657223799,
  "170": 0.9674220963172807,
  "171": 0.9716713881019833,
  "174": 0.974504249291785,
  "176": 0.9773371104815868,
  "177": 0.9787535410764876,
  "178": 0.984419263456091,
  "180": 0.9858356940509918,
  "181": 0.9872521246458926,
  "182": 0.9886685552407934,
  "183": 0.9915014164305952,
  "185": 0.992917847025496,
  "189": 0.9943342776203968,
  "194": 0.9957507082152977,
  "197": 0.9971671388101985,
  "199": 0.9985835694050993,
  "200": 1.0000000000000002
}