{
  "2": 0.052,
  "3": 0.294,
  "4": 0.503,
  "5": 0.606,
  "6": 0.6839999999999999,
  "7": 0.724,
  "8": 0.758,
  "9": 0.77,
  "10": 0.78,
  "11": 0.788,
  "12": 0.798,
  "13": 0.807,
  "14": 0.811,
  "15": 0.8190000000000001,
  "16": 0.8340000000000001,
  "17": 0.8390000000000001,
  "18": 0.8450000000000001,
  "19": 0.8500000000000001,
  "20": 0.8540000000000001,
  "21": 0.8610000000000001,
  "22": 0.8690000000000001,
  "23": 0.8780000000000001,
  "24": 0.8860000000000001,
  "25": 0.8950000000000001,
  "26": 0.9040000000000001,
  "27": 0.9130000000000001,
  "28": 0.9190000000000002,
  "29": 0.9280000000000002,
  "30": 0.9330000000000002,
  "31": 0.9360000000000002,
  "32": 0.9420000000000002,
  "33": 0.9430000000000002,
  "34": 0.9460000000000002,
  "35": 0.9510000000000002,
  "38": 0.9560000000000002,
  "39": 0.9580000000000002,
  "40": 0.9600000000000002,
  "41": 0.9610000000000002,
  "42": 0.9620000000000002,
  "43": 0.9630000000000002,
  "45": 0.9640000000000002,
  "51": 0.9650000000000002,
  "52": 0.9660000000000002,
  "53": 0.9690000000000002,
  "54": 0.9710000000000002,
  "55": 0.9720000000000002,
  "56": 0.9750000000000002,
  "62": 0.9760000000000002,
  "64": 0.9770000000000002,
  "67": 0.9800000000000002,
  "68": 0.9810000000000002,
  "69": 0.9850000000000002,
  "70": 0.9880000000000002,
  "71": 0.9890000000000002,
  "72": 0.9900000000000002,
  "73": 0.9920000000000002,
  "76": 0.9930000000000002,
  "77": 0.9940000000000002,
  "78": 0.9970000000000002,
  "87": 0.9980000000000002,
  "89": 0.9990000000000002,
  "102": 1.0000000000000002
}