{
  "2": 0.05154639175257732,
  "3": 0.14536082474226802,
  "4": 0.21855670103092784,
  "5": 0.2639175257731959,
  "6": 0.3082474226804124,
  "7": 0.3463917525773196,
  "8": 0.37731958762886597,
  "9": 0.4144329896907216,
  "10": 0.4371134020618556,
  "11": 0.4659793814432989,
  "12": 0.48453608247422675,
  "13": 0.49793814432989686,
  "14": 0.5144329896907216,
  "15": 0.5237113402061855,
  "16": 0.5381443298969071,
  "17": 0.5525773195876287,
  "18": 0.5680412371134018,
  "19": 0.5804123711340203,
  "20": 0.5907216494845358,
  "21": 0.5979381443298966,
  "22": 0.6030927835051543,
  "23": 0.6134020618556697,
  "24": 0.6185567010309274,
  "25": 0.6237113402061851,
  "26": 0.6340206185567006,
  "27": 0.6422680412371129,
  "28": 0.6505154639175252,
  "29": 0.6567010309278345,
  "30": 0.6628865979381438,
  "31": 0.6680412371134015,
  "32": 0.6731958762886592,
  "33": 0.68041237113402,
  "34": 0.6845360824742261,
  "35": 0.6876288659793808,
  "36": 0.6927835051546385,
  "37": 0.6969072164948447,
  "38": 0.7020618556701024,
  "39": 0.7041237113402055,
  "40": 0.7072164948453601,
  "41": 0.7134020618556693,
  "42": 0.7175257731958755,
  "43": 0.7206185567010301,
  "44": 0.7247422680412363,
  "45": 0.7288659793814425,
  "46": 0.7309278350515456,
  "47": 0.7340206185567002,
  "48": 0.7381443298969064,
  "49": 0.741237113402061,
  "50": 0.7443298969072156,
  "51": 0.7453608247422672,
  "52": 0.752577319587628,
  "53": 0.7536082474226795,
  "54": 0.7556701030927826,
  "55": 0.7608247422680403,
  "56": 0.7618556701030919,
  "57": 0.7649484536082465,
  "58": 0.7670103092783496,
  "59": 0.7690721649484527,
  "60": 0.7731958762886588,
  "61": 0.7742268041237104,
  "62": 0.777319587628865,
  "63": 0.7814432989690712,
  "64": 0.7835051546391743,
  "65": 0.7865979381443289,
  "66": 0.788659793814432,
  "67": 0.7896907216494835,
  "68": 0.7958762886597928,
  "69": 0.7979381443298958,
  "70": 0.7989690721649474,
  "71": 0.802061855670102,
  "72": 0.8061855670103082,
  "73": 0.8092783505154628,
  "74": 0.8123711340206174,
  "75": 0.813402061855669,
  "76": 0.8144329896907205,
  "77": 0.8154639175257721,
  "78": 0.8175257731958752,
  "79": 0.8185567010309267,
  "80": 0.8206185567010298,
  "81": 0.8216494845360813,
  "82": 0.8226804123711329,
  "84": 0.824742268041236,
  "85": 0.826804123711339,
  "86": 0.8278350515463906,
  "87": 0.8329896907216483,
  "89": 0.8350515463917514,
  "90": 0.838144329896906,
  "92": 0.8391752577319576,
  "93": 0.8412371134020606,
  "94": 0.8422680412371122,
  "95": 0.8432989690721637,
  "97": 0.8443298969072153,
  "98": 0.8453608247422668,
  "99": 0.8463917525773184,
  "100": 0.849484536082473,
  "101": 0.8505154639175245,
  "102": 0.8525773195876276,
  "103": 0.8546391752577307,
  "104": 0.8567010309278338,
  "105": 0.8577319587628853,
  "106": 0.8597938144329884,
  "107": 0.8618556701030915,
  "108": 0.862886597938143,
  "109": 0.8639175257731946,
  "110": 0.8670103092783492,
  "111": 0.8690721649484523,
  "112": 0.8711340206185554,
  "113": 0.8721649484536069,
  "114": 0.87422680412371,
  "115": 0.8752577319587616,
  "116": 0.8762886597938131,
  "117": 0.8773195876288646,
  "118": 0.8793814432989677,
  "119": 0.8804123711340193,
  "120": 0.8814432989690708,
  "121": 0.8835051546391739,
  "122": 0.8845360824742254,
  "124": 0.885567010309277,
  "125": 0.8876288659793801,
  "126": 0.8896907216494832,
  "127": 0.8938144329896893,
  "128": 0.8958762886597924,
  "129": 0.8979381443298955,
  "130": 0.9010309278350501,
  "131": 0.9030927835051532,
  "132": 0.9041237113402047,
  "133": 0.9051546391752563,
  "134": 0.9061855670103078,
  "135": 0.9072164948453594,
  "136": 0.9082474226804109,
  "137": 0.9092783505154625,
  "138": 0.9134020618556686,
  "139": 0.9144329896907202,
  "140": 0.9154639175257717,
  "141": 0.9164948453608233,
  "142": 0.9175257731958748,
  "143": 0.9185567010309263,
  "144": 0.921649484536081,
  "145": 0.9237113402061841,
  "147": 0.9247422680412356,
  "149": 0.9257731958762871,
  "150": 0.9288659793814418,
  "151": 0.9309278350515449,
  "152": 0.9319587628865964,
  "154": 0.9340206185566995,
  "155": 0.9360824742268026,
  "156": 0.9371134020618541,
  "157": 0.9381443298969057,
  "158": 0.9443298969072149,
  "159": 0.946391752577318,
  "160": 0.9515463917525757,
  "161": 0.9525773195876273,
  "162": 0.9567010309278334,
  "163": 0.957731958762885,
  "164": 0.9597938144329881,
  "166": 0.9608247422680396,
  "167": 0.9639175257731942,
  "168": 0.9659793814432973,
  "169": 0.9680412371134004,
  "170": 0.9690721649484519,
  "171": 0.9701030927835035,
  "172": 0.9731958762886581,
  "173": 0.9783505154639158,
  "174": 0.9793814432989674,
  "175": 0.9804123711340189,
  "177": 0.9814432989690705,
  "178": 0.9835051546391735,
  "179": 0.9845360824742251,
  "180": 0.9865979381443282,
  "182": 0.9876288659793797,
  "185": 0.9886597938144313,
  "186": 0.9907216494845343,
  "189": 0.9917525773195859,
  "190": 0.9948453608247405,
  "191": 0.9969072164948436,
  "194": 0.9979381443298951,
  "197": 0.9989690721649467,
  "200": 0.9999999999999982
}