{
  "2": 0.04591836734693878,
  "3": 0.11224489795918369,
  "4": 0.16836734693877553,
  "5": 0.25,
  "6": 0.28061224489795916,
  "7": 0.32653061224489793,
  "8": 0.36734693877551017,
  "9": 0.4183673469387755,
  "10": 0.4336734693877551,
  "11": 0.4591836734693877,
  "12": 0.4693877551020408,
  "14": 0.4897959183673469,
  "15": 0.5204081632653061,
  "16": 0.5510204081632654,
  "17": 0.5561224489795918,
  "18": 0.5816326530612245,
  "19": 0.596938775510204,
  "20": 0.6326530612244897,
  "21": 0.6530612244897959,
  "22": 0.6785714285714285,
  "23": 0.6887755102040816,
  "24": 0.7142857142857142,
  "25": 0.7244897959183673,
  "26": 0.7448979591836734,
  "27": 0.760204081632653,
  "28": 0.7653061224489794,
  "29": 0.7755102040816325,
  "30": 0.7857142857142856,
  "31": 0.7959183673469387,
  "33": 0.8061224489795917,
  "34": 0.8316326530612244,
  "36": 0.857142857142857,
  "37": 0.8622448979591835,
  "38": 0.86734693877551,
  "39": 0.8877551020408161,
  "40": 0.8928571428571426,
  "41": 0.9081632653061221,
  "42": 0.9132653061224486,
  "45": 0.9438775510204078,
  "46": 0.9540816326530609,
  "47": 0.9591836734693874,
  "49": 0.9693877551020404,
  "52": 0.9744897959183669,
  "54": 0.9795918367346934,
  "57": 0.9846938775510199,
  "58": 0.994897959183673,
  "62": 0.9999999999999994
}