{
  "2": 0.312,
  "3": 0.54,
  "4": 0.636,
  "5": 0.723,
  "6": 0.775,
  "7": 0.808,
  "8": 0.8380000000000001,
  "9": 0.8580000000000001,
  "10": 0.8840000000000001,
  "11": 0.9020000000000001,
  "12": 0.9180000000000001,
  "13": 0.9330000000000002,
  "14": 0.9420000000000002,
  "15": 0.9480000000000002,
  "16": 0.9520000000000002,
  "17": 0.9570000000000002,
  "18": 0.9610000000000002,
  "19": 0.9670000000000002,
  "20": 0.9690000000000002,
  "21": 0.9750000000000002,
  "22": 0.9790000000000002,
  "23": 0.9830000000000002,
  "24": 0.9840000000000002,
  "25": 0.9860000000000002,
  "27": 0.9870000000000002,
  "29": 0.9890000000000002,
  "30": 0.9900000000000002,
  "31": 0.9910000000000002,
  "32": 0.9920000000000002,
  "34": 0.9930000000000002,
  "36": 0.9940000000000002,
  "37": 0.9960000000000002,
  "40": 0.9970000000000002,
  "44": 0.9980000000000002,
  "53": 0.9990000000000002,
  "55": 1.0000000000000002
}