{
  "2": 0.309,
  "3": 0.527,
  "4": 0.648,
  "5": 0.753,
  "6": 0.8180000000000001,
  "7": 0.8510000000000001,
  "8": 0.8740000000000001,
  "9": 0.9010000000000001,
  "10": 0.9210000000000002,
  "11": 0.9430000000000002,
  "12": 0.9610000000000002,
  "13": 0.9730000000000002,
  "14": 0.9800000000000002,
  "15": 0.9890000000000002,
  "16": 0.9900000000000002,
  "17": 0.9940000000000002,
  "18": 0.9950000000000002,
  "20": 0.9970000000000002,
  "21": 0.9990000000000002,
  "22": 1.0000000000000002
}