{
  "2": 0.04180064308681672,
  "3": 0.10718113612004287,
  "4": 0.15005359056806003,
  "5": 0.1907824222936763,
  "6": 0.21221864951768488,
  "7": 0.23258306538049303,
  "8": 0.24758842443729903,
  "9": 0.2722400857449089,
  "10": 0.28938906752411575,
  "11": 0.3033226152197213,
  "12": 0.3140407288317256,
  "13": 0.3311897106109325,
  "14": 0.34512325830653806,
  "15": 0.3579849946409432,
  "16": 0.3633440514469453,
  "17": 0.3729903536977492,
  "18": 0.37942122186495175,
  "19": 0.3890675241157556,
  "20": 0.3965702036441586,
  "21": 0.3987138263665595,
  "22": 0.4062165058949625,
  "23": 0.4137191854233655,
  "24": 0.4190782422293676,
  "25": 0.42765273311897106,
  "26": 0.43515541264737406,
  "27": 0.4415862808145766,
  "28": 0.4490889603429796,
  "29": 0.4555198285101822,
  "30": 0.4598070739549839,
  "31": 0.465166130760986,
  "32": 0.47052518756698813,
  "33": 0.47588424437299026,
  "34": 0.4812433011789924,
  "35": 0.4887459807073954,
  "36": 0.4919614147909967,
  "37": 0.4973204715969988,
  "38": 0.502679528403001,
  "39": 0.5037513397642014,
  "40": 0.5091103965702035,
  "41": 0.5176848874598069,
  "42": 0.523043944265809,
  "43": 0.5284030010718112,
  "44": 0.5326902465166129,
  "45": 0.538049303322615,
  "46": 0.5423365487674168,
  "47": 0.545551982851018,
  "48": 0.5519828510182206,
  "49": 0.5584137191854233,
  "50": 0.5605573419078241,
  "51": 0.5648445873526259,
  "52": 0.5691318327974276,
  "53": 0.5734190782422294,
  "54": 0.5755627009646302,
  "55": 0.5777063236870311,
  "56": 0.5819935691318329,
  "57": 0.5894962486602359,
  "58": 0.5927116827438371,
  "59": 0.594855305466238,
  "60": 0.6002143622722401,
  "61": 0.6055734190782422,
  "62": 0.6066452304394426,
  "63": 0.6109324758842444,
  "64": 0.6120042872454448,
  "65": 0.6130760986066451,
  "66": 0.6141479099678455,
  "67": 0.6205787781350481,
  "68": 0.6216505894962485,
  "69": 0.6227224008574489,
  "70": 0.6270096463022506,
  "71": 0.6302250803858519,
  "72": 0.6323687031082528,
  "73": 0.635584137191854,
  "74": 0.6377277599142549,
  "75": 0.643086816720257,
  "76": 0.6473740621650588,
  "77": 0.6516613076098605,
  "78": 0.6570203644158626,
  "79": 0.6602357984994639,
  "80": 0.6623794212218648,
  "81": 0.6677384780278669,
  "82": 0.6752411575562699,
  "83": 0.6763129689174703,
  "84": 0.6795284030010715,
  "85": 0.6838156484458733,
  "86": 0.6870310825294745,
  "87": 0.6913183279742763,
  "88": 0.6934619506966772,
  "89": 0.695605573419078,
  "90": 0.7020364415862806,
  "91": 0.7041800643086815,
  "92": 0.7073954983922828,
  "93": 0.7116827438370845,
  "94": 0.7159699892818863,
  "95": 0.7181136120042871,
  "96": 0.7224008574490889,
  "97": 0.727759914255091,
  "98": 0.7299035369774919,
  "99": 0.7309753483386923,
  "100": 0.7341907824222935,
  "101": 0.7363344051446944,
  "102": 0.7384780278670953,
  "103": 0.742765273311897,
  "104": 0.7449088960342979,
  "105": 0.7470525187566988,
  "106": 0.7524115755627009,
  "107": 0.7556270096463021,
  "108": 0.757770632368703,
  "109": 0.7599142550911039,
  "110": 0.7642015005359056,
  "111": 0.7684887459807074,
  "112": 0.7706323687031083,
  "113": 0.77491961414791,
  "114": 0.7759914255091104,
  "115": 0.782422293676313,
  "116": 0.7845659163987139,
  "117": 0.7877813504823151,
  "118": 0.7920685959271169,
  "119": 0.7942122186495177,
  "120": 0.7963558413719186,
  "121": 0.8006430868167204,
  "122": 0.8060021436227225,
  "123": 0.8081457663451234,
  "124": 0.8102893890675242,
  "126": 0.8135048231511255,
  "127": 0.8177920685959272,
  "129": 0.8188638799571276,
  "130": 0.819935691318328,
  "131": 0.8231511254019293,
  "132": 0.8252947481243301,
  "133": 0.8306538049303323,
  "134": 0.8317256162915326,
  "135": 0.832797427652733,
  "136": 0.8349410503751339,
  "137": 0.8381564844587351,
  "138": 0.8413719185423364,
  "139": 0.8424437299035368,
  "141": 0.8478027867095389,
  "143": 0.8510182207931402,
  "145": 0.8542336548767414,
  "146": 0.8563772775991423,
  "147": 0.860664523043944,
  "148": 0.8649517684887458,
  "149": 0.8660235798499462,
  "150": 0.8703108252947479,
  "153": 0.8713826366559483,
  "156": 0.8745980707395495,
  "157": 0.8756698821007499,
  "160": 0.8778135048231508,
  "161": 0.8788853161843512,
  "162": 0.881028938906752,
  "163": 0.8821007502679524,
  "164": 0.8842443729903533,
  "165": 0.8853161843515537,
  "166": 0.8863879957127541,
  "167": 0.8874598070739544,
  "169": 0.8906752411575557,
  "170": 0.8917470525187561,
  "171": 0.893890675241157,
  "172": 0.8949624866023573,
  "173": 0.8971061093247582,
  "174": 0.8992497320471591,
  "175": 0.9003215434083595,
  "176": 0.9013933547695598,
  "177": 0.906752411575562,
  "178": 0.9078242229367623,
  "180": 0.9088960342979627,
  "181": 0.9099678456591631,
  "182": 0.9110396570203635,
  "183": 0.9131832797427644,
  "184": 0.9142550911039647,
  "185": 0.9153269024651651,
  "187": 0.9163987138263655,
  "188": 0.9196141479099668,
  "190": 0.9217577706323676,
  "191": 0.9260450160771694,
  "193": 0.9281886387995703,
  "194": 0.9303322615219711,
  "196": 0.9335476956055724,
  "197": 0.9356913183279733,
  "198": 0.9367631296891736,
  "199": 0.937834941050374,
  "200": 0.9421221864951758,
  "201": 0.9431939978563761,
  "202": 0.9442658092175765,
  "204": 0.9464094319399774,
  "206": 0.9485530546623783,
  "207": 0.9496248660235787,
  "209": 0.950696677384779,
  "210": 0.9517684887459794,
  "213": 0.9528403001071798,
  "214": 0.956055734190781,
  "221": 0.9571275455519814,
  "222": 0.9592711682743823,
  "224": 0.9603429796355827,
  "225": 0.9614147909967831,
  "226": 0.9624866023579834,
  "229": 0.9646302250803843,
  "230": 0.9667738478027852,
  "233": 0.9678456591639856,
  "234": 0.9699892818863864,
  "235": 0.9732047159699877,
  "237": 0.9753483386923886,
  "244": 0.976420150053589,
  "246": 0.9774919614147893,
  "252": 0.9785637727759897,
  "253": 0.9807073954983906,
  "256": 0.981779206859591,
  "257": 0.9828510182207914,
  "261": 0.9849946409431922,
  "262": 0.9860664523043926,
  "264": 0.987138263665593,
  "266": 0.9892818863879939,
  "267": 0.9903536977491942,
  "268": 0.9914255091103946,
  "270": 0.992497320471595,
  "272": 0.9935691318327954,
  "273": 0.9946409431939958,
  "275": 0.9957127545551961,
  "280": 0.9967845659163965,
  "281": 0.9978563772775969,
  "282": 0.9989281886387973,
  "293": 0.9999999999999977
}