{
  "2": 0.05817782656421515,
  "3": 0.09879253567508234,
  "4": 0.13501646542261253,
  "5": 0.17453347969264546,
  "6": 0.19648737650933043,
  "7": 0.22502744237102087,
  "8": 0.2524698133918771,
  "9": 0.27552140504939626,
  "10": 0.29527991218441274,
  "11": 0.3194291986827662,
  "12": 0.3446761800219539,
  "13": 0.3600439077936334,
  "14": 0.38309549945115257,
  "15": 0.39846322722283206,
  "16": 0.41383095499451156,
  "17": 0.4281009879253568,
  "18": 0.44127332601536773,
  "19": 0.4588364434687157,
  "20": 0.47310647639956094,
  "21": 0.4983534577387486,
  "22": 0.5159165751920965,
  "23": 0.5225027442371021,
  "24": 0.5422612513721186,
  "25": 0.5510428100987925,
  "26": 0.562019758507135,
  "27": 0.5697036223929748,
  "28": 0.5773874862788145,
  "29": 0.5960482985729968,
  "30": 0.6037321624588365,
  "31": 0.6125137211855105,
  "32": 0.6223929747530187,
  "33": 0.6311745334796927,
  "34": 0.6377607025246982,
  "35": 0.6432491767288694,
  "36": 0.6509330406147091,
  "37": 0.6608122941822173,
  "38": 0.6695938529088913,
  "39": 0.6761800219538968,
  "40": 0.6827661909989023,
  "41": 0.6915477497255763,
  "42": 0.6937431394072449,
  "43": 0.7003293084522504,
  "44": 0.7069154774972559,
  "45": 0.7145993413830957,
  "46": 0.7178924259055984,
  "47": 0.7211855104281012,
  "48": 0.7288693743139409,
  "49": 0.7343578485181121,
  "50": 0.7409440175631177,
  "51": 0.7486278814489574,
  "52": 0.7563117453347972,
  "53": 0.7596048298572999,
  "54": 0.7618002195389685,
  "55": 0.7650933040614712,
  "56": 0.7716794731064768,
  "57": 0.7749725576289795,
  "58": 0.7782656421514823,
  "59": 0.7804610318331509,
  "60": 0.7870472008781564,
  "61": 0.7936333699231619,
  "62": 0.7980241492864989,
  "63": 0.8024149286498359,
  "64": 0.8068057080131729,
  "65": 0.8122941822173441,
  "66": 0.8133918770581783,
  "67": 0.8188803512623495,
  "68": 0.8232711306256865,
  "69": 0.8287596048298577,
  "70": 0.8353457738748632,
  "71": 0.8364434687156974,
  "72": 0.8408342480790344,
  "73": 0.8430296377607029,
  "74": 0.8452250274423715,
  "75": 0.8507135016465427,
  "76": 0.8518111964873769,
  "77": 0.8551042810098797,
  "78": 0.8605927552140509,
  "79": 0.8660812294182221,
  "80": 0.8671789242590563,
  "81": 0.8704720087815591,
  "82": 0.8759604829857303,
  "83": 0.8781558726673988,
  "84": 0.8814489571899016,
  "85": 0.8858397365532386,
  "86": 0.8891328210757413,
  "87": 0.8913282107574099,
  "88": 0.8924259055982441,
  "89": 0.8957189901207468,
  "90": 0.8979143798024154,
  "92": 0.9023051591657524,
  "93": 0.9055982436882551,
  "94": 0.9077936333699237,
  "95": 0.9088913282107579,
  "96": 0.9121844127332607,
  "97": 0.9132821075740949,
  "100": 0.9143798024149291,
  "101": 0.9154774972557633,
  "102": 0.9165751920965975,
  "104": 0.9187705817782661,
  "105": 0.9231613611416031,
  "106": 0.9242590559824373,
  "108": 0.9253567508232715,
  "109": 0.9275521405049401,
  "110": 0.9308452250274428,
  "111": 0.9330406147091114,
  "112": 0.9374313940724484,
  "113": 0.9385290889132826,
  "114": 0.9396267837541168,
  "115": 0.9418221734357853,
  "116": 0.9429198682766196,
  "117": 0.9440175631174538,
  "118": 0.945115257958288,
  "120": 0.9462129527991222,
  "121": 0.9484083424807908,
  "122": 0.9517014270032935,
  "125": 0.9538968166849621,
  "126": 0.9549945115257963,
  "127": 0.9560922063666305,
  "129": 0.958287596048299,
  "132": 0.9604829857299676,
  "133": 0.9615806805708018,
  "134": 0.9648737650933046,
  "136": 0.9659714599341388,
  "137": 0.9681668496158073,
  "138": 0.9703622392974759,
  "139": 0.9736553238199787,
  "140": 0.9758507135016472,
  "148": 0.9769484083424814,
  "149": 0.9780461031833156,
  "151": 0.9791437980241499,
  "155": 0.9802414928649841,
  "156": 0.9824368825466526,
  "157": 0.9835345773874868,
  "158": 0.9846322722283211,
  "165": 0.9857299670691553,
  "168": 0.9868276619099895,
  "169": 0.9879253567508237,
  "170": 0.9890230515916579,
  "172": 0.9901207464324921,
  "176": 0.9912184412733264,
  "177": 0.9923161361141606,
  "178": 0.9934138309549948,
  "184": 0.994511525795829,
  "187": 0.9967069154774976,
  "189": 0.9978046103183318,
  "194": 0.998902305159166,
  "197": 1.0000000000000002
}