{
  "2": 0.03185437997724687,
  "3": 0.0887372013651877,
  "4": 0.1296928327645051,
  "5": 0.15813424345847552,
  "6": 0.19340159271899884,
  "7": 0.217292377701934,
  "8": 0.25369738339021614,
  "9": 0.285551763367463,
  "10": 0.310580204778157,
  "11": 0.3344709897610922,
  "12": 0.35722411831626855,
  "13": 0.37201365187713314,
  "14": 0.3936291240045507,
  "15": 0.4106939704209329,
  "16": 0.4311717861205916,
  "17": 0.44141069397042093,
  "18": 0.45847554038680316,
  "19": 0.47212741751990894,
  "20": 0.4857792946530147,
  "21": 0.4926052332195676,
  "22": 0.5017064846416381,
  "23": 0.5130830489192263,
  "24": 0.521046643913538,
  "25": 0.5301478953356086,
  "26": 0.5358361774744027,
  "27": 0.5517633674630261,
  "28": 0.558589306029579,
  "29": 0.5665529010238908,
  "30": 0.5745164960182025,
  "31": 0.5836177474402731,
  "32": 0.5915813424345848,
  "33": 0.602957906712173,
  "34": 0.6131968145620024,
  "35": 0.6211604095563141,
  "36": 0.627986348122867,
  "37": 0.6359499431171788,
  "38": 0.6427758816837317,
  "39": 0.6552901023890787,
  "40": 0.6689419795221845,
  "41": 0.6757679180887374,
  "42": 0.6814562002275315,
  "43": 0.6962457337883962,
  "44": 0.7019340159271903,
  "45": 0.7076222980659844,
  "46": 0.7121729237770197,
  "47": 0.7189988623435726,
  "48": 0.7235494880546078,
  "49": 0.729237770193402,
  "50": 0.7383390216154725,
  "51": 0.7485779294653019,
  "52": 0.7554038680318548,
  "53": 0.7588168373151313,
  "54": 0.7622298065984078,
  "55": 0.7679180887372019,
  "56": 0.7701934015927195,
  "57": 0.7713310580204784,
  "58": 0.773606370875996,
  "59": 0.7770193401592725,
  "60": 0.780432309442549,
  "61": 0.7849829351535843,
  "62": 0.7895335608646196,
  "63": 0.7918088737201372,
  "65": 0.7963594994311725,
  "66": 0.8020477815699666,
  "67": 0.8043230944254842,
  "68": 0.8065984072810019,
  "69": 0.812286689419796,
  "70": 0.8156996587030725,
  "71": 0.819112627986349,
  "72": 0.8202502844141079,
  "73": 0.825938566552902,
  "74": 0.8293515358361785,
  "75": 0.832764505119455,
  "76": 0.8350398179749726,
  "78": 0.8384527872582491,
  "79": 0.8418657565415256,
  "80": 0.8452787258248021,
  "81": 0.846416382252561,
  "82": 0.8486916951080786,
  "83": 0.8509670079635963,
  "84": 0.8521046643913551,
  "85": 0.853242320819114,
  "86": 0.8543799772468729,
  "87": 0.8589306029579081,
  "88": 0.8634812286689434,
  "89": 0.865756541524461,
  "90": 0.8668941979522199,
  "91": 0.8691695108077375,
  "92": 0.8703071672354964,
  "93": 0.8748577929465317,
  "94": 0.8771331058020493,
  "95": 0.8782707622298082,
  "96": 0.8805460750853258,
  "97": 0.8873720136518787,
  "98": 0.8896473265073963,
  "99": 0.8907849829351552,
  "100": 0.8930602957906728,
  "101": 0.8941979522184317,
  "102": 0.8964732650739493,
  "103": 0.9010238907849846,
  "104": 0.9032992036405022,
  "105": 0.9044368600682611,
  "108": 0.9055745164960199,
  "109": 0.9089874857792964,
  "110": 0.9112627986348141,
  "111": 0.912400455062573,
  "112": 0.9135381114903318,
  "113": 0.9169510807736083,
  "114": 0.9180887372013672,
  "115": 0.9203640500568848,
  "116": 0.9215017064846437,
  "117": 0.9226393629124026,
  "118": 0.9237770193401614,
  "119": 0.9249146757679203,
  "120": 0.9260523321956792,
  "125": 0.9294653014789557,
  "126": 0.9328782707622322,
  "128": 0.934015927189991,
  "130": 0.9362912400455087,
  "131": 0.9397042093287852,
  "132": 0.940841865756544,
  "133": 0.9419795221843029,
  "134": 0.9431171786120618,
  "135": 0.9453924914675794,
  "136": 0.9465301478953383,
  "137": 0.9476678043230972,
  "139": 0.948805460750856,
  "141": 0.9510807736063737,
  "143": 0.9544937428896502,
  "148": 0.9567690557451678,
  "149": 0.9601820250284443,
  "152": 0.9613196814562032,
  "153": 0.9635949943117208,
  "154": 0.9658703071672384,
  "157": 0.9670079635949973,
  "159": 0.9692832764505149,
  "161": 0.9704209328782738,
  "162": 0.9715585893060327,
  "163": 0.9726962457337915,
  "164": 0.9738339021615504,
  "165": 0.9749715585893093,
  "166": 0.9761092150170682,
  "167": 0.9783845278725858,
  "169": 0.9795221843003447,
  "170": 0.9806598407281035,
  "171": 0.98407281001138,
  "176": 0.9852104664391389,
  "177": 0.9863481228668978,
  "178": 0.9874857792946566,
  "179": 0.9886234357224155,
  "181": 0.9897610921501744,
  "182": 0.9908987485779333,
  "185": 0.9920364050056921,
  "186": 0.993174061433451,
  "187": 0.9943117178612099,
  "189": 0.9954493742889687,
  "190": 0.9965870307167276,
  "194": 0.9977246871444865,
  "197": 0.9988623435722453,
  "200": 1.0000000000000042
}