{
  "2": 0.02666666666666667,
  "3": 0.08666666666666667,
  "4": 0.128,
  "5": 0.16,
  "6": 0.18666666666666668,
  "7": 0.20400000000000001,
  "8": 0.22666666666666668,
  "9": 0.24800000000000003,
  "10": 0.2706666666666667,
  "11": 0.28800000000000003,
  "12": 0.30800000000000005,
  "13": 0.3186666666666667,
  "14": 0.3373333333333334,
  "15": 0.35600000000000004,
  "16": 0.3706666666666667,
  "17": 0.3746666666666667,
  "18": 0.38533333333333336,
  "19": 0.396,
  "20": 0.4146666666666667,
  "21": 0.428,
  "22": 0.4453333333333333,
  "23": 0.4573333333333333,
  "24": 0.4693333333333333,
  "25": 0.4786666666666667,
  "26": 0.48533333333333334,
  "27": 0.4906666666666667,
  "28": 0.4986666666666667,
  "29": 0.5013333333333334,
  "30": 0.5066666666666667,
  "31": 0.5146666666666667,
  "32": 0.5173333333333334,
  "33": 0.5306666666666667,
  "34": 0.5426666666666667,
  "35": 0.5466666666666667,
  "36": 0.5533333333333335,
  "37": 0.5586666666666668,
  "38": 0.5613333333333335,
  "39": 0.5720000000000002,
  "40": 0.5760000000000002,
  "41": 0.5933333333333335,
  "42": 0.5960000000000002,
  "43": 0.6000000000000002,
  "44": 0.6066666666666669,
  "45": 0.6093333333333336,
  "46": 0.6200000000000003,
  "47": 0.6293333333333336,
  "48": 0.6360000000000003,
  "49": 0.6413333333333336,
  "50": 0.6426666666666669,
  "51": 0.6480000000000002,
  "52": 0.650666666666667,
  "53": 0.6573333333333337,
  "54": 0.6613333333333337,
  "55": 0.670666666666667,
  "56": 0.6720000000000003,
  "57": 0.6760000000000003,
  "58": 0.6800000000000003,
  "60": 0.686666666666667,
  "61": 0.6893333333333337,
  "62": 0.694666666666667,
  "63": 0.7040000000000003,
  "64": 0.7053333333333336,
  "65": 0.7066666666666669,
  "66": 0.7133333333333336,
  "67": 0.7146666666666669,
  "68": 0.7200000000000002,
  "69": 0.7253333333333335,
  "70": 0.7306666666666668,
  "71": 0.7333333333333335,
  "72": 0.7360000000000002,
  "74": 0.7426666666666669,
  "75": 0.7466666666666669,
  "76": 0.7480000000000002,
  "77": 0.7520000000000002,
  "78": 0.7546666666666669,
  "79": 0.7586666666666669,
  "80": 0.7626666666666669,
  "81": 0.7733333333333337,
  "82": 0.778666666666667,
  "84": 0.782666666666667,
  "85": 0.7853333333333337,
  "86": 0.790666666666667,
  "87": 0.7920000000000003,
  "89": 0.7933333333333336,
  "90": 0.7986666666666669,
  "91": 0.8040000000000002,
  "94": 0.8093333333333335,
  "95": 0.8106666666666668,
  "97": 0.812,
  "98": 0.8160000000000001,
  "99": 0.8200000000000001,
  "100": 0.8213333333333334,
  "103": 0.8226666666666667,
  "104": 0.8266666666666667,
  "105": 0.8293333333333334,
  "106": 0.8320000000000001,
  "108": 0.8333333333333334,
  "109": 0.8360000000000001,
  "110": 0.8386666666666668,
  "111": 0.8440000000000001,
  "112": 0.8453333333333334,
  "113": 0.8480000000000001,
  "115": 0.8520000000000001,
  "116": 0.8533333333333334,
  "118": 0.8560000000000001,
  "119": 0.8573333333333334,
  "121": 0.8600000000000001,
  "122": 0.8626666666666668,
  "123": 0.8653333333333335,
  "126": 0.8680000000000002,
  "127": 0.8693333333333335,
  "128": 0.8720000000000002,
  "129": 0.8760000000000002,
  "130": 0.8773333333333335,
  "131": 0.8800000000000002,
  "132": 0.8826666666666669,
  "133": 0.8853333333333336,
  "134": 0.8866666666666669,
  "136": 0.8880000000000002,
  "137": 0.8906666666666669,
  "138": 0.8933333333333336,
  "139": 0.8946666666666669,
  "140": 0.9000000000000002,
  "141": 0.9013333333333335,
  "142": 0.9026666666666668,
  "144": 0.9066666666666668,
  "146": 0.9080000000000001,
  "147": 0.9106666666666668,
  "148": 0.9120000000000001,
  "149": 0.9146666666666668,
  "150": 0.9160000000000001,
  "151": 0.9186666666666669,
  "152": 0.9200000000000002,
  "154": 0.9213333333333334,
  "155": 0.9240000000000002,
  "156": 0.9253333333333335,
  "157": 0.9266666666666667,
  "158": 0.928,
  "159": 0.9293333333333333,
  "163": 0.9346666666666666,
  "164": 0.9359999999999999,
  "165": 0.9386666666666666,
  "166": 0.94,
  "167": 0.9413333333333332,
  "169": 0.9466666666666665,
  "171": 0.9493333333333333,
  "172": 0.9533333333333333,
  "173": 0.9573333333333333,
  "174": 0.9586666666666666,
  "175": 0.9613333333333333,
  "176": 0.964,
  "177": 0.9653333333333333,
  "178": 0.968,
  "180": 0.9706666666666667,
  "181": 0.9733333333333334,
  "182": 0.9746666666666667,
  "183": 0.976,
  "185": 0.9786666666666667,
  "186": 0.98,
  "187": 0.9813333333333333,
  "188": 0.9826666666666666,
  "191": 0.9839999999999999,
  "193": 0.9866666666666666,
  "194": 0.9879999999999999,
  "195": 0.9893333333333332,
  "196": 0.9933333333333332,
  "197": 0.9946666666666665,
  "199": 0.9986666666666665,
  "200": 0.9999999999999998
}