{
  "2": 0.024390243902439025,
  "3": 0.06504065040650406,
  "4": 0.09485094850948508,
  "5": 0.13956639566395662,
  "6": 0.16531165311653115,
  "7": 0.19241192411924118,
  "8": 0.2059620596205962,
  "9": 0.23306233062330622,
  "10": 0.25609756097560976,
  "11": 0.2764227642276423,
  "12": 0.2967479674796748,
  "13": 0.3157181571815718,
  "14": 0.33875338753387535,
  "15": 0.3536585365853659,
  "16": 0.3617886178861789,
  "17": 0.3739837398373984,
  "18": 0.39430894308943093,
  "19": 0.40379403794037944,
  "20": 0.41192411924119243,
  "21": 0.42140921409214094,
  "22": 0.43766937669376693,
  "23": 0.45257452574525747,
  "24": 0.46883468834688347,
  "25": 0.47831978319783197,
  "26": 0.48644986449864497,
  "27": 0.49186991869918695,
  "28": 0.49999999999999994,
  "29": 0.5094850948509485,
  "30": 0.521680216802168,
  "31": 0.5298102981029811,
  "32": 0.5379403794037941,
  "33": 0.5555555555555557,
  "34": 0.5609756097560977,
  "35": 0.5677506775067752,
  "36": 0.5785907859078592,
  "37": 0.5840108401084012,
  "38": 0.5948509485094852,
  "39": 0.6056910569105691,
  "40": 0.6111111111111112,
  "41": 0.6151761517615176,
  "42": 0.6165311653116531,
  "43": 0.6260162601626016,
  "44": 0.6368563685636855,
  "45": 0.640921409214092,
  "46": 0.6504065040650405,
  "47": 0.66260162601626,
  "48": 0.6653116531165311,
  "49": 0.6666666666666665,
  "50": 0.673441734417344,
  "51": 0.6775067750677505,
  "52": 0.6883468834688344,
  "53": 0.6910569105691055,
  "54": 0.6951219512195119,
  "55": 0.7018970189701894,
  "56": 0.7032520325203249,
  "57": 0.7059620596205959,
  "58": 0.7073170731707313,
  "59": 0.7181571815718153,
  "60": 0.7208672086720863,
  "61": 0.7235772357723573,
  "62": 0.7289972899728994,
  "63": 0.7303523035230348,
  "64": 0.7384823848238479,
  "65": 0.7425474254742543,
  "67": 0.7439024390243898,
  "68": 0.7466124661246608,
  "69": 0.7493224932249318,
  "70": 0.7560975609756093,
  "71": 0.7655826558265578,
  "72": 0.7710027100270999,
  "73": 0.7804878048780484,
  "74": 0.7859078590785904,
  "75": 0.7872628726287259,
  "76": 0.7940379403794033,
  "77": 0.7967479674796744,
  "78": 0.7981029810298098,
  "79": 0.8035230352303518,
  "80": 0.8062330623306229,
  "81": 0.8075880758807583,
  "82": 0.8116531165311648,
  "83": 0.8130081300813002,
  "84": 0.8170731707317067,
  "85": 0.8197831978319777,
  "86": 0.8224932249322487,
  "87": 0.8238482384823842,
  "88": 0.8265582655826552,
  "89": 0.8292682926829262,
  "90": 0.8319783197831973,
  "91": 0.8333333333333327,
  "94": 0.8401084010840102,
  "95": 0.8441734417344167,
  "96": 0.8455284552845521,
  "97": 0.8495934959349586,
  "98": 0.850948509485094,
  "99": 0.8550135501355005,
  "101": 0.8577235772357715,
  "102": 0.8604336043360425,
  "103": 0.8631436314363136,
  "104": 0.864498644986449,
  "105": 0.8658536585365845,
  "106": 0.8672086720867199,
  "107": 0.8685636856368554,
  "108": 0.8699186991869908,
  "109": 0.8726287262872618,
  "111": 0.8739837398373973,
  "112": 0.8766937669376683,
  "113": 0.8780487804878038,
  "115": 0.8807588075880748,
  "116": 0.8821138211382102,
  "118": 0.8834688346883457,
  "119": 0.8848238482384811,
  "121": 0.8861788617886166,
  "123": 0.887533875338752,
  "124": 0.8902439024390231,
  "125": 0.8915989159891585,
  "126": 0.8943089430894295,
  "128": 0.895663956639565,
  "129": 0.898373983739836,
  "130": 0.8997289972899715,
  "131": 0.9010840108401069,
  "134": 0.9037940379403779,
  "135": 0.906504065040649,
  "136": 0.90921409214092,
  "137": 0.9105691056910554,
  "138": 0.9119241192411909,
  "140": 0.9146341463414619,
  "141": 0.9159891598915973,
  "142": 0.9173441734417328,
  "144": 0.9186991869918683,
  "145": 0.9200542005420037,
  "146": 0.9227642276422747,
  "147": 0.9254742547425457,
  "148": 0.9281842818428168,
  "149": 0.9295392953929522,
  "151": 0.9322493224932232,
  "152": 0.9336043360433587,
  "153": 0.9349593495934941,
  "155": 0.9363143631436296,
  "156": 0.937669376693765,
  "157": 0.9390243902439005,
  "159": 0.940379403794036,
  "160": 0.9417344173441714,
  "161": 0.9444444444444424,
  "165": 0.9457994579945779,
  "168": 0.9485094850948489,
  "169": 0.9498644986449843,
  "170": 0.9512195121951198,
  "172": 0.9539295392953908,
  "173": 0.9552845528455263,
  "174": 0.9566395663956617,
  "175": 0.9593495934959327,
  "176": 0.9607046070460682,
  "177": 0.9674796747967457,
  "178": 0.9715447154471522,
  "179": 0.9742547425474232,
  "180": 0.9783197831978296,
  "181": 0.9810298102981007,
  "182": 0.9823848238482361,
  "183": 0.9864498644986426,
  "184": 0.987804878048778,
  "185": 0.990514905149049,
  "186": 0.9918699186991845,
  "193": 0.99322493224932,
  "194": 0.995934959349591,
  "196": 0.9972899728997264,
  "198": 0.9986449864498619,
  "199": 0.9999999999999973
}