{
  "2": 0.04602510460251046,
  "3": 0.13702928870292888,
  "4": 0.20397489539748953,
  "5": 0.252092050209205,
  "6": 0.29811715481171547,
  "7": 0.3378661087866109,
  "8": 0.3682008368200837,
  "9": 0.40271966527196656,
  "10": 0.4361924686192469,
  "11": 0.4550209205020921,
  "12": 0.46966527196652724,
  "13": 0.49581589958159,
  "14": 0.5115062761506277,
  "15": 0.5324267782426779,
  "16": 0.5502092050209206,
  "17": 0.5638075313807532,
  "18": 0.5794979079497908,
  "19": 0.598326359832636,
  "20": 0.6129707112970711,
  "21": 0.6192468619246863,
  "22": 0.6286610878661089,
  "23": 0.6380753138075315,
  "24": 0.6485355648535566,
  "25": 0.6558577405857742,
  "26": 0.6610878661087867,
  "27": 0.6652719665271967,
  "28": 0.6736401673640168,
  "29": 0.6767782426778243,
  "30": 0.6799163179916318,
  "31": 0.6893305439330544,
  "32": 0.696652719665272,
  "33": 0.7029288702928871,
  "34": 0.7081589958158996,
  "35": 0.7165271966527197,
  "36": 0.7175732217573222,
  "37": 0.7196652719665272,
  "38": 0.7207112970711297,
  "39": 0.7269874476987448,
  "40": 0.7311715481171548,
  "41": 0.7343096234309623,
  "42": 0.7374476987447698,
  "43": 0.7395397489539748,
  "44": 0.7426778242677823,
  "45": 0.7499999999999999,
  "46": 0.7510460251046024,
  "47": 0.75836820083682,
  "48": 0.7594142259414225,
  "49": 0.760460251046025,
  "50": 0.7635983263598325,
  "51": 0.76673640167364,
  "52": 0.7730125523012551,
  "53": 0.7740585774058576,
  "54": 0.7761506276150626,
  "55": 0.7771966527196651,
  "56": 0.7792887029288701,
  "57": 0.7813807531380751,
  "58": 0.7824267782426776,
  "59": 0.7834728033472801,
  "60": 0.7845188284518826,
  "61": 0.7876569037656901,
  "62": 0.7897489539748951,
  "63": 0.7918410041841001,
  "64": 0.7970711297071127,
  "65": 0.7991631799163177,
  "66": 0.8012552301255227,
  "67": 0.8023012552301252,
  "68": 0.8033472803347277,
  "69": 0.8064853556485352,
  "70": 0.8085774058577402,
  "71": 0.8127615062761502,
  "72": 0.8148535564853552,
  "73": 0.8179916317991627,
  "75": 0.8211297071129702,
  "76": 0.8221757322175727,
  "77": 0.8242677824267777,
  "78": 0.8253138075313802,
  "82": 0.8284518828451877,
  "84": 0.8305439330543927,
  "85": 0.8326359832635977,
  "86": 0.8336820083682002,
  "87": 0.8378661087866102,
  "89": 0.8389121338912127,
  "90": 0.8420502092050202,
  "91": 0.8441422594142252,
  "92": 0.8462343096234302,
  "93": 0.8493723849372377,
  "94": 0.8514644351464427,
  "95": 0.8556485355648527,
  "96": 0.8577405857740577,
  "97": 0.8587866108786602,
  "98": 0.8598326359832626,
  "99": 0.8619246861924676,
  "100": 0.8640167364016726,
  "101": 0.8661087866108776,
  "103": 0.8682008368200826,
  "104": 0.8723849372384926,
  "106": 0.8744769874476976,
  "107": 0.8786610878661076,
  "108": 0.8797071129707101,
  "109": 0.8817991631799151,
  "110": 0.8859832635983251,
  "111": 0.8880753138075301,
  "112": 0.8901673640167351,
  "113": 0.8912133891213376,
  "114": 0.8933054393305426,
  "115": 0.8964435146443501,
  "116": 0.8985355648535551,
  "117": 0.9006276150627601,
  "118": 0.9058577405857726,
  "120": 0.9069037656903751,
  "121": 0.9100418410041826,
  "122": 0.9121338912133876,
  "123": 0.9142259414225926,
  "124": 0.9163179916317976,
  "125": 0.9205020920502076,
  "126": 0.9215481171548101,
  "127": 0.9236401673640151,
  "129": 0.9278242677824251,
  "130": 0.9288702928870276,
  "132": 0.9320083682008351,
  "133": 0.9330543933054376,
  "135": 0.9341004184100401,
  "136": 0.9351464435146426,
  "137": 0.9361924686192451,
  "138": 0.9393305439330526,
  "139": 0.9435146443514626,
  "140": 0.9445606694560651,
  "141": 0.9456066945606676,
  "142": 0.9476987447698726,
  "143": 0.9487447698744751,
  "147": 0.9508368200836801,
  "148": 0.9518828451882826,
  "150": 0.9529288702928851,
  "152": 0.9539748953974876,
  "153": 0.9560669456066926,
  "154": 0.9581589958158976,
  "155": 0.9592050209205001,
  "156": 0.9602510460251026,
  "157": 0.9623430962343076,
  "158": 0.9633891213389101,
  "159": 0.9644351464435126,
  "161": 0.9675732217573201,
  "164": 0.9686192468619226,
  "165": 0.9707112970711276,
  "167": 0.9728033472803326,
  "169": 0.9769874476987426,
  "170": 0.9780334728033451,
  "172": 0.9790794979079476,
  "173": 0.9801255230125501,
  "174": 0.9822175732217551,
  "175": 0.9832635983263576,
  "176": 0.9843096234309601,
  "179": 0.9853556485355626,
  "181": 0.9874476987447676,
  "183": 0.9895397489539726,
  "184": 0.9916317991631776,
  "187": 0.9937238493723826,
  "191": 0.9968619246861901,
  "193": 0.9979079497907926,
  "199": 0.9999999999999976
}