{
  "2": 0.03128258602711158,
  "3": 0.10636079249217936,
  "4": 0.17205422314911367,
  "5": 0.21793534932221065,
  "6": 0.25547445255474455,
  "7": 0.29718456725756,
  "8": 0.3336809176225235,
  "9": 0.3712200208550574,
  "10": 0.3858185610010428,
  "11": 0.4077163712200209,
  "12": 0.44838373305526597,
  "13": 0.4713242961418145,
  "14": 0.4848800834202295,
  "15": 0.49947862356621486,
  "16": 0.5151199165797706,
  "17": 0.5307612095933264,
  "18": 0.5464025026068822,
  "19": 0.5599582898852972,
  "20": 0.5683003128258602,
  "21": 0.5766423357664233,
  "22": 0.5901981230448383,
  "23": 0.597497393117831,
  "24": 0.6089676746611052,
  "25": 0.6235662148070906,
  "26": 0.6298227320125129,
  "27": 0.6360792492179352,
  "28": 0.6485922836287799,
  "29": 0.6527632950990614,
  "30": 0.6600625651720541,
  "31": 0.6673618352450468,
  "32": 0.6757038581856099,
  "33": 0.6830031282586025,
  "34": 0.6913451511991656,
  "35": 0.6934306569343064,
  "36": 0.6955161626694472,
  "37": 0.7007299270072991,
  "38": 0.7028154327424398,
  "39": 0.7069864442127214,
  "40": 0.7101147028154325,
  "41": 0.7142857142857141,
  "42": 0.7205422314911364,
  "43": 0.7247132429614179,
  "44": 0.7299270072992698,
  "45": 0.733055265901981,
  "46": 0.7361835245046922,
  "47": 0.7413972888425441,
  "48": 0.7455683003128256,
  "49": 0.7507820646506775,
  "50": 0.7570385818560998,
  "51": 0.7591240875912406,
  "52": 0.7632950990615222,
  "53": 0.7653806047966629,
  "55": 0.7664233576642333,
  "56": 0.7674661105318037,
  "57": 0.7685088633993741,
  "58": 0.7726798748696556,
  "59": 0.7758081334723668,
  "60": 0.7778936392075075,
  "61": 0.7789363920750779,
  "62": 0.7841501564129298,
  "63": 0.7883211678832114,
  "64": 0.7893639207507818,
  "65": 0.7914494264859225,
  "66": 0.7977059436913448,
  "67": 0.7997914494264856,
  "68": 0.800834202294056,
  "69": 0.8018769551616264,
  "70": 0.8070907194994783,
  "71": 0.8102189781021895,
  "72": 0.8133472367049006,
  "73": 0.8175182481751821,
  "74": 0.8185610010427525,
  "75": 0.8216892596454637,
  "76": 0.8258602711157452,
  "77": 0.8300312825860268,
  "78": 0.8331595411887379,
  "79": 0.8342022940563083,
  "80": 0.8373305526590195,
  "81": 0.8383733055265898,
  "82": 0.8404588112617306,
  "84": 0.8425443169968714,
  "85": 0.8446298227320121,
  "87": 0.8477580813347233,
  "89": 0.8498435870698641,
  "90": 0.8508863399374345,
  "91": 0.8519290928050048,
  "93": 0.8561001042752864,
  "94": 0.8571428571428568,
  "95": 0.8592283628779975,
  "96": 0.8602711157455679,
  "97": 0.8613138686131383,
  "99": 0.8633993743482791,
  "100": 0.868613138686131,
  "101": 0.8717413972888421,
  "102": 0.8738269030239829,
  "103": 0.8748696558915533,
  "105": 0.8779979144942645,
  "106": 0.8790406673618348,
  "107": 0.882168925964546,
  "109": 0.8832116788321164,
  "110": 0.8842544316996868,
  "112": 0.8863399374348275,
  "114": 0.8884254431699683,
  "115": 0.8894681960375387,
  "116": 0.8915537017726795,
  "117": 0.8925964546402498,
  "118": 0.895724713242961,
  "119": 0.8998957247132425,
  "121": 0.9009384775808129,
  "122": 0.9040667361835241,
  "125": 0.9061522419186648,
  "126": 0.9103232533889464,
  "127": 0.9134515119916575,
  "128": 0.9144942648592279,
  "129": 0.9155370177267983,
  "130": 0.9165797705943687,
  "131": 0.9176225234619391,
  "132": 0.9197080291970798,
  "133": 0.9207507820646502,
  "135": 0.922836287799791,
  "136": 0.9249217935349318,
  "137": 0.9259645464025021,
  "138": 0.9280500521376429,
  "139": 0.9311783107403541,
  "140": 0.9332638164754948,
  "142": 0.9343065693430652,
  "143": 0.9353493222106356,
  "145": 0.9374348279457764,
  "146": 0.9405630865484875,
  "147": 0.9416058394160579,
  "148": 0.9436913451511987,
  "149": 0.9447340980187691,
  "151": 0.9468196037539098,
  "152": 0.949947862356621,
  "153": 0.9509906152241914,
  "154": 0.9530761209593321,
  "155": 0.9551616266944729,
  "156": 0.9572471324296137,
  "159": 0.9593326381647544,
  "160": 0.963503649635036,
  "161": 0.9655891553701768,
  "167": 0.9666319082377471,
  "168": 0.9676746611053175,
  "170": 0.9708029197080287,
  "172": 0.9728884254431694,
  "173": 0.9749739311783102,
  "174": 0.9760166840458806,
  "175": 0.977059436913451,
  "176": 0.9781021897810214,
  "178": 0.9801876955161621,
  "179": 0.9812304483837325,
  "181": 0.9833159541188733,
  "182": 0.9854014598540141,
  "183": 0.9864442127215844,
  "184": 0.9874869655891548,
  "185": 0.9895724713242956,
  "186": 0.9916579770594364,
  "188": 0.9927007299270068,
  "189": 0.9937434827945771,
  "190": 0.9947862356621475,
  "191": 0.9958289885297179,
  "193": 0.9968717413972883,
  "196": 0.9979144942648587,
  "200": 0.9999999999999994
}