{
  "2": 0.095,
  "3": 0.521,
  "4": 0.808,
  "5": 0.8760000000000001,
  "6": 0.9130000000000001,
  "7": 0.9270000000000002,
  "8": 0.9440000000000002,
  "9": 0.9590000000000002,
  "10": 0.9680000000000002,
  "11": 0.9720000000000002,
  "12": 0.9730000000000002,
  "13": 0.9770000000000002,
  "14": 0.9820000000000002,
  "15": 0.9860000000000002,
  "16": 0.9880000000000002,
  "17": 0.9900000000000002,
  "18": 0.9910000000000002,
  "21": 0.9920000000000002,
  "27": 0.9930000000000002,
  "30": 0.9940000000000002,
  "31": 0.9950000000000002,
  "32": 0.9960000000000002,
  "38": 0.9970000000000002,
  "45": 0.9980000000000002,
  "49": 0.9990000000000002,
  "56": 1.0000000000000002
}