{
  "2": 0.095,
  "3": 0.543,
  "4": 0.755,
  "5": 0.83,
  "6": 0.873,
  "7": 0.908,
  "8": 0.93,
  "9": 0.9430000000000001,
  "10": 0.9530000000000001,
  "11": 0.9630000000000001,
  "12": 0.9690000000000001,
  "13": 0.9730000000000001,
  "14": 0.9780000000000001,
  "15": 0.9820000000000001,
  "16": 0.9860000000000001,
  "17": 0.9890000000000001,
  "20": 0.9920000000000001,
  "21": 0.9930000000000001,
  "23": 0.9940000000000001,
  "24": 0.9950000000000001,
  "25": 0.9960000000000001,
  "28": 0.9970000000000001,
  "33": 0.9980000000000001,
  "35": 0.9990000000000001,
  "50": 1.0
}