{
  "2": 0.03545051698670606,
  "3": 0.18168389955686853,
  "4": 0.25258493353028066,
  "5": 0.2983751846381093,
  "6": 0.34268833087149186,
  "7": 0.3766617429837518,
  "8": 0.3988183161004431,
  "9": 0.41506646971935,
  "10": 0.42983751846381085,
  "11": 0.4534711964549482,
  "12": 0.4697193500738551,
  "13": 0.48892171344165425,
  "14": 0.5022156573116691,
  "15": 0.5140324963072378,
  "16": 0.5376661742983752,
  "17": 0.5568685376661743,
  "18": 0.5672082717872968,
  "19": 0.5849335302806499,
  "20": 0.5937961595273263,
  "21": 0.6070901033973412,
  "22": 0.6189069423929099,
  "23": 0.621861152141802,
  "24": 0.6292466765140324,
  "25": 0.639586410635155,
  "26": 0.6440177252584932,
  "27": 0.655834564254062,
  "28": 0.6646971935007384,
  "29": 0.6706056129985227,
  "30": 0.6824224519940915,
  "31": 0.6883308714918758,
  "32": 0.6957163958641062,
  "33": 0.7031019202363366,
  "34": 0.7045790251107826,
  "35": 0.7075332348596748,
  "36": 0.7193500738552435,
  "37": 0.7267355982274739,
  "38": 0.72821270310192,
  "39": 0.7355982274741504,
  "40": 0.7415066469719347,
  "41": 0.7459379615952729,
  "42": 0.7518463810930572,
  "43": 0.7592319054652876,
  "44": 0.7621861152141798,
  "45": 0.766617429837518,
  "46": 0.7710487444608563,
  "47": 0.7784342688330866,
  "48": 0.7902511078286554,
  "49": 0.8020679468242241,
  "50": 0.8079763663220084,
  "51": 0.8153618906942388,
  "52": 0.818316100443131,
  "53": 0.8227474150664692,
  "54": 0.8257016248153614,
  "55": 0.8316100443131457,
  "56": 0.8330871491875917,
  "57": 0.8389955686853761,
  "58": 0.8419497784342682,
  "59": 0.8434268833087143,
  "60": 0.8463810930576064,
  "61": 0.8478581979320525,
  "62": 0.8508124076809447,
  "63": 0.8522895125553908,
  "65": 0.856720827178729,
  "66": 0.8596750369276212,
  "67": 0.8611521418020672,
  "68": 0.8670605612998515,
  "69": 0.8700147710487437,
  "70": 0.8714918759231898,
  "71": 0.8744460856720819,
  "72": 0.875923190546528,
  "73": 0.8803545051698662,
  "74": 0.8818316100443123,
  "75": 0.8847858197932045,
  "76": 0.8877400295420966,
  "77": 0.8892171344165427,
  "78": 0.895125553914327,
  "79": 0.8980797636632192,
  "80": 0.9010339734121113,
  "81": 0.9069423929098956,
  "82": 0.9084194977843417,
  "83": 0.9098966026587878,
  "84": 0.914327917282126,
  "86": 0.9172821270310182,
  "89": 0.9187592319054643,
  "91": 0.9202363367799103,
  "93": 0.9217134416543564,
  "94": 0.9231905465288025,
  "95": 0.9261447562776947,
  "96": 0.9290989660265868,
  "97": 0.9305760709010329,
  "98": 0.9350073855243711,
  "99": 0.9379615952732633,
  "100": 0.9394387001477094,
  "101": 0.9438700147710476,
  "102": 0.9453471196454937,
  "103": 0.9468242245199397,
  "104": 0.9483013293943858,
  "105": 0.9497784342688319,
  "106": 0.951255539143278,
  "108": 0.9542097488921701,
  "109": 0.9556868537666162,
  "111": 0.9586410635155084,
  "112": 0.9601181683899545,
  "114": 0.9615952732644005,
  "115": 0.9630723781388466,
  "117": 0.9645494830132927,
  "118": 0.9689807976366309,
  "119": 0.9719350073855231,
  "123": 0.9748892171344152,
  "125": 0.9763663220088613,
  "128": 0.9778434268833074,
  "131": 0.9793205317577535,
  "132": 0.9807976366321995,
  "133": 0.9837518463810917,
  "134": 0.9852289512555378,
  "138": 0.9867060561299839,
  "147": 0.9881831610044299,
  "149": 0.989660265878876,
  "150": 0.9911373707533221,
  "151": 0.9926144756277682,
  "152": 0.9940915805022142,
  "157": 0.9955686853766603,
  "179": 0.9970457902511064,
  "187": 0.9985228951255525,
  "228": 0.9999999999999986
}