{
  "2": 0.07407407407407407,
  "3": 0.14285714285714285,
  "4": 0.18518518518518517,
  "5": 0.2275132275132275,
  "6": 0.24338624338624337,
  "7": 0.26455026455026454,
  "8": 0.31216931216931215,
  "9": 0.31746031746031744,
  "10": 0.3492063492063492,
  "11": 0.35978835978835977,
  "12": 0.3862433862433862,
  "13": 0.4074074074074074,
  "14": 0.4444444444444444,
  "15": 0.4603174603174603,
  "16": 0.48148148148148145,
  "17": 0.5026455026455026,
  "18": 0.5396825396825395,
  "19": 0.5608465608465607,
  "20": 0.5925925925925924,
  "21": 0.6243386243386242,
  "22": 0.6296296296296295,
  "23": 0.6507936507936507,
  "24": 0.6666666666666665,
  "25": 0.693121693121693,
  "26": 0.7460317460317459,
  "27": 0.7619047619047619,
  "28": 0.7671957671957672,
  "29": 0.7777777777777778,
  "30": 0.7936507936507937,
  "31": 0.8095238095238095,
  "32": 0.8201058201058201,
  "33": 0.8518518518518519,
  "35": 0.8624338624338624,
  "36": 0.8835978835978836,
  "37": 0.9047619047619048,
  "40": 0.91005291005291,
  "41": 0.9153439153439153,
  "43": 0.9206349206349207,
  "45": 0.9417989417989419,
  "46": 0.9576719576719577,
  "47": 0.9682539682539683,
  "48": 0.9735449735449735,
  "50": 0.9788359788359788,
  "53": 0.9841269841269842,
  "55": 0.9947089947089948,
  "61": 1.0
}