{
  "68": 0.9949949949949946,
  "65": 0.9939939939939936,
  "2": 0.09109109109109109,
  "3": 0.4774774774774775,
  "4": 0.6986986986986987,
  "5": 0.7837837837837838,
  "6": 0.8348348348348348,
  "7": 0.8668668668668669,
  "8": 0.8888888888888888,
  "9": 0.9109109109109108,
  "10": 0.9199199199199198,
  "11": 0.9329329329329329,
  "12": 0.9389389389389389,
  "13": 0.9419419419419419,
  "14": 0.94994994994995,
  "15": 0.9519519519519519,
  "16": 0.9529529529529529,
  "17": 0.955955955955956,
  "18": 0.95995995995996,
  "19": 0.960960960960961,
  "20": 0.9629629629629629,
  "21": 0.9649649649649649,
  "69": 0.9959959959959955,
  "23": 0.9679679679679679,
  "24": 0.9699699699699699,
  "25": 0.9709709709709708,
  "26": 0.9749749749749749,
  "27": 0.9759759759759759,
  "30": 0.9779779779779778,
  "31": 0.9799799799799798,
  "32": 0.9809809809809807,
  "34": 0.9819819819819817,
  "36": 0.9849849849849848,
  "37": 0.9859859859859857,
  "75": 0.9989989989989985,
  "45": 0.9879879879879877,
  "46": 0.9889889889889887,
  "47": 0.9899899899899897,
  "48": 0.9919919919919916,
  "79": 0.9999999999999994,
  "52": 0.9929929929929926,
  "73": 0.9979979979979975,
  "70": 0.9969969969969965
}