{
  "2": 0.329,
  "3": 0.499,
  "4": 0.582,
  "5": 0.645,
  "6": 0.704,
  "7": 0.742,
  "8": 0.776,
  "9": 0.798,
  "10": 0.8260000000000001,
  "11": 0.8530000000000001,
  "12": 0.8820000000000001,
  "13": 0.9060000000000001,
  "14": 0.9240000000000002,
  "15": 0.9440000000000002,
  "16": 0.9510000000000002,
  "17": 0.9590000000000002,
  "18": 0.9620000000000002,
  "19": 0.9670000000000002,
  "20": 0.9700000000000002,
  "21": 0.9760000000000002,
  "23": 0.9800000000000002,
  "24": 0.9820000000000002,
  "25": 0.9830000000000002,
  "26": 0.9840000000000002,
  "28": 0.9860000000000002,
  "29": 0.9890000000000002,
  "69": 0.9970000000000002,
  "32": 0.9900000000000002,
  "33": 0.9910000000000002,
  "34": 0.9920000000000002,
  "100": 0.9990000000000002,
  "38": 0.9930000000000002,
  "41": 0.9950000000000002,
  "47": 0.9960000000000002,
  "72": 0.9980000000000002,
  "115": 1.0000000000000002
}