{
  "2": 0.04854368932038835,
  "3": 0.13106796116504854,
  "4": 0.16828478964401294,
  "5": 0.2087378640776699,
  "6": 0.23624595469255663,
  "7": 0.26375404530744334,
  "8": 0.2896440129449838,
  "9": 0.3284789644012945,
  "10": 0.35275080906148865,
  "11": 0.3851132686084142,
  "12": 0.4110032362459547,
  "13": 0.4255663430420712,
  "14": 0.44660194174757284,
  "15": 0.45307443365695793,
  "16": 0.46763754045307443,
  "17": 0.488673139158576,
  "18": 0.506472491909385,
  "19": 0.5145631067961164,
  "20": 0.5307443365695792,
  "21": 0.5453074433656957,
  "22": 0.5517799352750808,
  "23": 0.5614886731391585,
  "24": 0.5809061488673138,
  "25": 0.6003236245954692,
  "26": 0.6116504854368932,
  "27": 0.6229773462783171,
  "28": 0.6310679611650485,
  "29": 0.6391585760517798,
  "30": 0.645631067961165,
  "31": 0.656957928802589,
  "32": 0.6618122977346278,
  "33": 0.6699029126213591,
  "34": 0.6779935275080905,
  "35": 0.681229773462783,
  "36": 0.6860841423948218,
  "37": 0.6957928802588995,
  "38": 0.7055016181229772,
  "39": 0.710355987055016,
  "40": 0.7249190938511325,
  "41": 0.7297734627831713,
  "42": 0.739482200647249,
  "43": 0.7475728155339804,
  "44": 0.757281553398058,
  "45": 0.7669902912621357,
  "46": 0.768608414239482,
  "47": 0.7783171521035597,
  "48": 0.7847896440129448,
  "49": 0.7896440129449837,
  "50": 0.797734627831715,
  "51": 0.8058252427184464,
  "52": 0.815533980582524,
  "53": 0.826860841423948,
  "54": 0.8365695792880257,
  "55": 0.838187702265372,
  "56": 0.8430420711974108,
  "57": 0.8462783171521033,
  "58": 0.8527508090614885,
  "59": 0.8576051779935273,
  "60": 0.8592233009708736,
  "61": 0.8624595469255661,
  "62": 0.867313915857605,
  "63": 0.8705501618122975,
  "64": 0.8754045307443363,
  "65": 0.8802588996763752,
  "66": 0.885113268608414,
  "67": 0.8867313915857603,
  "68": 0.8899676375404528,
  "70": 0.8932038834951453,
  "71": 0.8980582524271842,
  "72": 0.8996763754045305,
  "73": 0.9045307443365693,
  "75": 0.9077669902912618,
  "77": 0.9093851132686082,
  "80": 0.9126213592233007,
  "81": 0.9158576051779932,
  "82": 0.9190938511326857,
  "83": 0.920711974110032,
  "84": 0.9255663430420709,
  "85": 0.9271844660194172,
  "86": 0.9352750809061485,
  "87": 0.9433656957928799,
  "88": 0.9449838187702262,
  "89": 0.9482200647249187,
  "91": 0.949838187702265,
  "92": 0.9514563106796113,
  "93": 0.9546925566343039,
  "94": 0.9563106796116502,
  "95": 0.9579288025889965,
  "97": 0.9595469255663428,
  "98": 0.9611650485436891,
  "99": 0.9627831715210354,
  "101": 0.9644012944983817,
  "105": 0.9660194174757281,
  "108": 0.9676375404530744,
  "114": 0.9692556634304207,
  "117": 0.970873786407767,
  "121": 0.9724919093851133,
  "131": 0.9741100323624596,
  "135": 0.975728155339806,
  "137": 0.9773462783171523,
  "146": 0.9789644012944986,
  "153": 0.9838187702265374,
  "155": 0.9854368932038837,
  "158": 0.98705501618123,
  "159": 0.9902912621359226,
  "160": 0.9919093851132689,
  "161": 0.9935275080906152,
  "169": 0.9951456310679615,
  "180": 0.9967637540453078,
  "185": 0.9983818770226541,
  "199": 1.0000000000000004
}