{
  "2": 0.019801980198019802,
  "3": 0.06930693069306931,
  "4": 0.12211221122112212,
  "5": 0.1551155115511551,
  "6": 0.18646864686468645,
  "7": 0.21287128712871284,
  "8": 0.22937293729372935,
  "9": 0.2475247524752475,
  "10": 0.2673267326732673,
  "11": 0.28382838283828377,
  "12": 0.29702970297029696,
  "13": 0.3052805280528052,
  "14": 0.32013201320132006,
  "15": 0.33498349834983493,
  "16": 0.3531353135313531,
  "17": 0.3646864686468646,
  "18": 0.3762376237623761,
  "19": 0.38283828382838275,
  "20": 0.391089108910891,
  "21": 0.40594059405940586,
  "22": 0.4207920792079207,
  "23": 0.44059405940594054,
  "24": 0.457095709570957,
  "25": 0.46864686468646855,
  "26": 0.4768976897689768,
  "27": 0.4884488448844883,
  "28": 0.49504950495049493,
  "29": 0.5115511551155114,
  "30": 0.5247524752475247,
  "31": 0.5346534653465346,
  "32": 0.5429042904290429,
  "33": 0.5511551155115512,
  "34": 0.5627062706270627,
  "35": 0.5676567656765676,
  "36": 0.5792079207920792,
  "37": 0.5825082508250825,
  "38": 0.5874587458745875,
  "39": 0.5973597359735974,
  "40": 0.6023102310231023,
  "41": 0.6089108910891089,
  "42": 0.6204620462046204,
  "44": 0.622112211221122,
  "45": 0.6254125412541254,
  "46": 0.6303630363036303,
  "47": 0.6386138613861386,
  "48": 0.6435643564356436,
  "49": 0.6501650165016502,
  "50": 0.6551155115511551,
  "51": 0.6584158415841584,
  "52": 0.6633663366336634,
  "53": 0.66996699669967,
  "54": 0.6732673267326733,
  "55": 0.6765676567656767,
  "56": 0.6864686468646866,
  "57": 0.6897689768976899,
  "58": 0.6963696369636965,
  "59": 0.7013201320132014,
  "60": 0.7046204620462048,
  "61": 0.7079207920792081,
  "62": 0.7128712871287131,
  "63": 0.7161716171617164,
  "64": 0.717821782178218,
  "66": 0.7194719471947196,
  "68": 0.7293729372937295,
  "70": 0.7343234323432345,
  "72": 0.7376237623762378,
  "73": 0.7425742574257428,
  "74": 0.7458745874587461,
  "75": 0.7475247524752477,
  "76": 0.7524752475247527,
  "77": 0.760726072607261,
  "78": 0.7623762376237626,
  "79": 0.7739273927392741,
  "80": 0.7772277227722775,
  "81": 0.7788778877887791,
  "82": 0.783828382838284,
  "83": 0.788778877887789,
  "84": 0.793729372937294,
  "85": 0.7970297029702973,
  "86": 0.7986798679867989,
  "87": 0.8052805280528055,
  "88": 0.8085808580858088,
  "91": 0.8135313531353138,
  "92": 0.8168316831683171,
  "93": 0.8184818481848187,
  "94": 0.8217821782178221,
  "96": 0.8250825082508254,
  "97": 0.8283828382838287,
  "98": 0.8316831683168321,
  "99": 0.836633663366337,
  "100": 0.8448844884488453,
  "101": 0.846534653465347,
  "102": 0.8481848184818486,
  "103": 0.8531353135313535,
  "104": 0.8547854785478551,
  "107": 0.8597359735973601,
  "108": 0.8613861386138617,
  "109": 0.86963696369637,
  "110": 0.8712871287128716,
  "111": 0.874587458745875,
  "112": 0.8762376237623766,
  "115": 0.8795379537953799,
  "116": 0.8811881188118815,
  "117": 0.8828382838283831,
  "118": 0.8844884488448848,
  "120": 0.8877887788778881,
  "122": 0.8894389438943897,
  "123": 0.8943894389438947,
  "124": 0.8960396039603963,
  "126": 0.8976897689768979,
  "127": 0.9009900990099012,
  "128": 0.9059405940594062,
  "130": 0.9092409240924095,
  "131": 0.9125412541254129,
  "132": 0.9141914191419145,
  "134": 0.9158415841584161,
  "135": 0.920792079207921,
  "137": 0.9224422442244227,
  "138": 0.9240924092409243,
  "139": 0.9257425742574259,
  "143": 0.9290429042904292,
  "145": 0.9306930693069309,
  "146": 0.9339933993399342,
  "147": 0.9356435643564358,
  "148": 0.9372937293729374,
  "150": 0.938943894389439,
  "151": 0.9422442244224424,
  "152": 0.943894389438944,
  "153": 0.9455445544554456,
  "154": 0.9471947194719472,
  "155": 0.9488448844884488,
  "158": 0.9504950495049505,
  "159": 0.9537953795379538,
  "161": 0.9570957095709571,
  "162": 0.9603960396039605,
  "163": 0.9620462046204621,
  "164": 0.9636963696369637,
  "165": 0.9653465346534653,
  "166": 0.9686468646864687,
  "170": 0.9735973597359736,
  "172": 0.9752475247524752,
  "173": 0.9768976897689768,
  "177": 0.9818481848184818,
  "180": 0.9851485148514851,
  "181": 0.9867986798679867,
  "183": 0.9884488448844884,
  "187": 0.99009900990099,
  "191": 0.9917491749174916,
  "192": 0.9933993399339932,
  "198": 0.9983498349834982,
  "200": 0.9999999999999998
}