{
  "2": 0.05168776371308017,
  "3": 0.12658227848101267,
  "4": 0.18670886075949367,
  "5": 0.22151898734177214,
  "6": 0.26054852320675104,
  "7": 0.30274261603375524,
  "8": 0.340717299578059,
  "9": 0.3660337552742616,
  "10": 0.39556962025316456,
  "11": 0.42616033755274263,
  "12": 0.44725738396624476,
  "13": 0.46518987341772156,
  "14": 0.4873417721518988,
  "15": 0.5031645569620253,
  "16": 0.5179324894514769,
  "17": 0.529535864978903,
  "18": 0.5421940928270043,
  "19": 0.5611814345991561,
  "20": 0.5748945147679325,
  "21": 0.5886075949367089,
  "22": 0.6033755274261604,
  "23": 0.6170886075949368,
  "24": 0.6265822784810128,
  "25": 0.6329113924050634,
  "26": 0.638185654008439,
  "27": 0.6455696202531647,
  "28": 0.6540084388185655,
  "29": 0.6613924050632912,
  "30": 0.6677215189873419,
  "31": 0.6740506329113926,
  "32": 0.6793248945147681,
  "33": 0.6845991561181436,
  "34": 0.6898734177215191,
  "35": 0.6962025316455698,
  "36": 0.7014767932489453,
  "37": 0.7067510548523208,
  "38": 0.7109704641350212,
  "39": 0.7141350210970465,
  "40": 0.7162447257383967,
  "41": 0.7204641350210971,
  "42": 0.7257383966244726,
  "43": 0.7278481012658228,
  "44": 0.7310126582278481,
  "45": 0.7362869198312236,
  "46": 0.739451476793249,
  "47": 0.7405063291139241,
  "48": 0.7457805907172996,
  "49": 0.75,
  "50": 0.7552742616033755,
  "51": 0.7584388185654009,
  "52": 0.760548523206751,
  "53": 0.7637130801687764,
  "54": 0.7647679324894515,
  "55": 0.7668776371308017,
  "56": 0.7689873417721519,
  "57": 0.7721518987341772,
  "58": 0.7742616033755274,
  "60": 0.7753164556962026,
  "61": 0.7763713080168777,
  "62": 0.7784810126582279,
  "63": 0.7848101265822786,
  "64": 0.7869198312236287,
  "65": 0.7911392405063291,
  "66": 0.7932489451476793,
  "67": 0.7953586497890295,
  "68": 0.7974683544303797,
  "69": 0.7995780590717299,
  "70": 0.8048523206751054,
  "71": 0.8080168776371307,
  "72": 0.8122362869198311,
  "73": 0.8175105485232066,
  "76": 0.8185654008438817,
  "77": 0.8238396624472573,
  "78": 0.8248945147679324,
  "81": 0.8270042194092826,
  "82": 0.8301687763713079,
  "83": 0.8322784810126581,
  "84": 0.8343881856540083,
  "86": 0.8386075949367087,
  "87": 0.8396624472573838,
  "88": 0.8449367088607593,
  "89": 0.852320675105485,
  "92": 0.8533755274261602,
  "93": 0.8565400843881855,
  "95": 0.8575949367088607,
  "96": 0.860759493670886,
  "97": 0.8649789029535864,
  "98": 0.8681434599156117,
  "99": 0.8702531645569619,
  "100": 0.871308016877637,
  "102": 0.8734177215189872,
  "103": 0.8755274261603374,
  "104": 0.8786919831223627,
  "105": 0.8797468354430379,
  "106": 0.8818565400843881,
  "107": 0.8860759493670884,
  "108": 0.8881856540084386,
  "110": 0.8902953586497888,
  "111": 0.892405063291139,
  "112": 0.8955696202531643,
  "113": 0.8976793248945145,
  "115": 0.8987341772151897,
  "116": 0.8997890295358648,
  "117": 0.90084388185654,
  "118": 0.9040084388185653,
  "119": 0.9050632911392404,
  "121": 0.9061181434599156,
  "122": 0.9071729957805907,
  "123": 0.9082278481012659,
  "125": 0.9103375527426161,
  "127": 0.9113924050632912,
  "128": 0.9135021097046414,
  "130": 0.9145569620253166,
  "131": 0.9177215189873419,
  "132": 0.918776371308017,
  "133": 0.9198312236286922,
  "135": 0.9219409282700424,
  "136": 0.9251054852320677,
  "137": 0.9272151898734179,
  "138": 0.9293248945147681,
  "140": 0.9303797468354432,
  "142": 0.9314345991561184,
  "143": 0.9324894514767935,
  "144": 0.9335443037974687,
  "145": 0.9356540084388189,
  "146": 0.936708860759494,
  "147": 0.9409282700421944,
  "148": 0.9419831223628695,
  "149": 0.9430379746835447,
  "151": 0.9451476793248949,
  "153": 0.947257383966245,
  "154": 0.9483122362869202,
  "155": 0.9504219409282704,
  "158": 0.9514767932489455,
  "160": 0.9546413502109709,
  "161": 0.956751054852321,
  "162": 0.9578059071729962,
  "163": 0.9588607594936713,
  "164": 0.9599156118143465,
  "167": 0.9620253164556967,
  "168": 0.9630801687763718,
  "169": 0.964135021097047,
  "170": 0.9651898734177221,
  "172": 0.9694092827004225,
  "173": 0.9715189873417727,
  "174": 0.9725738396624478,
  "175": 0.974683544303798,
  "178": 0.9757383966244731,
  "179": 0.9767932489451483,
  "180": 0.9799578059071736,
  "181": 0.9820675105485238,
  "182": 0.983122362869199,
  "183": 0.9841772151898741,
  "184": 0.9852320675105493,
  "186": 0.9862869198312244,
  "187": 0.9873417721518996,
  "189": 0.9915611814345999,
  "195": 0.9926160337552751,
  "197": 0.9947257383966253,
  "198": 0.9978902953586506,
  "199": 0.9989451476793257,
  "200": 1.0000000000000009
}