{
  "2": 0.049009384775808136,
  "3": 0.12304483837330554,
  "4": 0.17935349322210636,
  "5": 0.23253388946819603,
  "6": 0.2711157455683003,
  "7": 0.310740354535975,
  "8": 0.3409801876955162,
  "9": 0.37434827945776855,
  "10": 0.39937434827945784,
  "11": 0.4275286757038583,
  "12": 0.4504692387904068,
  "13": 0.47236704900938487,
  "14": 0.4963503649635037,
  "15": 0.5182481751824818,
  "16": 0.5349322210636079,
  "17": 0.5495307612095933,
  "18": 0.5724713242961418,
  "19": 0.583941605839416,
  "20": 0.5995828988529718,
  "21": 0.6152241918665275,
  "22": 0.6266944734098018,
  "23": 0.6371220020855056,
  "24": 0.6454640250260687,
  "25": 0.6527632950990614,
  "26": 0.6642335766423356,
  "27": 0.6715328467153283,
  "28": 0.6809176225234618,
  "29": 0.6913451511991656,
  "31": 0.6965589155370175,
  "32": 0.6996871741397287,
  "33": 0.7038581856100102,
  "34": 0.7069864442127214,
  "35": 0.7142857142857141,
  "36": 0.7174139728884252,
  "37": 0.7226277372262772,
  "38": 0.7267987486965587,
  "39": 0.7320125130344106,
  "40": 0.7372262773722625,
  "41": 0.7413972888425441,
  "42": 0.746611053180396,
  "43": 0.7497393117831072,
  "44": 0.7507820646506775,
  "45": 0.7528675703858183,
  "46": 0.7559958289885295,
  "47": 0.7580813347236702,
  "48": 0.7632950990615222,
  "49": 0.7674661105318037,
  "51": 0.773722627737226,
  "52": 0.7810218978102187,
  "53": 0.7831074035453595,
  "54": 0.787278415015641,
  "55": 0.7935349322210633,
  "56": 0.7966631908237745,
  "57": 0.7997914494264856,
  "58": 0.8018769551616264,
  "59": 0.8050052137643375,
  "60": 0.8081334723670487,
  "61": 0.8091762252346191,
  "62": 0.8112617309697598,
  "63": 0.814389989572471,
  "64": 0.8164754953076118,
  "65": 0.8185610010427525,
  "66": 0.8216892596454637,
  "67": 0.8237747653806045,
  "68": 0.8248175182481748,
  "69": 0.8269030239833156,
  "70": 0.827945776850886,
  "71": 0.8300312825860268,
  "72": 0.8321167883211675,
  "73": 0.8331595411887379,
  "76": 0.8352450469238787,
  "77": 0.841501564129301,
  "78": 0.8435870698644418,
  "79": 0.8446298227320121,
  "80": 0.8467153284671529,
  "81": 0.8488008342022937,
  "82": 0.8498435870698641,
  "83": 0.8508863399374345,
  "84": 0.8540145985401456,
  "85": 0.8561001042752864,
  "86": 0.8571428571428568,
  "87": 0.8592283628779975,
  "88": 0.8623566214807087,
  "89": 0.8644421272158495,
  "91": 0.868613138686131,
  "92": 0.8696558915537014,
  "94": 0.8706986444212718,
  "95": 0.8738269030239829,
  "96": 0.8759124087591237,
  "97": 0.8779979144942645,
  "99": 0.8832116788321164,
  "100": 0.8863399374348275,
  "101": 0.8884254431699683,
  "102": 0.8905109489051091,
  "103": 0.8915537017726795,
  "104": 0.8936392075078202,
  "105": 0.8946819603753906,
  "106": 0.895724713242961,
  "107": 0.8978102189781018,
  "108": 0.8988529718456721,
  "110": 0.9009384775808129,
  "111": 0.9019812304483833,
  "113": 0.9030239833159537,
  "114": 0.9040667361835241,
  "115": 0.9061522419186648,
  "117": 0.9082377476538056,
  "119": 0.9124087591240871,
  "120": 0.9134515119916575,
  "121": 0.9144942648592279,
  "124": 0.9165797705943687,
  "125": 0.9176225234619391,
  "127": 0.9207507820646502,
  "130": 0.9217935349322206,
  "132": 0.922836287799791,
  "133": 0.9270072992700725,
  "134": 0.9280500521376429,
  "136": 0.9322210636079244,
  "138": 0.9332638164754948,
  "139": 0.9353493222106356,
  "140": 0.9384775808133468,
  "141": 0.9405630865484875,
  "142": 0.9416058394160579,
  "144": 0.9426485922836283,
  "145": 0.9457768508863394,
  "146": 0.9468196037539098,
  "149": 0.9478623566214802,
  "150": 0.9509906152241914,
  "151": 0.9520333680917618,
  "152": 0.9530761209593321,
  "153": 0.9562043795620433,
  "154": 0.9572471324296137,
  "155": 0.9614181438998952,
  "158": 0.9624608967674656,
  "159": 0.963503649635036,
  "160": 0.9655891553701768,
  "161": 0.9676746611053175,
  "162": 0.9687174139728879,
  "163": 0.9697601668404583,
  "165": 0.9708029197080287,
  "166": 0.9718456725755991,
  "167": 0.9728884254431694,
  "168": 0.9749739311783102,
  "169": 0.9781021897810214,
  "170": 0.9791449426485918,
  "172": 0.9801876955161621,
  "173": 0.9812304483837325,
  "174": 0.9843587069864437,
  "175": 0.9854014598540141,
  "176": 0.9864442127215844,
  "179": 0.9885297184567252,
  "180": 0.9895724713242956,
  "183": 0.990615224191866,
  "184": 0.9937434827945771,
  "186": 0.9947862356621475,
  "189": 0.9958289885297179,
  "191": 0.9968717413972883,
  "197": 0.9989572471324291,
  "199": 0.9999999999999994
}