{
  "2": 0.5789473684210527,
  "3": 0.9111842105263158,
  "4": 1.0
}