{
  "2": 0.07022106631989597,
  "3": 0.16644993498049415,
  "4": 0.2483745123537061,
  "5": 0.3368010403120936,
  "6": 0.36280884265279584,
  "7": 0.38751625487646296,
  "8": 0.4083224967490247,
  "9": 0.4304291287386216,
  "10": 0.4616384915474643,
  "11": 0.4772431729518856,
  "12": 0.5019505851755527,
  "13": 0.5214564369310793,
  "14": 0.5422626788036411,
  "15": 0.5656697009102731,
  "16": 0.5851755526657998,
  "17": 0.611183355006502,
  "18": 0.6293888166449936,
  "19": 0.6384915474642393,
  "20": 0.6449934980494149,
  "21": 0.6488946684005202,
  "22": 0.6527958387516256,
  "23": 0.6553966189856958,
  "24": 0.6631989596879064,
  "25": 0.6671001300390118,
  "26": 0.669700910273082,
  "27": 0.6762028608582575,
  "28": 0.6853055916775033,
  "29": 0.6892067620286086,
  "30": 0.6996098829648896,
  "31": 0.7087126137841353,
  "32": 0.7243172951885566,
  "33": 0.728218465539662,
  "34": 0.7308192457737321,
  "35": 0.7360208062418726,
  "36": 0.7438231469440832,
  "37": 0.7464239271781534,
  "38": 0.7581274382314694,
  "39": 0.7620286085825748,
  "40": 0.7672301690507153,
  "42": 0.7685305591677504,
  "43": 0.7737321196358908,
  "44": 0.7789336801040313,
  "45": 0.7828348504551367,
  "46": 0.7906371911573473,
  "48": 0.7958387516254878,
  "49": 0.8010403120936282,
  "50": 0.8023407022106633,
  "51": 0.8036410923276984,
  "52": 0.8114434330299091,
  "53": 0.8127438231469442,
  "54": 0.8153446033810143,
  "55": 0.8205461638491548,
  "56": 0.823146944083225,
  "57": 0.8270481144343304,
  "58": 0.8296488946684005,
  "59": 0.8387516254876463,
  "60": 0.8426527958387516,
  "61": 0.8439531859557867,
  "63": 0.8465539661898569,
  "64": 0.8491547464239271,
  "65": 0.8504551365409622,
  "66": 0.8517555266579973,
  "67": 0.8556566970091026,
  "68": 0.859557867360208,
  "69": 0.8621586475942782,
  "71": 0.8647594278283484,
  "72": 0.8660598179453834,
  "73": 0.8699609882964888,
  "75": 0.872561768530559,
  "76": 0.8738621586475941,
  "77": 0.8764629388816643,
  "79": 0.8803641092327696,
  "80": 0.8829648894668398,
  "81": 0.8881664499349803,
  "83": 0.8894668400520154,
  "84": 0.8907672301690505,
  "85": 0.8933680104031206,
  "86": 0.8959687906371908,
  "87": 0.8972691807542259,
  "88": 0.898569570871261,
  "89": 0.8998699609882961,
  "90": 0.9011703511053312,
  "91": 0.9037711313394013,
  "92": 0.9063719115734715,
  "94": 0.9076723016905066,
  "95": 0.9089726918075417,
  "96": 0.9102730819245768,
  "98": 0.9115734720416119,
  "100": 0.912873862158647,
  "102": 0.9154746423927171,
  "103": 0.9167750325097522,
  "104": 0.9180754226267873,
  "105": 0.9193758127438224,
  "106": 0.9232769830949278,
  "107": 0.9271781534460332,
  "108": 0.9284785435630682,
  "110": 0.9297789336801033,
  "111": 0.9310793237971384,
  "112": 0.9323797139141735,
  "113": 0.9336801040312086,
  "115": 0.9349804941482437,
  "116": 0.9362808842652788,
  "117": 0.9375812743823139,
  "118": 0.940182054616384,
  "119": 0.9414824447334191,
  "121": 0.9440832249674893,
  "122": 0.9453836150845244,
  "124": 0.9466840052015595,
  "125": 0.9479843953185946,
  "127": 0.9492847854356297,
  "129": 0.9505851755526648,
  "131": 0.9531859557867349,
  "132": 0.9557867360208051,
  "133": 0.9570871261378402,
  "137": 0.9583875162548753,
  "138": 0.9596879063719104,
  "139": 0.9609882964889455,
  "140": 0.9635890767230156,
  "141": 0.9648894668400507,
  "142": 0.9661898569570858,
  "145": 0.9674902470741209,
  "147": 0.968790637191156,
  "150": 0.9700910273081911,
  "151": 0.9713914174252262,
  "153": 0.9726918075422613,
  "155": 0.9739921976592963,
  "156": 0.9752925877763314,
  "163": 0.9778933680104016,
  "164": 0.9791937581274367,
  "166": 0.9830949284785421,
  "168": 0.9856957087126123,
  "171": 0.9869960988296473,
  "176": 0.9895968790637175,
  "183": 0.9908972691807526,
  "185": 0.9921976592977877,
  "186": 0.9934980494148228,
  "187": 0.9947984395318579,
  "189": 0.996098829648893,
  "198": 0.9986996098829631,
  "200": 0.9999999999999982
}