{
  "2": 0.02051983584131327,
  "3": 0.06155950752393981,
  "4": 0.106703146374829,
  "5": 0.14500683994528044,
  "6": 0.17920656634746923,
  "7": 0.22845417236662108,
  "8": 0.26402188782489744,
  "9": 0.2941176470588236,
  "10": 0.3187414500683995,
  "11": 0.33789329685362524,
  "12": 0.3529411764705883,
  "13": 0.3625170998632012,
  "14": 0.3816689466484269,
  "15": 0.39534883720930236,
  "16": 0.4076607387140903,
  "17": 0.41450068399452805,
  "18": 0.4186046511627907,
  "19": 0.4336525307797538,
  "20": 0.4418604651162791,
  "21": 0.454172366621067,
  "22": 0.4719562243502052,
  "23": 0.4856361149110807,
  "24": 0.4897400820793434,
  "25": 0.5034199726402189,
  "26": 0.5143638850889193,
  "27": 0.5294117647058824,
  "28": 0.5362517099863201,
  "29": 0.5430916552667578,
  "30": 0.5471956224350205,
  "31": 0.5554035567715458,
  "32": 0.5622435020519836,
  "33": 0.5677154582763337,
  "34": 0.5759233926128591,
  "35": 0.5813953488372092,
  "36": 0.5854993160054719,
  "37": 0.5923392612859096,
  "38": 0.60328317373461,
  "39": 0.6073871409028727,
  "40": 0.6114911080711354,
  "41": 0.6169630642954855,
  "42": 0.6238030095759233,
  "43": 0.6292749658002734,
  "44": 0.6361149110807112,
  "45": 0.6415868673050613,
  "46": 0.6470588235294115,
  "47": 0.6511627906976741,
  "48": 0.6580027359781119,
  "49": 0.6634746922024621,
  "50": 0.6716826265389875,
  "51": 0.6798905608755128,
  "52": 0.6922024623803008,
  "53": 0.7086183310533514,
  "54": 0.7181942544459642,
  "55": 0.7209302325581393,
  "56": 0.7264021887824894,
  "57": 0.7346101231190147,
  "58": 0.7455540355677152,
  "59": 0.755129958960328,
  "60": 0.7619699042407657,
  "61": 0.7674418604651159,
  "62": 0.7688098495212035,
  "63": 0.7770177838577288,
  "64": 0.7824897400820789,
  "65": 0.7879616963064291,
  "66": 0.7934336525307792,
  "67": 0.7975376196990419,
  "68": 0.8030095759233922,
  "69": 0.8084815321477423,
  "70": 0.8098495212038299,
  "71": 0.812585499316005,
  "72": 0.8139534883720926,
  "73": 0.8166894664842677,
  "74": 0.8180574555403552,
  "75": 0.8194254445964428,
  "76": 0.8221614227086179,
  "77": 0.8235294117647055,
  "78": 0.8262653898768806,
  "79": 0.8290013679890557,
  "80": 0.8303693570451433,
  "81": 0.8317373461012308,
  "83": 0.8372093023255811,
  "86": 0.8399452804377562,
  "90": 0.8413132694938438,
  "92": 0.8440492476060188,
  "96": 0.8454172366621064,
  "97": 0.846785225718194,
  "98": 0.8536251709986318,
  "99": 0.8590971272229819,
  "100": 0.8632010943912446,
  "101": 0.8673050615595073,
  "102": 0.8686730506155949,
  "103": 0.8727770177838575,
  "104": 0.8768809849521202,
  "105": 0.8782489740082078,
  "106": 0.8823529411764705,
  "107": 0.883720930232558,
  "108": 0.8864569083447331,
  "111": 0.8878248974008207,
  "112": 0.8891928864569083,
  "113": 0.8905608755129959,
  "117": 0.8919288645690835,
  "123": 0.8946648426812586,
  "126": 0.8974008207934336,
  "127": 0.8987688098495212,
  "128": 0.9028727770177839,
  "130": 0.9042407660738715,
  "136": 0.9056087551299591,
  "137": 0.9097127222982218,
  "139": 0.9151846785225719,
  "141": 0.9165526675786595,
  "142": 0.9179206566347471,
  "144": 0.9192886456908347,
  "150": 0.9206566347469223,
  "151": 0.9220246238030099,
  "152": 0.9233926128590975,
  "153": 0.924760601915185,
  "154": 0.9288645690834477,
  "155": 0.9302325581395353,
  "159": 0.9316005471956229,
  "161": 0.9329685362517105,
  "162": 0.9343365253077981,
  "163": 0.9370725034199732,
  "165": 0.9398084815321482,
  "167": 0.9411764705882358,
  "169": 0.9439124487004109,
  "171": 0.9452804377564985,
  "172": 0.9466484268125861,
  "173": 0.9480164158686737,
  "175": 0.9493844049247613,
  "176": 0.9507523939808489,
  "177": 0.9521203830369365,
  "179": 0.9562243502051991,
  "180": 0.9575923392612867,
  "181": 0.9603283173734618,
  "182": 0.9616963064295494,
  "183": 0.963064295485637,
  "184": 0.9671682626538997,
  "185": 0.9699042407660747,
  "186": 0.9712722298221623,
  "187": 0.9726402188782499,
  "189": 0.9767441860465126,
  "190": 0.9781121751026002,
  "191": 0.9808481532147753,
  "193": 0.9835841313269503,
  "195": 0.9931600547195631,
  "196": 0.9945280437756507,
  "198": 0.9972640218878258,
  "200": 1.0000000000000009
}