{
  "2": 0.04405737704918033,
  "3": 0.1096311475409836,
  "4": 0.1680327868852459,
  "5": 0.22028688524590162,
  "6": 0.26127049180327866,
  "7": 0.29610655737704916,
  "8": 0.31864754098360654,
  "9": 0.3596311475409836,
  "10": 0.37909836065573765,
  "11": 0.4047131147540983,
  "12": 0.4293032786885246,
  "13": 0.44467213114754095,
  "14": 0.4600409836065573,
  "15": 0.48053278688524587,
  "16": 0.49590163934426224,
  "17": 0.5174180327868851,
  "18": 0.533811475409836,
  "19": 0.546106557377049,
  "20": 0.5584016393442621,
  "21": 0.574795081967213,
  "22": 0.5840163934426228,
  "23": 0.5952868852459015,
  "24": 0.6116803278688523,
  "25": 0.630122950819672,
  "26": 0.6383196721311474,
  "27": 0.6465163934426228,
  "28": 0.6536885245901638,
  "29": 0.6608606557377048,
  "30": 0.6649590163934425,
  "31": 0.6680327868852457,
  "32": 0.6700819672131145,
  "33": 0.6772540983606555,
  "34": 0.6834016393442621,
  "35": 0.6885245901639343,
  "36": 0.6895491803278687,
  "37": 0.6936475409836064,
  "38": 0.697745901639344,
  "39": 0.6997950819672129,
  "40": 0.7038934426229505,
  "41": 0.7049180327868849,
  "42": 0.7100409836065571,
  "43": 0.7131147540983603,
  "44": 0.717213114754098,
  "45": 0.7202868852459012,
  "46": 0.7233606557377045,
  "47": 0.7243852459016389,
  "48": 0.7274590163934421,
  "49": 0.729508196721311,
  "50": 0.7377049180327864,
  "51": 0.743852459016393,
  "52": 0.7469262295081962,
  "53": 0.7499999999999994,
  "54": 0.7530737704918027,
  "55": 0.7571721311475403,
  "56": 0.761270491803278,
  "57": 0.7653688524590156,
  "59": 0.7684426229508189,
  "60": 0.7725409836065565,
  "61": 0.7766393442622942,
  "62": 0.7807377049180318,
  "63": 0.7838114754098351,
  "64": 0.7858606557377039,
  "65": 0.7879098360655727,
  "67": 0.7920081967213104,
  "68": 0.7950819672131136,
  "69": 0.7981557377049169,
  "70": 0.8012295081967201,
  "71": 0.8063524590163923,
  "72": 0.8114754098360645,
  "73": 0.8124999999999989,
  "74": 0.8135245901639333,
  "75": 0.8145491803278677,
  "77": 0.817622950819671,
  "78": 0.8186475409836054,
  "79": 0.8237704918032775,
  "80": 0.8258196721311464,
  "82": 0.8268442622950808,
  "83": 0.8288934426229496,
  "84": 0.8319672131147529,
  "85": 0.8391393442622939,
  "86": 0.8422131147540971,
  "87": 0.8463114754098348,
  "88": 0.8504098360655724,
  "89": 0.8514344262295068,
  "90": 0.8545081967213101,
  "91": 0.8575819672131133,
  "92": 0.8606557377049165,
  "93": 0.8637295081967198,
  "94": 0.8657786885245886,
  "96": 0.8698770491803263,
  "97": 0.8739754098360639,
  "98": 0.8760245901639327,
  "99": 0.8770491803278672,
  "101": 0.879098360655736,
  "104": 0.8811475409836048,
  "105": 0.8821721311475392,
  "106": 0.8862704918032769,
  "107": 0.8872950819672113,
  "108": 0.8903688524590145,
  "109": 0.891393442622949,
  "110": 0.8934426229508178,
  "111": 0.8954918032786866,
  "112": 0.896516393442621,
  "113": 0.8975409836065554,
  "114": 0.9016393442622931,
  "115": 0.9036885245901619,
  "116": 0.9047131147540963,
  "117": 0.9057377049180307,
  "118": 0.9067622950819652,
  "120": 0.9077868852458996,
  "121": 0.908811475409834,
  "122": 0.9118852459016372,
  "125": 0.9149590163934405,
  "126": 0.9159836065573749,
  "127": 0.9180327868852437,
  "128": 0.9200819672131125,
  "129": 0.9231557377049158,
  "130": 0.9252049180327846,
  "131": 0.9293032786885222,
  "132": 0.9323770491803255,
  "133": 0.9354508196721287,
  "134": 0.9364754098360631,
  "135": 0.938524590163932,
  "136": 0.9405737704918008,
  "138": 0.9426229508196696,
  "139": 0.943647540983604,
  "142": 0.9446721311475385,
  "145": 0.9497950819672106,
  "147": 0.950819672131145,
  "148": 0.9538934426229483,
  "149": 0.9559426229508171,
  "150": 0.9579918032786859,
  "151": 0.9590163934426204,
  "152": 0.9610655737704892,
  "154": 0.9620901639344236,
  "155": 0.963114754098358,
  "158": 0.9651639344262268,
  "161": 0.9661885245901612,
  "162": 0.9682377049180301,
  "164": 0.9692622950819645,
  "165": 0.9702868852458989,
  "166": 0.9713114754098333,
  "168": 0.9723360655737677,
  "170": 0.9733606557377021,
  "171": 0.9743852459016366,
  "172": 0.975409836065571,
  "174": 0.9764344262295054,
  "175": 0.9774590163934398,
  "178": 0.9784836065573742,
  "179": 0.980532786885243,
  "180": 0.9836065573770463,
  "182": 0.9846311475409807,
  "183": 0.9866803278688495,
  "184": 0.9887295081967183,
  "187": 0.9907786885245872,
  "188": 0.9918032786885216,
  "190": 0.992827868852456,
  "192": 0.9938524590163904,
  "193": 0.9948770491803248,
  "197": 0.9959016393442592,
  "198": 0.9989754098360625,
  "200": 0.9999999999999969
}