{
  "2": 0.027247956403269755,
  "3": 0.05858310626702997,
  "4": 0.09128065395095367,
  "5": 0.11307901907356947,
  "6": 0.13623978201634876,
  "7": 0.1553133514986376,
  "8": 0.17302452316076294,
  "9": 0.19754768392370572,
  "10": 0.2125340599455041,
  "11": 0.23705722070844687,
  "12": 0.25885558583106266,
  "13": 0.26839237057220705,
  "14": 0.2847411444141689,
  "15": 0.2997275204359673,
  "16": 0.31335149863760214,
  "17": 0.329700272479564,
  "18": 0.3419618528610354,
  "19": 0.34877384196185285,
  "20": 0.36103542234332425,
  "21": 0.37193460490463215,
  "22": 0.38283378746594005,
  "23": 0.39509536784741145,
  "24": 0.40463215258855584,
  "25": 0.41144414168937327,
  "26": 0.41689373297002724,
  "27": 0.43460490463215257,
  "28": 0.44550408719346046,
  "29": 0.45095367847411444,
  "30": 0.46185286103542234,
  "31": 0.47275204359673023,
  "32": 0.48501362397820164,
  "33": 0.494550408719346,
  "34": 0.5027247956403269,
  "35": 0.5095367847411444,
  "36": 0.5108991825613078,
  "37": 0.5204359673024522,
  "38": 0.5272479564032697,
  "39": 0.5313351498637602,
  "40": 0.5367847411444141,
  "41": 0.542234332425068,
  "42": 0.5517711171662124,
  "43": 0.5558583106267029,
  "44": 0.5640326975476838,
  "45": 0.5722070844686648,
  "46": 0.5749318801089918,
  "47": 0.5776566757493188,
  "49": 0.5831062670299727,
  "50": 0.5871934604904632,
  "51": 0.5926430517711171,
  "52": 0.5967302452316076,
  "53": 0.598092643051771,
  "54": 0.6049046321525885,
  "55": 0.6076294277929155,
  "56": 0.6158038147138964,
  "57": 0.6185286103542235,
  "58": 0.6226158038147139,
  "59": 0.6307901907356949,
  "60": 0.6348773841961853,
  "61": 0.6389645776566758,
  "63": 0.6444141689373297,
  "64": 0.6498637602179836,
  "65": 0.6566757493188011,
  "66": 0.6607629427792916,
  "67": 0.6689373297002725,
  "68": 0.67574931880109,
  "69": 0.6798365122615805,
  "70": 0.686648501362398,
  "71": 0.689373297002725,
  "72": 0.6907356948228884,
  "73": 0.6920980926430519,
  "74": 0.6934604904632153,
  "75": 0.6961852861035424,
  "76": 0.7002724795640328,
  "77": 0.7057220708446867,
  "78": 0.7125340599455042,
  "79": 0.7166212534059947,
  "80": 0.7193460490463217,
  "81": 0.7247956403269756,
  "82": 0.7302452316076296,
  "83": 0.7329700272479566,
  "84": 0.73433242506812,
  "85": 0.737057220708447,
  "86": 0.7411444141689375,
  "87": 0.745231607629428,
  "89": 0.7506811989100819,
  "90": 0.7561307901907358,
  "91": 0.7629427792915533,
  "93": 0.7656675749318803,
  "94": 0.7697547683923708,
  "95": 0.7765667574931883,
  "96": 0.7779291553133517,
  "97": 0.7792915531335152,
  "99": 0.7820163487738422,
  "100": 0.7861035422343327,
  "101": 0.7888283378746597,
  "102": 0.7915531335149867,
  "103": 0.7942779291553137,
  "104": 0.7997275204359676,
  "105": 0.8010899182561311,
  "107": 0.8051771117166215,
  "108": 0.8133514986376025,
  "109": 0.82016348773842,
  "110": 0.8242506811989104,
  "111": 0.8269754768392374,
  "112": 0.8297002724795645,
  "113": 0.8365122615803819,
  "114": 0.8433242506811994,
  "116": 0.8474114441416899,
  "118": 0.8487738419618533,
  "120": 0.8555858310626708,
  "121": 0.8596730245231613,
  "122": 0.8623978201634883,
  "123": 0.8637602179836518,
  "124": 0.8664850136239788,
  "127": 0.8719346049046327,
  "128": 0.8801089918256136,
  "129": 0.8814713896457771,
  "130": 0.8828337874659405,
  "131": 0.889645776566758,
  "132": 0.8937329700272485,
  "133": 0.895095367847412,
  "134": 0.897820163487739,
  "135": 0.900544959128066,
  "136": 0.903269754768393,
  "138": 0.9046321525885564,
  "139": 0.9073569482288835,
  "140": 0.9128065395095374,
  "141": 0.9141689373297008,
  "142": 0.9168937329700279,
  "143": 0.9182561307901913,
  "145": 0.9196185286103548,
  "146": 0.9209809264305182,
  "147": 0.9237057220708452,
  "148": 0.9277929155313357,
  "149": 0.9332425068119896,
  "150": 0.9359673024523166,
  "151": 0.9373297002724801,
  "155": 0.9414168937329705,
  "156": 0.942779291553134,
  "157": 0.9441416893732975,
  "158": 0.9482288828337879,
  "159": 0.9495912806539514,
  "160": 0.9523160762942784,
  "161": 0.9536784741144418,
  "162": 0.9550408719346053,
  "163": 0.9564032697547687,
  "165": 0.9577656675749322,
  "167": 0.9591280653950957,
  "169": 0.9604904632152591,
  "171": 0.9618528610354226,
  "173": 0.963215258855586,
  "174": 0.9645776566757495,
  "175": 0.9673024523160765,
  "176": 0.9686648501362399,
  "177": 0.9700272479564034,
  "179": 0.9727520435967304,
  "180": 0.9741144414168939,
  "181": 0.9754768392370573,
  "184": 0.9768392370572208,
  "185": 0.9795640326975478,
  "186": 0.9809264305177112,
  "187": 0.9822888283378747,
  "188": 0.9836512261580381,
  "189": 0.9850136239782016,
  "191": 0.986376021798365,
  "192": 0.9877384196185285,
  "195": 0.9891008174386919,
  "196": 0.991825613079019,
  "198": 0.994550408719346,
  "199": 0.9959128065395094,
  "200": 0.9999999999999999
}