{
  "2": 0.031578947368421054,
  "3": 0.0881578947368421,
  "4": 0.13421052631578947,
  "5": 0.16842105263157894,
  "6": 0.1986842105263158,
  "7": 0.22236842105263158,
  "8": 0.24078947368421053,
  "9": 0.26710526315789473,
  "10": 0.2868421052631579,
  "11": 0.3078947368421053,
  "12": 0.3315789473684211,
  "13": 0.3460526315789474,
  "14": 0.36578947368421055,
  "15": 0.3855263157894737,
  "16": 0.3973684210526316,
  "17": 0.41578947368421054,
  "18": 0.4276315789473684,
  "19": 0.4381578947368421,
  "20": 0.4473684210526315,
  "21": 0.4539473684210526,
  "22": 0.4671052631578947,
  "23": 0.47763157894736835,
  "24": 0.4842105263157894,
  "25": 0.4973684210526315,
  "26": 0.5039473684210526,
  "27": 0.5197368421052632,
  "28": 0.5276315789473685,
  "29": 0.5355263157894737,
  "30": 0.5447368421052632,
  "31": 0.5552631578947369,
  "32": 0.5644736842105263,
  "33": 0.5697368421052632,
  "34": 0.5723684210526316,
  "35": 0.5815789473684211,
  "36": 0.5907894736842105,
  "37": 0.6013157894736842,
  "38": 0.6078947368421053,
  "39": 0.6157894736842106,
  "40": 0.6236842105263158,
  "41": 0.6302631578947369,
  "42": 0.6355263157894737,
  "43": 0.6394736842105263,
  "44": 0.6421052631578947,
  "45": 0.6460526315789473,
  "46": 0.6499999999999999,
  "47": 0.6513157894736841,
  "48": 0.6552631578947367,
  "49": 0.6578947368421051,
  "50": 0.663157894736842,
  "51": 0.6671052631578945,
  "52": 0.6736842105263156,
  "53": 0.6789473684210524,
  "54": 0.6842105263157893,
  "55": 0.6921052631578946,
  "56": 0.694736842105263,
  "57": 0.6986842105263156,
  "58": 0.701315789473684,
  "59": 0.7052631578947366,
  "60": 0.707894736842105,
  "61": 0.7131578947368419,
  "62": 0.7184210526315787,
  "63": 0.7249999999999998,
  "64": 0.7302631578947366,
  "65": 0.732894736842105,
  "66": 0.7381578947368419,
  "68": 0.7447368421052629,
  "69": 0.7486842105263155,
  "70": 0.7565789473684208,
  "71": 0.7631578947368418,
  "72": 0.764473684210526,
  "73": 0.7671052631578944,
  "74": 0.7736842105263154,
  "75": 0.7802631578947364,
  "76": 0.784210526315789,
  "77": 0.7868421052631575,
  "78": 0.7881578947368416,
  "80": 0.79078947368421,
  "81": 0.7947368421052626,
  "82": 0.7973684210526311,
  "83": 0.8026315789473679,
  "84": 0.8065789473684205,
  "85": 0.8105263157894731,
  "86": 0.8118421052631573,
  "87": 0.8184210526315783,
  "88": 0.8210526315789467,
  "89": 0.8249999999999993,
  "91": 0.8276315789473677,
  "92": 0.8302631578947361,
  "93": 0.8328947368421046,
  "94": 0.8342105263157887,
  "96": 0.8394736842105256,
  "97": 0.8407894736842098,
  "98": 0.8447368421052623,
  "99": 0.8486842105263149,
  "100": 0.8499999999999991,
  "101": 0.855263157894736,
  "102": 0.8565789473684201,
  "103": 0.8578947368421043,
  "104": 0.8605263157894727,
  "105": 0.8644736842105253,
  "107": 0.8671052631578937,
  "108": 0.8697368421052621,
  "109": 0.8736842105263147,
  "111": 0.8749999999999989,
  "113": 0.8815789473684199,
  "115": 0.8828947368421041,
  "116": 0.8868421052631567,
  "117": 0.8881578947368408,
  "119": 0.8907894736842092,
  "120": 0.8921052631578934,
  "121": 0.8934210526315776,
  "122": 0.8947368421052617,
  "124": 0.8960526315789459,
  "125": 0.8986842105263143,
  "126": 0.9013157894736827,
  "127": 0.9039473684210512,
  "128": 0.9052631578947353,
  "130": 0.9078947368421038,
  "131": 0.9092105263157879,
  "132": 0.9118421052631563,
  "133": 0.9131578947368405,
  "134": 0.9144736842105247,
  "135": 0.9171052631578931,
  "136": 0.9184210526315773,
  "137": 0.9210526315789457,
  "138": 0.9223684210526298,
  "139": 0.9249999999999983,
  "141": 0.9276315789473667,
  "142": 0.9289473684210509,
  "143": 0.930263157894735,
  "145": 0.9315789473684192,
  "147": 0.9328947368421033,
  "148": 0.9355263157894718,
  "149": 0.9368421052631559,
  "150": 0.9407894736842085,
  "154": 0.9434210526315769,
  "155": 0.9473684210526295,
  "156": 0.9486842105263137,
  "159": 0.9526315789473663,
  "160": 0.9552631578947347,
  "162": 0.9565789473684189,
  "164": 0.9592105263157873,
  "165": 0.9618421052631557,
  "166": 0.9631578947368399,
  "167": 0.9657894736842083,
  "168": 0.9671052631578925,
  "169": 0.9710526315789451,
  "172": 0.9736842105263135,
  "175": 0.9749999999999976,
  "176": 0.9763157894736818,
  "178": 0.977631578947366,
  "182": 0.9802631578947344,
  "185": 0.9815789473684186,
  "186": 0.984210526315787,
  "187": 0.9868421052631554,
  "188": 0.9894736842105238,
  "189": 0.990789473684208,
  "190": 0.9934210526315764,
  "193": 0.9947368421052606,
  "195": 0.9960526315789447,
  "197": 0.9973684210526289,
  "198": 0.9986842105263131,
  "200": 0.9999999999999972
}