{
  "2": 0.028868360277136258,
  "3": 0.08198614318706697,
  "4": 0.13625866050808313,
  "5": 0.17551963048498845,
  "6": 0.20785219399538107,
  "7": 0.23441108545034645,
  "8": 0.2609699769053118,
  "9": 0.2806004618937645,
  "10": 0.30715935334872985,
  "11": 0.33025404157043886,
  "12": 0.3533487297921479,
  "13": 0.3810623556581987,
  "14": 0.3949191685912241,
  "15": 0.40877598152424954,
  "16": 0.42494226327944584,
  "17": 0.4376443418013858,
  "18": 0.4584295612009239,
  "19": 0.4745958429561202,
  "20": 0.4872979214780601,
  "21": 0.5011547344110855,
  "22": 0.5092378752886837,
  "23": 0.5196304849884528,
  "24": 0.5288683602771364,
  "25": 0.5369515011547346,
  "26": 0.5461893764434181,
  "27": 0.5577367205542726,
  "28": 0.5658198614318708,
  "29": 0.5785219399538107,
  "30": 0.5958429561200925,
  "31": 0.6039260969976907,
  "32": 0.6120092378752889,
  "33": 0.6166281755196308,
  "34": 0.6235565819861435,
  "35": 0.6316397228637417,
  "36": 0.6339491916859126,
  "37": 0.6397228637413398,
  "38": 0.6524249422632797,
  "39": 0.6639722863741342,
  "40": 0.6709006928406469,
  "41": 0.6778290993071596,
  "42": 0.6847575057736723,
  "43": 0.691685912240185,
  "44": 0.6974595842956123,
  "45": 0.704387990762125,
  "46": 0.7101616628175522,
  "47": 0.7147806004618941,
  "48": 0.7159353348729796,
  "49": 0.7240184757505778,
  "50": 0.729792147806005,
  "51": 0.7413394919168594,
  "52": 0.7459584295612013,
  "53": 0.7505773672055431,
  "54": 0.7586605080831413,
  "55": 0.7609699769053122,
  "56": 0.765588914549654,
  "57": 0.7667436489607395,
  "58": 0.7713625866050814,
  "59": 0.7759815242494232,
  "60": 0.7782909930715941,
  "61": 0.782909930715936,
  "62": 0.7886836027713632,
  "63": 0.7921478060046195,
  "64": 0.7967667436489614,
  "65": 0.7990762124711323,
  "66": 0.8048498845265595,
  "67": 0.806004618937645,
  "68": 0.8129330254041577,
  "69": 0.8175519630484995,
  "70": 0.8210161662817559,
  "71": 0.8244803695150122,
  "72": 0.8267898383371831,
  "73": 0.8279445727482686,
  "74": 0.8290993071593541,
  "75": 0.8325635103926105,
  "76": 0.8337182448036959,
  "77": 0.8360277136258668,
  "78": 0.8394919168591232,
  "79": 0.841801385681294,
  "80": 0.8475750577367213,
  "81": 0.8498845265588921,
  "82": 0.8510392609699776,
  "83": 0.8533487297921485,
  "84": 0.8579676674364903,
  "85": 0.8591224018475758,
  "86": 0.8625866050808322,
  "88": 0.8637413394919177,
  "89": 0.8648960739030032,
  "90": 0.867205542725174,
  "91": 0.8706697459584304,
  "93": 0.8729792147806013,
  "94": 0.8741339491916867,
  "95": 0.8775981524249431,
  "96": 0.8787528868360286,
  "98": 0.8810623556581995,
  "99": 0.882217090069285,
  "100": 0.8856812933025413,
  "102": 0.8868360277136268,
  "104": 0.8903002309468832,
  "106": 0.8914549653579686,
  "107": 0.8926096997690541,
  "108": 0.894919168591225,
  "110": 0.8972286374133959,
  "111": 0.8983833718244814,
  "112": 0.8995381062355668,
  "113": 0.9018475750577377,
  "115": 0.9030023094688232,
  "116": 0.9053117782909941,
  "117": 0.9087759815242504,
  "118": 0.9099307159353359,
  "119": 0.9133949191685923,
  "120": 0.9145496535796778,
  "123": 0.9157043879907633,
  "124": 0.9180138568129341,
  "125": 0.9191685912240196,
  "126": 0.9214780600461905,
  "128": 0.922632794457276,
  "129": 0.9249422632794468,
  "130": 0.9272517321016177,
  "131": 0.9307159353348741,
  "132": 0.9318706697459596,
  "133": 0.933025404157045,
  "134": 0.9353348729792159,
  "135": 0.9387990762124723,
  "136": 0.9411085450346431,
  "137": 0.943418013856814,
  "138": 0.9457274826789849,
  "139": 0.9480369515011557,
  "144": 0.9491916859122412,
  "145": 0.9503464203233267,
  "146": 0.9515011547344122,
  "148": 0.9526558891454977,
  "149": 0.9549653579676686,
  "150": 0.9595842956120104,
  "152": 0.9607390300230959,
  "153": 0.9618937644341814,
  "154": 0.9630484988452669,
  "155": 0.9653579676674378,
  "157": 0.9676674364896086,
  "158": 0.9688221709006941,
  "162": 0.9699769053117796,
  "165": 0.9711316397228651,
  "166": 0.9722863741339506,
  "168": 0.9734411085450361,
  "170": 0.9745958429561216,
  "173": 0.9769053117782924,
  "176": 0.9803695150115488,
  "177": 0.9815242494226343,
  "179": 0.9838337182448051,
  "181": 0.9849884526558906,
  "183": 0.9872979214780615,
  "184": 0.988452655889147,
  "185": 0.9907621247113179,
  "186": 0.9919168591224033,
  "189": 0.9930715935334888,
  "190": 0.9953810623556597,
  "195": 0.9965357967667452,
  "198": 0.9976905311778307,
  "199": 0.9988452655889162,
  "200": 1.0000000000000016
}