{
  "2": 0.023228803716608595,
  "3": 0.0627177700348432,
  "4": 0.08710801393728224,
  "5": 0.11265969802555169,
  "6": 0.13124274099883856,
  "7": 0.14982578397212543,
  "8": 0.164924506387921,
  "9": 0.18583042973286873,
  "10": 0.20441347270615562,
  "11": 0.2229965156794425,
  "12": 0.23228803716608595,
  "13": 0.24390243902439024,
  "14": 0.2613240418118467,
  "15": 0.27526132404181186,
  "16": 0.289198606271777,
  "17": 0.30313588850174217,
  "18": 0.31358885017421606,
  "19": 0.3193960511033682,
  "20": 0.32404181184668995,
  "21": 0.33565621370499427,
  "22": 0.3472706155632986,
  "23": 0.3554006968641116,
  "24": 0.364692218350755,
  "25": 0.37862950058072015,
  "26": 0.38675958188153314,
  "27": 0.39605110336817656,
  "28": 0.4018583042973287,
  "29": 0.4099883855981417,
  "30": 0.421602787456446,
  "31": 0.43089430894308944,
  "32": 0.44018583042973286,
  "33": 0.44831591173054586,
  "34": 0.4506387921022067,
  "35": 0.4576074332171893,
  "36": 0.46341463414634143,
  "37": 0.47270615563298485,
  "38": 0.4773519163763066,
  "39": 0.48432055749128916,
  "40": 0.4901277584204413,
  "41": 0.4970963995354239,
  "42": 0.502903600464576,
  "43": 0.5098722415795587,
  "44": 0.5156794425087108,
  "45": 0.5226480836236934,
  "46": 0.5249709639953543,
  "47": 0.5284552845528455,
  "48": 0.5331010452961672,
  "49": 0.5365853658536585,
  "50": 0.5435540069686411,
  "51": 0.5458768873403019,
  "52": 0.5505226480836236,
  "53": 0.5574912891986062,
  "54": 0.5609756097560975,
  "55": 0.5667828106852496,
  "56": 0.5737514518002322,
  "57": 0.5749128919860627,
  "58": 0.5795586527293843,
  "59": 0.584204413472706,
  "60": 0.5888501742160277,
  "62": 0.5934959349593494,
  "63": 0.5946573751451798,
  "64": 0.5969802555168406,
  "65": 0.5981416957026711,
  "66": 0.6016260162601623,
  "67": 0.6039488966318232,
  "68": 0.6051103368176536,
  "70": 0.606271777003484,
  "71": 0.6132404181184666,
  "72": 0.614401858304297,
  "73": 0.6178861788617883,
  "74": 0.62253193960511,
  "75": 0.6236933797909404,
  "76": 0.6260162601626013,
  "77": 0.6329849012775839,
  "78": 0.6364692218350751,
  "79": 0.6422764227642273,
  "80": 0.6480836236933794,
  "81": 0.6504065040650402,
  "82": 0.6538908246225315,
  "84": 0.6562137049941923,
  "85": 0.6596980255516836,
  "87": 0.6620209059233444,
  "88": 0.6655052264808357,
  "89": 0.6701509872241573,
  "90": 0.6713124274099878,
  "91": 0.6724738675958182,
  "92": 0.6736353077816486,
  "93": 0.674796747967479,
  "94": 0.6771196283391399,
  "95": 0.6806039488966311,
  "96": 0.6864111498257832,
  "97": 0.6875725900116136,
  "98": 0.6910569105691049,
  "99": 0.6933797909407657,
  "100": 0.6957026713124266,
  "101": 0.6991869918699178,
  "102": 0.7049941927990699,
  "103": 0.7061556329849004,
  "104": 0.710801393728222,
  "105": 0.7154471544715437,
  "106": 0.7200929152148654,
  "107": 0.7212543554006958,
  "108": 0.7259001161440175,
  "109": 0.7282229965156783,
  "110": 0.7305458768873392,
  "111": 0.7351916376306609,
  "112": 0.7375145180023217,
  "113": 0.740998838559813,
  "114": 0.7433217189314738,
  "115": 0.7456445993031346,
  "116": 0.7468060394889651,
  "117": 0.7479674796747955,
  "119": 0.7491289198606259,
  "120": 0.7514518002322867,
  "121": 0.7526132404181172,
  "122": 0.7537746806039476,
  "123": 0.7572590011614388,
  "125": 0.7595818815330997,
  "126": 0.7619047619047605,
  "127": 0.763066202090591,
  "128": 0.7677119628339126,
  "129": 0.7700348432055735,
  "131": 0.7711962833914039,
  "132": 0.7723577235772343,
  "133": 0.7735191637630647,
  "135": 0.7746806039488952,
  "136": 0.7758420441347256,
  "138": 0.777003484320556,
  "139": 0.7804878048780473,
  "140": 0.7839721254355385,
  "141": 0.7851335656213689,
  "142": 0.7862950058071994,
  "143": 0.7874564459930298,
  "144": 0.790940766550521,
  "145": 0.7921022067363515,
  "146": 0.7932636469221819,
  "147": 0.7944250871080123,
  "148": 0.7967479674796731,
  "150": 0.7979094076655036,
  "152": 0.799070847851334,
  "153": 0.8002322880371644,
  "154": 0.8037166085946557,
  "155": 0.8060394889663165,
  "156": 0.8072009291521469,
  "157": 0.8083623693379773,
  "158": 0.8118466898954686,
  "160": 0.813008130081299,
  "161": 0.8164924506387903,
  "164": 0.8176538908246207,
  "165": 0.8188153310104511,
  "167": 0.821138211382112,
  "168": 0.8234610917537728,
  "169": 0.8246225319396032,
  "170": 0.8257839721254336,
  "173": 0.8269454123112641,
  "174": 0.8281068524970945,
  "175": 0.8292682926829249,
  "176": 0.8304297328687553,
  "178": 0.8327526132404162,
  "180": 0.8339140534262466,
  "182": 0.8362369337979074,
  "183": 0.8385598141695683,
  "184": 0.8397212543553987,
  "185": 0.8408826945412291,
  "187": 0.8432055749128899,
  "189": 0.8443670150987204,
  "191": 0.8466898954703812,
  "195": 0.8478513356562116,
  "196": 0.849012775842042,
  "201": 0.8524970963995333,
  "202": 0.8536585365853637,
  "209": 0.8548199767711941,
  "210": 0.8559814169570246,
  "212": 0.857142857142855,
  "217": 0.8583042973286854,
  "218": 0.8594657375145158,
  "220": 0.8606271777003462,
  "222": 0.8617886178861767,
  "227": 0.8629500580720071,
  "230": 0.8641114982578375,
  "232": 0.8652729384436679,
  "234": 0.8675958188153288,
  "235": 0.8687572590011592,
  "236": 0.8699186991869896,
  "242": 0.87108013937282,
  "244": 0.8722415795586504,
  "245": 0.8734030197444809,
  "250": 0.8745644599303113,
  "252": 0.8757259001161417,
  "253": 0.8768873403019721,
  "254": 0.8780487804878025,
  "258": 0.879210220673633,
  "260": 0.8803716608594634,
  "261": 0.8815331010452938,
  "262": 0.8826945412311242,
  "266": 0.8838559814169547,
  "271": 0.8861788617886155,
  "273": 0.8873403019744459,
  "277": 0.8885017421602763,
  "278": 0.8896631823461068,
  "280": 0.8908246225319372,
  "282": 0.8919860627177676,
  "283": 0.893147502903598,
  "286": 0.8943089430894284,
  "289": 0.8954703832752589,
  "291": 0.8966318234610893,
  "294": 0.8989547038327501,
  "295": 0.9001161440185805,
  "300": 0.9024390243902414,
  "302": 0.9047619047619022,
  "303": 0.907084785133563,
  "307": 0.9082462253193935,
  "310": 0.9094076655052239,
  "311": 0.9105691056910543,
  "312": 0.9128919860627152,
  "318": 0.9140534262485456,
  "323": 0.915214866434376,
  "326": 0.9163763066202064,
  "328": 0.9175377468060368,
  "332": 0.9186991869918673,
  "334": 0.9198606271776977,
  "335": 0.9210220673635281,
  "337": 0.9221835075493585,
  "343": 0.9233449477351889,
  "349": 0.9245063879210194,
  "351": 0.9256678281068498,
  "353": 0.9268292682926802,
  "354": 0.9279907084785106,
  "358": 0.929152148664341,
  "363": 0.9303135888501715,
  "370": 0.9314750290360019,
  "374": 0.9337979094076627,
  "375": 0.9349593495934931,
  "383": 0.9361207897793236,
  "384": 0.937282229965154,
  "388": 0.9384436701509844,
  "394": 0.9396051103368148,
  "396": 0.9407665505226452,
  "400": 0.9419279907084757,
  "406": 0.9430894308943061,
  "407": 0.9442508710801365,
  "421": 0.9454123112659669,
  "423": 0.9477351916376278,
  "431": 0.9500580720092886,
  "442": 0.951219512195119,
  "443": 0.9523809523809494,
  "445": 0.9535423925667799,
  "448": 0.9547038327526103,
  "452": 0.9558652729384407,
  "463": 0.9570267131242711,
  "471": 0.9581881533101015,
  "476": 0.959349593495932,
  "488": 0.9605110336817624,
  "495": 0.9616724738675928,
  "506": 0.9628339140534232,
  "508": 0.9651567944250841,
  "511": 0.9663182346109145,
  "515": 0.9674796747967449,
  "522": 0.9686411149825753,
  "524": 0.9698025551684057,
  "529": 0.9709639953542362,
  "557": 0.9721254355400666,
  "562": 0.973286875725897,
  "576": 0.9744483159117274,
  "586": 0.9756097560975578,
  "600": 0.9767711962833883,
  "617": 0.9779326364692187,
  "647": 0.9790940766550491,
  "652": 0.9802555168408795,
  "681": 0.98141695702671,
  "742": 0.9825783972125404,
  "770": 0.9837398373983708,
  "785": 0.9849012775842012,
  "792": 0.9860627177700316,
  "801": 0.987224157955862,
  "850": 0.9883855981416925,
  "867": 0.9895470383275229,
  "897": 0.9907084785133533,
  "903": 0.9918699186991837,