{
  "0": {
    "numNodes": 3957,
    "numEdges": 10748,
    "averageInDegree": 2.7161991407632042,
    "averageOutDegree": 2.7161991407632042,
    "selfLinks": 32,
    "removed": "Creature",
    "averagePathLength": 5.6858300507346025,
    "sizeLargest": 1135
  },
  "1": {
    "numNodes": 3956,
    "numEdges": 10430,
    "averageInDegree": 2.6365015166835186,
    "averageOutDegree": 2.6365015166835186,
    "selfLinks": 32,
    "removed": "Artifact",
    "averagePathLength": 5.794388224471021,
    "sizeLargest": 1088
  },
  "2": {
    "numNodes": 3955,
    "numEdges": 10124,
    "averageInDegree": 2.5597977243994943,
    "averageOutDegree": 2.5597977243994943,
    "selfLinks": 32,
    "removed": "Enchantment",
    "averagePathLength": 5.787327714767512,
    "sizeLargest": 1053
  },
  "3": {
    "numNodes": 3954,
    "numEdges": 9825,
    "averageInDegree": 2.484825493171472,
    "averageOutDegree": 2.484825493171472,
    "selfLinks": 32,
    "removed": "Instant",
    "averagePathLength": 5.66552830119165,
    "sizeLargest": 989
  },
  "4": {
    "numNodes": 3953,
    "numEdges": 9528,
    "averageInDegree": 2.410321274981027,
    "averageOutDegree": 2.410321274981027,
    "selfLinks": 32,
    "removed": "Red cards",
    "averagePathLength": 5.66552830119165,
    "sizeLargest": 989
  },
  "5": {
    "numNodes": 3952,
    "numEdges": 9236,
    "averageInDegree": 2.3370445344129553,
    "averageOutDegree": 2.3370445344129553,
    "selfLinks": 32,
    "removed": "Sorcery",
    "averagePathLength": 5.6046266623545895,
    "sizeLargest": 904
  },
  "6": {
    "numNodes": 3951,
    "numEdges": 8985,
    "averageInDegree": 2.2741078208048595,
    "averageOutDegree": 2.2741078208048595,
    "selfLinks": 32,
    "removed": "English Set Gallery: 10th Edition",
    "averagePathLength": 5.57041678652227,
    "sizeLargest": 879
  },
  "7": {
    "numNodes": 3950,
    "numEdges": 8739,
    "averageInDegree": 2.2124050632911394,
    "averageOutDegree": 2.2124050632911394,
    "selfLinks": 32,
    "removed": "Human",
    "averagePathLength": 5.57041678652227,
    "sizeLargest": 879
  },
  "8": {
    "numNodes": 3949,
    "numEdges": 8502,
    "averageInDegree": 2.1529501139528993,
    "averageOutDegree": 2.1529501139528993,
    "selfLinks": 32,
    "removed": "English Set Gallery: Magic 2010",
    "averagePathLength": 5.474871787525427,
    "sizeLargest": 836
  },
  "9": {
    "numNodes": 3948,
    "numEdges": 8288,
    "averageInDegree": 2.099290780141844,
    "averageOutDegree": 2.099290780141844,
    "selfLinks": 32,
    "removed": "Flying",
    "averagePathLength": 5.474871787525427,
    "sizeLargest": 836
  },
  "10": {
    "numNodes": 3947,
    "numEdges": 8081,
    "averageInDegree": 2.0473777552571573,
    "averageOutDegree": 2.0473777552571573,
    "selfLinks": 32,
    "removed": "Legendary",
    "averagePathLength": 5.498037658134746,
    "sizeLargest": 825
  },
  "11": {
    "numNodes": 3946,
    "numEdges": 7877,
    "averageInDegree": 1.9961986822098328,
    "averageOutDegree": 1.9961986822098328,
    "selfLinks": 32,
    "removed": "Slang",
    "averagePathLength": 5.4246475946618045,
    "sizeLargest": 773
  },
  "12": {
    "numNodes": 3945,
    "numEdges": 7675,
    "averageInDegree": 1.9455006337135614,
    "averageOutDegree": 1.9455006337135614,
    "selfLinks": 32,
    "removed": "Land",
    "averagePathLength": 5.426312142101616,
    "sizeLargest": 741
  },
  "13": {
    "numNodes": 3944,
    "numEdges": 7509,
    "averageInDegree": 1.9039046653144016,
    "averageOutDegree": 1.9039046653144016,
    "selfLinks": 31,
    "removed": "Spirit",
    "averagePathLength": 5.544509066945591,
    "sizeLargest": 723
  },
  "14": {
    "numNodes": 3943,
    "numEdges": 7358,
    "averageInDegree": 1.8660918082678164,
    "averageOutDegree": 1.8660918082678164,
    "selfLinks": 31,
    "removed": "Sacrifice",
    "averagePathLength": 5.544509066945591,
    "sizeLargest": 723
  },
  "15": {
    "numNodes": 3942,
    "numEdges": 7212,
    "averageInDegree": 1.8295281582952816,
    "averageOutDegree": 1.8295281582952816,
    "selfLinks": 31,
    "removed": "Aura",
    "averagePathLength": 5.479411853363821,
    "sizeLargest": 682
  },
  "16": {
    "numNodes": 3941,
    "numEdges": 7068,
    "averageInDegree": 1.7934534382136513,
    "averageOutDegree": 1.7934534382136513,
    "selfLinks": 31,
    "removed": "Keyword Abilities",
    "averagePathLength": 5.472579443348674,
    "sizeLargest": 676
  },
  "17": {
    "numNodes": 3940,
    "numEdges": 6924,
    "averageInDegree": 1.7573604060913706,
    "averageOutDegree": 1.7573604060913706,
    "selfLinks": 31,
    "removed": "Counter (noun)",
    "averagePathLength": 5.522078868387932,
    "sizeLargest": 627
  },
  "18": {
    "numNodes": 3939,
    "numEdges": 6813,
    "averageInDegree": 1.7296268088347295,
    "averageOutDegree": 1.7296268088347295,
    "selfLinks": 31,
    "removed": "Wizard",
    "averagePathLength": 5.519042448846858,
    "sizeLargest": 618
  },
  "19": {
    "numNodes": 3938,
    "numEdges": 6711,
    "averageInDegree": 1.7041645505332657,
    "averageOutDegree": 1.7041645505332657,
    "selfLinks": 31,
    "removed": "Zombie",
    "averagePathLength": 5.660500451394212,
    "sizeLargest": 594
  }
}