{
  "2": 0.03206997084548105,
  "3": 0.0816326530612245,
  "4": 0.12099125364431487,
  "5": 0.15597667638483964,
  "6": 0.19533527696793002,
  "7": 0.21428571428571427,
  "8": 0.24927113702623904,
  "9": 0.2769679300291545,
  "10": 0.293002915451895,
  "11": 0.30758017492711365,
  "12": 0.32944606413994165,
  "13": 0.34548104956268216,
  "14": 0.3542274052478134,
  "15": 0.36734693877551017,
  "16": 0.3746355685131195,
  "17": 0.38629737609329445,
  "18": 0.3965014577259475,
  "19": 0.4037900874635569,
  "20": 0.41399416909620995,
  "21": 0.4154518950437318,
  "22": 0.43002915451895046,
  "23": 0.4387755102040817,
  "24": 0.4475218658892129,
  "25": 0.4533527696793003,
  "26": 0.4635568513119534,
  "27": 0.4723032069970846,
  "28": 0.4766763848396502,
  "29": 0.48688046647230326,
  "30": 0.4956268221574345,
  "31": 0.5029154518950438,
  "32": 0.5087463556851313,
  "33": 0.5131195335276969,
  "34": 0.5247813411078718,
  "35": 0.5320699708454811,
  "36": 0.5349854227405249,
  "37": 0.5451895043731779,
  "38": 0.5510204081632654,
  "39": 0.555393586005831,
  "40": 0.5612244897959184,
  "41": 0.5670553935860059,
  "43": 0.5685131195335278,
  "44": 0.5714285714285715,
  "45": 0.5758017492711371,
  "46": 0.5816326530612246,
  "47": 0.587463556851312,
  "48": 0.5918367346938777,
  "49": 0.5976676384839651,
  "50": 0.6020408163265307,
  "51": 0.6064139941690964,
  "52": 0.610787172011662,
  "53": 0.6195335276967932,
  "54": 0.6268221574344025,
  "55": 0.6311953352769681,
  "57": 0.6384839650145775,
  "58": 0.6428571428571431,
  "59": 0.644314868804665,
  "60": 0.645772594752187,
  "61": 0.6486880466472307,
  "62": 0.6501457725947526,
  "63": 0.657434402332362,
  "66": 0.6661807580174931,
  "67": 0.6690962099125368,
  "69": 0.6705539358600587,
  "70": 0.6720116618075807,
  "71": 0.6763848396501463,
  "72": 0.6778425655976682,
  "73": 0.6793002915451901,
  "75": 0.6865889212827995,
  "76": 0.6924198250728869,
  "77": 0.6967930029154525,
  "78": 0.7055393586005837,
  "79": 0.7099125364431493,
  "80": 0.7172011661807587,
  "81": 0.7215743440233243,
  "82": 0.7317784256559774,
  "83": 0.7376093294460648,
  "84": 0.7390670553935867,
  "85": 0.7478134110787179,
  "86": 0.7609329446064147,
  "87": 0.7653061224489803,
  "89": 0.769679300291546,
  "90": 0.7725947521865897,
  "91": 0.7813411078717208,
  "92": 0.7857142857142865,
  "93": 0.7900874635568521,
  "94": 0.791545189504374,
  "95": 0.7959183673469397,
  "96": 0.7973760932944616,
  "99": 0.7988338192419835,
  "100": 0.8075801749271146,
  "101": 0.8090379008746366,
  "102": 0.814868804664724,
  "103": 0.8221574344023334,
  "104": 0.8250728862973771,
  "105": 0.8279883381924208,
  "106": 0.8309037900874645,
  "107": 0.8381924198250739,
  "108": 0.8440233236151613,
  "109": 0.846938775510205,
  "111": 0.8556851311953362,
  "112": 0.8571428571428581,
  "113": 0.8600583090379018,
  "114": 0.8644314868804674,
  "116": 0.8673469387755112,
  "117": 0.8702623906705549,
  "118": 0.8717201166180768,
  "119": 0.8746355685131205,
  "120": 0.8760932944606424,
  "122": 0.8819241982507299,
  "123": 0.8862973760932955,
  "124": 0.8892128279883392,
  "125": 0.892128279883383,
  "127": 0.8950437317784267,
  "128": 0.8979591836734704,
  "129": 0.8994169096209923,
  "130": 0.9008746355685142,
  "131": 0.9037900874635579,
  "133": 0.913994169096211,
  "134": 0.9183673469387766,
  "135": 0.9198250728862986,
  "136": 0.9227405247813423,
  "137": 0.9271137026239079,
  "138": 0.9285714285714298,
  "139": 0.9314868804664735,
  "140": 0.9358600583090392,
  "141": 0.9373177842565611,
  "148": 0.938775510204083,
  "149": 0.9416909620991267,
  "150": 0.9431486880466486,
  "153": 0.9446064139941706,
  "155": 0.9460641399416925,
  "158": 0.9475218658892144,
  "160": 0.9489795918367363,
  "163": 0.9504373177842582,
  "164": 0.9533527696793019,
  "166": 0.9548104956268239,
  "170": 0.9577259475218676,
  "171": 0.9620991253644332,
  "173": 0.9635568513119551,
  "175": 0.9693877551020426,
  "176": 0.9708454810495645,
  "178": 0.9723032069970864,
  "179": 0.9737609329446083,
  "180": 0.9752186588921302,
  "181": 0.9766763848396521,
  "182": 0.978134110787174,
  "183": 0.9810495626822178,
  "184": 0.9854227405247834,
  "187": 0.989795918367349,
  "189": 0.9927113702623928,
  "190": 0.9941690962099147,
  "191": 0.9956268221574366,
  "192": 0.9970845481049585,
  "198": 0.9985422740524804,
  "200": 1.0000000000000022
}