{
  "2": 0.02570093457943925,
  "3": 0.0572429906542056,
  "4": 0.0852803738317757,
  "5": 0.11915887850467288,
  "6": 0.1553738317757009,
  "7": 0.19042056074766353,
  "8": 0.20794392523364483,
  "9": 0.2289719626168224,
  "10": 0.26051401869158874,
  "11": 0.28387850467289716,
  "12": 0.3037383177570093,
  "13": 0.3212616822429906,
  "14": 0.33995327102803735,
  "15": 0.36214953271028033,
  "16": 0.3773364485981308,
  "17": 0.3843457943925233,
  "18": 0.3995327102803738,
  "19": 0.41355140186915884,
  "20": 0.4299065420560747,
  "21": 0.4415887850467289,
  "22": 0.4485981308411214,
  "23": 0.4567757009345793,
  "24": 0.4661214953271027,
  "25": 0.47079439252336436,
  "26": 0.47780373831775685,
  "27": 0.48481308411214935,
  "28": 0.49182242990654185,
  "29": 0.5011682242990652,
  "30": 0.5081775700934577,
  "31": 0.5151869158878501,
  "32": 0.5198598130841118,
  "33": 0.5280373831775698,
  "34": 0.5408878504672894,
  "35": 0.5432242990654202,
  "36": 0.5549065420560745,
  "37": 0.5630841121495325,
  "38": 0.5665887850467287,
  "39": 0.5817757009345792,
  "40": 0.6004672897196259,
  "41": 0.6074766355140184,
  "42": 0.620327102803738,
  "43": 0.628504672897196,
  "44": 0.6331775700934577,
  "45": 0.6436915887850464,
  "46": 0.6460280373831773,
  "47": 0.6483644859813081,
  "48": 0.6553738317757006,
  "49": 0.6623831775700931,
  "50": 0.6705607476635511,
  "51": 0.6775700934579436,
  "52": 0.6834112149532707,
  "53": 0.6857476635514016,
  "54": 0.6939252336448596,
  "55": 0.7021028037383176,
  "56": 0.7044392523364484,
  "57": 0.7102803738317756,
  "58": 0.7126168224299064,
  "59": 0.7184579439252335,
  "60": 0.7242990654205607,
  "61": 0.7301401869158878,
  "62": 0.733644859813084,
  "63": 0.7394859813084111,
  "64": 0.7441588785046728,
  "65": 0.7499999999999999,
  "66": 0.7546728971962615,
  "67": 0.7628504672897195,
  "68": 0.7640186915887849,
  "69": 0.7675233644859811,
  "70": 0.7710280373831774,
  "71": 0.7768691588785045,
  "72": 0.7792056074766354,
  "73": 0.7803738317757007,
  "74": 0.7827102803738316,
  "75": 0.7850467289719625,
  "76": 0.7873831775700934,
  "77": 0.7932242990654205,
  "78": 0.7955607476635513,
  "79": 0.7990654205607476,
  "81": 0.8025700934579438,
  "82": 0.8049065420560747,
  "83": 0.8060747663551401,
  "84": 0.8072429906542055,
  "85": 0.8095794392523363,
  "86": 0.814252336448598,
  "87": 0.8177570093457942,
  "88": 0.8212616822429905,
  "89": 0.8247663551401867,
  "90": 0.828271028037383,
  "91": 0.8306074766355138,
  "92": 0.8317757009345792,
  "93": 0.8341121495327101,
  "94": 0.8399532710280372,
  "95": 0.842289719626168,
  "96": 0.8457943925233643,
  "97": 0.8528037383177568,
  "98": 0.8551401869158877,
  "99": 0.8586448598130839,
  "100": 0.8679906542056073,
  "102": 0.8726635514018689,
  "103": 0.8738317757009343,
  "104": 0.8773364485981305,
  "106": 0.8808411214953268,
  "107": 0.884345794392523,
  "108": 0.8866822429906539,
  "109": 0.8890186915887848,
  "111": 0.8913551401869156,
  "112": 0.8936915887850465,
  "113": 0.8948598130841119,
  "114": 0.8971962616822428,
  "117": 0.8995327102803736,
  "119": 0.9018691588785045,
  "120": 0.9042056074766354,
  "122": 0.9065420560747662,
  "123": 0.9112149532710279,
  "124": 0.9158878504672895,
  "125": 0.9170560747663549,
  "128": 0.9193925233644857,
  "130": 0.9205607476635511,
  "131": 0.9217289719626165,
  "132": 0.9228971962616819,
  "133": 0.9240654205607473,
  "135": 0.9264018691588781,
  "136": 0.9310747663551397,
  "137": 0.9334112149532706,
  "138": 0.9357476635514015,
  "139": 0.9392523364485977,
  "140": 0.9404205607476631,
  "141": 0.9415887850467285,
  "142": 0.9439252336448594,
  "143": 0.9462616822429902,
  "147": 0.9474299065420556,
  "148": 0.948598130841121,
  "149": 0.9497663551401864,
  "152": 0.9521028037383172,
  "153": 0.9556074766355135,
  "154": 0.9591121495327097,
  "156": 0.9602803738317751,
  "157": 0.9614485981308405,
  "158": 0.9626168224299059,
  "159": 0.9637850467289713,
  "162": 0.9649532710280366,
  "164": 0.9672897196261675,
  "166": 0.9684579439252329,
  "167": 0.9696261682242983,
  "168": 0.9707943925233636,
  "170": 0.9742990654205599,
  "173": 0.9754672897196253,
  "175": 0.9766355140186906,
  "178": 0.9789719626168215,
  "179": 0.9801401869158869,
  "180": 0.9824766355140178,
  "181": 0.9848130841121486,
  "183": 0.9871495327102795,
  "185": 0.9883177570093449,
  "189": 0.9894859813084103,
  "191": 0.9906542056074756,
  "193": 0.991822429906541,
  "194": 0.9929906542056064,
  "195": 0.9953271028037373,
  "197": 0.9964953271028026,
  "198": 0.9999999999999989
}