{
  "2": 0.0390625,
  "3": 0.078125,
  "4": 0.12890625,
  "5": 0.1640625,
  "6": 0.2109375,
  "7": 0.234375,
  "8": 0.26171875,
  "9": 0.296875,
  "10": 0.32421875,
  "11": 0.34765625,
  "12": 0.375,
  "13": 0.390625,
  "14": 0.4140625,
  "15": 0.4375,
  "16": 0.44921875,
  "17": 0.45703125,
  "18": 0.47265625,
  "19": 0.50390625,
  "20": 0.53125,
  "21": 0.55078125,
  "22": 0.5703125,
  "23": 0.58203125,
  "24": 0.6015625,
  "25": 0.60546875,
  "26": 0.62890625,
  "27": 0.6484375,
  "28": 0.6640625,
  "29": 0.6796875,
  "30": 0.68359375,
  "31": 0.69921875,
  "33": 0.703125,
  "35": 0.71875,
  "36": 0.7265625,
  "37": 0.74609375,
  "38": 0.75,
  "39": 0.76953125,
  "40": 0.7734375,
  "41": 0.7890625,
  "42": 0.8046875,
  "43": 0.8203125,
  "44": 0.82421875,
  "45": 0.8359375,
  "46": 0.86328125,
  "47": 0.87109375,
  "48": 0.87890625,
  "49": 0.88671875,
  "50": 0.89453125,
  "51": 0.90625,
  "52": 0.9140625,
  "53": 0.91796875,
  "54": 0.9296875,
  "56": 0.93359375,
  "57": 0.9375,
  "58": 0.9453125,
  "59": 0.94921875,
  "62": 0.953125,
  "63": 0.95703125,
  "65": 0.96484375,
  "69": 0.96875,
  "70": 0.98046875,
  "73": 0.9921875,
  "74": 0.99609375,
  "81": 1.0
}