{
  "2": 0.04536082474226804,
  "3": 0.11340206185567009,
  "4": 0.1711340206185567,
  "5": 0.222680412371134,
  "6": 0.26804123711340205,
  "7": 0.29690721649484536,
  "8": 0.33298969072164947,
  "9": 0.3546391752577319,
  "10": 0.38453608247422677,
  "11": 0.4092783505154639,
  "12": 0.44123711340206184,
  "13": 0.4556701030927835,
  "14": 0.47731958762886595,
  "15": 0.4917525773195876,
  "16": 0.511340206185567,
  "17": 0.5257731958762886,
  "18": 0.5463917525773195,
  "19": 0.5556701030927834,
  "20": 0.5690721649484535,
  "21": 0.5824742268041235,
  "22": 0.592783505154639,
  "23": 0.5999999999999998,
  "24": 0.6113402061855667,
  "25": 0.617525773195876,
  "26": 0.6257731958762883,
  "27": 0.6329896907216491,
  "28": 0.6381443298969068,
  "29": 0.6432989690721646,
  "30": 0.6515463917525769,
  "31": 0.65360824742268,
  "32": 0.6577319587628861,
  "33": 0.664948453608247,
  "34": 0.6701030927835047,
  "35": 0.6752577319587624,
  "36": 0.6835051546391747,
  "37": 0.6865979381443293,
  "38": 0.6907216494845355,
  "39": 0.6927835051546386,
  "40": 0.6979381443298963,
  "41": 0.7041237113402056,
  "42": 0.7113402061855664,
  "43": 0.714432989690721,
  "44": 0.7185567010309272,
  "45": 0.7247422680412364,
  "46": 0.725773195876288,
  "47": 0.727835051546391,
  "48": 0.7340206185567003,
  "49": 0.739175257731958,
  "50": 0.7412371134020611,
  "51": 0.7422680412371127,
  "52": 0.7443298969072157,
  "54": 0.7453608247422673,
  "55": 0.7494845360824735,
  "56": 0.7546391752577312,
  "58": 0.7567010309278343,
  "59": 0.7597938144329889,
  "60": 0.7628865979381435,
  "61": 0.763917525773195,
  "63": 0.7690721649484528,
  "64": 0.7731958762886589,
  "65": 0.7814432989690713,
  "66": 0.7855670103092774,
  "67": 0.7886597938144321,
  "69": 0.7896907216494836,
  "70": 0.7927835051546382,
  "71": 0.7958762886597929,
  "72": 0.7969072164948444,
  "73": 0.8010309278350506,
  "74": 0.8020618556701021,
  "75": 0.8041237113402052,
  "76": 0.8103092783505145,
  "77": 0.8123711340206176,
  "78": 0.8134020618556691,
  "79": 0.8144329896907206,
  "82": 0.8154639175257722,
  "83": 0.8185567010309268,
  "85": 0.8195876288659784,
  "86": 0.8237113402061845,
  "87": 0.8278350515463907,
  "88": 0.8319587628865969,
  "89": 0.836082474226803,
  "90": 0.8371134020618546,
  "91": 0.8402061855670092,
  "92": 0.8412371134020608,
  "93": 0.8463917525773185,
  "94": 0.8494845360824731,
  "96": 0.8505154639175246,
  "97": 0.8515463917525762,
  "98": 0.8525773195876277,
  "101": 0.8536082474226793,
  "102": 0.8556701030927824,
  "104": 0.8567010309278339,
  "106": 0.8597938144329885,
  "107": 0.8618556701030916,
  "108": 0.8649484536082462,
  "109": 0.8690721649484524,
  "111": 0.8711340206185555,
  "112": 0.8762886597938132,
  "113": 0.8773195876288647,
  "114": 0.8804123711340194,
  "115": 0.8814432989690709,
  "116": 0.8865979381443286,
  "117": 0.8896907216494833,
  "118": 0.8927835051546379,
  "120": 0.894845360824741,
  "121": 0.8979381443298956,
  "122": 0.8989690721649471,
  "123": 0.8999999999999987,
  "124": 0.9030927835051533,
  "125": 0.9041237113402049,
  "126": 0.9051546391752564,
  "128": 0.906185567010308,
  "131": 0.9072164948453595,
  "132": 0.9092783505154626,
  "134": 0.9103092783505141,
  "135": 0.9123711340206172,
  "136": 0.9164948453608234,
  "137": 0.9175257731958749,
  "138": 0.9185567010309265,
  "139": 0.9216494845360811,
  "140": 0.9237113402061842,
  "142": 0.9257731958762873,
  "143": 0.9288659793814419,
  "144": 0.9329896907216481,
  "145": 0.9350515463917511,
  "146": 0.9381443298969058,
  "149": 0.9391752577319573,
  "151": 0.9402061855670089,
  "152": 0.9412371134020604,
  "153": 0.9432989690721635,
  "154": 0.9463917525773181,
  "157": 0.9484536082474212,
  "158": 0.9525773195876274,
  "159": 0.955670103092782,
  "160": 0.9577319587628851,
  "162": 0.9587628865979366,
  "163": 0.9597938144329882,
  "164": 0.9608247422680397,
  "166": 0.9639175257731943,
  "167": 0.9649484536082459,
  "168": 0.967010309278349,
  "169": 0.9680412371134005,
  "174": 0.969072164948452,
  "175": 0.9701030927835036,
  "176": 0.9721649484536067,
  "177": 0.9731958762886582,
  "179": 0.9742268041237098,
  "180": 0.9752577319587613,
  "181": 0.9783505154639159,
  "185": 0.9793814432989675,
  "186": 0.9814432989690706,
  "187": 0.9824742268041221,
  "188": 0.9835051546391737,
  "189": 0.9845360824742252,
  "190": 0.9865979381443283,
  "191": 0.9876288659793798,
  "192": 0.9896907216494829,
  "193": 0.9907216494845345,
  "194": 0.9927835051546375,
  "196": 0.9969072164948437,
  "197": 0.9979381443298952,
  "198": 0.9989690721649468,
  "199": 0.9999999999999983
}