{
  "2": 0.31180625630676084,
  "3": 0.5015136226034309,
  "4": 0.5761856710393543,
  "5": 0.6629667003027246,
  "6": 0.7164480322906157,
  "7": 0.7507568113017156,
  "8": 0.8022199798183655,
  "9": 0.8476286579212918,
  "10": 0.8758829465186682,
  "11": 0.8960645812310799,
  "12": 0.9112008072653887,
  "13": 0.9263370332996974,
  "14": 0.9404641775983856,
  "15": 0.9475277497477297,
  "16": 0.9586276488395561,
  "17": 0.9656912209889001,
  "18": 0.970736629667003,
  "19": 0.9737638748738647,
  "20": 0.9778002018163471,
  "21": 0.9798183652875883,
  "22": 0.9808274470232088,
  "23": 0.9818365287588293,
  "24": 0.9838546922300705,
  "25": 0.9878910191725528,
  "27": 0.9919273461150352,
  "28": 0.9949545913218969,
  "29": 0.9959636730575174,
  "31": 0.996972754793138,
  "34": 0.9979818365287585,
  "40": 0.998990918264379,
  "47": 0.9999999999999996
}