{
  "2": 0.055900621118012424,
  "3": 0.14078674948240166,
  "4": 0.18530020703933747,
  "5": 0.2391304347826087,
  "6": 0.2784679089026915,
  "7": 0.3115942028985507,
  "8": 0.3447204968944099,
  "9": 0.3778467908902691,
  "10": 0.40993788819875776,
  "11": 0.42960662525879917,
  "12": 0.45445134575569357,
  "13": 0.47101449275362317,
  "14": 0.4937888198757764,
  "15": 0.5124223602484472,
  "16": 0.5372670807453417,
  "17": 0.5559006211180125,
  "18": 0.5693581780538304,
  "19": 0.5776397515527952,
  "20": 0.5952380952380955,
  "21": 0.6035196687370603,
  "22": 0.6200828157349899,
  "23": 0.6325051759834371,
  "24": 0.640786749482402,
  "25": 0.6490683229813669,
  "26": 0.6542443064182198,
  "27": 0.6625258799171847,
  "28": 0.6770186335403731,
  "29": 0.6863354037267084,
  "30": 0.6904761904761908,
  "31": 0.6946169772256732,
  "32": 0.6997929606625262,
  "33": 0.7091097308488615,
  "34": 0.7142857142857145,
  "35": 0.7173913043478263,
  "36": 0.720496894409938,
  "37": 0.7277432712215323,
  "38": 0.7329192546583853,
  "39": 0.7380952380952382,
  "40": 0.7432712215320912,
  "41": 0.7453416149068325,
  "42": 0.7474120082815737,
  "43": 0.754658385093168,
  "44": 0.7587991718426503,
  "45": 0.7619047619047621,
  "46": 0.7660455486542445,
  "47": 0.7701863354037268,
  "48": 0.7753623188405798,
  "49": 0.7774327122153211,
  "50": 0.7815734989648034,
  "51": 0.7846790890269152,
  "52": 0.7867494824016564,
  "53": 0.787784679089027,
  "54": 0.7919254658385094,
  "55": 0.7950310559006212,
  "56": 0.7960662525879918,
  "57": 0.7991718426501035,
  "58": 0.8002070393374742,
  "59": 0.8033126293995859,
  "61": 0.8064182194616977,
  "62": 0.8084886128364389,
  "63": 0.8115942028985507,
  "64": 0.8136645962732919,
  "65": 0.8157349896480331,
  "66": 0.8167701863354038,
  "67": 0.818840579710145,
  "68": 0.8219461697722568,
  "69": 0.8229813664596274,
  "70": 0.8250517598343686,
  "71": 0.8271221532091099,
  "72": 0.8291925465838511,
  "73": 0.8302277432712217,
  "74": 0.8312629399585924,
  "75": 0.832298136645963,
  "76": 0.8333333333333336,
  "77": 0.8364389233954453,
  "78": 0.837474120082816,
  "79": 0.8385093167701866,
  "81": 0.8395445134575572,
  "82": 0.8416149068322984,
  "83": 0.8436853002070397,
  "84": 0.8478260869565221,
  "85": 0.8519668737060044,
  "86": 0.8530020703933751,
  "87": 0.8540372670807457,
  "88": 0.8550724637681163,
  "89": 0.8571428571428575,
  "90": 0.8592132505175988,
  "91": 0.8602484472049694,
  "92": 0.8623188405797106,
  "94": 0.8654244306418224,
  "95": 0.866459627329193,
  "96": 0.8674948240165636,
  "97": 0.8695652173913049,
  "98": 0.8706004140786755,
  "99": 0.8716356107660461,
  "100": 0.8726708074534167,
  "101": 0.8757763975155285,
  "102": 0.8778467908902697,
  "103": 0.879917184265011,
  "104": 0.8830227743271227,
  "105": 0.8840579710144933,
  "108": 0.8871635610766051,
  "109": 0.8892339544513463,
  "110": 0.890269151138717,
  "111": 0.8923395445134582,
  "112": 0.8975155279503112,
  "113": 0.8995859213250524,
  "115": 0.9037267080745348,
  "117": 0.905797101449276,
  "118": 0.910973084886129,
  "122": 0.9120082815734997,
  "123": 0.9130434782608703,
  "124": 0.916149068322982,
  "125": 0.9171842650103527,
  "127": 0.9182194616977233,
  "128": 0.9202898550724645,
  "129": 0.9233954451345763,
  "130": 0.9244306418219469,
  "131": 0.9275362318840586,
  "133": 0.9296066252587999,
  "134": 0.9316770186335411,
  "135": 0.9327122153209118,
  "136": 0.934782608695653,
  "138": 0.9389233954451354,
  "139": 0.939958592132506,
  "140": 0.9420289855072472,
  "141": 0.9430641821946179,
  "142": 0.9451345755693591,
  "143": 0.9472049689441003,
  "144": 0.9503105590062121,
  "145": 0.9523809523809533,
  "147": 0.953416149068324,
  "148": 0.9544513457556946,
  "149": 0.9575569358178063,
  "151": 0.9585921325051769,
  "152": 0.9596273291925476,
  "153": 0.9616977225672888,
  "154": 0.9627329192546594,
  "155": 0.96376811594203,
  "156": 0.9648033126294007,
  "158": 0.9658385093167713,
  "159": 0.9668737060041419,
  "163": 0.9689440993788832,
  "166": 0.9699792960662538,
  "169": 0.9710144927536244,
  "170": 0.972049689440995,
  "171": 0.9730848861283656,
  "172": 0.9741200828157363,
  "173": 0.9751552795031069,
  "175": 0.9782608695652186,
  "177": 0.9803312629399599,
  "178": 0.9813664596273305,
  "179": 0.9824016563147011,
  "180": 0.9844720496894424,
  "181": 0.985507246376813,
  "182": 0.9865424430641836,
  "186": 0.9875776397515542,
  "187": 0.9886128364389248,
  "189": 0.9896480331262955,
  "190": 0.9906832298136661,
  "191": 0.9917184265010367,
  "192": 0.9927536231884073,
  "193": 0.9937888198757779,
  "195": 0.9948240165631486,
  "196": 0.9958592132505192,
  "198": 0.9968944099378898,
  "199": 0.9979296066252604,
  "200": 1.0000000000000016
}