{
  "2": 0.024067388688327317,
  "3": 0.05896510228640192,
  "4": 0.10709987966305656,
  "5": 0.13838748495788208,
  "6": 0.16847172081829123,
  "7": 0.1937424789410349,
  "8": 0.2154031287605295,
  "9": 0.24548736462093865,
  "10": 0.269554753309266,
  "11": 0.29602888086642604,
  "12": 0.31287605294825516,
  "13": 0.34055354993983156,
  "14": 0.35138387484957884,
  "15": 0.3694344163658243,
  "16": 0.38267148014440433,
  "17": 0.3935018050541516,
  "18": 0.40673886883273164,
  "19": 0.4187725631768953,
  "20": 0.43200962695547535,
  "21": 0.4416365824308063,
  "22": 0.4500601684717208,
  "23": 0.45968712394705175,
  "24": 0.4657039711191336,
  "25": 0.470517448856799,
  "26": 0.48014440433212996,
  "27": 0.48736462093862815,
  "28": 0.49578820697954273,
  "29": 0.5018050541516246,
  "30": 0.5102286401925391,
  "31": 0.51985559566787,
  "32": 0.5282791817087845,
  "33": 0.5415162454873645,
  "34": 0.54632972322503,
  "35": 0.5535499398315282,
  "36": 0.5667870036101083,
  "37": 0.5752105896510228,
  "38": 0.5848375451263537,
  "39": 0.5920577617328519,
  "40": 0.59927797833935,
  "41": 0.6064981949458482,
  "43": 0.6137184115523464,
  "44": 0.6173285198555956,
  "45": 0.622141997593261,
  "46": 0.6269554753309265,
  "47": 0.6293622141997592,
  "48": 0.6377858002406738,
  "49": 0.6413959085439229,
  "50": 0.6498194945848375,
  "51": 0.654632972322503,
  "52": 0.6606498194945848,
  "53": 0.6642599277978339,
  "54": 0.6690734055354994,
  "55": 0.6714801444043321,
  "56": 0.6726835138387485,
  "57": 0.6799037304452467,
  "58": 0.6835138387484958,
  "59": 0.6859205776173285,
  "60": 0.690734055354994,
  "61": 0.6967509025270758,
  "62": 0.7015643802647413,
  "63": 0.703971119133574,
  "64": 0.7075812274368232,
  "65": 0.7160048134777377,
  "66": 0.7196149217809868,
  "67": 0.723225030084236,
  "68": 0.7292418772563178,
  "69": 0.7304452466907342,
  "70": 0.7340553549939833,
  "71": 0.736462093862816,
  "72": 0.7412755716004815,
  "73": 0.7436823104693142,
  "74": 0.7460890493381469,
  "77": 0.7472924187725632,
  "78": 0.7509025270758124,
  "79": 0.7545126353790615,
  "80": 0.7569193742478942,
  "81": 0.7593261131167269,
  "82": 0.7605294825511433,
  "83": 0.7617328519855596,
  "85": 0.7665463297232251,
  "86": 0.7677496991576415,
  "87": 0.7689530685920578,
  "88": 0.7701564380264742,
  "89": 0.7749699157641396,
  "90": 0.7773766546329723,
  "91": 0.7785800240673887,
  "92": 0.779783393501805,
  "93": 0.7821901323706377,
  "94": 0.7833935018050541,
  "95": 0.7845968712394704,
  "96": 0.7870036101083031,
  "97": 0.7906137184115523,
  "98": 0.7942238267148014,
  "99": 0.7954271961492178,
  "100": 0.8002406738868832,
  "101": 0.8062575210589651,
  "103": 0.8074608904933814,
  "104": 0.8098676293622141,
  "105": 0.8110709987966305,
  "107": 0.8122743682310468,
  "108": 0.8134777376654632,
  "109": 0.8158844765342959,
  "110": 0.8206979542719613,
  "111": 0.8219013237063777,
  "112": 0.8267148014440432,
  "113": 0.8291215403128759,
  "114": 0.832731648616125,
  "115": 0.8339350180505414,
  "116": 0.8363417569193741,
  "120": 0.8387484957882068,
  "121": 0.8411552346570395,
  "123": 0.8447653429602886,
  "125": 0.845968712394705,
  "128": 0.8483754512635376,
  "129": 0.849578820697954,
  "130": 0.8531889290012031,
  "131": 0.8543922984356195,
  "132": 0.8567990373044522,
  "133": 0.8592057761732849,
  "135": 0.8604091456077012,
  "136": 0.8616125150421176,
  "138": 0.8628158844765339,
  "139": 0.8652226233453666,
  "141": 0.8664259927797829,
  "143": 0.8676293622141993,
  "146": 0.8688327316486156,
  "147": 0.870036101083032,
  "150": 0.8724428399518647,
  "151": 0.873646209386281,
  "152": 0.8760529482551137,
  "153": 0.87725631768953,
  "154": 0.8784596871239464,
  "156": 0.8796630565583627,
  "157": 0.8808664259927791,
  "158": 0.8820697954271954,
  "160": 0.8832731648616118,
  "161": 0.8844765342960281,
  "163": 0.8868832731648608,
  "166": 0.8880866425992772,
  "169": 0.8892900120336935,
  "170": 0.8916967509025262,
  "171": 0.8929001203369425,
  "172": 0.8941034897713589,
  "173": 0.8965102286401916,
  "175": 0.9001203369434407,
  "178": 0.9013237063778571,
  "179": 0.9037304452466898,
  "181": 0.9049338146811061,
  "182": 0.9073405535499388,
  "184": 0.9085439229843552,
  "186": 0.9097472924187715,
  "187": 0.9109506618531878,
  "188": 0.9121540312876042,
  "189": 0.9145607701564369,
  "190": 0.9169675090252696,
  "191": 0.9181708784596859,
  "197": 0.9193742478941023,
  "200": 0.9205776173285186,
  "201": 0.921780986762935,
  "204": 0.9229843561973513,
  "206": 0.9241877256317677,
  "208": 0.9265944645006003,
  "209": 0.9277978339350167,
  "212": 0.929001203369433,
  "215": 0.9314079422382657,
  "216": 0.9326113116726821,
  "217": 0.9338146811070984,
  "218": 0.9350180505415148,
  "228": 0.9362214199759311,
  "231": 0.9374247894103475,
  "235": 0.9386281588447638,
  "238": 0.9410348977135965,
  "239": 0.9422382671480128,
  "241": 0.9434416365824292,
  "242": 0.9446450060168455,
  "248": 0.9458483754512619,
  "249": 0.9470517448856782,
  "250": 0.9494584837545109,
  "252": 0.9506618531889273,
  "257": 0.9518652226233436,
  "259": 0.95306859205776,
  "262": 0.9542719614921763,
  "267": 0.9554753309265926,
  "269": 0.9578820697954253,
  "276": 0.9590854392298417,
  "277": 0.960288808664258,
  "279": 0.9614921780986744,
  "281": 0.9626955475330907,
  "285": 0.9638989169675071,
  "288": 0.9651022864019234,
  "291": 0.9663056558363398,
  "292": 0.9675090252707561,
  "294": 0.9687123947051725,
  "297": 0.9699157641395888,
  "299": 0.9711191335740051,
  "300": 0.9723225030084215,
  "305": 0.9747292418772542,
  "306": 0.9759326113116705,
  "308": 0.9771359807460869,
  "310": 0.9783393501805032,
  "311": 0.9795427196149196,
  "317": 0.9807460890493359,
  "322": 0.9819494584837523,
  "332": 0.9831528279181686,
  "333": 0.984356197352585,
  "337": 0.9855595667870013,
  "347": 0.9867629362214176,
  "353": 0.987966305655834,
  "354": 0.9891696750902503,
  "358": 0.9903730445246667,
  "378": 0.991576413959083,
  "383": 0.9927797833934994,
  "390": 0.9939831528279157,
  "408": 0.9951865222623321,
  "412": 0.9963898916967484,
  "444": 0.9975932611311648,
  "446": 0.9987966305655811,
  "497": 0.9999999999999974
}