{
  "2": 0.05714285714285714,
  "3": 0.09365079365079365,
  "4": 0.13174603174603175,
  "5": 0.16984126984126985,
  "6": 0.2015873015873016,
  "7": 0.2380952380952381,
  "8": 0.26666666666666666,
  "9": 0.30952380952380953,
  "10": 0.33015873015873015,
  "11": 0.35396825396825393,
  "12": 0.37619047619047613,
  "13": 0.40158730158730155,
  "14": 0.4174603174603174,
  "15": 0.42857142857142855,
  "16": 0.44126984126984126,
  "17": 0.4523809523809524,
  "18": 0.46825396825396826,
  "19": 0.4873015873015873,
  "20": 0.5079365079365079,
  "21": 0.5222222222222221,
  "22": 0.5269841269841269,
  "23": 0.5412698412698411,
  "24": 0.5571428571428569,
  "25": 0.568253968253968,
  "26": 0.5809523809523807,
  "27": 0.5904761904761902,
  "28": 0.5999999999999996,
  "29": 0.6095238095238091,
  "30": 0.6238095238095234,
  "31": 0.6333333333333329,
  "32": 0.6428571428571423,
  "33": 0.6460317460317455,
  "34": 0.6507936507936503,
  "35": 0.6619047619047613,
  "36": 0.6761904761904756,
  "37": 0.685714285714285,
  "38": 0.693650793650793,
  "40": 0.7015873015873009,
  "41": 0.704761904761904,
  "42": 0.7190476190476183,
  "43": 0.7253968253968246,
  "44": 0.7365079365079357,
  "45": 0.7396825396825388,
  "46": 0.742857142857142,
  "47": 0.7492063492063483,
  "48": 0.7587301587301578,
  "49": 0.7682539682539673,
  "50": 0.773015873015872,
  "51": 0.7825396825396815,
  "52": 0.7888888888888879,
  "53": 0.7952380952380942,
  "54": 0.8015873015873005,
  "55": 0.81111111111111,
  "56": 0.8206349206349195,
  "57": 0.8253968253968242,
  "58": 0.8317460317460306,
  "59": 0.8365079365079353,
  "60": 0.8380952380952369,
  "61": 0.8412698412698401,
  "62": 0.8444444444444432,
  "63": 0.8476190476190464,
  "64": 0.8507936507936495,
  "65": 0.8523809523809511,
  "66": 0.8539682539682527,
  "67": 0.8555555555555543,
  "68": 0.860317460317459,
  "69": 0.8619047619047606,
  "70": 0.8634920634920622,
  "71": 0.868253968253967,
  "72": 0.8730158730158717,
  "73": 0.8746031746031733,
  "74": 0.8809523809523796,
  "75": 0.8841269841269828,
  "76": 0.8857142857142843,
  "78": 0.8904761904761891,
  "79": 0.8952380952380938,
  "80": 0.8968253968253954,
  "81": 0.9031746031746017,
  "82": 0.9142857142857128,
  "85": 0.9158730158730144,
  "86": 0.917460317460316,
  "87": 0.9190476190476176,
  "88": 0.9206349206349191,
  "89": 0.9222222222222207,
  "90": 0.9238095238095223,
  "92": 0.928571428571427,
  "93": 0.9301587301587286,
  "95": 0.9333333333333318,
  "96": 0.9349206349206334,
  "99": 0.9380952380952365,
  "100": 0.9428571428571413,
  "104": 0.9444444444444429,
  "107": 0.947619047619046,
  "110": 0.9492063492063476,
  "116": 0.9507936507936492,
  "118": 0.9523809523809508,
  "120": 0.9539682539682524,
  "121": 0.9555555555555539,
  "126": 0.9571428571428555,
  "130": 0.9587301587301571,
  "131": 0.9603174603174587,
  "132": 0.9634920634920618,
  "133": 0.9650793650793634,
  "135": 0.966666666666665,
  "136": 0.9682539682539666,
  "140": 0.9698412698412682,
  "141": 0.9714285714285698,
  "143": 0.9761904761904745,
  "144": 0.9777777777777761,
  "148": 0.9793650793650777,
  "149": 0.9809523809523792,
  "152": 0.9825396825396808,
  "156": 0.9841269841269824,
  "158": 0.985714285714284,
  "164": 0.9873015873015856,
  "167": 0.9888888888888872,
  "171": 0.9904761904761887,
  "172": 0.9920634920634903,
  "181": 0.9936507936507919,
  "194": 0.9952380952380935,
  "195": 0.9968253968253951,
  "198": 0.9984126984126966,
  "199": 0.9999999999999982
}