{
  "2": 0.05442176870748299,
  "3": 0.34240362811791386,
  "4": 0.5668934240362812,
  "5": 0.6882086167800454,
  "6": 0.7494331065759637,
  "7": 0.7891156462585034,
  "8": 0.8061224489795918,
  "9": 0.8197278911564626,
  "10": 0.8253968253968255,
  "11": 0.8390022675736962,
  "12": 0.8571428571428572,
  "13": 0.8673469387755103,
  "14": 0.8752834467120182,
  "15": 0.8786848072562359,
  "16": 0.888888888888889,
  "17": 0.8956916099773243,
  "18": 0.9013605442176872,
  "19": 0.9115646258503403,
  "20": 0.9217687074829933,
  "21": 0.925170068027211,
  "22": 0.9319727891156464,
  "23": 0.9365079365079366,
  "24": 0.9410430839002268,
  "25": 0.9444444444444445,
  "27": 0.9467120181405897,
  "28": 0.9501133786848074,
  "30": 0.9512471655328799,
  "31": 0.9523809523809524,
  "32": 0.953514739229025,
  "33": 0.9557823129251701,
  "34": 0.961451247165533,
  "35": 0.9659863945578232,
  "37": 0.9705215419501134,
  "38": 0.9727891156462586,
  "39": 0.9739229024943311,
  "40": 0.9750566893424036,
  "42": 0.9761904761904762,
  "44": 0.9795918367346939,
  "45": 0.981859410430839,
  "46": 0.9841269841269842,
  "47": 0.9852607709750567,
  "49": 0.9875283446712019,
  "50": 0.9886621315192744,
  "57": 0.9897959183673469,
  "76": 0.9909297052154195,
  "77": 0.9931972789115646,
  "78": 0.9965986394557823,
  "79": 0.9977324263038548,
  "92": 0.9988662131519274,
  "111": 0.9999999999999999
}