{
  "2": 0.076,
  "3": 0.491,
  "4": 0.6779999999999999,
  "5": 0.712,
  "20": 0.714,
  "21": 0.726,
  "22": 0.738,
  "23": 0.741,
  "25": 0.763,
  "26": 0.775,
  "27": 0.789,
  "28": 0.801,
  "29": 0.8180000000000001,
  "30": 0.8310000000000001,
  "31": 0.8330000000000001,
  "32": 0.8340000000000001,
  "33": 0.8600000000000001,
  "34": 0.8740000000000001,
  "35": 0.8910000000000001,
  "36": 0.8990000000000001,
  "37": 0.9010000000000001,
  "38": 0.9120000000000001,
  "39": 0.9270000000000002,
  "40": 0.9450000000000002,
  "41": 0.9610000000000002,
  "42": 0.9820000000000002,
  "43": 0.9980000000000002,
  "45": 1.0000000000000002
}