{
  "2": 0.0593607305936073,
  "3": 0.1004566210045662,
  "4": 0.1430745814307458,
  "5": 0.1735159817351598,
  "6": 0.2085235920852359,
  "7": 0.2420091324200913,
  "8": 0.2709284627092846,
  "9": 0.3013698630136986,
  "10": 0.3287671232876712,
  "11": 0.3531202435312024,
  "12": 0.3744292237442922,
  "13": 0.3942161339421613,
  "14": 0.4200913242009132,
  "15": 0.4383561643835616,
  "16": 0.4581430745814307,
  "17": 0.4840182648401826,
  "18": 0.5007610350076104,
  "19": 0.517503805175038,
  "20": 0.5312024353120244,
  "21": 0.5449010654490107,
  "22": 0.5631659056316591,
  "23": 0.5799086757990868,
  "24": 0.5920852359208524,
  "25": 0.6057838660578387,
  "26": 0.6194824961948251,
  "27": 0.6301369863013699,
  "28": 0.6438356164383563,
  "29": 0.6514459665144599,
  "30": 0.6621004566210047,
  "31": 0.6742770167427703,
  "32": 0.6818873668188739,
  "33": 0.6879756468797567,
  "34": 0.6955859969558602,
  "35": 0.7047184170471844,
  "36": 0.7153729071537294,
  "37": 0.7168949771689501,
  "38": 0.727549467275495,
  "39": 0.7382039573820398,
  "40": 0.7503805175038054,
  "41": 0.7549467275494675,
  "42": 0.7610350076103503,
  "43": 0.7686453576864538,
  "44": 0.777777777777778,
  "45": 0.7838660578386608,
  "46": 0.7914764079147643,
  "47": 0.7990867579908678,
  "48": 0.8021308980213092,
  "49": 0.8051750380517506,
  "50": 0.8066971080669714,
  "51": 0.8097412480974128,
  "52": 0.8127853881278542,
  "53": 0.8219178082191784,
  "54": 0.8249619482496198,
  "55": 0.8295281582952818,
  "56": 0.8356164383561646,
  "57": 0.8371385083713854,
  "58": 0.8386605783866061,
  "59": 0.8401826484018269,
  "60": 0.8417047184170476,
  "61": 0.8432267884322684,
  "62": 0.8477929984779304,
  "63": 0.8493150684931512,
  "64": 0.850837138508372,
  "65": 0.855403348554034,
  "66": 0.859969558599696,
  "68": 0.8614916286149168,
  "69": 0.8675799086757996,
  "70": 0.8736681887366824,
  "71": 0.8797564687975652,
  "72": 0.881278538812786,
  "73": 0.885844748858448,
  "74": 0.8888888888888894,
  "76": 0.8949771689497722,
  "78": 0.8964992389649928,
  "79": 0.8995433789954342,
  "82": 0.9010654490106549,
  "84": 0.9041095890410963,
  "85": 0.9071537290715377,
  "86": 0.9086757990867584,
  "87": 0.9101978691019792,
  "88": 0.9147640791476412,
  "89": 0.9193302891933033,
  "90": 0.9254185692541861,
  "91": 0.9269406392694068,
  "92": 0.9284627092846276,
  "93": 0.9299847792998484,
  "94": 0.9345509893455104,
  "96": 0.9360730593607312,
  "97": 0.9375951293759519,
  "99": 0.9406392694063933,
  "101": 0.9436834094368347,
  "103": 0.9467275494672761,
  "104": 0.9482496194824968,
  "106": 0.9497716894977175,
  "107": 0.9512937595129383,
  "108": 0.9543378995433797,
  "110": 0.9604261796042625,
  "111": 0.9619482496194831,
  "112": 0.9649923896499245,
  "114": 0.9695585996955867,
  "118": 0.9726027397260281,
  "124": 0.9741248097412487,
  "125": 0.9771689497716901,
  "132": 0.9786910197869108,
  "138": 0.9802130898021315,
  "140": 0.9817351598173523,
  "141": 0.983257229832573,
  "150": 0.9847792998477938,
  "151": 0.9863013698630145,
  "152": 0.9878234398782353,
  "155": 0.989345509893456,
  "156": 0.9908675799086768,
  "157": 0.9923896499238976,
  "160": 0.9939117199391183,
  "168": 0.9954337899543391,
  "172": 0.9969558599695598,
  "178": 0.9984779299847806,
  "189": 1.0000000000000013
}