{
  "2": 0.04297520661157025,
  "3": 0.0859504132231405,
  "4": 0.12892561983471074,
  "5": 0.1933884297520661,
  "6": 0.21818181818181817,
  "7": 0.24958677685950412,
  "8": 0.2727272727272727,
  "9": 0.29421487603305785,
  "10": 0.32727272727272727,
  "11": 0.3504132231404959,
  "12": 0.3669421487603306,
  "13": 0.3917355371900827,
  "14": 0.403305785123967,
  "15": 0.42809917355371907,
  "16": 0.4429752066115703,
  "17": 0.46446280991735545,
  "18": 0.48264462809917363,
  "19": 0.5057851239669422,
  "20": 0.5140495867768595,
  "21": 0.5338842975206611,
  "22": 0.5487603305785124,
  "23": 0.568595041322314,
  "24": 0.5818181818181818,
  "25": 0.5884297520661157,
  "26": 0.5917355371900826,
  "27": 0.5950413223140496,
  "28": 0.6049586776859505,
  "29": 0.6165289256198347,
  "30": 0.628099173553719,
  "31": 0.6330578512396694,
  "32": 0.6396694214876033,
  "33": 0.6446280991735537,
  "34": 0.6512396694214876,
  "35": 0.6595041322314049,
  "36": 0.6644628099173553,
  "37": 0.6743801652892562,
  "38": 0.6826446280991735,
  "39": 0.6925619834710743,
  "40": 0.6975206611570247,
  "41": 0.7041322314049586,
  "42": 0.7206611570247934,
  "43": 0.7338842975206612,
  "44": 0.7438016528925621,
  "45": 0.7487603305785124,
  "46": 0.7570247933884298,
  "47": 0.7652892561983471,
  "48": 0.7735537190082644,
  "49": 0.7834710743801653,
  "50": 0.7900826446280992,
  "52": 0.7983471074380165,
  "53": 0.7999999999999999,
  "54": 0.8016528925619834,
  "55": 0.8165289256198346,
  "56": 0.821487603305785,
  "57": 0.8231404958677684,
  "58": 0.8264462809917353,
  "59": 0.8280991735537188,
  "60": 0.8314049586776857,
  "61": 0.8363636363636361,
  "63": 0.8380165289256195,
  "64": 0.8396694214876029,
  "65": 0.8413223140495864,
  "66": 0.8446280991735533,
  "67": 0.8462809917355367,
  "68": 0.8495867768595037,
  "69": 0.8528925619834706,
  "71": 0.8561983471074376,
  "72": 0.8595041322314045,
  "73": 0.8694214876033054,
  "75": 0.8727272727272724,
  "76": 0.8760330578512393,
  "77": 0.8826446280991732,
  "78": 0.8876033057851236,
  "80": 0.889256198347107,
  "81": 0.8909090909090904,
  "82": 0.8942148760330574,
  "83": 0.8958677685950408,
  "84": 0.8991735537190078,
  "85": 0.9008264462809912,
  "86": 0.9024793388429746,
  "87": 0.907438016528925,
  "88": 0.9090909090909084,
  "89": 0.9107438016528918,
  "90": 0.9140495867768588,
  "91": 0.9157024793388422,
  "92": 0.9173553719008256,
  "93": 0.9239669421487595,
  "95": 0.9272727272727265,
  "96": 0.9305785123966934,
  "99": 0.9322314049586768,
  "100": 0.9355371900826438,
  "103": 0.9371900826446272,
  "104": 0.9388429752066106,
  "105": 0.9404958677685941,
  "106": 0.943801652892561,
  "107": 0.9454545454545444,
  "108": 0.9471074380165279,
  "110": 0.9487603305785113,
  "112": 0.9537190082644617,
  "113": 0.9553719008264451,
  "115": 0.9570247933884285,
  "116": 0.9586776859504119,
  "120": 0.9603305785123953,
  "121": 0.9619834710743788,
  "122": 0.9652892561983457,
  "125": 0.9669421487603291,
  "128": 0.9719008264462795,
  "132": 0.9735537190082629,
  "134": 0.9785123966942133,
  "140": 0.9801652892561967,
  "142": 0.9818181818181801,
  "144": 0.9834710743801636,
  "147": 0.985123966942147,
  "149": 0.9867768595041304,
  "150": 0.9884297520661138,
  "158": 0.9900826446280973,
  "160": 0.9917355371900807,
  "161": 0.9933884297520641,
  "163": 0.9950413223140475,
  "170": 0.9966942148760309,
  "183": 0.9983471074380144,
  "193": 0.9999999999999978
}