{
  "2": 0.04276315789473684,
  "3": 0.0756578947368421,
  "4": 0.12664473684210525,
  "5": 0.17763157894736842,
  "6": 0.21875,
  "7": 0.23848684210526316,
  "8": 0.2713815789473684,
  "9": 0.31414473684210525,
  "10": 0.34539473684210525,
  "11": 0.3684210526315789,
  "12": 0.3914473684210526,
  "13": 0.41118421052631576,
  "14": 0.4358552631578947,
  "15": 0.4572368421052631,
  "16": 0.475328947368421,
  "17": 0.4917763157894737,
  "18": 0.5049342105263158,
  "19": 0.5197368421052632,
  "20": 0.5394736842105263,
  "21": 0.5592105263157895,
  "22": 0.5674342105263158,
  "23": 0.5756578947368421,
  "24": 0.587171052631579,
  "25": 0.59375,
  "26": 0.6069078947368421,
  "27": 0.6200657894736843,
  "28": 0.6332236842105264,
  "29": 0.636513157894737,
  "30": 0.6463815789473685,
  "31": 0.6529605263157895,
  "32": 0.6611842105263158,
  "33": 0.6661184210526316,
  "34": 0.6759868421052632,
  "35": 0.6825657894736842,
  "36": 0.6924342105263157,
  "37": 0.7023026315789472,
  "38": 0.707236842105263,
  "39": 0.7187499999999999,
  "40": 0.7236842105263157,
  "41": 0.7286184210526315,
  "42": 0.7351973684210525,
  "43": 0.7434210526315789,
  "44": 0.7483552631578947,
  "45": 0.7516447368421052,
  "46": 0.7615131578947367,
  "47": 0.7648026315789472,
  "48": 0.7779605263157894,
  "49": 0.7796052631578947,
  "50": 0.7828947368421052,
  "51": 0.7861842105263157,
  "52": 0.787828947368421,
  "54": 0.7894736842105263,
  "55": 0.7944078947368421,
  "56": 0.8026315789473685,
  "57": 0.8075657894736843,
  "59": 0.8108552631578948,
  "60": 0.8125000000000001,
  "61": 0.8141447368421054,
  "62": 0.8190789473684212,
  "63": 0.8223684210526317,
  "66": 0.8322368421052633,
  "67": 0.8371710526315791,
  "69": 0.8404605263157896,
  "70": 0.8503289473684211,
  "71": 0.8519736842105264,
  "74": 0.855263157894737,
  "75": 0.8569078947368423,
  "76": 0.8601973684210528,
  "77": 0.8651315789473686,
  "78": 0.8684210526315791,
  "79": 0.8733552631578949,
  "80": 0.8750000000000002,
  "81": 0.879934210526316,
  "82": 0.8832236842105265,
  "84": 0.8848684210526319,
  "85": 0.8881578947368424,
  "86": 0.8898026315789477,
  "87": 0.8963815789473687,
  "89": 0.898026315789474,
  "90": 0.8996710526315793,
  "91": 0.9046052631578951,
  "92": 0.9078947368421056,
  "93": 0.9111842105263162,
  "94": 0.9144736842105267,
  "95": 0.916118421052632,
  "96": 0.9177631578947373,
  "97": 0.9194078947368426,
  "98": 0.9226973684210531,
  "99": 0.9243421052631584,
  "101": 0.9259868421052637,
  "102": 0.9309210526315795,
  "106": 0.9325657894736848,
  "112": 0.9342105263157902,
  "114": 0.9375000000000007,
  "115": 0.939144736842106,
  "118": 0.9407894736842113,
  "120": 0.9424342105263166,
  "123": 0.9440789473684219,
  "124": 0.9457236842105272,
  "125": 0.9473684210526325,
  "127": 0.9490131578947378,
  "129": 0.9506578947368431,
  "130": 0.955592105263159,
  "133": 0.9572368421052643,
  "134": 0.9588815789473696,
  "135": 0.9605263157894749,
  "136": 0.9638157894736854,
  "138": 0.9654605263157907,
  "141": 0.9687500000000012,
  "142": 0.9703947368421065,
  "149": 0.9720394736842118,
  "154": 0.9753289473684223,
  "156": 0.9769736842105277,
  "162": 0.9802631578947382,
  "168": 0.9819078947368435,
  "169": 0.9835526315789488,
  "170": 0.9851973684210541,
  "171": 0.9901315789473699,
  "172": 0.9917763157894752,
  "175": 0.9934210526315805,
  "178": 0.9950657894736858,
  "189": 0.9967105263157912,
  "194": 1.0000000000000018
}