{
  "2": 0.02514792899408284,
  "3": 0.0621301775147929,
  "4": 0.09023668639053255,
  "5": 0.1257396449704142,
  "6": 0.15532544378698226,
  "7": 0.1819526627218935,
  "8": 0.20266272189349113,
  "9": 0.22781065088757396,
  "10": 0.26479289940828404,
  "11": 0.2884615384615385,
  "12": 0.3165680473372781,
  "13": 0.33727810650887574,
  "14": 0.3624260355029586,
  "15": 0.3801775147928994,
  "16": 0.3979289940828402,
  "17": 0.40828402366863903,
  "18": 0.4245562130177515,
  "19": 0.44082840236686394,
  "20": 0.45414201183431957,
  "21": 0.4644970414201184,
  "22": 0.4837278106508876,
  "23": 0.49852071005917165,
  "24": 0.5177514792899409,
  "25": 0.5325443786982249,
  "26": 0.5399408284023669,
  "27": 0.5473372781065089,
  "28": 0.5591715976331361,
  "29": 0.5724852071005917,
  "30": 0.5857988165680473,
  "31": 0.5931952662721893,
  "32": 0.6020710059171598,
  "33": 0.6094674556213018,
  "34": 0.6168639053254438,
  "35": 0.6272189349112426,
  "36": 0.6405325443786982,
  "37": 0.6420118343195266,
  "38": 0.650887573964497,
  "39": 0.658284023668639,
  "40": 0.6642011834319527,
  "41": 0.6715976331360947,
  "42": 0.6760355029585798,
  "43": 0.6819526627218935,
  "44": 0.6923076923076923,
  "45": 0.6982248520710059,
  "46": 0.7056213017751479,
  "47": 0.7085798816568047,
  "48": 0.7100591715976331,
  "49": 0.7159763313609467,
  "50": 0.7189349112426036,
  "51": 0.7218934911242604,
  "53": 0.7366863905325444,
  "55": 0.742603550295858,
  "56": 0.75,
  "57": 0.7559171597633136,
  "58": 0.7603550295857988,
  "59": 0.7633136094674556,
  "60": 0.7677514792899408,
  "61": 0.7751479289940828,
  "62": 0.7825443786982248,
  "63": 0.78698224852071,
  "64": 0.7899408284023668,
  "65": 0.7928994082840236,
  "66": 0.8002958579881656,
  "67": 0.8076923076923076,
  "68": 0.809171597633136,
  "70": 0.8136094674556211,
  "71": 0.816568047337278,
  "72": 0.8195266272189348,
  "73": 0.8224852071005916,
  "74": 0.8239644970414199,
  "75": 0.8298816568047336,
  "76": 0.8328402366863904,
  "78": 0.838757396449704,
  "79": 0.8446745562130177,
  "81": 0.846153846153846,
  "82": 0.8491124260355029,
  "83": 0.8505917159763312,
  "84": 0.8565088757396448,
  "85": 0.8579881656804732,
  "86": 0.86094674556213,
  "87": 0.8639053254437868,
  "89": 0.8653846153846152,
  "90": 0.868343195266272,
  "91": 0.8698224852071004,
  "92": 0.8713017751479287,
  "93": 0.8757396449704139,
  "94": 0.8801775147928991,
  "95": 0.8816568047337274,
  "96": 0.8875739644970411,
  "97": 0.8890532544378694,
  "98": 0.8920118343195262,
  "99": 0.8934911242603546,
  "100": 0.894970414201183,
  "101": 0.8994082840236681,
  "102": 0.902366863905325,
  "104": 0.9038461538461533,
  "105": 0.9068047337278101,
  "107": 0.9097633136094669,
  "110": 0.9142011834319521,
  "112": 0.9156804733727805,
  "113": 0.9186390532544373,
  "114": 0.9201183431952656,
  "115": 0.9260355029585793,
  "117": 0.9275147928994076,
  "118": 0.9304733727810645,
  "119": 0.9334319526627213,
  "120": 0.9378698224852065,
  "121": 0.9393491124260348,
  "122": 0.9408284023668632,
  "123": 0.9423076923076915,
  "124": 0.9467455621301767,
  "129": 0.9497041420118335,
  "130": 0.9511834319526619,
  "134": 0.9526627218934902,
  "135": 0.9541420118343186,
  "136": 0.9556213017751469,
  "138": 0.9571005917159753,
  "139": 0.9585798816568036,
  "141": 0.960059171597632,
  "142": 0.9615384615384603,
  "143": 0.9630177514792887,
  "145": 0.964497041420117,
  "147": 0.9674556213017739,
  "148": 0.9689349112426022,
  "149": 0.9733727810650874,
  "151": 0.9748520710059158,
  "152": 0.9763313609467441,
  "154": 0.9792899408284009,
  "156": 0.9807692307692293,
  "162": 0.9822485207100576,
  "169": 0.983727810650886,
  "171": 0.9852071005917143,
  "177": 0.9866863905325427,
  "179": 0.988165680473371,
  "183": 0.9896449704141994,
  "186": 0.9911242603550278,
  "188": 0.9926035502958561,
  "189": 0.9940828402366845,
  "192": 0.9955621301775128,
  "193": 0.9970414201183412,
  "195": 0.9985207100591695,
  "198": 0.9999999999999979
}