{
  "2": 0.050292397660818715,
  "3": 0.11578947368421053,
  "4": 0.17894736842105263,
  "5": 0.2327485380116959,
  "6": 0.26432748538011697,
  "7": 0.2982456140350877,
  "8": 0.32631578947368417,
  "9": 0.3532163742690058,
  "10": 0.37777777777777777,
  "11": 0.3953216374269006,
  "12": 0.4023391812865497,
  "13": 0.41871345029239765,
  "14": 0.4350877192982456,
  "15": 0.4526315789473684,
  "16": 0.4619883040935672,
  "17": 0.4830409356725146,
  "18": 0.5005847953216374,
  "19": 0.5146198830409356,
  "20": 0.5204678362573099,
  "21": 0.5228070175438596,
  "22": 0.5309941520467836,
  "23": 0.5368421052631578,
  "24": 0.5450292397660818,
  "25": 0.5508771929824561,
  "26": 0.5567251461988303,
  "27": 0.5649122807017543,
  "28": 0.5707602339181286,
  "29": 0.5766081871345028,
  "30": 0.5812865497076022,
  "31": 0.5859649122807016,
  "32": 0.5883040935672513,
  "33": 0.5894736842105261,
  "34": 0.6011695906432747,
  "35": 0.614035087719298,
  "36": 0.622222222222222,
  "37": 0.6269005847953214,
  "38": 0.6409356725146197,
  "39": 0.6561403508771928,
  "40": 0.6654970760233916,
  "41": 0.6736842105263156,
  "42": 0.6795321637426899,
  "43": 0.6853801169590641,
  "44": 0.6877192982456138,
  "45": 0.6900584795321636,
  "46": 0.6912280701754384,
  "47": 0.6982456140350876,
  "48": 0.702923976608187,
  "49": 0.7052631578947367,
  "50": 0.7076023391812865,
  "51": 0.711111111111111,
  "52": 0.7146198830409356,
  "53": 0.7169590643274854,
  "54": 0.7181286549707602,
  "55": 0.7239766081871344,
  "56": 0.7251461988304092,
  "57": 0.7321637426900584,
  "58": 0.7345029239766081,
  "59": 0.7368421052631579,
  "60": 0.7426900584795322,
  "61": 0.7450292397660819,
  "62": 0.7497076023391813,
  "63": 0.7508771929824561,
  "64": 0.7543859649122807,
  "65": 0.7555555555555555,
  "66": 0.7590643274853801,
  "67": 0.7602339181286549,
  "68": 0.7625730994152047,
  "69": 0.7649122807017544,
  "70": 0.7672514619883042,
  "71": 0.7707602339181288,
  "72": 0.7742690058479533,
  "73": 0.7824561403508773,
  "74": 0.7883040935672516,
  "75": 0.7918128654970762,
  "76": 0.7988304093567253,
  "77": 0.8035087719298247,
  "79": 0.8070175438596493,
  "80": 0.8081871345029241,
  "81": 0.8105263157894739,
  "82": 0.8222222222222224,
  "83": 0.8292397660818716,
  "84": 0.8304093567251464,
  "85": 0.833918128654971,
  "86": 0.8374269005847955,
  "87": 0.8409356725146201,
  "88": 0.8444444444444447,
  "89": 0.8514619883040938,
  "90": 0.8561403508771932,
  "91": 0.857309941520468,
  "92": 0.8584795321637428,
  "93": 0.865497076023392,
  "94": 0.8678362573099417,
  "96": 0.8713450292397663,
  "97": 0.8736842105263161,
  "98": 0.8771929824561406,
  "99": 0.8783625730994155,
  "100": 0.8830409356725148,
  "101": 0.890058479532164,
  "102": 0.8959064327485382,
  "103": 0.8994152046783628,
  "104": 0.9040935672514622,
  "106": 0.9099415204678365,
  "107": 0.9146198830409359,
  "109": 0.9157894736842107,
  "110": 0.9216374269005849,
  "111": 0.9228070175438597,
  "112": 0.9239766081871346,
  "113": 0.9251461988304094,
  "114": 0.9298245614035088,
  "115": 0.9309941520467836,
  "116": 0.9321637426900584,
  "117": 0.9345029239766082,
  "119": 0.935672514619883,
  "120": 0.9403508771929824,
  "121": 0.9426900584795321,
  "122": 0.943859649122807,
  "124": 0.9450292397660818,
  "125": 0.9461988304093566,
  "127": 0.9485380116959063,
  "128": 0.9497076023391812,
  "129": 0.950877192982456,
  "130": 0.9520467836257308,
  "132": 0.9532163742690056,
  "133": 0.9543859649122804,
  "134": 0.9555555555555553,
  "137": 0.957894736842105,
  "138": 0.9590643274853798,
  "139": 0.9602339181286547,
  "140": 0.9614035087719295,
  "143": 0.9625730994152043,
  "145": 0.9637426900584791,
  "149": 0.9672514619883037,
  "150": 0.9684210526315785,
  "151": 0.9695906432748533,
  "152": 0.9719298245614031,
  "153": 0.9742690058479528,
  "155": 0.9754385964912277,
  "156": 0.9766081871345025,
  "157": 0.9777777777777773,
  "161": 0.980116959064327,
  "162": 0.9824561403508768,
  "163": 0.9836257309941516,
  "165": 0.9859649122807014,
  "167": 0.9871345029239762,
  "168": 0.988304093567251,
  "170": 0.9906432748538008,
  "172": 0.9918128654970756,
  "176": 0.9929824561403504,
  "177": 0.9941520467836252,
  "181": 0.9953216374269,
  "184": 0.9964912280701749,
  "185": 0.9976608187134497,
  "199": 0.9988304093567245,
  "200": 0.9999999999999993
}