{
  "2": 0.05517241379310345,
  "3": 0.09517241379310346,
  "4": 0.12413793103448277,
  "5": 0.1531034482758621,
  "6": 0.1903448275862069,
  "7": 0.21517241379310345,
  "8": 0.24275862068965517,
  "9": 0.2717241379310345,
  "10": 0.2924137931034483,
  "11": 0.31724137931034485,
  "12": 0.3337931034482759,
  "13": 0.3531034482758621,
  "14": 0.37517241379310345,
  "15": 0.39586206896551723,
  "16": 0.4096551724137931,
  "17": 0.42758620689655175,
  "18": 0.45103448275862074,
  "19": 0.4731034482758621,
  "20": 0.48965517241379314,
  "21": 0.5048275862068966,
  "22": 0.5213793103448277,
  "23": 0.5310344827586208,
  "24": 0.5420689655172415,
  "25": 0.5558620689655174,
  "26": 0.5724137931034484,
  "27": 0.5848275862068967,
  "28": 0.5917241379310346,
  "29": 0.606896551724138,
  "30": 0.6206896551724139,
  "31": 0.6358620689655173,
  "32": 0.6427586206896553,
  "33": 0.6565517241379312,
  "34": 0.6620689655172415,
  "35": 0.6648275862068966,
  "36": 0.6744827586206897,
  "37": 0.6813793103448277,
  "38": 0.6855172413793105,
  "39": 0.6965517241379312,
  "40": 0.7131034482758623,
  "41": 0.717241379310345,
  "42": 0.724137931034483,
  "43": 0.7351724137931037,
  "44": 0.7420689655172417,
  "45": 0.7448275862068968,
  "46": 0.7489655172413796,
  "47": 0.7558620689655176,
  "48": 0.7627586206896555,
  "49": 0.7641379310344831,
  "50": 0.7668965517241383,
  "51": 0.7751724137931038,
  "52": 0.7820689655172417,
  "53": 0.7889655172413796,
  "54": 0.7958620689655176,
  "55": 0.7972413793103452,
  "56": 0.8041379310344832,
  "57": 0.8096551724137935,
  "58": 0.8124137931034486,
  "59": 0.8137931034482763,
  "60": 0.8179310344827591,
  "61": 0.8193103448275867,
  "64": 0.8206896551724143,
  "65": 0.822068965517242,
  "66": 0.8248275862068971,
  "67": 0.8317241379310351,
  "68": 0.8358620689655178,
  "69": 0.8413793103448282,
  "71": 0.8427586206896558,
  "72": 0.845517241379311,
  "73": 0.8482758620689661,
  "74": 0.8496551724137937,
  "75": 0.855172413793104,
  "77": 0.8579310344827592,
  "79": 0.862068965517242,
  "80": 0.8689655172413799,
  "82": 0.8717241379310351,
  "83": 0.8731034482758627,
  "84": 0.8758620689655179,
  "85": 0.8813793103448282,
  "86": 0.8827586206896558,
  "88": 0.8868965517241386,
  "89": 0.8882758620689662,
  "90": 0.8910344827586214,
  "91": 0.8937931034482766,
  "92": 0.8951724137931042,
  "93": 0.8979310344827593,
  "94": 0.899310344827587,
  "97": 0.9020689655172421,
  "98": 0.9048275862068973,
  "99": 0.9062068965517249,
  "100": 0.9089655172413801,
  "101": 0.9117241379310352,
  "102": 0.915862068965518,
  "104": 0.9186206896551732,
  "105": 0.9213793103448283,
  "107": 0.9241379310344835,
  "108": 0.9255172413793111,
  "110": 0.9296551724137939,
  "112": 0.9310344827586216,
  "113": 0.9324137931034492,
  "114": 0.9351724137931043,
  "115": 0.936551724137932,
  "117": 0.9379310344827596,
  "118": 0.9393103448275872,
  "119": 0.9406896551724149,
  "122": 0.94344827586207,
  "123": 0.9448275862068977,
  "125": 0.9489655172413805,
  "126": 0.9517241379310356,
  "127": 0.9544827586206908,
  "129": 0.9572413793103459,
  "131": 0.9600000000000011,
  "133": 0.9613793103448287,
  "135": 0.9627586206896563,
  "136": 0.964137931034484,
  "138": 0.9655172413793116,
  "141": 0.9668965517241392,
  "143": 0.9682758620689669,
  "145": 0.9696551724137945,
  "148": 0.9710344827586221,
  "153": 0.9737931034482773,
  "156": 0.9751724137931049,
  "165": 0.9765517241379326,
  "172": 0.9779310344827602,
  "173": 0.9806896551724154,
  "175": 0.982068965517243,
  "177": 0.9834482758620706,
  "178": 0.9862068965517258,
  "180": 0.9889655172413809,
  "185": 0.9917241379310361,
  "188": 0.9931034482758637,
  "193": 0.9944827586206914,
  "197": 0.9972413793103465,
  "198": 1.0000000000000018
}