{
  "2": 0.153,
  "3": 0.276,
  "4": 0.398,
  "5": 0.468,
  "6": 0.536,
  "7": 0.5900000000000001,
  "8": 0.6340000000000001,
  "9": 0.6840000000000002,
  "10": 0.7250000000000002,
  "11": 0.7420000000000002,
  "12": 0.7680000000000002,
  "13": 0.7790000000000002,
  "14": 0.7850000000000003,
  "15": 0.7920000000000003,
  "16": 0.7980000000000003,
  "17": 0.8040000000000003,
  "18": 0.8090000000000003,
  "19": 0.8170000000000003,
  "20": 0.8210000000000003,
  "21": 0.8280000000000003,
  "22": 0.8450000000000003,
  "23": 0.8530000000000003,
  "24": 0.8600000000000003,
  "25": 0.8670000000000003,
  "26": 0.8780000000000003,
  "27": 0.8840000000000003,
  "28": 0.8890000000000003,
  "29": 0.8960000000000004,
  "30": 0.9050000000000004,
  "31": 0.9120000000000004,
  "32": 0.9150000000000004,
  "33": 0.9170000000000004,
  "34": 0.9200000000000004,
  "35": 0.9230000000000004,
  "36": 0.9290000000000004,
  "37": 0.9320000000000004,
  "38": 0.9350000000000004,
  "39": 0.9400000000000004,
  "40": 0.9440000000000004,
  "41": 0.9490000000000004,
  "42": 0.9530000000000004,
  "43": 0.9550000000000004,
  "44": 0.9570000000000004,
  "45": 0.9600000000000004,
  "46": 0.9610000000000004,
  "47": 0.9620000000000004,
  "48": 0.9680000000000004,
  "49": 0.9710000000000004,
  "50": 0.9730000000000004,
  "51": 0.9760000000000004,
  "52": 0.9790000000000004,
  "54": 0.9810000000000004,
  "55": 0.9820000000000004,
  "56": 0.9840000000000004,
  "57": 0.9870000000000004,
  "59": 0.9880000000000004,
  "61": 0.9890000000000004,
  "63": 0.9910000000000004,
  "66": 0.9920000000000004,
  "68": 0.9930000000000004,
  "69": 0.9940000000000004,
  "70": 0.9950000000000004,
  "71": 0.9960000000000004,
  "72": 0.9980000000000004,
  "74": 0.9990000000000004,
  "77": 1.0000000000000004
}