{
  "2": 0.03945885005636979,
  "3": 0.09808342728297632,
  "4": 0.14317925591882752,
  "5": 0.19165727170236754,
  "6": 0.22435174746335965,
  "7": 0.2525366403607666,
  "8": 0.27395715896279593,
  "9": 0.30439684329199546,
  "10": 0.3359639233370913,
  "11": 0.3528748590755355,
  "12": 0.37993235625704624,
  "13": 0.3979706877113867,
  "14": 0.4160090191657272,
  "15": 0.4261555806087937,
  "16": 0.45208568207440814,
  "17": 0.46674182638105977,
  "18": 0.4870349492671928,
  "19": 0.5129650507328073,
  "20": 0.5231116121758738,
  "21": 0.5355129650507329,
  "22": 0.552423900789177,
  "23": 0.5682074408117249,
  "24": 0.5772266065388951,
  "25": 0.5862457722660653,
  "26": 0.600901916572717,
  "27": 0.6110484780157834,
  "28": 0.6234498308906425,
  "29": 0.629086809470124,
  "30": 0.6381059751972942,
  "31": 0.6437429537767756,
  "32": 0.6583990980834272,
  "33": 0.6651634723788049,
  "34": 0.6685456595264937,
  "35": 0.6753100338218714,
  "36": 0.6820744081172491,
  "37": 0.6877113866967305,
  "38": 0.6922209695603156,
  "39": 0.7001127395715896,
  "40": 0.7034949267192784,
  "41": 0.7091319052987598,
  "42": 0.7125140924464486,
  "43": 0.71815107102593,
  "44": 0.7249154453213077,
  "45": 0.7316798196166854,
  "46": 0.7418263810597518,
  "47": 0.7429537767756481,
  "48": 0.7497181510710258,
  "49": 0.754227733934611,
  "50": 0.7576099210822997,
  "51": 0.7598647125140923,
  "52": 0.7655016910935737,
  "53": 0.7711386696730551,
  "54": 0.7767756482525365,
  "55": 0.7790304396843291,
  "56": 0.7824126268320178,
  "57": 0.7880496054114993,
  "58": 0.7936865839909807,
  "59": 0.8015783540022546,
  "60": 0.8027057497181509,
  "61": 0.8094701240135286,
  "62": 0.8105975197294248,
  "63": 0.8117249154453211,
  "64": 0.8162344983089063,
  "65": 0.819616685456595,
  "66": 0.8218714768883876,
  "67": 0.8252536640360764,
  "68": 0.8297632468996615,
  "69": 0.832018038331454,
  "70": 0.8331454340473503,
  "71": 0.8342728297632466,
  "73": 0.839909808342728,
  "74": 0.8432919954904168,
  "75": 0.8478015783540019,
  "76": 0.8500563697857945,
  "77": 0.852311161217587,
  "78": 0.8556933483652758,
  "79": 0.856820744081172,
  "80": 0.8590755355129646,
  "81": 0.8635851183765497,
  "82": 0.8658399098083422,
  "83": 0.8680947012401348,
  "84": 0.8737316798196162,
  "85": 0.8748590755355125,
  "86": 0.877113866967305,
  "87": 0.8793686583990975,
  "88": 0.88162344983089,
  "89": 0.8850056369785788,
  "90": 0.889515219842164,
  "91": 0.8951521984216454,
  "92": 0.8974069898534379,
  "93": 0.8985343855693342,
  "94": 0.8996617812852304,
  "97": 0.9007891770011267,
  "99": 0.9030439684329192,
  "100": 0.9041713641488155,
  "103": 0.906426155580608,
  "104": 0.9109357384441932,
  "106": 0.9120631341600894,
  "107": 0.9154453213077782,
  "109": 0.918827508455467,
  "110": 0.9199549041713633,
  "111": 0.9222096956031558,
  "113": 0.9255918827508446,
  "115": 0.9289740698985334,
  "117": 0.9312288613303259,
  "118": 0.9323562570462222,
  "122": 0.9334836527621184,
  "123": 0.9368658399098072,
  "125": 0.9391206313415997,
  "126": 0.9413754227733923,
  "127": 0.9425028184892885,
  "128": 0.944757609921081,
  "130": 0.9470124013528736,
  "134": 0.9481397970687698,
  "135": 0.9492671927846661,
  "136": 0.9503945885005624,
  "138": 0.9515219842164586,
  "140": 0.9526493799323549,
  "141": 0.9537767756482511,
  "145": 0.9549041713641474,
  "147": 0.9560315670800437,
  "149": 0.9582863585118362,
  "150": 0.9594137542277325,
  "151": 0.9605411499436287,
  "152": 0.9627959413754212,
  "154": 0.9639233370913175,
  "155": 0.9650507328072138,
  "156": 0.9673055242390063,
  "157": 0.9695603156707988,
  "159": 0.9706877113866951,
  "161": 0.9729425028184876,
  "162": 0.9740698985343839,
  "163": 0.9751972942502801,
  "164": 0.9763246899661764,
  "165": 0.9774520856820726,
  "166": 0.9785794813979689,
  "168": 0.9797068771138652,
  "169": 0.9808342728297614,
  "170": 0.9819616685456577,
  "174": 0.9842164599774502,
  "176": 0.9864712514092427,
  "178": 0.987598647125139,
  "179": 0.9898534385569315,
  "180": 0.9909808342728278,
  "186": 0.992108229988724,
  "188": 0.9932356257046203,
  "190": 0.9954904171364128,
  "191": 0.9966178128523091,
  "194": 0.9977452085682054,
  "196": 0.9988726042841016,
  "199": 0.9999999999999979
}