{
  "2": 0.101,
  "3": 0.535,
  "4": 0.754,
  "5": 0.838,
  "6": 0.889,
  "7": 0.914,
  "8": 0.935,
  "9": 0.9470000000000001,
  "10": 0.9590000000000001,
  "11": 0.9670000000000001,
  "12": 0.9720000000000001,
  "13": 0.9730000000000001,
  "14": 0.9760000000000001,
  "15": 0.9790000000000001,
  "16": 0.9800000000000001,
  "17": 0.9850000000000001,
  "18": 0.9870000000000001,
  "20": 0.9890000000000001,
  "22": 0.9900000000000001,
  "23": 0.9910000000000001,
  "24": 0.9920000000000001,
  "25": 0.9930000000000001,
  "31": 0.9940000000000001,
  "33": 0.9950000000000001,
  "34": 0.9960000000000001,
  "35": 0.9980000000000001,
  "36": 0.9990000000000001,
  "39": 1.0
}