{
  "2": 0.0407098121085595,
  "3": 0.11795407098121086,
  "4": 0.18997912317327764,
  "5": 0.23486430062630478,
  "6": 0.27557411273486426,
  "7": 0.3089770354906054,
  "8": 0.3402922755741127,
  "9": 0.3643006263048016,
  "10": 0.39979123173277653,
  "11": 0.4300626304801669,
  "12": 0.4561586638830897,
  "13": 0.48121085594989554,
  "14": 0.49999999999999994,
  "15": 0.5187891440501043,
  "16": 0.534446764091858,
  "17": 0.5469728601252609,
  "18": 0.5730688935281837,
  "19": 0.5897703549060542,
  "20": 0.5981210855949896,
  "21": 0.6106471816283925,
  "22": 0.6221294363256785,
  "23": 0.6336116910229646,
  "24": 0.6440501043841337,
  "25": 0.6513569937369521,
  "26": 0.6617954070981212,
  "27": 0.6711899791231735,
  "28": 0.676409185803758,
  "29": 0.6837160751565764,
  "30": 0.6899791231732778,
  "31": 0.7025052192066807,
  "32": 0.7066805845511483,
  "33": 0.7118997912317329,
  "34": 0.7139874739039667,
  "35": 0.7212943632567851,
  "36": 0.7265135699373696,
  "37": 0.7296450939457203,
  "38": 0.732776617954071,
  "39": 0.7390396659707724,
  "40": 0.7442588726513569,
  "41": 0.7473903966597076,
  "42": 0.7515657620041752,
  "43": 0.753653444676409,
  "44": 0.7557411273486428,
  "45": 0.7578288100208767,
  "46": 0.7609603340292274,
  "48": 0.7630480167014612,
  "49": 0.7682672233820457,
  "50": 0.7703549060542795,
  "51": 0.7724425887265133,
  "52": 0.7745302713987471,
  "53": 0.7776617954070978,
  "54": 0.7797494780793316,
  "55": 0.7818371607515654,
  "56": 0.7849686847599161,
  "57": 0.7881002087682668,
  "58": 0.7922755741127344,
  "59": 0.7933194154488513,
  "60": 0.7954070981210851,
  "61": 0.7985386221294358,
  "62": 0.8048016701461372,
  "63": 0.8058455114822541,
  "65": 0.8079331941544879,
  "66": 0.8089770354906048,
  "67": 0.8110647181628386,
  "68": 0.8141962421711894,
  "69": 0.8152400835073063,
  "70": 0.8173277661795401,
  "71": 0.818371607515657,
  "72": 0.8225469728601246,
  "73": 0.8246346555323584,
  "74": 0.8256784968684753,
  "75": 0.8277661795407091,
  "76": 0.8308977035490598,
  "77": 0.8340292275574105,
  "78": 0.8361169102296443,
  "79": 0.8371607515657612,
  "80": 0.8402922755741119,
  "81": 0.8434237995824626,
  "82": 0.8475991649269302,
  "83": 0.849686847599164,
  "84": 0.8549060542797485,
  "85": 0.8559498956158654,
  "86": 0.8580375782880992,
  "87": 0.8590814196242161,
  "89": 0.860125260960333,
  "90": 0.8643006263048006,
  "91": 0.8653444676409175,
  "92": 0.8695198329853852,
  "94": 0.871607515657619,
  "96": 0.8726513569937359,
  "97": 0.8757828810020866,
  "98": 0.8778705636743204,
  "99": 0.8799582463465542,
  "100": 0.8830897703549049,
  "101": 0.8851774530271387,
  "103": 0.8862212943632556,
  "104": 0.8893528183716063,
  "105": 0.8903966597077232,
  "106": 0.8914405010438401,
  "107": 0.8945720250521908,
  "108": 0.8966597077244246,
  "110": 0.8977035490605415,
  "111": 0.8987473903966584,
  "113": 0.9008350730688922,
  "114": 0.902922755741126,
  "116": 0.9050104384133598,
  "118": 0.9070981210855936,
  "119": 0.9102296450939443,
  "121": 0.9123173277661781,
  "122": 0.9154488517745288,
  "123": 0.9175365344467626,
  "124": 0.9185803757828795,
  "125": 0.9206680584551133,
  "129": 0.9227557411273472,
  "130": 0.923799582463464,
  "131": 0.9258872651356979,
  "132": 0.9269311064718148,
  "133": 0.9279749478079317,
  "137": 0.9300626304801655,
  "141": 0.9331941544885162,
  "144": 0.9342379958246331,
  "146": 0.9363256784968669,
  "147": 0.9373695198329838,
  "148": 0.9384133611691007,
  "149": 0.9394572025052176,
  "150": 0.9405010438413345,
  "151": 0.9415448851774514,
  "152": 0.9446764091858021,
  "153": 0.9467640918580359,
  "155": 0.9478079331941528,
  "156": 0.9498956158663866,
  "157": 0.9519832985386204,
  "158": 0.9540709812108542,
  "160": 0.9551148225469711,
  "161": 0.956158663883088,
  "162": 0.9592901878914387,
  "163": 0.9603340292275556,
  "164": 0.9613778705636725,
  "168": 0.9624217118997894,
  "169": 0.9645093945720232,
  "170": 0.9655532359081401,
  "171": 0.966597077244257,
  "172": 0.9676409185803739,
  "173": 0.9697286012526077,
  "174": 0.9707724425887246,
  "175": 0.9728601252609584,
  "176": 0.9739039665970753,
  "177": 0.9749478079331922,
  "178": 0.9759916492693091,
  "179": 0.9801670146137768,
  "181": 0.9822546972860106,
  "182": 0.9832985386221275,
  "183": 0.9853862212943613,
  "184": 0.9864300626304782,
  "185": 0.9874739039665951,
  "186": 0.988517745302712,
  "188": 0.9895615866388289,
  "190": 0.9916492693110627,
  "193": 0.9937369519832965,
  "196": 0.9958246346555303,
  "197": 0.9968684759916472,
  "199": 0.9999999999999979
}