{
  "2": 0.08108108108108109,
  "3": 0.1718146718146718,
  "4": 0.25096525096525096,
  "5": 0.30115830115830117,
  "6": 0.333976833976834,
  "7": 0.3764478764478765,
  "8": 0.40540540540540543,
  "9": 0.44015444015444016,
  "10": 0.4749034749034749,
  "11": 0.4922779922779923,
  "12": 0.5308880308880309,
  "13": 0.5501930501930502,
  "14": 0.5733590733590733,
  "15": 0.583011583011583,
  "16": 0.5945945945945945,
  "17": 0.6196911196911196,
  "18": 0.6428571428571427,
  "19": 0.66023166023166,
  "20": 0.6737451737451735,
  "21": 0.6911196911196908,
  "22": 0.712355212355212,
  "23": 0.7258687258687255,
  "24": 0.7316602316602313,
  "25": 0.7413127413127409,
  "26": 0.7471042471042467,
  "27": 0.7586872586872583,
  "28": 0.7760617760617756,
  "29": 0.8011583011583007,
  "30": 0.8281853281853278,
  "31": 0.8436293436293432,
  "32": 0.8552123552123547,
  "33": 0.8629343629343624,
  "34": 0.8764478764478759,
  "35": 0.8822393822393817,
  "36": 0.8880308880308875,
  "38": 0.8938223938223933,
  "39": 0.8976833976833971,
  "40": 0.9092664092664087,
  "41": 0.9169884169884164,
  "42": 0.9305019305019299,
  "43": 0.9362934362934356,
  "44": 0.9440154440154434,
  "45": 0.9498069498069491,
  "46": 0.953667953667953,
  "47": 0.9575289575289568,
  "48": 0.9594594594594588,
  "49": 0.9652509652509645,
  "50": 0.9671814671814665,
  "51": 0.9710424710424703,
  "52": 0.9749034749034742,
  "54": 0.978764478764478,
  "55": 0.98069498069498,
  "56": 0.9845559845559838,
  "57": 0.9864864864864857,
  "58": 0.9903474903474896,
  "59": 0.9922779922779915,
  "60": 0.9942084942084934,
  "61": 0.9980694980694973,
  "65": 0.9999999999999992
}