{
  "2": 0.028694404591104734,
  "3": 0.07173601147776185,
  "4": 0.1205164992826399,
  "5": 0.16642754662840747,
  "6": 0.1951219512195122,
  "7": 0.22812051649928264,
  "8": 0.2539454806312769,
  "9": 0.272596843615495,
  "10": 0.29985652797704454,
  "11": 0.3142037302725969,
  "12": 0.33859397417503595,
  "13": 0.35724533715925405,
  "14": 0.36728837876614073,
  "15": 0.3787661406025826,
  "16": 0.3902439024390245,
  "17": 0.4045911047345769,
  "18": 0.41463414634146356,
  "19": 0.42180774748923977,
  "20": 0.4304160688665712,
  "21": 0.4418938307030131,
  "22": 0.4591104734576759,
  "23": 0.4791965566714492,
  "24": 0.4978479196556673,
  "25": 0.502152080344333,
  "26": 0.5150645624103302,
  "27": 0.532281205164993,
  "28": 0.5437589670014349,
  "29": 0.5451936872309902,
  "30": 0.5494978479196558,
  "31": 0.5595408895265425,
  "32": 0.5652797704447634,
  "33": 0.5738880918220949,
  "34": 0.5796269727403158,
  "35": 0.5839311334289815,
  "36": 0.5882352941176472,
  "37": 0.5925394548063129,
  "38": 0.5997130559540891,
  "39": 0.6025824964131996,
  "40": 0.6040172166427549,
  "41": 0.6126255380200863,
  "42": 0.6197991391678626,
  "43": 0.6241032998565282,
  "44": 0.6398852223816358,
  "45": 0.647058823529412,
  "46": 0.6499282639885225,
  "47": 0.6571018651362988,
  "48": 0.664275466284075,
  "49": 0.6743185078909616,
  "50": 0.6800573888091825,
  "51": 0.6857962697274035,
  "52": 0.6929698708751797,
  "53": 0.7044476327116216,
  "54": 0.7101865136298425,
  "55": 0.7144906743185082,
  "56": 0.7245337159253948,
  "57": 0.7302725968436158,
  "58": 0.7360114777618367,
  "59": 0.737446197991392,
  "60": 0.7417503586800577,
  "61": 0.7460545193687234,
  "62": 0.7489239598278339,
  "63": 0.7575322812051654,
  "65": 0.7604017216642759,
  "66": 0.7632711621233864,
  "67": 0.7661406025824969,
  "68": 0.7690100430416075,
  "70": 0.7747489239598284,
  "71": 0.7790530846484941,
  "72": 0.7819225251076046,
  "73": 0.7862266857962703,
  "74": 0.7890961262553808,
  "75": 0.7934002869440465,
  "76": 0.7991391678622675,
  "77": 0.8034433285509331,
  "79": 0.8048780487804884,
  "80": 0.8063127690100437,
  "81": 0.8077474892395989,
  "82": 0.8120516499282646,
  "83": 0.8134863701578199,
  "84": 0.8192252510760408,
  "85": 0.8235294117647065,
  "86": 0.826398852223817,
  "87": 0.8292682926829276,
  "88": 0.8321377331420381,
  "89": 0.8364418938307038,
  "90": 0.837876614060259,
  "92": 0.8407460545193696,
  "93": 0.8479196556671458,
  "94": 0.8507890961262563,
  "95": 0.8536585365853668,
  "96": 0.8550932568149221,
  "97": 0.8579626972740326,
  "98": 0.8593974175035879,
  "99": 0.8622668579626984,
  "100": 0.865136298421809,
  "104": 0.8665710186513642,
  "106": 0.8694404591104747,
  "107": 0.87087517934003,
  "108": 0.8723098995695853,
  "109": 0.8751793400286958,
  "110": 0.8780487804878063,
  "111": 0.882352941176472,
  "112": 0.8837876614060273,
  "113": 0.8852223816355825,
  "114": 0.8895265423242482,
  "115": 0.8923959827833587,
  "117": 0.893830703012914,
  "123": 0.8952654232424693,
  "125": 0.8967001434720245,
  "128": 0.8981348637015798,
  "130": 0.8995695839311351,
  "131": 0.9010043041606903,
  "132": 0.9024390243902456,
  "133": 0.9038737446198009,
  "134": 0.9067431850789114,
  "135": 0.9081779053084666,
  "136": 0.9096126255380219,
  "137": 0.9110473457675772,
  "138": 0.9124820659971324,
  "142": 0.9139167862266877,
  "144": 0.915351506456243,
  "146": 0.9167862266857982,
  "147": 0.9182209469153535,
  "148": 0.9196556671449088,
  "149": 0.9239598278335744,
  "150": 0.9282639885222401,
  "151": 0.9325681492109058,
  "153": 0.9354375896700163,
  "154": 0.9368723098995716,
  "155": 0.9397417503586821,
  "157": 0.9411764705882374,
  "158": 0.9426111908177927,
  "159": 0.9454806312769032,
  "161": 0.9469153515064584,
  "164": 0.9483500717360137,
  "165": 0.9512195121951242,
  "166": 0.9555236728837899,
  "168": 0.9569583931133452,
  "169": 0.9583931133429004,
  "170": 0.961262553802011,
  "172": 0.9626972740315662,
  "174": 0.9641319942611215,
  "175": 0.9655667144906768,
  "176": 0.967001434720232,
  "177": 0.9684361549497873,
  "178": 0.9698708751793426,
  "180": 0.9727403156384531,
  "181": 0.9756097560975636,
  "183": 0.9770444763271189,
  "184": 0.9799139167862294,
  "187": 0.9827833572453399,
  "188": 0.9842180774748952,
  "189": 0.9870875179340057,
  "190": 0.9899569583931163,
  "191": 0.9928263988522268,
  "192": 0.994261119081782,
  "193": 0.9956958393113373,
  "196": 0.9985652797704478,
  "197": 1.000000000000003
}