{
  "2": 0.3152492668621701,
  "3": 0.4530791788856305,
  "4": 0.5498533724340176,
  "5": 0.596774193548387,
  "6": 0.6378299120234603,
  "7": 0.6730205278592374,
  "8": 0.7096774193548385,
  "9": 0.7551319648093839,
  "10": 0.7917888563049851,
  "11": 0.8284457478005862,
  "12": 0.8563049853372431,
  "13": 0.8812316715542519,
  "14": 0.8944281524926683,
  "15": 0.9076246334310847,
  "16": 0.9222873900293251,
  "17": 0.9325513196480935,
  "18": 0.9398826979472137,
  "19": 0.9428152492668618,
  "20": 0.951612903225806,
  "21": 0.9560117302052782,
  "22": 0.9633431085043984,
  "23": 0.9648093841642225,
  "24": 0.9706744868035186,
  "25": 0.9721407624633427,
  "26": 0.9794721407624629,
  "29": 0.982404692082111,
  "31": 0.983870967741935,
  "33": 0.9853372434017591,
  "35": 0.9868035190615831,
  "37": 0.9897360703812312,
  "40": 0.9926686217008793,
  "42": 0.9941348973607034,
  "45": 0.9956011730205274,
  "53": 0.9970674486803515,
  "54": 0.9985337243401755,
  "57": 0.9999999999999996
}