{
  "2": 0.292,
  "3": 0.482,
  "4": 0.566,
  "5": 0.6319999999999999,
  "6": 0.6829999999999999,
  "7": 0.715,
  "8": 0.746,
  "9": 0.777,
  "10": 0.8,
  "11": 0.8310000000000001,
  "12": 0.8580000000000001,
  "13": 0.8840000000000001,
  "14": 0.9060000000000001,
  "15": 0.9220000000000002,
  "16": 0.9320000000000002,
  "17": 0.9440000000000002,
  "18": 0.9500000000000002,
  "19": 0.9540000000000002,
  "20": 0.9570000000000002,
  "21": 0.9600000000000002,
  "22": 0.9630000000000002,
  "23": 0.9640000000000002,
  "24": 0.9680000000000002,
  "25": 0.9710000000000002,
  "26": 0.9730000000000002,
  "27": 0.9760000000000002,
  "28": 0.9770000000000002,
  "33": 0.9780000000000002,
  "35": 0.9800000000000002,
  "36": 0.9810000000000002,
  "37": 0.9830000000000002,
  "39": 0.9850000000000002,
  "40": 0.9870000000000002,
  "41": 0.9880000000000002,
  "44": 0.9890000000000002,
  "49": 0.9910000000000002,
  "52": 0.9920000000000002,
  "59": 0.9940000000000002,
  "62": 0.9950000000000002,
  "66": 0.9960000000000002,
  "67": 0.9970000000000002,
  "74": 0.9980000000000002,
  "139": 1.0000000000000002,
  "120": 0.9990000000000002
}