{
  "2": 0.46419098143236076,
  "3": 0.7148541114058355,
  "4": 0.8952254641909814,
  "5": 0.986737400530504,
  "6": 1.0
}