{
  "2": 0.06471816283924843,
  "3": 0.11169102296450939,
  "4": 0.151356993736952,
  "5": 0.18475991649269313,
  "6": 0.2014613778705637,
  "7": 0.22755741127348644,
  "8": 0.2453027139874739,
  "9": 0.26826722338204595,
  "10": 0.2995824634655533,
  "11": 0.3173277661795408,
  "12": 0.3361169102296452,
  "13": 0.36221294363256795,
  "14": 0.37995824634655545,
  "15": 0.39874739039665985,
  "16": 0.4144050104384135,
  "17": 0.43006263048016713,
  "18": 0.44572025052192077,
  "19": 0.4572025052192068,
  "20": 0.47286012526096044,
  "21": 0.4864300626304803,
  "22": 0.49478079331941555,
  "23": 0.5000000000000001,
  "24": 0.5052192066805846,
  "25": 0.5093945720250522,
  "26": 0.5198329853862214,
  "27": 0.5250521920668059,
  "28": 0.5313152400835073,
  "29": 0.5365344467640918,
  "30": 0.5427974947807932,
  "31": 0.5501043841336116,
  "32": 0.55741127348643,
  "33": 0.5668058455114823,
  "34": 0.5793319415448852,
  "35": 0.5908141962421712,
  "36": 0.616910229645094,
  "37": 0.6356993736951984,
  "38": 0.6503131524008351,
  "39": 0.6711899791231732,
  "40": 0.6816283924843424,
  "41": 0.6951983298538622,
  "42": 0.7045929018789144,
  "43": 0.721294363256785,
  "44": 0.7306889352818372,
  "45": 0.7640918580375783,
  "46": 0.7724425887265136,
  "47": 0.779749478079332,
  "48": 0.7818371607515658,
  "49": 0.792275574112735,
  "50": 0.7995824634655534,
  "51": 0.8110647181628394,
  "52": 0.8194154488517748,
  "53": 0.8267223382045932,
  "54": 0.8277661795407101,
  "55": 0.8298538622129439,
  "56": 0.8308977035490608,
  "57": 0.8319415448851777,
  "58": 0.8350730688935284,
  "59": 0.8371607515657622,
  "60": 0.8423799582463467,
  "61": 0.8444676409185805,
  "62": 0.8475991649269312,
  "63": 0.849686847599165,
  "64": 0.8507306889352819,
  "68": 0.8538622129436326,
  "69": 0.8569937369519833,
  "71": 0.8580375782881002,
  "73": 0.860125260960334,
  "74": 0.8622129436325678,
  "75": 0.8643006263048016,
  "76": 0.8674321503131524,
  "77": 0.87160751565762,
  "78": 0.8789144050104384,
  "79": 0.8820459290187891,
  "80": 0.883089770354906,
  "81": 0.8841336116910229,
  "82": 0.8872651356993736,
  "83": 0.8903966597077243,
  "84": 0.8924843423799581,
  "85": 0.8956158663883088,
  "86": 0.9008350730688933,
  "87": 0.9050104384133609,
  "88": 0.9060542797494778,
  "89": 0.9070981210855947,
  "91": 0.9112734864300623,
  "92": 0.9123173277661792,
  "93": 0.9133611691022961,
  "95": 0.91544885177453,
  "96": 0.9175365344467638,
  "98": 0.9206680584551145,
  "99": 0.9217118997912314,
  "100": 0.9227557411273483,
  "103": 0.9237995824634652,
  "104": 0.9248434237995821,
  "108": 0.925887265135699,
  "110": 0.9269311064718159,
  "111": 0.9290187891440497,
  "115": 0.9321503131524004,
  "116": 0.9331941544885173,
  "118": 0.9342379958246342,
  "119": 0.9352818371607511,
  "120": 0.9373695198329849,
  "123": 0.9394572025052187,
  "124": 0.9405010438413356,
  "125": 0.9425887265135694,
  "128": 0.9436325678496863,
  "129": 0.946764091858037,
  "130": 0.9478079331941539,
  "134": 0.9488517745302708,
  "136": 0.9498956158663877,
  "137": 0.9519832985386215,
  "140": 0.9530271398747384,
  "141": 0.9540709812108553,
  "146": 0.9551148225469722,
  "147": 0.9561586638830891,
  "148": 0.9582463465553229,
  "152": 0.9592901878914398,
  "153": 0.9603340292275567,
  "158": 0.9613778705636736,
  "160": 0.9634655532359074,
  "163": 0.9655532359081412,
  "165": 0.9665970772442581,
  "168": 0.967640918580375,
  "169": 0.9686847599164919,
  "170": 0.9697286012526088,
  "171": 0.9707724425887257,
  "172": 0.9728601252609596,
  "176": 0.9739039665970765,
  "178": 0.9749478079331934,
  "179": 0.9759916492693103,
  "180": 0.9770354906054272,
  "181": 0.9780793319415441,
  "183": 0.9812108559498948,
  "184": 0.9822546972860117,
  "186": 0.9843423799582455,
  "188": 0.9874739039665962,
  "189": 0.9885177453027131,
  "191": 0.98956158663883,
  "192": 0.9906054279749469,
  "194": 0.9916492693110638,
  "195": 0.9926931106471807,
  "196": 0.9958246346555314,
  "197": 0.9979123173277652,
  "198": 0.9989561586638821,
  "200": 0.999999999999999
}