{
  "2": 0.0322234156820623,
  "3": 0.06659505907626209,
  "4": 0.11063372717508058,
  "5": 0.14285714285714288,
  "6": 0.1707841031149302,
  "7": 0.19226638023630507,
  "8": 0.22663802363050486,
  "9": 0.2524167561761547,
  "10": 0.28571428571428575,
  "11": 0.2953813104189044,
  "12": 0.3114930182599356,
  "13": 0.3243823845327605,
  "14": 0.3458646616541354,
  "15": 0.35767991407089156,
  "16": 0.3737916219119227,
  "17": 0.3888292158968851,
  "18": 0.4027926960257788,
  "19": 0.4092373791621912,
  "20": 0.42320085929108486,
  "21": 0.4339419978517723,
  "22": 0.439312567132116,
  "23": 0.447905477980666,
  "24": 0.45757250268528465,
  "25": 0.47261009667024706,
  "26": 0.4779806659505908,
  "27": 0.48657357679914076,
  "28": 0.49409237379162196,
  "29": 0.5005370569280344,
  "30": 0.5091299677765844,
  "31": 0.5155746509129968,
  "32": 0.5241675617615468,
  "33": 0.527389903329753,
  "34": 0.5392051557465092,
  "35": 0.5445757250268529,
  "36": 0.5531686358754029,
  "37": 0.5606874328678841,
  "38": 0.5692803437164341,
  "39": 0.5757250268528465,
  "40": 0.5810955961331903,
  "41": 0.586466165413534,
  "42": 0.5918367346938778,
  "43": 0.5972073039742215,
  "44": 0.6004296455424277,
  "45": 0.6047261009667027,
  "46": 0.6111707841031151,
  "47": 0.6186895810955964,
  "48": 0.6219119226638026,
  "49": 0.628356605800215,
  "50": 0.6315789473684212,
  "51": 0.6358754027926962,
  "52": 0.6369495166487649,
  "53": 0.6444683136412461,
  "54": 0.6498388829215899,
  "55": 0.6519871106337274,
  "56": 0.6552094522019336,
  "57": 0.6595059076262085,
  "58": 0.661654135338346,
  "59": 0.665950590762621,
  "60": 0.6702470461868959,
  "61": 0.6745435016111708,
  "62": 0.677765843179377,
  "63": 0.6799140708915146,
  "64": 0.6852846401718583,
  "65": 0.6874328678839958,
  "66": 0.6949516648764771,
  "67": 0.6981740064446833,
  "68": 0.7013963480128895,
  "69": 0.7110633727175082,
  "70": 0.7175080558539206,
  "71": 0.7239527389903331,
  "72": 0.7293233082706768,
  "73": 0.7314715359828143,
  "74": 0.7368421052631581,
  "75": 0.7422126745435018,
  "76": 0.7443609022556393,
  "77": 0.7465091299677769,
  "78": 0.7486573576799144,
  "80": 0.7518796992481206,
  "82": 0.758324382384533,
  "83": 0.762620837808808,
  "84": 0.7647690655209455,
  "85": 0.766917293233083,
  "86": 0.7701396348012892,
  "87": 0.7733619763694954,
  "88": 0.775510204081633,
  "89": 0.7765843179377017,
  "90": 0.7787325456498392,
  "91": 0.7841031149301829,
  "92": 0.7873254564983891,
  "93": 0.7916219119226641,
  "94": 0.7926960257787328,
  "95": 0.7948442534908703,
  "96": 0.800214822771214,
  "97": 0.8023630504833515,
  "98": 0.8055853920515578,
  "99": 0.8098818474758327,
  "100": 0.8120300751879702,
  "101": 0.8131041890440389,
  "103": 0.8141783029001076,
  "104": 0.8152524167561763,
  "105": 0.816326530612245,
  "106": 0.8184747583243825,
  "107": 0.8206229860365201,
  "108": 0.8216970998925888,
  "109": 0.8238453276047263,
  "111": 0.8270676691729325,
  "112": 0.82921589688507,
  "113": 0.8302900107411387,
  "114": 0.833512352309345,
  "115": 0.8345864661654137,
  "116": 0.8378088077336199,
  "118": 0.8388829215896886,
  "120": 0.8399570354457573,
  "121": 0.841031149301826,
  "123": 0.8431793770139635,
  "124": 0.845327604726101,
  "125": 0.8474758324382385,
  "126": 0.8485499462943072,
  "127": 0.8506981740064448,
  "128": 0.853920515574651,
  "129": 0.8560687432867885,
  "131": 0.8571428571428572,
  "132": 0.8582169709989259,
  "133": 0.8592910848549946,
  "134": 0.8614393125671321,
  "136": 0.8635875402792696,
  "137": 0.8646616541353384,
  "138": 0.8657357679914071,
  "139": 0.8668098818474758,
  "143": 0.8689581095596133,
  "144": 0.8711063372717508,
  "145": 0.8732545649838883,
  "146": 0.874328678839957,
  "147": 0.8754027926960257,
  "148": 0.8764769065520944,
  "150": 0.8775510204081631,
  "152": 0.8786251342642318,
  "157": 0.8796992481203005,
  "161": 0.881847475832438,
  "163": 0.8829215896885068,
  "164": 0.8839957035445755,
  "170": 0.886143931256713,
  "171": 0.8872180451127817,
  "172": 0.8904403866809879,
  "178": 0.8915145005370566,
  "179": 0.8925886143931253,
  "181": 0.893662728249194,
  "185": 0.8947368421052627,
  "186": 0.8958109559613314,
  "187": 0.8968850698174001,
  "190": 0.8979591836734688,
  "192": 0.8990332975295375,
  "194": 0.9001074113856062,
  "195": 0.9011815252416749,
  "202": 0.9022556390977436,
  "203": 0.9033297529538123,
  "204": 0.904403866809881,
  "207": 0.9065520945220186,
  "208": 0.9087003222341561,
  "209": 0.9097744360902248,
  "212": 0.9108485499462935,
  "214": 0.9119226638023622,
  "216": 0.9129967776584309,
  "219": 0.9140708915144996,
  "220": 0.9151450053705683,
  "222": 0.916219119226637,
  "223": 0.9172932330827057,
  "228": 0.9183673469387744,
  "231": 0.9205155746509119,
  "236": 0.9215896885069806,
  "238": 0.9226638023630493,
  "240": 0.923737916219118,
  "241": 0.9248120300751868,
  "246": 0.9258861439312555,
  "248": 0.9269602577873242,
  "251": 0.9280343716433929,
  "252": 0.9291084854994616,
  "254": 0.9312567132115991,
  "259": 0.9323308270676678,
  "260": 0.9334049409237365,
  "263": 0.9344790547798052,
  "273": 0.9355531686358739,
  "276": 0.9366272824919426,
  "277": 0.9377013963480113,
  "279": 0.93877551020408,
  "280": 0.9398496240601487,
  "283": 0.9409237379162174,
  "288": 0.9419978517722861,
  "295": 0.9430719656283548,
  "298": 0.9441460794844235,
  "301": 0.9452201933404922,
  "302": 0.9462943071965609,
  "310": 0.9473684210526296,
  "320": 0.9484425349086983,
  "324": 0.949516648764767,
  "336": 0.9505907626208357,
  "337": 0.9516648764769045,
  "344": 0.9527389903329732,
  "345": 0.9538131041890419,
  "363": 0.9548872180451106,
  "367": 0.9570354457572481,
  "372": 0.9581095596133168,
  "374": 0.9591836734693855,
  "376": 0.9602577873254542,
  "377": 0.9613319011815229,
  "384": 0.9624060150375916,
  "404": 0.9634801288936603,
  "405": 0.964554242749729,
  "419": 0.9656283566057977,
  "421": 0.9667024704618664,
  "425": 0.9677765843179351,
  "433": 0.9688506981740038,
  "434": 0.9699248120300725,
  "445": 0.9709989258861412,
  "446": 0.9720730397422099,
  "449": 0.9731471535982786,
  "490": 0.9752953813104162,
  "495": 0.9763694951664849,
  "496": 0.9774436090225536,
  "499": 0.9785177228786223,
  "505": 0.979591836734691,
  "514": 0.9806659505907597,
  "518": 0.9817400644468284,
  "525": 0.9828141783028971,
  "526": 0.9849624060150346,
  "533": 0.9860365198711033,
  "550": 0.987110633727172,
  "554": 0.9881847475832407,
  "558": 0.9903329752953782,
  "563": 0.9914070891514469,
  "572": 0.9924812030075156,
  "579": 0.9935553168635843,
  "591": 0.994629430719653,
  "613": 0.9957035445757217,
  "624": 0.9967776584317904,
  "648": 0.9978517722878592,
  "656": 0.9989258861439279,
  "663": 0.9999999999999966
}