{
  "2": 0.017673048600883652,
  "3": 0.06774668630338734,
  "4": 0.09425625920471283,
  "5": 0.1207658321060383,
  "6": 0.14580265095729014,
  "7": 0.16936671575846834,
  "8": 0.18851251840942562,
  "9": 0.20913107511045656,
  "10": 0.21796759941089838,
  "11": 0.23564064801178203,
  "12": 0.2503681885125184,
  "13": 0.2650957290132548,
  "14": 0.2812960235640648,
  "15": 0.28718703976435933,
  "16": 0.30780559646539024,
  "17": 0.3151693667157584,
  "18": 0.3269513991163475,
  "19": 0.337260677466863,
  "20": 0.34462444771723116,
  "21": 0.3519882179675993,
  "22": 0.36377025036818844,
  "23": 0.3711340206185566,
  "24": 0.3755522827687775,
  "25": 0.385861561119293,
  "26": 0.39322533136966115,
  "27": 0.3961708394698084,
  "28": 0.4064801178203239,
  "29": 0.40942562592047116,
  "30": 0.4153166421207657,
  "31": 0.4212076583210602,
  "32": 0.4256259204712811,
  "545": 0.9690721649484516,
  "34": 0.4285714285714284,
  "35": 0.4344624447717229,
  "36": 0.4374079528718702,
  "37": 0.4432989690721647,
  "38": 0.45213549337260656,
  "39": 0.4580265095729011,
  "40": 0.46686303387334294,
  "41": 0.46833578792341657,
  "42": 0.4742268041237111,
  "43": 0.478645066273932,
  "44": 0.48011782032400563,
  "45": 0.4874815905743738,
  "46": 0.49042709867452106,
  "47": 0.4963181148748156,
  "48": 0.4977908689248892,
  "49": 0.5051546391752574,
  "50": 0.5110456553755519,
  "51": 0.5154639175257728,
  "52": 0.5198821796759937,
  "53": 0.5257731958762882,
  "54": 0.5316642120765828,
  "55": 0.53460972017673,
  "57": 0.5390279823269509,
  "58": 0.55081001472754,
  "59": 0.5522827687776136,
  "572": 0.9734904270986725,
  "61": 0.5640648011782027,
  "62": 0.5670103092783499,
  "63": 0.5699558173784972,
  "64": 0.5758468335787917,
  "65": 0.5802650957290126,
  "66": 0.5891016200294544,
  "67": 0.5935198821796753,
  "68": 0.6008836524300435,
  "69": 0.6097201767304853,
  "70": 0.6156111929307798,
  "71": 0.6200294550810007,
  "72": 0.622974963181148,
  "73": 0.6244477172312216,
  "74": 0.6259204712812952,
  "75": 0.6288659793814425,
  "76": 0.6332842415316634,
  "77": 0.634756995581737,
  "78": 0.6406480117820316,
  "80": 0.6435935198821788,
  "81": 0.6450662739322525,
  "82": 0.6494845360824734,
  "84": 0.6539027982326943,
  "85": 0.6597938144329888,
  "86": 0.6612665684830624,
  "87": 0.6642120765832097,
  "88": 0.6656848306332833,
  "89": 0.6701030927835042,
  "90": 0.6730486008836515,
  "91": 0.6759941089837987,
  "92": 0.6833578792341669,
  "93": 0.6848306332842405,
  "94": 0.6907216494845351,
  "95": 0.695139911634756,
  "96": 0.6966126656848296,
  "97": 0.6995581737849769,
  "99": 0.7025036818851241,
  "100": 0.7039764359351978,
  "102": 0.7054491899852714,
  "103": 0.706921944035345,
  "104": 0.7113402061855659,
  "105": 0.7128129602356396,
  "107": 0.7157584683357868,
  "110": 0.7172312223858605,
  "111": 0.7201767304860077,
  "112": 0.723122238586155,
  "113": 0.7275405007363759,
  "114": 0.7290132547864495,
  "115": 0.734904270986744,
  "118": 0.7378497790868913,
  "617": 0.9867452135493352,
  "120": 0.7393225331369649,
  "121": 0.7437407952871858,
  "123": 0.7452135493372595,
  "124": 0.7481590574374067,
  "125": 0.751104565537554,
  "639": 0.9896907216494825,
  "128": 0.7540500736377013,
  "130": 0.7555228276877749,
  "131": 0.7599410898379958,
  "132": 0.7614138438880694,
  "134": 0.7658321060382903,
  "135": 0.7687776141384376,
  "136": 0.7717231222385849,
  "137": 0.7746686303387321,
  "138": 0.779086892488953,
  "139": 0.7805596465390267,
  "140": 0.7879234167893948,
  "142": 0.7893961708394684,
  "143": 0.7923416789396157,
  "684": 0.995581737849777,
  "146": 0.7938144329896893,
  "659": 0.9926362297496297,
  "150": 0.795287187039763,
  "151": 0.7967599410898366,
  "666": 0.9941089837997034,
  "155": 0.7982326951399102,
  "156": 0.8011782032400575,
  "158": 0.8026509572901311,
  "601": 0.9837997054491879,
  "161": 0.8041237113402048,
  "162": 0.8055964653902784,
  "164": 0.8100147275404993,
  "166": 0.8114874815905729,
  "625": 0.9882179675994088,
  "171": 0.8129602356406466,
  "172": 0.8173784977908675,
  "173": 0.8188512518409411,
  "175": 0.8203240058910147,
  "178": 0.823269513991162,
  "179": 0.8247422680412356,
  "180": 0.8276877761413829,
  "181": 0.8306332842415302,
  "184": 0.8335787923416774,
  "185": 0.835051546391751,
  "187": 0.8365243004418247,
  "189": 0.8379970544918983,
  "190": 0.839469808541972,
  "191": 0.8409425625920456,
  "192": 0.8424153166421192,
  "193": 0.8438880706921928,
  "194": 0.8453608247422665,
  "586": 0.979381443298967,
  "198": 0.8468335787923401,
  "203": 0.8483063328424137,
  "204": 0.851251840942561,
  "206": 0.8527245949926346,
  "210": 0.8541973490427083,
  "211": 0.8556701030927819,
  "213": 0.8571428571428555,
  "214": 0.8600883652430028,
  "215": 0.8615611192930764,
  "216": 0.8630338733431501,
  "220": 0.8659793814432973,
  "222": 0.867452135493371,
  "223": 0.8689248895434446,
  "590": 0.9808541973490407,
  "228": 0.8703976435935182,
  "232": 0.8718703976435919,
  "234": 0.8733431516936655,
  "236": 0.8748159057437391,
  "239": 0.8762886597938128,
  "242": 0.8777614138438864,
  "243": 0.87923416789396,
  "245": 0.8807069219440337,
  "247": 0.8836524300441809,
  "253": 0.8865979381443282,
  "771": 0.9985272459499243,
  "262": 0.8880706921944018,
  "275": 0.8895434462444755,
  "278": 0.8910162002945491,
  "279": 0.8924889543446227,
  "291": 0.8939617083946964,
  "521": 0.967599410898378,
  "295": 0.89543446244477,
  "297": 0.8969072164948436,
  "304": 0.8983799705449173,
  "306": 0.8998527245949909,
  "692": 0.9970544918998506,
  "309": 0.9013254786450645,
  "607": 0.9852724594992616,
  "316": 0.9042709867452118,
  "319": 0.9057437407952854,
  "320": 0.907216494845359,
  "321": 0.9131075110456536,
  "324": 0.9145802650957272,
  "332": 0.9175257731958745,
  "336": 0.9189985272459481,
  "338": 0.9204712812960217,
  "345": 0.9219440353460954,
  "655": 0.9911634756995561,
  "350": 0.923416789396169,
  "351": 0.9248895434462426,
  "352": 0.9263622974963163,
  "360": 0.9278350515463899,
  "364": 0.9293078055964635,
  "366": 0.9322533136966108,
  "368": 0.9337260677466844,
  "369": 0.9351988217967581,
  "574": 0.9749631811487461,
  "375": 0.9366715758468317,
  "379": 0.939617083946979,
  "576": 0.9764359351988198,
  "387": 0.9410898379970526,
  "905": 0.9999999999999979,
  "394": 0.9425625920471262,
  "403": 0.9440353460971999,
  "407": 0.9455081001472735,
  "409": 0.9469808541973471,
  "410": 0.9484536082474208,
  "420": 0.951399116347568,
  "426": 0.9543446244477153,
  "583": 0.9779086892488934,
  "431": 0.9558173784977889,
  "445": 0.9572901325478625,
  "453": 0.9587628865979362,
  "466": 0.9602356406480098,
  "561": 0.9705449189985252,
  "593": 0.9823269513991143,
  "493": 0.9617083946980834,
  "495": 0.9631811487481571,
  "499": 0.9646539027982307,
  "509": 0.9661266568483043
}