{
  "2": 0.014466546112115732,
  "3": 0.08499095840867993,
  "4": 0.13200723327305605,
  "5": 0.1735985533453888,
  "6": 0.19529837251356238,
  "7": 0.21518987341772153,
  "8": 0.2278481012658228,
  "9": 0.2386980108499096,
  "10": 0.2567811934900543,
  "11": 0.26943942133815557,
  "12": 0.2929475587703436,
  "13": 0.3092224231464738,
  "14": 0.3182640144665461,
  "15": 0.33815551537070526,
  "16": 0.3490054249547921,
  "17": 0.3707052441229657,
  "18": 0.3851717902350814,
  "19": 0.39602169981916824,
  "20": 0.40144665461121165,
  "22": 0.40687160940325506,
  "23": 0.4213381555153708,
  "25": 0.42857142857142866,
  "26": 0.4303797468354431,
  "27": 0.44484629294755884,
  "28": 0.45931283905967457,
  "29": 0.46654611211573244,
  "30": 0.4737793851717903,
  "31": 0.47558770343580475,
  "32": 0.48462929475587707,
  "33": 0.48824593128390603,
  "35": 0.491862567811935,
  "36": 0.49547920433996395,
  "38": 0.5009041591320074,
  "39": 0.5081374321880653,
  "40": 0.5099457504520798,
  "41": 0.522603978300181,
  "42": 0.5280289330922244,
  "43": 0.5334538878842678,
  "44": 0.5370705244122967,
  "45": 0.5443037974683547,
  "46": 0.5479204339963836,
  "47": 0.5569620253164559,
  "48": 0.5641952983725138,
  "50": 0.5660036166365283,
  "51": 0.5714285714285717,
  "52": 0.5750452079566006,
  "53": 0.5768535262206151,
  "54": 0.5786618444846297,
  "55": 0.5822784810126586,
  "56": 0.587703435804702,
  "58": 0.5913200723327309,
  "59": 0.5985533453887888,
  "60": 0.6057866184448467,
  "61": 0.6075949367088612,
  "62": 0.6094032549728757,
  "63": 0.6130198915009046,
  "65": 0.6166365280289335,
  "66": 0.6202531645569624,
  "67": 0.622061482820977,
  "69": 0.6238698010849915,
  "71": 0.625678119349006,
  "72": 0.6292947558770349,
  "73": 0.6401446654611217,
  "74": 0.6528028933092229,
  "75": 0.6546112115732374,
  "76": 0.6600361663652808,
  "77": 0.6654611211573243,
  "78": 0.6708860759493677,
  "79": 0.6781193490054256,
  "80": 0.6799276672694401,
  "82": 0.683544303797469,
  "83": 0.6853526220614835,
  "84": 0.6907775768535269,
  "85": 0.6925858951175414,
  "86": 0.6943942133815559,
  "87": 0.6962025316455704,
  "88": 0.7016274864376139,
  "90": 0.7034358047016284,
  "91": 0.7070524412296573,
  "92": 0.7106690777576862,
  "93": 0.7124773960217007,
  "94": 0.7197106690777586,
  "95": 0.7269439421338165,
  "96": 0.7305605786618454,
  "97": 0.7341772151898743,
  "98": 0.7377938517179032,
  "99": 0.7432188065099467,
  "100": 0.7468354430379756,
  "101": 0.752260397830019,
  "102": 0.7540687160940335,
  "103": 0.755877034358048,
  "104": 0.7649186256781203,
  "105": 0.7667269439421348,
  "106": 0.7757685352622071,
  "107": 0.7775768535262216,
  "108": 0.783001808318265,
  "110": 0.786618444846294,
  "111": 0.7920433996383374,
  "112": 0.7956600361663663,
  "113": 0.8010849909584097,
  "114": 0.8028933092224242,
  "115": 0.8083182640144676,
  "116": 0.8119349005424965,
  "117": 0.813743218806511,
  "118": 0.8155515370705255,
  "119": 0.81735985533454,
  "120": 0.8209764918625689,
  "121": 0.8227848101265834,
  "122": 0.8264014466546123,
  "123": 0.8372513562386992,
  "124": 0.8408679927667281,
  "125": 0.844484629294757,
  "126": 0.8462929475587715,
  "127": 0.8517179023508149,
  "128": 0.8553345388788438,
  "129": 0.8571428571428583,
  "130": 0.8607594936708872,
  "131": 0.8625678119349017,
  "133": 0.8643761301989162,
  "134": 0.8716094032549742,
  "135": 0.8752260397830031,
  "136": 0.8770343580470176,
  "137": 0.8788426763110321,
  "138": 0.8806509945750466,
  "139": 0.8824593128390611,
  "140": 0.889692585895119,
  "143": 0.8915009041591335,
  "144": 0.8969258589511769,
  "145": 0.8987341772151914,
  "146": 0.9023508137432203,
  "147": 0.9041591320072349,
  "150": 0.9077757685352638,
  "152": 0.9113924050632927,
  "153": 0.9132007233273072,
  "155": 0.9186256781193506,
  "156": 0.924050632911394,
  "158": 0.9276672694394229,
  "160": 0.9294755877034374,
  "161": 0.9312839059674519,
  "162": 0.9330922242314664,
  "164": 0.9367088607594953,
  "166": 0.9403254972875242,
  "167": 0.9475587703435822,
  "168": 0.9493670886075967,
  "169": 0.9566003616636546,
  "170": 0.9602169981916835,
  "171": 0.9656419529837269,
  "173": 0.9674502712477414,
  "177": 0.9692585895117559,
  "180": 0.9710669077757704,
  "184": 0.9728752260397849,
  "185": 0.9746835443037994,
  "191": 0.976491862567814,
  "194": 0.9801084990958429,
  "195": 0.9819168173598574,
  "196": 0.9891500904159153,
  "200": 1.000000000000002
}