{
  "2": 0.02090032154340836,
  "3": 0.04662379421221865,
  "4": 0.10128617363344052,
  "5": 0.12540192926045016,
  "6": 0.14308681672025722,
  "7": 0.17684887459807072,
  "8": 0.18649517684887457,
  "9": 0.21221864951768485,
  "10": 0.22508038585209,
  "11": 0.24276527331189707,
  "12": 0.270096463022508,
  "13": 0.2813504823151125,
  "14": 0.3038585209003215,
  "15": 0.3295819935691318,
  "16": 0.337620578778135,
  "17": 0.3488745980707395,
  "18": 0.36816720257234725,
  "19": 0.3778135048231511,
  "20": 0.39067524115755625,
  "21": 0.39389067524115756,
  "22": 0.40836012861736337,
  "23": 0.42604501607717044,
  "24": 0.43890675241157556,
  "25": 0.454983922829582,
  "26": 0.46141479099678456,
  "27": 0.477491961414791,
  "28": 0.48231511254019294,
  "29": 0.49356913183279744,
  "30": 0.5032154340836013,
  "31": 0.5209003215434084,
  "32": 0.527331189710611,
  "33": 0.5466237942122187,
  "34": 0.54983922829582,
  "35": 0.5578778135048232,
  "36": 0.5643086816720259,
  "37": 0.5707395498392285,
  "38": 0.5803858520900324,
  "39": 0.586816720257235,
  "40": 0.5932475884244376,
  "41": 0.6028938906752415,
  "42": 0.6109324758842447,
  "43": 0.6173633440514473,
  "44": 0.6221864951768492,
  "45": 0.6334405144694537,
  "46": 0.6350482315112543,
  "47": 0.6398713826366562,
  "48": 0.6511254019292607,
  "49": 0.6559485530546626,
  "50": 0.6655948553054665,
  "51": 0.6704180064308684,
  "53": 0.676848874598071,
  "54": 0.6816720257234729,
  "55": 0.6864951768488747,
  "56": 0.6929260450160774,
  "57": 0.6977491961414792,
  "59": 0.7009646302250805,
  "60": 0.7057877813504824,
  "61": 0.712218649517685,
  "62": 0.7170418006430869,
  "63": 0.7250803858520901,
  "64": 0.7331189710610934,
  "66": 0.739549839228296,
  "67": 0.7411575562700966,
  "68": 0.7427652733118972,
  "69": 0.7475884244372991,
  "70": 0.752411575562701,
  "71": 0.7556270096463023,
  "72": 0.7604501607717041,
  "73": 0.7620578778135048,
  "74": 0.7636655948553054,
  "75": 0.765273311897106,
  "76": 0.7668810289389066,
  "77": 0.7684887459807073,
  "78": 0.7700964630225079,
  "79": 0.7733118971061091,
  "81": 0.7749196141479098,
  "82": 0.7765273311897104,
  "83": 0.7797427652733117,
  "84": 0.7829581993569129,
  "85": 0.7877813504823148,
  "86": 0.7942122186495174,
  "87": 0.7990353697749193,
  "88": 0.8038585209003212,
  "89": 0.8102893890675238,
  "90": 0.8118971061093244,
  "91": 0.8151125401929257,
  "92": 0.8199356913183276,
  "93": 0.8231511254019288,
  "94": 0.8279742765273307,
  "95": 0.8295819935691313,
  "96": 0.8311897106109319,
  "97": 0.8360128617363338,
  "98": 0.8392282958199351,
  "99": 0.8424437299035363,
  "101": 0.844051446945337,
  "103": 0.8472668810289382,
  "104": 0.8553054662379415,
  "105": 0.8633440514469447,
  "106": 0.866559485530546,
  "107": 0.8745980707395492,
  "110": 0.8778135048231505,
  "112": 0.8794212218649511,
  "114": 0.8810289389067517,
  "115": 0.8826366559485523,
  "116": 0.8858520900321536,
  "121": 0.8874598070739542,
  "122": 0.8906752411575555,
  "123": 0.8922829581993561,
  "124": 0.8954983922829574,
  "125": 0.9003215434083592,
  "126": 0.9019292604501599,
  "128": 0.9051446945337611,
  "129": 0.9067524115755617,
  "130": 0.9083601286173624,
  "131": 0.9115755627009636,
  "132": 0.9147909967845649,
  "133": 0.9163987138263655,
  "136": 0.9196141479099668,
  "137": 0.922829581993568,
  "138": 0.9244372990353686,
  "139": 0.9276527331189699,
  "140": 0.9292604501607705,
  "141": 0.9308681672025712,
  "144": 0.9340836012861724,
  "149": 0.9372990353697737,
  "150": 0.9389067524115743,
  "151": 0.9405144694533749,
  "153": 0.9421221864951755,
  "155": 0.9453376205787768,
  "156": 0.9469453376205774,
  "157": 0.948553054662378,
  "159": 0.9501607717041787,
  "160": 0.9533762057877799,
  "163": 0.9549839228295806,
  "164": 0.9565916398713812,
  "166": 0.9581993569131818,
  "167": 0.9614147909967831,
  "170": 0.9630225080385837,
  "171": 0.9678456591639856,
  "173": 0.9694533762057862,
  "174": 0.9710610932475868,
  "176": 0.9726688102893875,
  "177": 0.9758842443729887,
  "182": 0.97909967845659,
  "183": 0.9807073954983906,
  "185": 0.9855305466237925,
  "187": 0.9871382636655931,
  "188": 0.9887459807073937,
  "189": 0.9903536977491944,
  "192": 0.991961414790995,
  "194": 0.9935691318327956,
  "196": 0.9951768488745962,
  "199": 0.9967845659163969,
  "200": 0.9999999999999981
}