{
  "2": 0.03216374269005848,
  "3": 0.1023391812865497,
  "4": 0.1388888888888889,
  "5": 0.1564327485380117,
  "6": 0.17690058479532164,
  "7": 0.19736842105263158,
  "8": 0.22660818713450293,
  "9": 0.24561403508771928,
  "10": 0.2573099415204678,
  "11": 0.2763157894736842,
  "12": 0.3011695906432748,
  "13": 0.31725146198830406,
  "14": 0.33479532163742687,
  "15": 0.3523391812865497,
  "16": 0.3728070175438596,
  "17": 0.39181286549707595,
  "18": 0.4181286549707601,
  "19": 0.4312865497076022,
  "20": 0.4415204678362572,
  "21": 0.44736842105263147,
  "22": 0.45760233918128645,
  "23": 0.469298245614035,
  "24": 0.48099415204678353,
  "25": 0.4912280701754385,
  "26": 0.502923976608187,
  "27": 0.5102339181286548,
  "28": 0.5190058479532162,
  "29": 0.523391812865497,
  "30": 0.5321637426900584,
  "31": 0.5394736842105262,
  "32": 0.546783625730994,
  "33": 0.5497076023391811,
  "34": 0.557017543859649,
  "35": 0.5628654970760232,
  "36": 0.5643274853801168,
  "37": 0.5716374269005846,
  "38": 0.5760233918128653,
  "39": 0.5789473684210524,
  "40": 0.580409356725146,
  "41": 0.5862573099415203,
  "42": 0.5950292397660817,
  "43": 0.5994152046783624,
  "44": 0.6052631578947367,
  "45": 0.6125730994152045,
  "46": 0.6154970760233917,
  "47": 0.6198830409356724,
  "48": 0.6228070175438595,
  "49": 0.6271929824561402,
  "50": 0.6301169590643273,
  "51": 0.634502923976608,
  "52": 0.6388888888888887,
  "54": 0.6491228070175437,
  "55": 0.6535087719298244,
  "56": 0.654970760233918,
  "57": 0.6593567251461987,
  "58": 0.6681286549707601,
  "59": 0.6695906432748537,
  "60": 0.6769005847953216,
  "61": 0.685672514619883,
  "62": 0.6900584795321637,
  "63": 0.6944444444444444,
  "64": 0.6973684210526315,
  "65": 0.7046783625730993,
  "66": 0.7119883040935672,
  "67": 0.719298245614035,
  "68": 0.7236842105263157,
  "69": 0.7266081871345028,
  "70": 0.7309941520467835,
  "71": 0.7353801169590642,
  "72": 0.7456140350877192,
  "73": 0.752923976608187,
  "74": 0.7602339181286548,
  "75": 0.7675438596491226,
  "76": 0.7704678362573097,
  "77": 0.7719298245614034,
  "78": 0.7763157894736841,
  "79": 0.7821637426900583,
  "80": 0.7880116959064325,
  "82": 0.7938596491228067,
  "84": 0.7967836257309938,
  "86": 0.8011695906432745,
  "87": 0.8040935672514616,
  "88": 0.8070175438596487,
  "89": 0.8099415204678359,
  "90": 0.8172514619883037,
  "91": 0.8187134502923973,
  "92": 0.8245614035087716,
  "93": 0.8274853801169587,
  "95": 0.833333333333333,
  "96": 0.8362573099415201,
  "98": 0.843567251461988,
  "99": 0.8464912280701751,
  "101": 0.8508771929824558,
  "103": 0.8538011695906429,
  "104": 0.8581871345029236,
  "105": 0.8625730994152043,
  "106": 0.8654970760233914,
  "108": 0.8698830409356721,
  "109": 0.8728070175438593,
  "110": 0.8757309941520464,
  "111": 0.8786549707602335,
  "112": 0.8801169590643271,
  "114": 0.8845029239766078,
  "115": 0.8859649122807014,
  "116": 0.8903508771929821,
  "117": 0.8932748538011692,
  "118": 0.8947368421052628,
  "119": 0.8961988304093564,
  "121": 0.89766081871345,
  "124": 0.8991228070175437,
  "127": 0.9049707602339179,
  "128": 0.9108187134502921,
  "130": 0.9152046783625728,
  "131": 0.9181286549707599,
  "133": 0.9195906432748535,
  "134": 0.9225146198830406,
  "135": 0.9239766081871342,
  "136": 0.9254385964912278,
  "137": 0.928362573099415,
  "138": 0.9298245614035086,
  "141": 0.9327485380116957,
  "142": 0.93859649122807,
  "143": 0.9415204678362571,
  "144": 0.9429824561403507,
  "146": 0.9473684210526314,
  "147": 0.9532163742690056,
  "148": 0.9576023391812863,
  "150": 0.95906432748538,
  "151": 0.9605263157894736,
  "154": 0.9634502923976607,
  "156": 0.9649122807017543,
  "157": 0.9663742690058479,
  "160": 0.9678362573099415,
  "161": 0.9692982456140351,
  "162": 0.9751461988304093,
  "169": 0.9766081871345029,
  "170": 0.9780701754385965,
  "173": 0.9809941520467836,
  "183": 0.9824561403508772,
  "186": 0.9839181286549709,
  "187": 0.9853801169590645,
  "188": 0.9868421052631581,
  "190": 0.9883040935672517,
  "191": 0.9912280701754388,
  "195": 0.9926900584795324,
  "197": 0.994152046783626,
  "198": 0.9970760233918131,
  "199": 0.9985380116959067,
  "200": 1.0000000000000002
}