{
  "2": 0.027874564459930314,
  "3": 0.07317073170731708,
  "4": 0.1289198606271777,
  "5": 0.16144018583042974,
  "6": 0.1904761904761905,
  "7": 0.22067363530778167,
  "8": 0.2531939605110337,
  "9": 0.28222996515679444,
  "10": 0.30197444831591175,
  "11": 0.32868757259001163,
  "12": 0.35656213704994194,
  "13": 0.37746806039488967,
  "14": 0.39256678281068524,
  "15": 0.40301974448315914,
  "16": 0.42276422764227645,
  "17": 0.4471544715447155,
  "18": 0.46225319396051107,
  "19": 0.4750290360046458,
  "20": 0.4912891986062718,
  "21": 0.505226480836237,
  "22": 0.5180023228803717,
  "23": 0.5307781649245065,
  "24": 0.5400696864111499,
  "25": 0.5505226480836238,
  "26": 0.5621370499419281,
  "27": 0.5691056910569108,
  "28": 0.5818815331010455,
  "29": 0.5900116144018586,
  "30": 0.6016260162601629,
  "31": 0.6097560975609759,
  "32": 0.6132404181184672,
  "33": 0.6260162601626019,
  "34": 0.6364692218350758,
  "35": 0.6422764227642279,
  "36": 0.6457607433217192,
  "37": 0.6538908246225322,
  "38": 0.6620209059233453,
  "39": 0.6643437862950061,
  "40": 0.6713124274099888,
  "41": 0.6806039488966322,
  "42": 0.6852497096399539,
  "43": 0.6898954703832756,
  "44": 0.6933797909407668,
  "45": 0.6957026713124277,
  "46": 0.7003484320557494,
  "47": 0.7026713124274102,
  "48": 0.7073170731707319,
  "49": 0.7084785133565623,
  "50": 0.7154471544715449,
  "51": 0.7166085946573754,
  "52": 0.7247386759581884,
  "53": 0.7305458768873405,
  "54": 0.7328687572590014,
  "55": 0.7363530778164926,
  "56": 0.7456445993031361,
  "57": 0.7502903600464578,
  "58": 0.7572590011614404,
  "59": 0.7595818815331012,
  "60": 0.7653890824622533,
  "61": 0.7711962833914054,
  "62": 0.7770034843205575,
  "63": 0.7816492450638792,
  "64": 0.7874564459930313,
  "65": 0.7897793263646922,
  "66": 0.7909407665505226,
  "67": 0.7932636469221834,
  "68": 0.7955865272938443,
  "69": 0.7979094076655051,
  "70": 0.8025551684088268,
  "71": 0.806039488966318,
  "72": 0.8095238095238093,
  "73": 0.8130081300813006,
  "74": 0.8164924506387918,
  "75": 0.8246225319396049,
  "77": 0.8269454123112657,
  "78": 0.830429732868757,
  "79": 0.8350754936120787,
  "80": 0.8397212543554003,
  "81": 0.8408826945412308,
  "82": 0.8420441347270612,
  "83": 0.8432055749128916,
  "84": 0.8466898954703829,
  "85": 0.8501742160278741,
  "86": 0.8513356562137046,
  "88": 0.8559814169570262,
  "89": 0.8571428571428567,
  "90": 0.8617886178861783,
  "92": 0.8652729384436696,
  "93": 0.8664343786295,
  "94": 0.8687572590011609,
  "95": 0.8699186991869913,
  "96": 0.8722415795586521,
  "97": 0.8768873403019738,
  "98": 0.8780487804878042,
  "99": 0.8792102206736346,
  "100": 0.8838559814169563,
  "101": 0.8873403019744476,
  "102": 0.8919860627177693,
  "104": 0.8931475029035997,
  "106": 0.8977932636469214,
  "107": 0.9012775842044126,
  "108": 0.9036004645760735,
  "109": 0.9070847851335647,
  "110": 0.9117305458768864,
  "111": 0.9128919860627168,
  "115": 0.9152148664343777,
  "116": 0.9175377468060385,
  "118": 0.9198606271776993,
  "119": 0.9233449477351906,
  "120": 0.9279907084785123,
  "122": 0.9291521486643427,
  "124": 0.9303135888501731,
  "125": 0.932636469221834,
  "126": 0.9337979094076644,
  "127": 0.9349593495934948,
  "128": 0.9372822299651556,
  "130": 0.9396051103368165,
  "131": 0.9407665505226469,
  "132": 0.9430894308943077,
  "133": 0.946573751451799,
  "134": 0.9477351916376294,
  "135": 0.9488966318234598,
  "136": 0.9500580720092903,
  "137": 0.9512195121951207,
  "140": 0.9523809523809511,
  "141": 0.9535423925667815,
  "142": 0.954703832752612,
  "146": 0.9558652729384424,
  "147": 0.9570267131242728,
  "148": 0.9581881533101032,
  "153": 0.960511033681764,
  "155": 0.9616724738675945,
  "156": 0.9628339140534249,
  "157": 0.9639953542392553,
  "162": 0.9651567944250857,
  "163": 0.9674796747967466,
  "166": 0.968641114982577,
  "167": 0.9698025551684074,
  "169": 0.9709639953542378,
  "170": 0.9732868757258987,
  "172": 0.9744483159117291,
  "176": 0.9779326364692204,
  "177": 0.9790940766550508,
  "180": 0.9802555168408812,
  "182": 0.9814169570267116,
  "184": 0.982578397212542,
  "186": 0.9849012775842029,
  "187": 0.9860627177700333,
  "188": 0.9883855981416941,
  "189": 0.9895470383275246,
  "191": 0.9918699186991854,
  "192": 0.9930313588850158,
  "193": 0.9953542392566767,
  "194": 0.9965156794425071,
  "195": 0.9976771196283375,
  "196": 0.9988385598141679,
  "200": 0.9999999999999983
}