{
  "2": 0.04158004158004158,
  "3": 0.11642411642411643,
  "4": 0.1683991683991684,
  "5": 0.22557172557172558,
  "6": 0.27546777546777546,
  "7": 0.2993762993762994,
  "8": 0.32432432432432434,
  "9": 0.3586278586278586,
  "10": 0.38877338877338874,
  "11": 0.41060291060291054,
  "12": 0.42931392931392925,
  "13": 0.44802494802494797,
  "14": 0.46881496881496876,
  "15": 0.4937629937629937,
  "16": 0.5135135135135135,
  "17": 0.525987525987526,
  "18": 0.5374220374220374,
  "19": 0.5488565488565489,
  "20": 0.5623700623700624,
  "21": 0.5696465696465697,
  "22": 0.5821205821205822,
  "23": 0.5997920997920998,
  "24": 0.6091476091476091,
  "25": 0.6205821205821206,
  "26": 0.6257796257796258,
  "27": 0.6361746361746361,
  "28": 0.6444906444906444,
  "29": 0.6528066528066527,
  "30": 0.6632016632016631,
  "31": 0.6694386694386694,
  "32": 0.6787941787941787,
  "33": 0.6839916839916839,
  "34": 0.689189189189189,
  "35": 0.6975051975051973,
  "36": 0.7037422037422036,
  "37": 0.7079002079002078,
  "38": 0.7162162162162161,
  "39": 0.7203742203742203,
  "40": 0.7255717255717254,
  "41": 0.7276507276507276,
  "42": 0.7318087318087317,
  "43": 0.74012474012474,
  "44": 0.7432432432432432,
  "45": 0.7463617463617463,
  "46": 0.7525987525987525,
  "47": 0.7546777546777546,
  "48": 0.7588357588357587,
  "49": 0.7629937629937629,
  "50": 0.7650727650727649,
  "51": 0.769230769230769,
  "52": 0.7723492723492722,
  "53": 0.7733887733887732,
  "54": 0.7765072765072764,
  "55": 0.7806652806652805,
  "56": 0.7837837837837837,
  "57": 0.7858627858627858,
  "58": 0.7879417879417878,
  "59": 0.792099792099792,
  "60": 0.7941787941787941,
  "61": 0.7983367983367983,
  "62": 0.8035343035343034,
  "63": 0.8066528066528066,
  "64": 0.8087318087318087,
  "65": 0.8097713097713097,
  "66": 0.8118503118503118,
  "67": 0.8149688149688149,
  "68": 0.8191268191268191,
  "69": 0.8201663201663201,
  "70": 0.8212058212058211,
  "72": 0.8253638253638252,
  "76": 0.8264033264033263,
  "77": 0.8284823284823284,
  "78": 0.8295218295218294,
  "79": 0.8316008316008314,
  "80": 0.8326403326403324,
  "81": 0.8347193347193345,
  "82": 0.8378378378378376,
  "83": 0.8388773388773386,
  "84": 0.8399168399168396,
  "85": 0.8409563409563406,
  "87": 0.8451143451143448,
  "90": 0.849272349272349,
  "92": 0.8534303534303531,
  "93": 0.8575883575883573,
  "94": 0.8596673596673594,
  "95": 0.8607068607068604,
  "96": 0.8617463617463614,
  "97": 0.8638253638253635,
  "98": 0.8659043659043655,
  "99": 0.8669438669438665,
  "100": 0.8721413721413717,
  "102": 0.8752598752598748,
  "103": 0.8773388773388768,
  "104": 0.882536382536382,
  "107": 0.883575883575883,
  "108": 0.884615384615384,
  "109": 0.8866943866943862,
  "110": 0.8877338877338872,
  "111": 0.8898128898128892,
  "112": 0.8908523908523902,
  "113": 0.8918918918918912,
  "114": 0.8939708939708932,
  "117": 0.8960498960498953,
  "118": 0.8991683991683984,
  "124": 0.9012474012474005,
  "125": 0.9033264033264026,
  "126": 0.9043659043659036,
  "127": 0.9106029106029099,
  "128": 0.913721413721413,
  "130": 0.9178794178794172,
  "131": 0.9189189189189182,
  "132": 0.9209979209979202,
  "133": 0.9220374220374212,
  "135": 0.9230769230769222,
  "136": 0.9251559251559243,
  "137": 0.9261954261954253,
  "138": 0.9293139293139284,
  "139": 0.9303534303534294,
  "141": 0.9313929313929304,
  "142": 0.9334719334719326,
  "143": 0.9345114345114336,
  "144": 0.9355509355509346,
  "145": 0.9376299376299366,
  "146": 0.9386694386694376,
  "147": 0.9407484407484397,
  "148": 0.9428274428274417,
  "149": 0.9438669438669427,
  "150": 0.9449064449064437,
  "151": 0.9459459459459447,
  "154": 0.9490644490644479,
  "155": 0.9501039501039489,
  "157": 0.953222453222452,
  "159": 0.955301455301454,
  "160": 0.9563409563409551,
  "161": 0.9584199584199571,
  "162": 0.9594594594594581,
  "164": 0.9604989604989591,
  "165": 0.9615384615384601,
  "167": 0.9636174636174621,
  "168": 0.9646569646569632,
  "169": 0.9656964656964642,
  "170": 0.9667359667359652,
  "171": 0.9677754677754662,
  "172": 0.9708939708939693,
  "173": 0.9719334719334703,
  "174": 0.9750519750519735,
  "175": 0.9760914760914745,
  "177": 0.9771309771309755,
  "179": 0.9792099792099775,
  "181": 0.9823284823284807,
  "186": 0.9854469854469838,
  "189": 0.9864864864864848,
  "190": 0.9885654885654869,
  "193": 0.9896049896049879,
  "195": 0.9916839916839899,
  "196": 0.9927234927234909,
  "197": 0.9937629937629919,
  "198": 0.9968814968814951,
  "199": 0.9989604989604972,
  "200": 0.9999999999999982
}