{
  "64": 0.999,
  "65": 1.0,
  "2": 0.092,
  "3": 0.499,
  "4": 0.7809999999999999,
  "5": 0.8539999999999999,
  "6": 0.8769999999999999,
  "7": 0.8979999999999999,
  "8": 0.9199999999999999,
  "9": 0.9269999999999999,
  "10": 0.9339999999999999,
  "11": 0.942,
  "12": 0.949,
  "13": 0.954,
  "14": 0.958,
  "15": 0.961,
  "16": 0.964,
  "17": 0.97,
  "18": 0.971,
  "19": 0.972,
  "21": 0.974,
  "22": 0.976,
  "25": 0.979,
  "26": 0.98,
  "27": 0.982,
  "30": 0.983,
  "31": 0.984,
  "35": 0.986,
  "37": 0.988,
  "38": 0.989,
  "39": 0.99,
  "57": 0.992,
  "61": 0.993,
  "63": 0.997
}