{
  "2": 0.014104372355430184,
  "3": 0.04936530324400564,
  "4": 0.08603667136812412,
  "5": 0.12834978843441466,
  "6": 0.15091678420310295,
  "7": 0.1777150916784203,
  "8": 0.20874471086036672,
  "9": 0.229901269393512,
  "10": 0.2468265162200282,
  "11": 0.2651622002820875,
  "12": 0.28490832157968976,
  "13": 0.301833568406206,
  "14": 0.3117066290550071,
  "15": 0.32157968970380824,
  "16": 0.3272214386459803,
  "17": 0.3455571227080395,
  "18": 0.3653032440056418,
  "19": 0.37799717912552894,
  "20": 0.3921015514809591,
  "21": 0.40479548660084624,
  "22": 0.4203102961918194,
  "23": 0.4344146685472496,
  "24": 0.44005641748942165,
  "25": 0.4541607898448518,
  "26": 0.47108603667136806,
  "27": 0.4753173483779971,
  "28": 0.48942172073342727,
  "29": 0.5035260930888574,
  "30": 0.5119887165021155,
  "31": 0.5331452750352608,
  "32": 0.5387870239774328,
  "33": 0.5458392101551479,
  "34": 0.554301833568406,
  "35": 0.5599435825105781,
  "36": 0.5627644569816641,
  "37": 0.5796897038081803,
  "38": 0.5867418899858954,
  "39": 0.5923836389280674,
  "40": 0.6050775740479546,
  "41": 0.6078984485190406,
  "42": 0.6177715091678417,
  "43": 0.6220028208744708,
  "44": 0.6276445698166428,
  "45": 0.6346967559943579,
  "46": 0.638928067700987,
  "47": 0.6459802538787021,
  "48": 0.6516220028208741,
  "49": 0.6643159379407613,
  "50": 0.6699576868829333,
  "51": 0.6770098730606484,
  "52": 0.6798307475317344,
  "53": 0.6826516220028205,
  "54": 0.6939351198871646,
  "55": 0.6981664315937937,
  "56": 0.7023977433004227,
  "57": 0.7094499294781378,
  "58": 0.7122708039492238,
  "59": 0.7136812411847668,
  "60": 0.7150916784203099,
  "61": 0.7165021156558529,
  "62": 0.7193229901269389,
  "63": 0.72919605077574,
  "64": 0.7334273624823691,
  "65": 0.7362482369534551,
  "66": 0.7418899858956272,
  "67": 0.7461212976022562,
  "68": 0.7517630465444283,
  "69": 0.7531734837799713,
  "70": 0.7588152327221434,
  "72": 0.7672778561354014,
  "73": 0.7715091678420305,
  "74": 0.7757404795486595,
  "75": 0.7771509167842026,
  "76": 0.7827926657263746,
  "77": 0.7870239774330037,
  "78": 0.7912552891396327,
  "79": 0.7926657263751757,
  "80": 0.7997179125528908,
  "81": 0.8025387870239769,
  "82": 0.8039492242595199,
  "83": 0.8067700987306059,
  "84": 0.8095909732016919,
  "86": 0.816643159379407,
  "87": 0.819464033850493,
  "88": 0.8279266572637511,
  "89": 0.8307475317348372,
  "90": 0.8321579689703802,
  "91": 0.8406205923836383,
  "92": 0.8420310296191813,
  "94": 0.8448519040902673,
  "95": 0.8476727785613534,
  "96": 0.8519040902679824,
  "97": 0.8533145275035254,
  "99": 0.8589562764456975,
  "101": 0.8603667136812405,
  "103": 0.8631875881523265,
  "104": 0.8674188998589556,
  "105": 0.8702397743300416,
  "106": 0.8744710860366707,
  "108": 0.8758815232722137,
  "109": 0.8772919605077567,
  "110": 0.8787023977432997,
  "111": 0.8801128349788427,
  "112": 0.8829337094499288,
  "113": 0.8843441466854718,
  "114": 0.8871650211565578,
  "115": 0.8899858956276439,
  "116": 0.8913963328631869,
  "117": 0.8928067700987299,
  "119": 0.8942172073342729,
  "120": 0.8970380818053589,
  "121": 0.899858956276445,
  "122": 0.901269393511988,
  "124": 0.904090267983074,
  "125": 0.905500705218617,
  "126": 0.90691114245416,
  "128": 0.9111424541607891,
  "129": 0.9125528913963321,
  "130": 0.9139633286318751,
  "132": 0.9153737658674181,
  "133": 0.9167842031029612,
  "134": 0.9196050775740472,
  "135": 0.9210155148095902,
  "136": 0.9224259520451332,
  "137": 0.9238363892806762,
  "138": 0.9280677009873053,
  "139": 0.9294781382228483,
  "140": 0.9308885754583913,
  "143": 0.9322990126939343,
  "144": 0.9337094499294774,
  "145": 0.9365303244005634,
  "146": 0.9407616361071924,
  "148": 0.9421720733427354,
  "149": 0.9435825105782785,
  "152": 0.9449929478138215,
  "153": 0.9464033850493645,
  "154": 0.9478138222849075,
  "156": 0.9520451339915366,
  "159": 0.9562764456981656,
  "162": 0.9576868829337086,
  "163": 0.9590973201692516,
  "164": 0.9619181946403377,
  "165": 0.9633286318758807,
  "167": 0.9661495063469667,
  "169": 0.9675599435825097,
  "170": 0.9689703808180528,
  "171": 0.9717912552891388,
  "173": 0.9732016925246818,
  "175": 0.9746121297602248,
  "176": 0.9760225669957678,
  "178": 0.9774330042313109,
  "179": 0.9802538787023969,
  "182": 0.9816643159379399,
  "184": 0.9830747531734829,
  "186": 0.9844851904090259,
  "188": 0.985895627644569,
  "189": 0.988716502115655,
  "192": 0.990126939351198,
  "194": 0.991537376586741,
  "195": 0.992947813822284,
  "196": 0.994358251057827,
  "197": 0.9971791255289131,
  "198": 0.9985895627644561,
  "199": 0.9999999999999991
}