{
  "2": 0.0175054704595186,
  "3": 0.08096280087527352,
  "4": 0.0962800875273523,
  "5": 0.11816192560175055,
  "6": 0.13347921225382933,
  "7": 0.15317286652078776,
  "8": 0.17724288840262584,
  "9": 0.1991247264770241,
  "10": 0.21444201312910285,
  "11": 0.22975929978118162,
  "12": 0.24945295404814005,
  "13": 0.26695842450765866,
  "14": 0.29321663019693656,
  "15": 0.3150984682713348,
  "16": 0.3282275711159738,
  "17": 0.34354485776805255,
  "18": 0.3544857768052517,
  "19": 0.3588621444201313,
  "20": 0.36980306345733044,
  "21": 0.38949671772428884,
  "22": 0.40043763676148797,
  "23": 0.4113785557986871,
  "24": 0.4179431072210066,
  "25": 0.42450765864332607,
  "26": 0.4288840262582057,
  "27": 0.437636761487965,
  "28": 0.4442013129102845,
  "29": 0.45295404814004375,
  "30": 0.4638949671772429,
  "31": 0.474835886214442,
  "32": 0.47702407002188185,
  "33": 0.4989059080962801,
  "34": 0.5076586433260394,
  "35": 0.5185995623632385,
  "36": 0.5229759299781181,
  "37": 0.5273522975929978,
  "38": 0.5339168490153173,
  "39": 0.538293216630197,
  "40": 0.5492341356673961,
  "41": 0.5579868708971554,
  "42": 0.5667396061269147,
  "43": 0.5689277899343544,
  "44": 0.5711159737417942,
  "45": 0.5754923413566739,
  "46": 0.586433260393873,
  "47": 0.5929978118161925,
  "48": 0.6017505470459518,
  "49": 0.610503282275711,
  "50": 0.6126914660831508,
  "51": 0.6192560175054703,
  "53": 0.6258205689277898,
  "54": 0.6367614879649889,
  "55": 0.6389496717724287,
  "56": 0.647702407002188,
  "57": 0.6542669584245074,
  "58": 0.6630196936542667,
  "59": 0.6652078774617065,
  "60": 0.671772428884026,
  "61": 0.6805251641137853,
  "62": 0.6827133479212251,
  "63": 0.6849015317286649,
  "64": 0.6892778993435446,
  "65": 0.6914660831509843,
  "66": 0.6980306345733038,
  "67": 0.7024070021881835,
  "68": 0.7067833698030632,
  "69": 0.7133479212253827,
  "70": 0.7177242888402624,
  "71": 0.7221006564551421,
  "72": 0.7264770240700218,
  "73": 0.7286652078774616,
  "74": 0.7352297592997811,
  "75": 0.7374179431072209,
  "77": 0.7439824945295404,
  "78": 0.74835886214442,
  "79": 0.761487964989059,
  "80": 0.7636761487964988,
  "81": 0.7724288840262581,
  "82": 0.7746170678336979,
  "83": 0.7768052516411377,
  "84": 0.7833698030634572,
  "85": 0.7877461706783369,
  "87": 0.7943107221006563,
  "89": 0.8008752735229758,
  "90": 0.8052516411378555,
  "91": 0.8074398249452953,
  "92": 0.8096280087527351,
  "93": 0.8118161925601749,
  "94": 0.8140043763676147,
  "96": 0.8161925601750545,
  "97": 0.8183807439824943,
  "99": 0.8205689277899341,
  "102": 0.8249452954048138,
  "103": 0.8271334792122536,
  "104": 0.8315098468271332,
  "105": 0.833698030634573,
  "107": 0.8424507658643323,
  "108": 0.8512035010940916,
  "109": 0.8533916849015314,
  "110": 0.8555798687089712,
  "111": 0.857768052516411,
  "112": 0.8599562363238508,
  "113": 0.8643326039387305,
  "114": 0.8665207877461703,
  "115": 0.86870897155361,
  "116": 0.8752735229759295,
  "117": 0.8774617067833693,
  "118": 0.881838074398249,
  "119": 0.8840262582056888,
  "121": 0.8884026258205685,
  "124": 0.8905908096280083,
  "126": 0.8927789934354481,
  "128": 0.8949671772428879,
  "129": 0.8971553610503277,
  "132": 0.8993435448577675,
  "134": 0.905908096280087,
  "137": 0.9124726477024064,
  "140": 0.9146608315098462,
  "142": 0.9212253829321657,
  "145": 0.9234135667396055,
  "146": 0.9256017505470453,
  "147": 0.9277899343544851,
  "148": 0.9343544857768046,
  "150": 0.9387308533916843,
  "152": 0.943107221006564,
  "154": 0.9452954048140038,
  "156": 0.9496717724288835,
  "158": 0.9518599562363232,
  "161": 0.9584245076586427,
  "162": 0.9606126914660825,
  "164": 0.967177242888402,
  "170": 0.9693654266958418,
  "173": 0.9715536105032816,
  "176": 0.9737417943107214,
  "177": 0.9759299781181612,
  "179": 0.978118161925601,
  "181": 0.9803063457330408,
  "185": 0.9824945295404806,
  "186": 0.9846827133479203,
  "187": 0.9890590809628,
  "190": 0.9912472647702398,
  "191": 0.9934354485776796,
  "195": 0.9956236323851194,
  "196": 0.9978118161925592,
  "199": 0.999999999999999
}