{
  "65": 0.9970000000000003,
  "2": 0.293,
  "3": 0.483,
  "4": 0.57,
  "5": 0.627,
  "6": 0.671,
  "7": 0.7070000000000001,
  "8": 0.7220000000000001,
  "9": 0.7500000000000001,
  "10": 0.7800000000000001,
  "11": 0.8090000000000002,
  "12": 0.8340000000000002,
  "13": 0.8600000000000002,
  "14": 0.8900000000000002,
  "15": 0.9080000000000003,
  "16": 0.9300000000000003,
  "17": 0.9400000000000003,
  "18": 0.9500000000000003,
  "19": 0.9570000000000003,
  "20": 0.9590000000000003,
  "21": 0.9640000000000003,
  "22": 0.9720000000000003,
  "23": 0.9730000000000003,
  "24": 0.9750000000000003,
  "26": 0.9760000000000003,
  "27": 0.9770000000000003,
  "28": 0.9790000000000003,
  "29": 0.9810000000000003,
  "32": 0.9840000000000003,
  "97": 1.0000000000000002,
  "35": 0.9850000000000003,
  "37": 0.9860000000000003,
  "40": 0.9870000000000003,
  "41": 0.9880000000000003,
  "42": 0.9900000000000003,
  "47": 0.9910000000000003,
  "49": 0.9920000000000003,
  "50": 0.9930000000000003,
  "83": 0.9980000000000003,
  "53": 0.9940000000000003,
  "56": 0.9950000000000003,
  "88": 0.9990000000000003,
  "58": 0.9960000000000003
}