{
  "2": 0.35721812434141204,
  "3": 0.5173867228661749,
  "4": 0.5900948366701791,
  "5": 0.6090621707060063,
  "6": 0.6480505795574288,
  "7": 0.7249736564805058,
  "8": 0.7576396206533194,
  "10": 0.773445732349842,
  "11": 0.7881981032665966,
  "12": 0.8071654373024237,
  "13": 0.8092729188619601,
  "14": 0.8314014752370917,
  "15": 0.8598524762908325,
  "16": 0.8893572181243414,
  "17": 0.9230769230769231,
  "18": 0.9483667017913594,
  "19": 0.9662802950474184,
  "20": 0.975763962065332,
  "21": 0.9841938883034774,
  "22": 0.9873551106427819,
  "23": 0.9968387776606955,
  "24": 1.0
}