{
  "2": 0.3741152679474216,
  "3": 0.5449949443882709,
  "4": 0.6157735085945398,
  "5": 0.6845298281092012,
  "6": 0.7391304347826086,
  "7": 0.7805864509605662,
  "8": 0.8169868554095046,
  "9": 0.8574317492416582,
  "10": 0.8948432760364003,
  "11": 0.916076845298281,
  "12": 0.9332659251769464,
  "13": 0.942366026289181,
  "14": 0.9534883720930233,
  "15": 0.9625884732052579,
  "16": 0.9696663296258847,
  "17": 0.974721941354904,
  "18": 0.9777553083923155,
  "19": 0.9878665318503539,
  "20": 0.9888776541961577,
  "22": 0.9898887765419615,
  "23": 0.9919110212335692,
  "25": 0.992922143579373,
  "27": 0.9949443882709808,
  "28": 0.9959555106167846,
  "32": 0.9969666329625884,
  "35": 0.9979777553083922,
  "38": 0.998988877654196,
  "56": 0.9999999999999998
}