{
  "2": 0.022193211488250653,
  "3": 0.07571801566579633,
  "4": 0.11488250652741513,
  "5": 0.14360313315926893,
  "6": 0.1671018276762402,
  "7": 0.19321148825065274,
  "8": 0.21018276762402088,
  "9": 0.2454308093994778,
  "10": 0.27676240208877284,
  "11": 0.304177545691906,
  "12": 0.31853785900783294,
  "13": 0.3368146214099217,
  "14": 0.35248041775456923,
  "15": 0.36684073107049614,
  "16": 0.37728459530026115,
  "17": 0.38120104438642305,
  "18": 0.3864229765013056,
  "19": 0.3942558746736293,
  "20": 0.40861618798955623,
  "21": 0.41253263707571813,
  "22": 0.4203655352480419,
  "23": 0.426892950391645,
  "24": 0.4321148825065275,
  "25": 0.4451697127937338,
  "26": 0.45691906005221944,
  "27": 0.46736292428198445,
  "28": 0.4791122715404701,
  "29": 0.49608355091383827,
  "30": 0.5000000000000001,
  "31": 0.5052219321148826,
  "32": 0.5130548302872064,
  "33": 0.5195822454308096,
  "34": 0.5274151436031334,
  "35": 0.5352480417754572,
  "36": 0.5443864229765015,
  "37": 0.5509138381201046,
  "38": 0.5626631853785903,
  "39": 0.5704960835509141,
  "40": 0.5718015665796347,
  "41": 0.580939947780679,
  "42": 0.5953002610966059,
  "43": 0.6044386422976503,
  "44": 0.6083550913838122,
  "45": 0.612271540469974,
  "46": 0.6174934725848565,
  "47": 0.6292428198433422,
  "48": 0.6383812010443866,
  "49": 0.6396866840731071,
  "50": 0.6488250652741515,
  "51": 0.6501305483028721,
  "52": 0.6566579634464752,
  "54": 0.6631853785900783,
  "55": 0.6671018276762402,
  "57": 0.6697127937336814,
  "58": 0.6775456919060052,
  "59": 0.6788511749347258,
  "60": 0.6827676240208876,
  "61": 0.6840731070496082,
  "63": 0.6866840731070495,
  "64": 0.6879895561357701,
  "65": 0.6919060052219319,
  "66": 0.6958224543080938,
  "67": 0.7010443864229763,
  "68": 0.7036553524804176,
  "69": 0.7114882506527413,
  "70": 0.7154046997389032,
  "71": 0.7219321148825063,
  "72": 0.7284595300261094,
  "73": 0.7362924281984332,
  "74": 0.7375979112271538,
  "75": 0.7389033942558744,
  "76": 0.7415143603133156,
  "77": 0.7493472584856394,
  "78": 0.7558746736292425,
  "79": 0.7597911227154044,
  "80": 0.761096605744125,
  "81": 0.7650130548302868,
  "82": 0.7676240208877281,
  "83": 0.7715404699738899,
  "84": 0.7754569190600518,
  "85": 0.7767624020887723,
  "86": 0.7832898172323755,
  "87": 0.7872062663185373,
  "88": 0.7924281984334198,
  "89": 0.7963446475195817,
  "90": 0.8015665796344642,
  "91": 0.805483028720626,
  "92": 0.8120104438642292,
  "94": 0.8185378590078323,
  "95": 0.8224543080939941,
  "96": 0.826370757180156,
  "97": 0.836814621409921,
  "98": 0.8420365535248036,
  "99": 0.8459530026109654,
  "100": 0.857702349869451,
  "101": 0.8603133159268923,
  "102": 0.8616187989556129,
  "103": 0.8668407310704954,
  "104": 0.872062663185378,
  "105": 0.8785900783289811,
  "106": 0.8798955613577016,
  "107": 0.8864229765013047,
  "108": 0.8903394255874666,
  "109": 0.8929503916449079,
  "110": 0.8981723237597904,
  "112": 0.9007832898172317,
  "114": 0.9020887728459522,
  "115": 0.9060052219321141,
  "116": 0.9073107049608347,
  "117": 0.9112271540469965,
  "118": 0.9125326370757171,
  "119": 0.9138381201044377,
  "121": 0.9190600522193202,
  "124": 0.9203655352480408,
  "126": 0.9242819843342026,
  "127": 0.9268929503916439,
  "129": 0.9281984334203645,
  "130": 0.9308093994778057,
  "131": 0.9360313315926883,
  "132": 0.9373368146214088,
  "133": 0.9386422976501294,
  "134": 0.93994778067885,
  "135": 0.9412532637075706,
  "136": 0.9425587467362911,
  "137": 0.9438642297650117,
  "138": 0.9451697127937323,
  "139": 0.9464751958224529,
  "140": 0.9516971279373354,
  "141": 0.9556135770234973,
  "142": 0.9595300261096591,
  "143": 0.9608355091383797,
  "144": 0.9621409921671003,
  "152": 0.9634464751958208,
  "153": 0.9660574412532621,
  "156": 0.9686684073107034,
  "157": 0.9712793733681446,
  "159": 0.9725848563968652,
  "160": 0.9738903394255858,
  "161": 0.976501305483027,
  "162": 0.9778067885117476,
  "170": 0.9791122715404682,
  "171": 0.9817232375979095,
  "173": 0.98302872062663,
  "178": 0.9843342036553506,
  "180": 0.9856396866840712,
  "181": 0.9882506527415125,
  "182": 0.989556135770233,
  "185": 0.9921671018276743,
  "187": 0.9934725848563949,
  "188": 0.9947780678851155,
  "189": 0.996083550913836,
  "193": 0.9973890339425566,
  "195": 0.9999999999999979
}