{
  "2": 0.04075235109717868,
  "3": 0.11912225705329155,
  "4": 0.17868338557993732,
  "5": 0.21839080459770116,
  "6": 0.2633228840125392,
  "7": 0.29676071055381403,
  "8": 0.322884012539185,
  "9": 0.3500522466039708,
  "10": 0.3824451410658308,
  "11": 0.420062695924765,
  "12": 0.4430512016718914,
  "13": 0.471264367816092,
  "14": 0.49216300940438873,
  "15": 0.5026123301985371,
  "16": 0.5193312434691746,
  "17": 0.5329153605015675,
  "18": 0.5475444096133752,
  "19": 0.5632183908045978,
  "20": 0.5799373040752352,
  "21": 0.5841170323928946,
  "22": 0.5935214211076282,
  "23": 0.6123301985370952,
  "24": 0.6206896551724139,
  "25": 0.6342737722048069,
  "26": 0.6457680250783701,
  "27": 0.6530825496342739,
  "28": 0.6635318704284223,
  "29": 0.6698014629049114,
  "30": 0.6750261233019855,
  "31": 0.6844305120167191,
  "32": 0.6907001044932082,
  "33": 0.6938349007314527,
  "34": 0.6990595611285269,
  "35": 0.7021943573667714,
  "36": 0.7032392894461862,
  "37": 0.7105538140020901,
  "38": 0.7178683385579939,
  "39": 0.7230929989550681,
  "40": 0.7262277951933126,
  "41": 0.7335423197492165,
  "42": 0.7387669801462906,
  "43": 0.7439916405433648,
  "44": 0.7471264367816093,
  "45": 0.7481713688610241,
  "46": 0.7523510971786834,
  "47": 0.7638453500522466,
  "48": 0.7648902821316614,
  "50": 0.7669801462904912,
  "51": 0.7701149425287357,
  "53": 0.7732497387669802,
  "54": 0.77533960292581,
  "55": 0.7774294670846397,
  "56": 0.7826541274817138,
  "57": 0.7836990595611286,
  "58": 0.7847439916405434,
  "60": 0.7868338557993731,
  "61": 0.787878787878788,
  "62": 0.7889237199582028,
  "63": 0.7899686520376176,
  "64": 0.7931034482758621,
  "65": 0.7951933124346918,
  "66": 0.7972831765935215,
  "67": 0.7983281086729364,
  "68": 0.8014629049111809,
  "69": 0.8035527690700106,
  "70": 0.8045977011494254,
  "71": 0.8066875653082551,
  "72": 0.8098223615464997,
  "73": 0.8119122257053294,
  "74": 0.8150470219435739,
  "75": 0.8192267502612333,
  "77": 0.8202716823406481,
  "79": 0.8213166144200629,
  "80": 0.8254963427377222,
  "81": 0.8275862068965519,
  "82": 0.8296760710553817,
  "83": 0.8307210031347965,
  "84": 0.8328108672936262,
  "85": 0.8359456635318707,
  "86": 0.8401253918495301,
  "87": 0.8432601880877746,
  "88": 0.8443051201671894,
  "89": 0.8453500522466042,
  "90": 0.8474399164054339,
  "91": 0.8484848484848487,
  "95": 0.8505747126436785,
  "96": 0.8516196447230933,
  "97": 0.853709508881923,
  "98": 0.8547544409613378,
  "99": 0.8578892371995823,
  "100": 0.8610240334378269,
  "101": 0.8631138975966566,
  "102": 0.8672936259143159,
  "104": 0.8704284221525604,
  "105": 0.8714733542319753,
  "106": 0.873563218390805,
  "107": 0.8756530825496347,
  "108": 0.8777429467084644,
  "109": 0.8787878787878792,
  "110": 0.8840125391849534,
  "111": 0.8850574712643682,
  "112": 0.886102403343783,
  "113": 0.8871473354231978,
  "114": 0.8892371995820275,
  "115": 0.8913270637408572,
  "116": 0.892371995820272,
  "118": 0.8955067920585166,
  "120": 0.8996865203761759,
  "121": 0.9017763845350056,
  "122": 0.9028213166144204,
  "123": 0.9049111807732502,
  "124": 0.9070010449320799,
  "125": 0.9080459770114947,
  "126": 0.9101358411703244,
  "127": 0.9122257053291541,
  "128": 0.9143155694879839,
  "130": 0.9153605015673987,
  "131": 0.9174503657262284,
  "132": 0.9184952978056432,
  "133": 0.9226750261233025,
  "134": 0.9247648902821323,
  "135": 0.926854754440962,
  "137": 0.9289446185997917,
  "138": 0.9299895506792065,
  "140": 0.9310344827586213,
  "142": 0.9320794148380361,
  "143": 0.9341692789968659,
  "145": 0.93939393939394,
  "146": 0.9404388714733548,
  "148": 0.945663531870429,
  "149": 0.9467084639498438,
  "150": 0.9477533960292586,
  "152": 0.9498432601880883,
  "156": 0.9508881922675031,
  "158": 0.9519331243469179,
  "159": 0.9550679205851624,
  "160": 0.9561128526645772,
  "162": 0.957157784743992,
  "163": 0.9582027168234069,
  "164": 0.9592476489028217,
  "166": 0.9602925809822365,
  "167": 0.9623824451410662,
  "168": 0.9644723092998959,
  "169": 0.9665621734587256,
  "170": 0.9676071055381404,
  "171": 0.9696969696969702,
  "172": 0.970741901776385,
  "173": 0.9728317659352147,
  "175": 0.9749216300940444,
  "177": 0.9770114942528741,
  "178": 0.978056426332289,
  "179": 0.9811912225705335,
  "181": 0.9832810867293632,
  "186": 0.984326018808778,
  "187": 0.9864158829676077,
  "189": 0.9874608150470225,
  "190": 0.9885057471264374,
  "191": 0.9926854754440967,
  "192": 0.9937304075235115,
  "193": 0.9947753396029263,
  "196": 0.9958202716823411,
  "197": 0.9979101358411708,
  "198": 0.9989550679205856,
  "200": 1.0000000000000004
}