{
  "2": 0.017150395778364115,
  "3": 0.06464379947229551,
  "4": 0.12269129287598944,
  "5": 0.16358839050131926,
  "6": 0.19525065963060687,
  "7": 0.2137203166226913,
  "8": 0.237467018469657,
  "9": 0.2612137203166227,
  "10": 0.2757255936675462,
  "11": 0.2955145118733509,
  "12": 0.32981530343007914,
  "13": 0.3496042216358839,
  "14": 0.3680738786279683,
  "15": 0.3786279683377308,
  "16": 0.39709762532981524,
  "17": 0.41556728232189966,
  "18": 0.43139841688654346,
  "19": 0.44986807387862787,
  "20": 0.46306068601583106,
  "21": 0.4736147757255936,
  "22": 0.48021108179419514,
  "23": 0.49604221635883894,
  "24": 0.5065963060686015,
  "25": 0.5263852242744063,
  "26": 0.5369393139841688,
  "27": 0.5435356200527705,
  "28": 0.5514511873350924,
  "29": 0.5567282321899736,
  "30": 0.5686015831134564,
  "31": 0.579155672823219,
  "32": 0.5844327176781002,
  "33": 0.5910290237467019,
  "34": 0.5989445910290238,
  "35": 0.6108179419525066,
  "36": 0.6213720316622692,
  "37": 0.6253298153034301,
  "38": 0.6319261213720317,
  "39": 0.6424802110817943,
  "40": 0.6490765171503959,
  "41": 0.6543535620052772,
  "42": 0.6715039577836412,
  "43": 0.6794195250659631,
  "44": 0.6886543535620053,
  "45": 0.6992084432717679,
  "46": 0.7097625329815305,
  "47": 0.7163588390501321,
  "48": 0.7229551451187337,
  "49": 0.7269129287598947,
  "50": 0.7335092348284963,
  "51": 0.736147757255937,
  "52": 0.7427440633245386,
  "53": 0.7493403693931402,
  "54": 0.7519788918205809,
  "55": 0.7559366754617418,
  "56": 0.7638522427440637,
  "57": 0.7691292875989449,
  "58": 0.7757255936675466,
  "59": 0.7796833773087075,
  "60": 0.7823218997361482,
  "61": 0.7862796833773091,
  "63": 0.7889182058047498,
  "64": 0.7902374670184701,
  "65": 0.7915567282321904,
  "66": 0.7928759894459106,
  "67": 0.7981530343007919,
  "68": 0.8007915567282325,
  "70": 0.8047493403693935,
  "71": 0.8073878627968342,
  "72": 0.8113456464379951,
  "73": 0.8139841688654358,
  "74": 0.8166226912928765,
  "75": 0.8179419525065967,
  "76": 0.8258575197889186,
  "77": 0.8311345646437999,
  "78": 0.8350923482849608,
  "79": 0.8364116094986811,
  "80": 0.8416886543535623,
  "81": 0.8430079155672826,
  "82": 0.8456464379947233,
  "84": 0.848284960422164,
  "85": 0.8509234828496046,
  "86": 0.8522427440633249,
  "87": 0.8535620052770452,
  "88": 0.8548812664907655,
  "89": 0.8562005277044857,
  "90": 0.8601583113456467,
  "91": 0.8641160949868076,
  "92": 0.8654353562005279,
  "93": 0.8693931398416889,
  "94": 0.8733509234828498,
  "95": 0.8759894459102905,
  "96": 0.8773087071240108,
  "97": 0.8839050131926124,
  "99": 0.8878627968337733,
  "100": 0.8931398416886546,
  "101": 0.8944591029023748,
  "102": 0.8970976253298155,
  "103": 0.8997361477572562,
  "104": 0.9010554089709765,
  "105": 0.9023746701846967,
  "106": 0.9089709762532984,
  "108": 0.9129287598944593,
  "109": 0.9155672823219,
  "110": 0.9195250659630609,
  "113": 0.9248021108179422,
  "114": 0.9274406332453828,
  "115": 0.9300791556728235,
  "117": 0.9340369393139845,
  "118": 0.9366754617414251,
  "119": 0.9393139841688658,
  "120": 0.9432717678100268,
  "121": 0.944591029023747,
  "122": 0.9472295514511877,
  "124": 0.948548812664908,
  "125": 0.9498680738786283,
  "126": 0.9525065963060689,
  "127": 0.9538258575197892,
  "128": 0.9564643799472299,
  "130": 0.9591029023746706,
  "131": 0.9604221635883908,
  "132": 0.9643799472295518,
  "133": 0.9670184696569925,
  "134": 0.9722955145118737,
  "136": 0.973614775725594,
  "138": 0.9749340369393142,
  "143": 0.9762532981530345,
  "148": 0.9775725593667548,
  "151": 0.9788918205804751,
  "152": 0.9802110817941954,
  "161": 0.9815303430079156,
  "162": 0.9828496042216359,
  "167": 0.9841688654353562,
  "168": 0.9854881266490765,
  "172": 0.9868073878627968,
  "176": 0.988126649076517,
  "177": 0.9894459102902373,
  "180": 0.9907651715039576,
  "182": 0.9934036939313983,
  "183": 0.9947229551451185,
  "184": 0.9960422163588388,
  "186": 0.9973614775725591,
  "195": 0.9986807387862794,
  "200": 0.9999999999999997
}