{
  "2": 0.04583333333333333,
  "3": 0.13020833333333334,
  "4": 0.18020833333333336,
  "5": 0.2166666666666667,
  "6": 0.259375,
  "7": 0.28958333333333336,
  "8": 0.32708333333333334,
  "9": 0.36041666666666666,
  "10": 0.39375,
  "11": 0.421875,
  "12": 0.44583333333333336,
  "13": 0.45937500000000003,
  "14": 0.47500000000000003,
  "15": 0.5020833333333333,
  "16": 0.5208333333333334,
  "17": 0.5416666666666667,
  "18": 0.5510416666666668,
  "19": 0.565625,
  "20": 0.5791666666666667,
  "21": 0.5906250000000001,
  "22": 0.6010416666666667,
  "23": 0.6083333333333334,
  "24": 0.6135416666666668,
  "25": 0.6218750000000001,
  "26": 0.6312500000000001,
  "27": 0.6416666666666667,
  "28": 0.6489583333333334,
  "29": 0.6552083333333334,
  "30": 0.6645833333333334,
  "31": 0.6739583333333334,
  "32": 0.6781250000000001,
  "33": 0.6802083333333334,
  "34": 0.6833333333333335,
  "35": 0.6875000000000001,
  "36": 0.6947916666666668,
  "37": 0.6979166666666669,
  "38": 0.7041666666666668,
  "39": 0.7072916666666669,
  "40": 0.7125000000000002,
  "41": 0.7145833333333336,
  "42": 0.7218750000000003,
  "43": 0.7260416666666669,
  "44": 0.7302083333333336,
  "45": 0.7322916666666669,
  "46": 0.7343750000000002,
  "47": 0.7375000000000003,
  "48": 0.7437500000000002,
  "49": 0.7489583333333336,
  "50": 0.7520833333333337,
  "52": 0.7531250000000004,
  "53": 0.757291666666667,
  "54": 0.7583333333333337,
  "55": 0.7625000000000004,
  "56": 0.7635416666666671,
  "58": 0.7697916666666671,
  "59": 0.7708333333333338,
  "60": 0.7750000000000005,
  "61": 0.7791666666666671,
  "62": 0.7812500000000004,
  "63": 0.7822916666666672,
  "64": 0.7833333333333339,
  "65": 0.7875000000000005,
  "66": 0.7885416666666673,
  "67": 0.7916666666666673,
  "68": 0.7937500000000006,
  "69": 0.7968750000000007,
  "70": 0.798958333333334,
  "71": 0.8010416666666673,
  "72": 0.8062500000000007,
  "73": 0.8104166666666673,
  "74": 0.8125000000000007,
  "75": 0.814583333333334,
  "76": 0.8166666666666673,
  "78": 0.817708333333334,
  "79": 0.8197916666666674,
  "80": 0.8208333333333341,
  "81": 0.8250000000000007,
  "82": 0.8260416666666675,
  "83": 0.8270833333333342,
  "84": 0.8312500000000008,
  "85": 0.8343750000000009,
  "86": 0.8364583333333342,
  "87": 0.8375000000000009,
  "88": 0.8385416666666676,
  "89": 0.8416666666666677,
  "91": 0.843750000000001,
  "95": 0.8447916666666677,
  "96": 0.8458333333333344,
  "97": 0.8500000000000011,
  "98": 0.8520833333333344,
  "99": 0.8531250000000011,
  "100": 0.8541666666666679,
  "101": 0.8552083333333346,
  "102": 0.8562500000000013,
  "103": 0.8604166666666679,
  "104": 0.8614583333333347,
  "105": 0.863541666666668,
  "106": 0.8645833333333347,
  "108": 0.8656250000000014,
  "109": 0.8677083333333347,
  "110": 0.8687500000000015,
  "112": 0.8708333333333348,
  "113": 0.8718750000000015,
  "114": 0.8739583333333348,
  "115": 0.8750000000000016,
  "116": 0.8812500000000015,
  "117": 0.8833333333333349,
  "118": 0.8864583333333349,
  "119": 0.8885416666666682,
  "120": 0.8916666666666683,
  "121": 0.892708333333335,
  "122": 0.8937500000000017,
  "123": 0.8968750000000018,
  "124": 0.8989583333333351,
  "125": 0.9000000000000018,
  "126": 0.9041666666666685,
  "127": 0.9072916666666685,
  "128": 0.9104166666666685,
  "129": 0.9114583333333353,
  "130": 0.9135416666666686,
  "132": 0.9156250000000019,
  "133": 0.9166666666666686,
  "134": 0.918750000000002,
  "135": 0.9208333333333353,
  "136": 0.921875000000002,
  "140": 0.9239583333333353,
  "141": 0.9260416666666687,
  "142": 0.931250000000002,
  "143": 0.9322916666666687,
  "144": 0.9333333333333355,
  "145": 0.9354166666666688,
  "146": 0.9375000000000021,
  "147": 0.9406250000000022,
  "148": 0.9427083333333355,
  "150": 0.9458333333333355,
  "152": 0.9468750000000022,
  "154": 0.9500000000000023,
  "155": 0.9531250000000023,
  "157": 0.9552083333333357,
  "158": 0.9562500000000024,
  "159": 0.9572916666666691,
  "160": 0.9593750000000024,
  "161": 0.9625000000000025,
  "162": 0.9645833333333358,
  "163": 0.9687500000000024,
  "164": 0.9718750000000025,
  "165": 0.9750000000000025,
  "166": 0.9760416666666692,
  "168": 0.977083333333336,
  "169": 0.9781250000000027,
  "171": 0.9791666666666694,
  "173": 0.9812500000000027,
  "174": 0.9822916666666694,
  "176": 0.9843750000000028,
  "177": 0.9854166666666695,
  "179": 0.9875000000000028,
  "181": 0.9895833333333361,
  "182": 0.9916666666666695,
  "186": 0.9927083333333362,
  "187": 0.9937500000000029,
  "188": 0.9947916666666696,
  "191": 0.9958333333333363,
  "192": 0.9968750000000031,
  "198": 0.9989583333333364,
  "199": 1.000000000000003
}