{
  "averagePathLength": 0,
  "numNodes": 55,
  "numEdges": 39,
  "selfLinks": 0,
  "averageOutDegree": 0.7090909090909091,
  "averageInDegree": 0.7090909090909091
}