{
  "2": 0.327,
  "3": 0.591,
  "4": 0.703,
  "5": 0.7909999999999999,
  "6": 0.832,
  "7": 0.856,
  "9": 0.869,
  "10": 0.88,
  "11": 0.906,
  "12": 0.918,
  "13": 0.935,
  "14": 0.9440000000000001,
  "15": 0.9500000000000001,
  "16": 0.9560000000000001,
  "17": 0.9620000000000001,
  "18": 0.9800000000000001,
  "19": 0.9920000000000001,
  "20": 1.0
}