{
  "2": 0.33534743202416917,
  "3": 0.5337361530715005,
  "4": 0.607250755287009,
  "5": 0.6938569989929506,
  "6": 0.7452165156092648,
  "7": 0.7925478348439073,
  "8": 0.8408862034239678,
  "9": 0.878147029204431,
  "10": 0.9073514602215509,
  "11": 0.9274924471299094,
  "12": 0.9345417925478349,
  "13": 0.9486404833836858,
  "14": 0.958710976837865,
  "15": 0.9657603222557904,
  "16": 0.9687814702920442,
  "17": 0.9788519637462234,
  "18": 0.9848942598187309,
  "19": 0.9879154078549847,
  "20": 0.9899295065458205,
  "21": 0.9919436052366563,
  "22": 0.993957703927492,
  "23": 0.99496475327291,
  "24": 0.9969788519637458,
  "29": 0.9979859013091638,
  "30": 0.9989929506545817,
  "44": 0.9999999999999997
}