{
  "2": 0.06038647342995169,
  "3": 0.11473429951690821,
  "4": 0.15579710144927536,
  "5": 0.19565217391304346,
  "6": 0.2185990338164251,
  "7": 0.24999999999999997,
  "8": 0.2753623188405797,
  "9": 0.30434782608695654,
  "10": 0.3345410628019324,
  "11": 0.35507246376811596,
  "12": 0.37922705314009664,
  "13": 0.40217391304347827,
  "14": 0.4142512077294686,
  "15": 0.4396135265700483,
  "16": 0.46256038647342995,
  "17": 0.4758454106280193,
  "18": 0.49396135265700486,
  "19": 0.5169082125603865,
  "20": 0.5301932367149759,
  "21": 0.5398550724637682,
  "22": 0.5519323671497586,
  "23": 0.568840579710145,
  "24": 0.5845410628019324,
  "25": 0.5917874396135266,
  "26": 0.603864734299517,
  "27": 0.6111111111111113,
  "28": 0.6219806763285026,
  "29": 0.6425120772946862,
  "30": 0.6521739130434785,
  "31": 0.6594202898550727,
  "32": 0.669082125603865,
  "33": 0.6835748792270534,
  "34": 0.6956521739130438,
  "35": 0.7077294685990342,
  "36": 0.7149758454106284,
  "37": 0.7198067632850246,
  "38": 0.7234299516908217,
  "39": 0.7270531400966188,
  "40": 0.7282608695652178,
  "41": 0.733091787439614,
  "42": 0.7355072463768121,
  "43": 0.7391304347826092,
  "44": 0.7487922705314015,
  "45": 0.7548309178743967,
  "46": 0.7657004830917881,
  "47": 0.7669082125603871,
  "48": 0.7717391304347833,
  "49": 0.7801932367149765,
  "50": 0.7850241545893727,
  "51": 0.7886473429951698,
  "52": 0.7971014492753631,
  "53": 0.8019323671497592,
  "54": 0.8043478260869573,
  "55": 0.8067632850241554,
  "57": 0.8091787439613535,
  "58": 0.8128019323671506,
  "59": 0.8152173913043487,
  "60": 0.8188405797101458,
  "61": 0.823671497584542,
  "62": 0.82608695652174,
  "63": 0.8309178743961362,
  "64": 0.8369565217391314,
  "65": 0.8454106280193247,
  "66": 0.8478260869565227,
  "68": 0.8502415458937208,
  "69": 0.8514492753623198,
  "70": 0.8526570048309189,
  "71": 0.8538647342995179,
  "72": 0.855072463768117,
  "74": 0.857487922705315,
  "75": 0.8611111111111122,
  "76": 0.8623188405797112,
  "78": 0.8671497584541074,
  "79": 0.8731884057971026,
  "80": 0.8768115942028997,
  "81": 0.8780193236714987,
  "82": 0.8804347826086968,
  "83": 0.8816425120772958,
  "84": 0.8840579710144939,
  "86": 0.8888888888888901,
  "87": 0.8913043478260881,
  "88": 0.8937198067632862,
  "89": 0.8973429951690833,
  "90": 0.9009661835748805,
  "91": 0.9045893719806776,
  "92": 0.9082125603864747,
  "93": 0.9106280193236728,
  "95": 0.9142512077294699,
  "97": 0.9154589371980689,
  "98": 0.917874396135267,
  "99": 0.919082125603866,
  "101": 0.9214975845410641,
  "102": 0.9227053140096632,
  "103": 0.9239130434782622,
  "105": 0.9263285024154603,
  "116": 0.9275362318840593,
  "119": 0.9287439613526584,
  "120": 0.9299516908212574,
  "127": 0.9311594202898564,
  "130": 0.9335748792270545,
  "131": 0.9347826086956535,
  "132": 0.9371980676328516,
  "133": 0.9384057971014507,
  "134": 0.9432367149758468,
  "135": 0.9456521739130449,
  "136": 0.9468599033816439,
  "138": 0.948067632850243,
  "140": 0.949275362318842,
  "144": 0.9504830917874411,
  "145": 0.9516908212560401,
  "149": 0.9553140096618372,
  "150": 0.9565217391304363,
  "151": 0.9577294685990353,
  "152": 0.9601449275362334,
  "154": 0.9613526570048324,
  "155": 0.9637681159420305,
  "157": 0.9661835748792286,
  "158": 0.9685990338164266,
  "160": 0.9710144927536247,
  "161": 0.9734299516908228,
  "162": 0.9746376811594218,
  "163": 0.9758454106280209,
  "164": 0.9770531400966199,
  "165": 0.979468599033818,
  "167": 0.980676328502417,
  "168": 0.9818840579710161,
  "169": 0.9830917874396151,
  "170": 0.9855072463768132,
  "172": 0.9867149758454122,
  "173": 0.9879227053140113,
  "177": 0.9903381642512094,
  "180": 0.9915458937198084,
  "182": 0.9927536231884074,
  "183": 0.9939613526570065,
  "186": 0.9963768115942045,
  "187": 0.9975845410628036,
  "194": 0.9987922705314026,
  "199": 1.0000000000000016
}