{
  "2": 0.317,
  "3": 0.549,
  "4": 0.643,
  "5": 0.74,
  "6": 0.813,
  "7": 0.866,
  "8": 0.889,
  "9": 0.918,
  "10": 0.925,
  "11": 0.936,
  "12": 0.9420000000000001,
  "15": 0.9560000000000001,
  "16": 0.9690000000000001,
  "17": 0.9870000000000001,
  "18": 0.9980000000000001,
  "19": 1.0
}