{
  "2": 0.336,
  "3": 0.6080000000000001,
  "4": 0.7140000000000001,
  "5": 0.784,
  "6": 0.8270000000000001,
  "7": 0.8550000000000001,
  "8": 0.8720000000000001,
  "9": 0.8880000000000001,
  "10": 0.8990000000000001,
  "11": 0.9140000000000001,
  "12": 0.9210000000000002,
  "13": 0.9330000000000002,
  "14": 0.9390000000000002,
  "15": 0.9470000000000002,
  "16": 0.9560000000000002,
  "17": 0.9610000000000002,
  "18": 0.9660000000000002,
  "19": 0.9700000000000002,
  "20": 0.9730000000000002,
  "21": 0.9750000000000002,
  "22": 0.9760000000000002,
  "23": 0.9800000000000002,
  "24": 0.9850000000000002,
  "25": 0.9880000000000002,
  "26": 0.9890000000000002,
  "27": 0.9900000000000002,
  "29": 0.9930000000000002,
  "32": 0.9950000000000002,
  "33": 0.9960000000000002,
  "34": 0.9970000000000002,
  "36": 0.9990000000000002,
  "37": 1.0000000000000002
}