{
  "2": 0.01652892561983471,
  "3": 0.04855371900826446,
  "4": 0.06921487603305784,
  "5": 0.09710743801652892,
  "6": 0.11570247933884298,
  "7": 0.14049586776859505,
  "8": 0.15495867768595042,
  "9": 0.16735537190082644,
  "10": 0.18388429752066116,
  "11": 0.1962809917355372,
  "12": 0.2066115702479339,
  "13": 0.2200413223140496,
  "14": 0.23140495867768596,
  "15": 0.24070247933884298,
  "16": 0.246900826446281,
  "17": 0.2582644628099174,
  "18": 0.2675619834710744,
  "19": 0.2737603305785124,
  "20": 0.2830578512396694,
  "21": 0.28615702479338845,
  "22": 0.29648760330578516,
  "23": 0.3057851239669422,
  "24": 0.31714876033057854,
  "25": 0.3285123966942149,
  "26": 0.3367768595041323,
  "27": 0.34400826446280997,
  "28": 0.35020661157024796,
  "29": 0.3605371900826447,
  "30": 0.36466942148760334,
  "31": 0.368801652892562,
  "32": 0.3760330578512397,
  "33": 0.3832644628099174,
  "34": 0.3925619834710744,
  "35": 0.3997933884297521,
  "36": 0.4028925619834711,
  "37": 0.40495867768595045,
  "38": 0.4142561983471075,
  "39": 0.41942148760330583,
  "40": 0.42148760330578516,
  "41": 0.4235537190082645,
  "42": 0.4256198347107438,
  "43": 0.42871900826446285,
  "44": 0.4338842975206612,
  "45": 0.4400826446280992,
  "46": 0.44421487603305787,
  "47": 0.45144628099173556,
  "48": 0.45764462809917356,
  "49": 0.46590909090909094,
  "50": 0.46797520661157027,
  "52": 0.46900826446280997,
  "53": 0.47314049586776863,
  "54": 0.4741735537190083,
  "55": 0.47727272727272735,
  "56": 0.4793388429752067,
  "57": 0.481404958677686,
  "58": 0.4824380165289257,
  "59": 0.48450413223140504,
  "60": 0.4886363636363637,
  "62": 0.4958677685950414,
  "63": 0.4989669421487604,
  "64": 0.5010330578512397,
  "65": 0.5051652892561984,
  "66": 0.5092975206611571,
  "67": 0.5123966942148761,
  "68": 0.5175619834710744,
  "69": 0.5206611570247934,
  "70": 0.5227272727272728,
  "71": 0.5258264462809918,
  "72": 0.5278925619834712,
  "73": 0.5299586776859506,
  "74": 0.53202479338843,
  "75": 0.535123966942149,
  "76": 0.5371900826446284,
  "77": 0.5382231404958681,
  "78": 0.5392561983471077,
  "79": 0.5402892561983473,
  "80": 0.544421487603306,
  "81": 0.5454545454545456,
  "82": 0.5485537190082647,
  "83": 0.5516528925619837,
  "86": 0.556818181818182,
  "87": 0.56301652892562,
  "88": 0.5650826446280994,
  "89": 0.5671487603305788,
  "90": 0.5681818181818185,
  "91": 0.5723140495867771,
  "92": 0.5774793388429754,
  "93": 0.5795454545454548,
  "94": 0.5836776859504135,
  "95": 0.5847107438016531,
  "96": 0.5898760330578514,
  "97": 0.5919421487603308,
  "98": 0.5940082644628102,
  "99": 0.5971074380165292,
  "100": 0.5981404958677689,
  "101": 0.6002066115702482,
  "103": 0.6012396694214879,
  "104": 0.6064049586776862,
  "105": 0.6084710743801656,
  "106": 0.6095041322314052,
  "108": 0.6105371900826448,
  "109": 0.6126033057851242,
  "110": 0.6136363636363639,
  "112": 0.6146694214876035,
  "113": 0.6157024793388431,
  "114": 0.6219008264462812,
  "115": 0.6239669421487606,
  "117": 0.6270661157024796,
  "118": 0.629132231404959,
  "119": 0.635330578512397,
  "121": 0.6373966942148764,
  "122": 0.6394628099173558,
  "124": 0.6404958677685955,
  "125": 0.6435950413223145,
  "126": 0.6456611570247939,
  "127": 0.6466942148760335,
  "128": 0.6477272727272732,
  "131": 0.6487603305785128,
  "132": 0.6508264462809922,
  "133": 0.6539256198347112,
  "134": 0.6549586776859508,
  "135": 0.6559917355371905,
  "136": 0.6580578512396699,
  "138": 0.6601239669421493,
  "139": 0.6642561983471079,
  "142": 0.6673553719008269,
  "143": 0.6683884297520666,
  "144": 0.6694214876033062,
  "145": 0.6704545454545459,
  "146": 0.6714876033057855,
  "147": 0.6735537190082649,
  "148": 0.6756198347107443,
  "150": 0.6776859504132237,
  "151": 0.679752066115703,
  "152": 0.6807851239669427,
  "154": 0.6828512396694221,
  "156": 0.6849173553719015,
  "158": 0.6859504132231411,
  "159": 0.6880165289256205,
  "160": 0.6890495867768601,
  "161": 0.6900826446280998,
  "163": 0.6911157024793394,
  "164": 0.692148760330579,
  "165": 0.6942148760330584,
  "166": 0.6952479338842981,
  "168": 0.6962809917355377,
  "169": 0.6983471074380171,
  "170": 0.6993801652892567,
  "171": 0.7014462809917361,
  "173": 0.7024793388429758,
  "174": 0.7035123966942154,
  "176": 0.7055785123966948,
  "177": 0.7086776859504138,
  "178": 0.7097107438016534,
  "180": 0.7117768595041328,
  "181": 0.7128099173553725,
  "182": 0.7159090909090915,
  "184": 0.7190082644628105,
  "185": 0.7200413223140502,
  "188": 0.7210743801652898,
  "189": 0.7221074380165294,
  "192": 0.7231404958677691,
  "194": 0.7241735537190087,
  "195": 0.7262396694214881,
  "198": 0.7283057851239675,
  "200": 0.7303719008264469,
  "203": 0.7314049586776865,
  "204": 0.7324380165289262,
  "206": 0.7334710743801658,
  "207": 0.7345041322314054,
  "208": 0.7376033057851245,
  "209": 0.7386363636363641,
  "210": 0.7396694214876037,
  "211": 0.7417355371900831,
  "212": 0.7427685950413228,
  "214": 0.7438016528925624,
  "215": 0.7458677685950418,
  "216": 0.7500000000000004,
  "217": 0.7520661157024798,
  "219": 0.7541322314049592,
  "220": 0.7561983471074386,
  "221": 0.7572314049586782,
  "223": 0.7582644628099179,
  "224": 0.7592975206611575,
  "225": 0.7603305785123972,
  "226": 0.7623966942148765,
  "228": 0.7644628099173559,
  "229": 0.7665289256198353,
  "231": 0.7685950413223147,
  "232": 0.7706611570247941,
  "233": 0.7727272727272735,
  "234": 0.7737603305785131,
  "236": 0.7747933884297528,
  "237": 0.7768595041322321,
  "238": 0.7789256198347115,
  "240": 0.7809917355371909,
  "241": 0.7830578512396703,
  "242": 0.78409090909091,
  "244": 0.7861570247933893,
  "245": 0.787190082644629,
  "246": 0.7882231404958686,
  "247": 0.7892561983471083,
  "251": 0.7902892561983479,
  "252": 0.7913223140495875,
  "253": 0.7923553719008272,
  "255": 0.7944214876033066,
  "257": 0.7954545454545462,
  "259": 0.7964876033057858,
  "260": 0.7975206611570255,
  "261": 0.7985537190082651,
  "263": 0.8006198347107445,
  "265": 0.8037190082644635,
  "266": 0.8057851239669429,
  "270": 0.8068181818181825,
  "271": 0.8078512396694222,
  "273": 0.8109504132231412,
  "274": 0.8119834710743808,
  "278": 0.8140495867768602,
  "279": 0.8181818181818189,
  "280": 0.8192148760330585,
  "281": 0.8223140495867776,
  "282": 0.824380165289257,
  "283": 0.8254132231404966,
  "284": 0.8264462809917362,
  "286": 0.8274793388429759,
  "288": 0.8305785123966949,
  "293": 0.8316115702479345,
  "294": 0.8326446280991742,
  "296": 0.8336776859504138,
  "297": 0.8357438016528932,
  "300": 0.8378099173553726,
  "301": 0.839876033057852,
  "302": 0.8409090909090916,
  "305": 0.842975206611571,
  "307": 0.8440082644628106,
  "309": 0.8450413223140503,
  "310": 0.8460743801652899,
  "313": 0.8471074380165295,
  "315": 0.8481404958677692,
  "317": 0.8491735537190088,
  "318": 0.8512396694214882,
  "326": 0.8533057851239676,
  "328": 0.8543388429752072,
  "332": 0.8553719008264469,
  "334": 0.8564049586776865,
  "336": 0.8584710743801659,
  "337": 0.8605371900826453,
  "338": 0.8615702479338849,
  "340": 0.8626033057851246,
  "342": 0.864669421487604,
  "345": 0.8667355371900833,
  "349": 0.867768595041323,
  "350": 0.8698347107438024,
  "351": 0.870867768595042,
  "353": 0.8719008264462816,
  "354": 0.8729338842975213,
  "355": 0.8750000000000007,
  "356": 0.8760330578512403,
  "357": 0.8770661157024799,
  "358": 0.8791322314049593,
  "359": 0.880165289256199,
  "361": 0.8811983471074386,
  "362": 0.8822314049586782,
  "367": 0.8832644628099179,
  "368": 0.8853305785123973,
  "370": 0.8873966942148767,
  "372": 0.8904958677685957,
  "373": 0.8915289256198353,
  "374": 0.8935950413223147,
  "376": 0.8946280991735543,
  "386": 0.8977272727272734,
  "392": 0.898760330578513,
  "397": 0.901859504132232,
  "398": 0.9039256198347114,
  "401": 0.9049586776859511,
  "403": 0.9070247933884305,
  "405": 0.9080578512396701,
  "406": 0.9090909090909097,
  "408": 0.9101239669421494,