{
  "2": 0.020155038759689922,
  "3": 0.07286821705426356,
  "4": 0.09612403100775194,
  "5": 0.12093023255813953,
  "6": 0.15348837209302324,
  "7": 0.17364341085271318,
  "8": 0.19844961240310077,
  "9": 0.22015503875968992,
  "10": 0.23875968992248062,
  "11": 0.2589147286821705,
  "12": 0.2697674418604651,
  "13": 0.2837209302325581,
  "14": 0.29767441860465116,
  "15": 0.31317829457364343,
  "16": 0.3302325581395349,
  "17": 0.3395348837209302,
  "18": 0.34728682170542635,
  "19": 0.3627906976744186,
  "20": 0.37674418604651166,
  "21": 0.4,
  "22": 0.4232558139534884,
  "23": 0.43410852713178294,
  "24": 0.44651162790697674,
  "25": 0.4542635658914729,
  "26": 0.462015503875969,
  "27": 0.4775193798449613,
  "28": 0.4899224806201551,
  "29": 0.4992248062015504,
  "30": 0.5116279069767442,
  "31": 0.524031007751938,
  "32": 0.537984496124031,
  "33": 0.5550387596899224,
  "34": 0.5705426356589147,
  "35": 0.57984496124031,
  "36": 0.5906976744186047,
  "37": 0.6077519379844961,
  "38": 0.613953488372093,
  "39": 0.6170542635658914,
  "40": 0.6248062015503876,
  "41": 0.6310077519379844,
  "42": 0.6325581395348836,
  "43": 0.6387596899224806,
  "44": 0.6449612403100775,
  "45": 0.6542635658914728,
  "47": 0.662015503875969,
  "48": 0.6651162790697674,
  "49": 0.6666666666666666,
  "50": 0.6744186046511628,
  "51": 0.6821705426356589,
  "52": 0.6868217054263566,
  "53": 0.6930232558139535,
  "54": 0.696124031007752,
  "55": 0.7038759689922481,
  "56": 0.7131782945736435,
  "57": 0.7193798449612403,
  "58": 0.7271317829457364,
  "59": 0.7364341085271318,
  "60": 0.7379844961240309,
  "61": 0.7410852713178294,
  "62": 0.7441860465116279,
  "63": 0.7534883720930232,
  "64": 0.7596899224806202,
  "65": 0.7658914728682171,
  "66": 0.7736434108527133,
  "67": 0.7782945736434109,
  "68": 0.7798449612403101,
  "69": 0.7875968992248062,
  "70": 0.7906976744186047,
  "71": 0.7953488372093024,
  "72": 0.7968992248062016,
  "73": 0.7984496124031008,
  "74": 0.8046511627906976,
  "75": 0.8170542635658914,
  "76": 0.821705426356589,
  "77": 0.8263565891472867,
  "78": 0.8294573643410852,
  "79": 0.8341085271317829,
  "80": 0.835658914728682,
  "81": 0.8387596899224805,
  "82": 0.841860465116279,
  "83": 0.8465116279069766,
  "84": 0.8480620155038758,
  "85": 0.8511627906976743,
  "86": 0.8542635658914728,
  "87": 0.8589147286821704,
  "88": 0.8635658914728681,
  "89": 0.8666666666666666,
  "90": 0.8728682170542634,
  "91": 0.8790697674418604,
  "92": 0.8821705426356589,
  "93": 0.8852713178294573,
  "95": 0.8883720930232558,
  "96": 0.8930232558139535,
  "98": 0.8945736434108527,
  "99": 0.9007751937984496,
  "100": 0.9023255813953488,
  "101": 0.9069767441860465,
  "102": 0.9085271317829456,
  "103": 0.9100775193798448,
  "104": 0.911627906976744,
  "105": 0.9131782945736432,
  "106": 0.9162790697674417,
  "107": 0.9193798449612401,
  "109": 0.9240310077519378,
  "110": 0.9271317829457363,
  "111": 0.9286821705426355,
  "113": 0.9317829457364339,
  "115": 0.9348837209302324,
  "116": 0.9379844961240309,
  "117": 0.9410852713178294,
  "118": 0.9426356589147286,
  "119": 0.945736434108527,
  "122": 0.9472868217054262,
  "123": 0.9488372093023254,
  "124": 0.9534883720930231,
  "125": 0.9550387596899222,
  "126": 0.9581395348837207,
  "127": 0.9612403100775192,
  "129": 0.9643410852713177,
  "130": 0.9658914728682169,
  "131": 0.967441860465116,
  "136": 0.9689922480620152,
  "140": 0.9705426356589144,
  "143": 0.9720930232558136,
  "145": 0.9736434108527128,
  "146": 0.975193798449612,
  "147": 0.9767441860465111,
  "149": 0.9798449612403096,
  "151": 0.9813953488372088,
  "153": 0.9844961240310073,
  "158": 0.9860465116279065,
  "159": 0.9875968992248056,
  "160": 0.9891472868217048,
  "162": 0.990697674418604,
  "172": 0.9922480620155032,
  "173": 0.9937984496124024,
  "181": 0.9953488372093016,
  "188": 0.9968992248062007,
  "191": 0.9984496124030999,
  "193": 0.9999999999999991
}