{
  "2": 0.319,
  "3": 0.607,
  "4": 0.699,
  "5": 0.7589999999999999,
  "6": 0.7949999999999999,
  "7": 0.833,
  "8": 0.884,
  "9": 0.926,
  "10": 0.936,
  "11": 0.9550000000000001,
  "12": 0.9940000000000001,
  "14": 1.0
}