{
  "2": 0.087,
  "3": 0.546,
  "4": 0.753,
  "5": 0.834,
  "6": 0.879,
  "7": 0.904,
  "8": 0.922,
  "9": 0.933,
  "10": 0.9460000000000001,
  "11": 0.9540000000000001,
  "12": 0.9610000000000001,
  "13": 0.9670000000000001,
  "14": 0.9720000000000001,
  "15": 0.9730000000000001,
  "17": 0.9760000000000001,
  "18": 0.9780000000000001,
  "19": 0.9810000000000001,
  "20": 0.9850000000000001,
  "21": 0.9860000000000001,
  "22": 0.9870000000000001,
  "23": 0.9880000000000001,
  "24": 0.9890000000000001,
  "26": 0.9900000000000001,
  "27": 0.9910000000000001,
  "30": 0.9920000000000001,
  "32": 0.9930000000000001,
  "33": 0.9950000000000001,
  "39": 0.9960000000000001,
  "41": 0.9970000000000001,
  "48": 0.9980000000000001,
  "51": 0.9990000000000001,
  "118": 1.0
}