{
  "2": 0.39473684210526316,
  "3": 0.5547368421052632,
  "4": 0.6347368421052632,
  "5": 0.6452631578947369,
  "6": 0.6694736842105263,
  "7": 0.7231578947368421,
  "8": 0.7473684210526316,
  "10": 0.7642105263157895,
  "11": 0.7789473684210526,
  "12": 0.8042105263157895,
  "13": 0.8063157894736842,
  "14": 0.8168421052631579,
  "15": 0.8463157894736842,
  "16": 0.8747368421052631,
  "17": 0.911578947368421,
  "18": 0.9326315789473684,
  "19": 0.9568421052631578,
  "20": 0.9736842105263157,
  "21": 0.983157894736842,
  "22": 0.9894736842105262,
  "23": 0.994736842105263,
  "24": 0.9968421052631578,
  "26": 0.9989473684210525,
  "27": 0.9999999999999999
}