{
  "2": 0.032171581769437,
  "3": 0.14075067024128687,
  "4": 0.18766756032171583,
  "5": 0.24262734584450404,
  "6": 0.2801608579088472,
  "7": 0.3083109919571046,
  "8": 0.336461126005362,
  "9": 0.3646112600536194,
  "10": 0.39544235924932986,
  "11": 0.40482573726541565,
  "12": 0.4088471849865953,
  "13": 0.41689008042895453,
  "14": 0.42091152815013416,
  "15": 0.43297587131367304,
  "16": 0.43699731903485267,
  "17": 0.44235924932975884,
  "18": 0.4571045576407508,
  "19": 0.4691689008042897,
  "20": 0.47989276139410203,
  "21": 0.4879356568364613,
  "22": 0.49329758713136745,
  "23": 0.5026809651474532,
  "24": 0.512064343163539,
  "25": 0.5214477211796248,
  "26": 0.5308310991957106,
  "27": 0.5428954423592495,
  "28": 0.5482573726541556,
  "29": 0.5536193029490618,
  "30": 0.5549597855227884,
  "32": 0.5616621983914211,
  "33": 0.576407506702413,
  "34": 0.5844504021447723,
  "35": 0.5938337801608581,
  "36": 0.6045576407506704,
  "37": 0.6112600536193031,
  "38": 0.6179624664879358,
  "39": 0.6219839142091155,
  "40": 0.623324396782842,
  "41": 0.6327077747989278,
  "42": 0.6353887399463809,
  "43": 0.6367292225201074,
  "44": 0.6420911528150136,
  "45": 0.6474530831099198,
  "46": 0.6541554959785525,
  "47": 0.6608579088471852,
  "48": 0.6621983914209117,
  "49": 0.6648793565683648,
  "50": 0.6689008042895445,
  "51": 0.6742627345844506,
  "52": 0.6782841823056303,
  "53": 0.6823056300268099,
  "54": 0.684986595174263,
  "55": 0.6890080428954426,
  "56": 0.6916890080428957,
  "57": 0.6997319034852549,
  "58": 0.7064343163538876,
  "59": 0.7077747989276142,
  "60": 0.7104557640750673,
  "61": 0.7158176943699734,
  "62": 0.7198391420911531,
  "63": 0.7265415549597858,
  "64": 0.731903485254692,
  "65": 0.7359249329758716,
  "66": 0.7399463806970512,
  "67": 0.7412868632707778,
  "69": 0.7466487935656839,
  "71": 0.749329758713137,
  "73": 0.7520107238605901,
  "74": 0.7546916890080432,
  "75": 0.7573726541554963,
  "76": 0.7613941018766759,
  "77": 0.7627345844504024,
  "78": 0.764075067024129,
  "79": 0.7667560321715821,
  "80": 0.7694369973190351,
  "81": 0.7721179624664882,
  "82": 0.7734584450402148,
  "83": 0.7761394101876679,
  "84": 0.7788203753351209,
  "85": 0.781501340482574,
  "86": 0.7828418230563006,
  "87": 0.7882037533512067,
  "88": 0.7935656836461129,
  "89": 0.7949061662198394,
  "90": 0.7975871313672925,
  "91": 0.8029490616621987,
  "93": 0.8056300268096518,
  "94": 0.8083109919571049,
  "95": 0.810991957104558,
  "96": 0.8123324396782845,
  "97": 0.8203753351206438,
  "99": 0.8217158176943703,
  "100": 0.8257372654155499,
  "101": 0.828418230563003,
  "102": 0.8297587131367296,
  "103": 0.8324396782841826,
  "104": 0.8351206434316357,
  "105": 0.8364611260053623,
  "106": 0.8404825737265419,
  "108": 0.843163538873995,
  "109": 0.8471849865951746,
  "110": 0.8485254691689011,
  "112": 0.8512064343163542,
  "114": 0.8525469168900808,
  "117": 0.8552278820375339,
  "118": 0.8565683646112604,
  "119": 0.857908847184987,
  "120": 0.8592493297587135,
  "121": 0.8619302949061666,
  "124": 0.8646112600536197,
  "126": 0.8659517426273462,
  "127": 0.8672922252010727,
  "128": 0.8713136729222524,
  "129": 0.875335120643432,
  "130": 0.8780160857908851,
  "132": 0.8793565683646116,
  "133": 0.8806970509383382,
  "137": 0.8820375335120647,
  "139": 0.8847184986595178,
  "140": 0.8914209115281505,
  "141": 0.8941018766756036,
  "143": 0.8967828418230567,
  "144": 0.8981233243967832,
  "146": 0.8994638069705098,
  "147": 0.9034852546916894,
  "150": 0.9061662198391425,
  "151": 0.9101876675603221,
  "153": 0.9115281501340486,
  "155": 0.9168900804289548,
  "157": 0.9182305630026814,
  "158": 0.9209115281501344,
  "159": 0.9262734584450406,
  "160": 0.9316353887399468,
  "161": 0.9356568364611264,
  "162": 0.9423592493297591,
  "163": 0.9450402144772122,
  "164": 0.9477211796246653,
  "165": 0.9490616621983918,
  "166": 0.9504021447721184,
  "167": 0.9571045576407511,
  "168": 0.9584450402144776,
  "171": 0.9597855227882042,
  "173": 0.9624664879356573,
  "174": 0.9638069705093838,
  "177": 0.9678284182305634,
  "178": 0.971849865951743,
  "179": 0.9731903485254696,
  "180": 0.9758713136729227,
  "183": 0.9772117962466492,
  "186": 0.9785522788203758,
  "189": 0.9812332439678288,
  "194": 0.986595174262735,
  "195": 0.9906166219839146,
  "196": 0.9919571045576412,
  "198": 0.9932975871313677,
  "199": 0.9986595174262739,
  "200": 1.0000000000000004
}