{
  "2": 0.05788712011577424,
  "3": 0.10419681620839363,
  "4": 0.1389290882778582,
  "5": 0.17076700434153402,
  "6": 0.2141823444283647,
  "7": 0.2503617945007236,
  "8": 0.2865412445730825,
  "9": 0.31693198263386396,
  "10": 0.35021707670043417,
  "11": 0.37771345875542695,
  "12": 0.40086830680173663,
  "13": 0.4240231548480463,
  "14": 0.4384949348769899,
  "15": 0.45296671490593343,
  "16": 0.4703328509406657,
  "17": 0.492040520984081,
  "18": 0.5137481910274964,
  "19": 0.5311143270622286,
  "20": 0.5513748191027495,
  "21": 0.5658465991316931,
  "22": 0.5803183791606367,
  "23": 0.5904486251808971,
  "24": 0.5976845151953689,
  "25": 0.6034732272069463,
  "26": 0.6136034732272068,
  "27": 0.6251808972503616,
  "28": 0.6382054992764108,
  "29": 0.6454413892908826,
  "30": 0.6526772793053544,
  "31": 0.6685962373371923,
  "32": 0.6801736613603472,
  "33": 0.6946454413892907,
  "34": 0.7047756874095512,
  "35": 0.7105643994211286,
  "36": 0.7206946454413891,
  "37": 0.7293777134587552,
  "38": 0.736613603473227,
  "39": 0.7438494934876988,
  "40": 0.752532561505065,
  "41": 0.7641099855282198,
  "42": 0.7684515195369029,
  "43": 0.7742402315484803,
  "44": 0.7843704775687408,
  "45": 0.7887120115774239,
  "46": 0.7973950795947901,
  "47": 0.8046309696092618,
  "48": 0.8060781476121562,
  "49": 0.8089725036179449,
  "50": 0.8147612156295223,
  "51": 0.8205499276410997,
  "52": 0.8306801736613602,
  "53": 0.8364688856729375,
  "54": 0.8393632416787262,
  "55": 0.8422575976845149,
  "56": 0.8523878437047754,
  "57": 0.8538350217076698,
  "58": 0.8596237337192472,
  "59": 0.8625180897250359,
  "60": 0.8683068017366132,
  "61": 0.8740955137481906,
  "62": 0.8769898697539793,
  "63": 0.879884225759768,
  "64": 0.8827785817655567,
  "65": 0.8871201157742398,
  "66": 0.8929088277858171,
  "67": 0.8972503617945002,
  "68": 0.9001447178002889,
  "69": 0.904486251808972,
  "70": 0.9059334298118664,
  "71": 0.9117221418234438,
  "72": 0.9131693198263382,
  "73": 0.9146164978292326,
  "75": 0.916063675832127,
  "76": 0.9175108538350214,
  "77": 0.9218523878437045,
  "79": 0.9247467438494932,
  "80": 0.9290882778581763,
  "81": 0.9305354558610707,
  "83": 0.9319826338639651,
  "84": 0.9363241678726482,
  "85": 0.9377713458755426,
  "87": 0.9421128798842257,
  "88": 0.94356005788712,
  "89": 0.9450072358900145,
  "90": 0.9464544138929089,
  "95": 0.9479015918958033,
  "97": 0.9493487698986977,
  "99": 0.950795947901592,
  "100": 0.9536903039073807,
  "102": 0.9565846599131694,
  "103": 0.9594790159189581,
  "104": 0.9609261939218525,
  "106": 0.9623733719247469,
  "107": 0.9638205499276413,
  "108": 0.96671490593343,
  "109": 0.9681620839363244,
  "114": 0.9696092619392188,
  "115": 0.9710564399421132,
  "117": 0.9739507959479019,
  "118": 0.9753979739507963,
  "119": 0.9768451519536907,
  "121": 0.9782923299565851,
  "123": 0.9797395079594795,
  "124": 0.9811866859623739,
  "125": 0.9826338639652683,
  "126": 0.985528219971057,
  "128": 0.9869753979739514,
  "133": 0.9884225759768458,
  "134": 0.9898697539797402,
  "135": 0.9913169319826346,
  "136": 0.992764109985529,
  "145": 0.9956584659913177,
  "157": 0.9971056439942121,
  "161": 0.9985528219971065,
  "176": 1.0000000000000009
}