{
  "2": 0.04374240583232078,
  "3": 0.07290400972053462,
  "4": 0.12272174969623328,
  "5": 0.16281895504252733,
  "6": 0.19319562575941676,
  "7": 0.2174969623329283,
  "8": 0.24787363304981774,
  "9": 0.2770352369380316,
  "10": 0.29647630619684084,
  "11": 0.31713244228432563,
  "12": 0.33292831105710813,
  "13": 0.35236938031591736,
  "14": 0.36330498177399756,
  "15": 0.3778857837181045,
  "16": 0.39246658566221143,
  "17": 0.4021871202916161,
  "18": 0.416767922235723,
  "19": 0.42891859052247877,
  "20": 0.44714459295261244,
  "21": 0.46294046172539494,
  "22": 0.46658566221142167,
  "23": 0.48481166464155534,
  "24": 0.4993924665856623,
  "25": 0.5042527339003646,
  "26": 0.5103280680437425,
  "27": 0.526123936816525,
  "28": 0.5467800729040099,
  "29": 0.5516403402187122,
  "30": 0.5698663426488458,
  "31": 0.5832320777642772,
  "32": 0.5929526123936818,
  "33": 0.6026731470230864,
  "34": 0.6087484811664643,
  "35": 0.6172539489671933,
  "36": 0.6294046172539491,
  "37": 0.6391251518833537,
  "38": 0.6452004860267316,
  "39": 0.6512758201701095,
  "40": 0.658566221142163,
  "41": 0.667071688942892,
  "42": 0.6707168894289187,
  "43": 0.6792223572296477,
  "44": 0.6852976913730257,
  "45": 0.6889428918590523,
  "46": 0.6962332928311058,
  "47": 0.7010935601458081,
  "48": 0.7108140947752127,
  "49": 0.7168894289185906,
  "50": 0.7241798298906441,
  "51": 0.7339003645200487,
  "52": 0.738760631834751,
  "53": 0.7411907654921022,
  "54": 0.7460510328068045,
  "55": 0.7521263669501824,
  "56": 0.7569866342648848,
  "57": 0.7630619684082627,
  "58": 0.7715674362089917,
  "59": 0.7739975698663428,
  "61": 0.776427703523694,
  "62": 0.7825030376670719,
  "63": 0.784933171324423,
  "64": 0.7970838396111788,
  "65": 0.8031591737545567,
  "66": 0.8055893074119078,
  "67": 0.8068043742405834,
  "68": 0.8092345078979345,
  "69": 0.8140947752126368,
  "70": 0.816524908869988,
  "71": 0.8189550425273391,
  "72": 0.8226002430133658,
  "73": 0.8250303766707169,
  "74": 0.8262454434993924,
  "75": 0.8323207776427703,
  "76": 0.8371810449574727,
  "77": 0.842041312272175,
  "79": 0.8444714459295262,
  "80": 0.8469015795868773,
  "81": 0.8481166464155528,
  "82": 0.8541919805589308,
  "84": 0.8578371810449574,
  "85": 0.8639125151883353,
  "86": 0.8687727825030377,
  "87": 0.8712029161603888,
  "88": 0.8772782503037667,
  "90": 0.8809234507897934,
  "91": 0.882138517618469,
  "92": 0.8857837181044956,
  "93": 0.8869987849331712,
  "94": 0.8906439854191979,
  "95": 0.8955042527339002,
  "98": 0.8979343863912513,
  "99": 0.9040097205346292,
  "100": 0.9064398541919804,
  "101": 0.9113001215066827,
  "102": 0.9125151883353583,
  "103": 0.9149453219927094,
  "104": 0.916160388821385,
  "105": 0.9185905224787361,
  "106": 0.9198055893074116,
  "108": 0.9234507897934383,
  "109": 0.9246658566221139,
  "110": 0.9295261239368162,
  "111": 0.9319562575941673,
  "112": 0.9331713244228429,
  "114": 0.9343863912515185,
  "115": 0.935601458080194,
  "117": 0.9368165249088696,
  "119": 0.9404617253948963,
  "120": 0.9428918590522474,
  "123": 0.9441069258809229,
  "124": 0.9477521263669496,
  "125": 0.9501822600243007,
  "126": 0.9513973268529763,
  "128": 0.9526123936816518,
  "129": 0.9538274605103274,
  "132": 0.955042527339003,
  "136": 0.9562575941676785,
  "139": 0.9574726609963541,
  "142": 0.9586877278250296,
  "143": 0.9599027946537052,
  "144": 0.9623329283110563,
  "146": 0.9635479951397319,
  "147": 0.965978128797083,
  "148": 0.9696233292831097,
  "150": 0.9708383961117852,
  "152": 0.9720534629404608,
  "153": 0.9744835965978119,
  "154": 0.9756986634264875,
  "156": 0.976913730255163,
  "158": 0.9781287970838386,
  "160": 0.9817739975698653,
  "166": 0.9829890643985408,
  "167": 0.9842041312272164,
  "168": 0.985419198055892,
  "169": 0.9878493317132431,
  "172": 0.9890643985419186,
  "174": 0.9914945321992698,
  "183": 0.9939246658566209,
  "184": 0.9951397326852964,
  "189": 0.996354799513972,
  "190": 0.9975698663426475,
  "196": 0.9987849331713231,
  "198": 0.9999999999999987
}