{
  "2": 0.173,
  "3": 0.306,
  "4": 0.427,
  "5": 0.523,
  "6": 0.5810000000000001,
  "7": 0.6370000000000001,
  "8": 0.6670000000000001,
  "9": 0.7120000000000002,
  "10": 0.7450000000000002,
  "11": 0.7650000000000002,
  "12": 0.7830000000000003,
  "13": 0.8010000000000003,
  "14": 0.8110000000000003,
  "15": 0.8240000000000003,
  "16": 0.8320000000000003,
  "17": 0.8350000000000003,
  "18": 0.8480000000000003,
  "19": 0.8550000000000003,
  "20": 0.8660000000000003,
  "21": 0.8780000000000003,
  "22": 0.8840000000000003,
  "23": 0.8900000000000003,
  "24": 0.8970000000000004,
  "25": 0.9020000000000004,
  "26": 0.9110000000000004,
  "27": 0.9180000000000004,
  "28": 0.9270000000000004,
  "29": 0.9320000000000004,
  "30": 0.9400000000000004,
  "31": 0.9460000000000004,
  "32": 0.9480000000000004,
  "33": 0.9500000000000004,
  "34": 0.9560000000000004,
  "35": 0.9620000000000004,
  "36": 0.9630000000000004,
  "37": 0.9650000000000004,
  "38": 0.9660000000000004,
  "39": 0.9670000000000004,
  "40": 0.9690000000000004,
  "41": 0.9700000000000004,
  "42": 0.9730000000000004,
  "43": 0.9780000000000004,
  "45": 0.9790000000000004,
  "46": 0.9830000000000004,
  "47": 0.9850000000000004,
  "50": 0.9860000000000004,
  "53": 0.9870000000000004,
  "54": 0.9880000000000004,
  "56": 0.9890000000000004,
  "57": 0.9900000000000004,
  "58": 0.9910000000000004,
  "59": 0.9920000000000004,
  "62": 0.9930000000000004,
  "64": 0.9940000000000004,
  "68": 0.9950000000000004,
  "77": 0.9960000000000004,
  "79": 0.9980000000000004,
  "86": 0.9990000000000004,
  "89": 1.0000000000000004
}