{
  "2": 0.01568627450980392,
  "3": 0.058823529411764705,
  "4": 0.08235294117647059,
  "5": 0.1,
  "6": 0.1215686274509804,
  "7": 0.14705882352941177,
  "8": 0.16666666666666669,
  "9": 0.17647058823529413,
  "10": 0.18039215686274512,
  "11": 0.19411764705882356,
  "12": 0.21372549019607845,
  "13": 0.2274509803921569,
  "14": 0.2431372549019608,
  "15": 0.25490196078431376,
  "16": 0.2666666666666667,
  "17": 0.27254901960784317,
  "18": 0.2862745098039216,
  "19": 0.2960784313725491,
  "20": 0.30000000000000004,
  "21": 0.3058823529411765,
  "22": 0.3137254901960784,
  "23": 0.3156862745098039,
  "24": 0.32745098039215687,
  "25": 0.33725490196078434,
  "26": 0.3490196078431373,
  "27": 0.35294117647058826,
  "28": 0.3647058823529412,
  "29": 0.3666666666666667,
  "30": 0.37254901960784315,
  "31": 0.3784313725490196,
  "32": 0.38627450980392153,
  "33": 0.392156862745098,
  "35": 0.40196078431372545,
  "36": 0.40980392156862744,
  "37": 0.4196078431372549,
  "38": 0.42549019607843136,
  "39": 0.4313725490196078,
  "40": 0.43725490196078426,
  "41": 0.44705882352941173,
  "42": 0.4490196078431372,
  "43": 0.45686274509803915,
  "44": 0.4627450980392156,
  "45": 0.47647058823529403,
  "46": 0.4823529411764705,
  "47": 0.48627450980392145,
  "48": 0.49411764705882344,
  "49": 0.5019607843137254,
  "50": 0.5137254901960783,
  "51": 0.5254901960784312,
  "52": 0.5333333333333331,
  "53": 0.541176470588235,
  "54": 0.5470588235294115,
  "55": 0.5549019607843134,
  "56": 0.5627450980392154,
  "57": 0.5666666666666663,
  "58": 0.5764705882352937,
  "59": 0.5803921568627447,
  "60": 0.5882352941176466,
  "61": 0.5941176470588231,
  "62": 0.5999999999999995,
  "63": 0.6039215686274505,
  "64": 0.609803921568627,
  "65": 0.6215686274509798,
  "66": 0.6274509803921563,
  "67": 0.6333333333333327,
  "68": 0.6352941176470582,
  "69": 0.6450980392156856,
  "70": 0.6509803921568621,
  "71": 0.658823529411764,
  "72": 0.662745098039215,
  "73": 0.666666666666666,
  "74": 0.6725490196078424,
  "75": 0.6745098039215679,
  "76": 0.6784313725490189,
  "77": 0.6843137254901953,
  "78": 0.6901960784313718,
  "79": 0.6960784313725482,
  "81": 0.6999999999999992,
  "82": 0.7117647058823521,
  "83": 0.719607843137254,
  "84": 0.7274509803921559,
  "85": 0.7333333333333324,
  "86": 0.7352941176470579,
  "87": 0.7372549019607834,
  "88": 0.7392156862745088,
  "90": 0.7470588235294108,
  "91": 0.7490196078431363,
  "92": 0.7529411764705872,
  "93": 0.7588235294117637,
  "94": 0.7627450980392146,
  "95": 0.7647058823529401,
  "96": 0.7666666666666656,
  "97": 0.7686274509803911,
  "98": 0.7725490196078421,
  "99": 0.776470588235293,
  "100": 0.7784313725490185,
  "101": 0.7862745098039204,
  "102": 0.7882352941176459,
  "103": 0.7901960784313714,
  "104": 0.7980392156862733,
  "105": 0.8019607843137243,
  "106": 0.8039215686274498,
  "107": 0.8098039215686262,
  "109": 0.8137254901960772,
  "110": 0.8156862745098027,
  "111": 0.8196078431372537,
  "120": 0.8235294117647046,
  "121": 0.8254901960784301,
  "122": 0.833333333333332,
  "123": 0.8352941176470575,
  "125": 0.837254901960783,
  "127": 0.841176470588234,
  "128": 0.8450980392156849,
  "131": 0.8470588235294104,
  "133": 0.8490196078431359,
  "134": 0.8509803921568614,
  "135": 0.8529411764705869,
  "136": 0.8549019607843124,
  "137": 0.8588235294117633,
  "138": 0.8647058823529398,
  "141": 0.8666666666666653,
  "142": 0.8686274509803907,
  "143": 0.8764705882352927,
  "145": 0.8803921568627436,
  "147": 0.8823529411764691,
  "151": 0.8843137254901946,
  "152": 0.890196078431371,
  "154": 0.894117647058822,
  "156": 0.898039215686273,
  "157": 0.8999999999999985,
  "161": 0.901960784313724,
  "162": 0.9039215686274494,
  "165": 0.9058823529411749,
  "166": 0.9078431372549004,
  "167": 0.9117647058823514,
  "177": 0.9137254901960769,
  "179": 0.9156862745098023,
  "180": 0.9176470588235278,
  "182": 0.9196078431372533,
  "183": 0.9215686274509788,
  "185": 0.9254901960784297,
  "186": 0.9274509803921552,
  "187": 0.9352941176470572,
  "192": 0.9372549019607826,
  "196": 0.9411764705882336,
  "197": 0.9431372549019591,
  "201": 0.9450980392156846,
  "206": 0.9470588235294101,
  "207": 0.9490196078431355,
  "209": 0.950980392156861,
  "210": 0.9529411764705865,
  "213": 0.954901960784312,
  "215": 0.9568627450980375,
  "217": 0.958823529411763,
  "221": 0.9607843137254884,
  "222": 0.9627450980392139,
  "226": 0.9647058823529394,
  "231": 0.9666666666666649,
  "232": 0.9705882352941159,
  "240": 0.9725490196078413,
  "243": 0.9745098039215668,
  "254": 0.9764705882352923,
  "257": 0.9784313725490178,
  "263": 0.9803921568627433,
  "264": 0.9823529411764688,
  "268": 0.9843137254901942,
  "269": 0.9862745098039197,
  "270": 0.9882352941176452,
  "271": 0.9901960784313707,
  "287": 0.9921568627450962,
  "327": 0.9941176470588217,
  "350": 0.9960784313725471,
  "364": 0.9980392156862726,
  "406": 0.9999999999999981
}