{
  "2": 0.028735632183908046,
  "3": 0.06321839080459771,
  "4": 0.10057471264367818,
  "5": 0.12212643678160921,
  "6": 0.16379310344827588,
  "7": 0.18965517241379312,
  "8": 0.20689655172413796,
  "9": 0.24137931034482762,
  "10": 0.2686781609195403,
  "11": 0.29166666666666674,
  "12": 0.31034482758620696,
  "13": 0.3304597701149426,
  "14": 0.3477011494252874,
  "15": 0.3649425287356322,
  "16": 0.38362068965517243,
  "17": 0.4066091954022989,
  "18": 0.4181034482758621,
  "19": 0.43247126436781613,
  "20": 0.4425287356321839,
  "21": 0.46120689655172414,
  "22": 0.47270114942528735,
  "23": 0.4813218390804598,
  "24": 0.4956896551724138,
  "25": 0.5028735632183908,
  "26": 0.5129310344827587,
  "27": 0.5258620689655173,
  "28": 0.5373563218390806,
  "29": 0.5416666666666667,
  "30": 0.5545977011494254,
  "31": 0.5617816091954024,
  "32": 0.5747126436781611,
  "33": 0.5833333333333335,
  "34": 0.5919540229885059,
  "35": 0.6005747126436782,
  "36": 0.6135057471264369,
  "37": 0.6178160919540231,
  "38": 0.6250000000000001,
  "39": 0.6293103448275863,
  "40": 0.6408045977011495,
  "41": 0.6422413793103449,
  "42": 0.6508620689655172,
  "43": 0.6566091954022989,
  "44": 0.6609195402298851,
  "45": 0.6623563218390804,
  "46": 0.6666666666666666,
  "47": 0.6767241379310345,
  "48": 0.6853448275862069,
  "49": 0.6867816091954022,
  "50": 0.689655172413793,
  "51": 0.6954022988505747,
  "52": 0.7011494252873564,
  "53": 0.7054597701149425,
  "54": 0.7112068965517242,
  "55": 0.721264367816092,
  "56": 0.7255747126436782,
  "57": 0.7284482758620691,
  "58": 0.7341954022988507,
  "59": 0.7399425287356324,
  "60": 0.7428160919540232,
  "61": 0.7485632183908049,
  "62": 0.7600574712643681,
  "63": 0.7686781609195404,
  "64": 0.7715517241379313,
  "65": 0.7744252873563221,
  "66": 0.7787356321839083,
  "67": 0.7816091954022991,
  "68": 0.7873563218390808,
  "69": 0.7931034482758624,
  "70": 0.7959770114942533,
  "71": 0.8002873563218394,
  "72": 0.8017241379310348,
  "73": 0.8031609195402302,
  "74": 0.806034482758621,
  "75": 0.813218390804598,
  "76": 0.8146551724137934,
  "77": 0.8175287356321842,
  "78": 0.8189655172413796,
  "79": 0.8232758620689657,
  "80": 0.8261494252873566,
  "81": 0.8275862068965519,
  "82": 0.8304597701149428,
  "83": 0.834770114942529,
  "84": 0.8405172413793106,
  "85": 0.8462643678160923,
  "86": 0.8491379310344831,
  "87": 0.8520114942528739,
  "88": 0.8548850574712648,
  "89": 0.8563218390804601,
  "90": 0.8577586206896555,
  "91": 0.8620689655172417,
  "92": 0.863505747126437,
  "93": 0.8663793103448278,
  "95": 0.8692528735632187,
  "96": 0.8735632183908049,
  "97": 0.8750000000000002,
  "100": 0.8836206896551726,
  "101": 0.8879310344827588,
  "102": 0.8893678160919541,
  "103": 0.8936781609195403,
  "104": 0.8951149425287357,
  "107": 0.896551724137931,
  "110": 0.9008620689655172,
  "111": 0.9022988505747126,
  "112": 0.9066091954022988,
  "113": 0.910919540229885,
  "114": 0.9123563218390803,
  "117": 0.9166666666666665,
  "118": 0.9181034482758619,
  "120": 0.9195402298850572,
  "121": 0.9224137931034481,
  "122": 0.9238505747126434,
  "125": 0.9252873563218388,
  "127": 0.9267241379310341,
  "128": 0.9281609195402295,
  "129": 0.9295977011494249,
  "130": 0.9353448275862065,
  "131": 0.9367816091954019,
  "134": 0.9396551724137927,
  "137": 0.9410919540229881,
  "138": 0.9439655172413789,
  "140": 0.9468390804597697,
  "141": 0.9482758620689651,
  "143": 0.9497126436781604,
  "144": 0.9511494252873558,
  "145": 0.9525862068965512,
  "152": 0.9540229885057465,
  "153": 0.9554597701149419,
  "154": 0.9597701149425281,
  "155": 0.9612068965517234,
  "156": 0.9640804597701143,
  "158": 0.9683908045977004,
  "159": 0.9698275862068958,
  "162": 0.9712643678160912,
  "166": 0.9727011494252865,
  "168": 0.9741379310344819,
  "169": 0.9770114942528727,
  "172": 0.9798850574712635,
  "173": 0.9813218390804589,
  "177": 0.9827586206896542,
  "180": 0.9856321839080451,
  "184": 0.9870689655172404,
  "185": 0.9885057471264358,
  "186": 0.9899425287356312,
  "188": 0.992816091954022,
  "192": 0.9971264367816082,
  "194": 0.9985632183908035,
  "196": 0.9999999999999989
}