{
  "numNodes": 1239,
  "averagePathLength": 1.963534352707705,
  "selfLinks": 6,
  "numEdges": 11047,
  "averageInDegree": 8.916061339790152,
  "averageOutDegree": 8.916061339790152
}