{
  "2": 0.3302564102564103,
  "3": 0.5353846153846153,
  "4": 0.5835897435897436,
  "5": 0.601025641025641,
  "6": 0.6461538461538462,
  "7": 0.721025641025641,
  "8": 0.757948717948718,
  "10": 0.7702564102564103,
  "11": 0.7856410256410258,
  "12": 0.7989743589743591,
  "13": 0.8071794871794873,
  "14": 0.8297435897435899,
  "15": 0.8625641025641027,
  "16": 0.8984615384615385,
  "17": 0.917948717948718,
  "18": 0.9466666666666668,
  "19": 0.9651282051282052,
  "20": 0.9764102564102565,
  "21": 0.9866666666666667,
  "22": 0.9907692307692308,
  "23": 0.9938461538461539,
  "24": 0.996923076923077,
  "27": 0.9979487179487181,
  "28": 0.9989743589743592,
  "29": 1.0000000000000002
}