{
  "2": 0.049163179916317995,
  "3": 0.13493723849372385,
  "4": 0.18723849372384938,
  "5": 0.2405857740585774,
  "6": 0.2907949790794979,
  "7": 0.32426778242677823,
  "8": 0.3608786610878661,
  "9": 0.3943514644351464,
  "10": 0.42154811715481166,
  "11": 0.4497907949790794,
  "12": 0.47175732217573213,
  "13": 0.49476987447698734,
  "14": 0.5135983263598325,
  "15": 0.5240585774058576,
  "16": 0.5355648535564852,
  "17": 0.5491631799163178,
  "18": 0.5585774058577404,
  "19": 0.5753138075313806,
  "20": 0.5951882845188283,
  "21": 0.6014644351464434,
  "22": 0.610878661087866,
  "23": 0.6223849372384936,
  "24": 0.6328451882845187,
  "25": 0.6380753138075312,
  "26": 0.6443514644351463,
  "27": 0.651673640167364,
  "28": 0.653765690376569,
  "29": 0.657949790794979,
  "30": 0.6642259414225941,
  "31": 0.6673640167364016,
  "32": 0.6746861924686192,
  "33": 0.6767782426778242,
  "34": 0.6809623430962342,
  "35": 0.6861924686192467,
  "36": 0.6903765690376567,
  "37": 0.6945606694560666,
  "38": 0.6987447698744766,
  "39": 0.7060669456066943,
  "40": 0.7112970711297069,
  "41": 0.7165271966527194,
  "42": 0.7196652719665269,
  "43": 0.7228033472803344,
  "44": 0.7248953974895394,
  "45": 0.7269874476987443,
  "46": 0.7290794979079493,
  "47": 0.7311715481171543,
  "48": 0.7353556485355643,
  "49": 0.7395397489539743,
  "50": 0.7416317991631793,
  "51": 0.7447698744769868,
  "52": 0.7458158995815893,
  "53": 0.7479079497907943,
  "54": 0.7510460251046018,
  "55": 0.7562761506276143,
  "56": 0.7583682008368193,
  "57": 0.7594142259414218,
  "58": 0.7646443514644343,
  "59": 0.7656903765690368,
  "60": 0.7719665271966519,
  "61": 0.7730125523012544,
  "63": 0.7761506276150619,
  "64": 0.7792887029288694,
  "65": 0.7813807531380744,
  "67": 0.7834728033472794,
  "69": 0.7855648535564844,
  "70": 0.792887029288702,
  "71": 0.7939330543933045,
  "72": 0.794979079497907,
  "74": 0.797071129707112,
  "75": 0.8002092050209195,
  "76": 0.803347280334727,
  "77": 0.8043933054393295,
  "78": 0.807531380753137,
  "79": 0.8085774058577395,
  "81": 0.813807531380752,
  "82": 0.817991631799162,
  "83": 0.820083682008367,
  "84": 0.8211297071129695,
  "85": 0.824267782426777,
  "86": 0.828451882845187,
  "87": 0.830543933054392,
  "88": 0.8315899581589945,
  "89": 0.832635983263597,
  "90": 0.8357740585774045,
  "93": 0.8378661087866095,
  "94": 0.838912133891212,
  "96": 0.8420502092050195,
  "97": 0.845188284518827,
  "98": 0.849372384937237,
  "99": 0.8525104602510445,
  "101": 0.8546025104602495,
  "102": 0.8566945606694545,
  "103": 0.8587866108786595,
  "104": 0.8608786610878645,
  "105": 0.861924686192467,
  "106": 0.864016736401672,
  "107": 0.8650627615062745,
  "108": 0.868200836820082,
  "109": 0.8692468619246845,
  "110": 0.870292887029287,
  "111": 0.8734309623430945,
  "112": 0.874476987447697,
  "114": 0.876569037656902,
  "116": 0.878661087866107,
  "117": 0.880753138075312,
  "119": 0.882845188284517,
  "120": 0.8838912133891195,
  "122": 0.884937238493722,
  "123": 0.8859832635983245,
  "124": 0.889121338912132,
  "125": 0.891213389121337,
  "126": 0.893305439330542,
  "127": 0.895397489539747,
  "128": 0.8964435146443495,
  "130": 0.9006276150627595,
  "131": 0.901673640167362,
  "132": 0.903765690376567,
  "133": 0.905857740585772,
  "134": 0.907949790794977,
  "135": 0.910041841004182,
  "136": 0.912133891213387,
  "137": 0.9152719665271944,
  "138": 0.916317991631797,
  "139": 0.9194560669456044,
  "140": 0.9225941422594119,
  "141": 0.9246861924686169,
  "143": 0.9257322175732194,
  "144": 0.9267782426778219,
  "145": 0.9278242677824244,
  "146": 0.9299163179916294,
  "147": 0.9330543933054369,
  "148": 0.9351464435146419,
  "149": 0.9361924686192444,
  "150": 0.9382845188284494,
  "151": 0.9414225941422569,
  "153": 0.9435146443514619,
  "154": 0.9445606694560644,
  "155": 0.9476987447698719,
  "156": 0.9487447698744744,
  "157": 0.9497907949790769,
  "158": 0.9539748953974869,
  "159": 0.9550209205020894,
  "160": 0.9571129707112944,
  "162": 0.9581589958158969,
  "165": 0.9592050209204994,
  "166": 0.9602510460251019,
  "167": 0.9623430962343069,
  "168": 0.9633891213389094,
  "169": 0.9644351464435119,
  "171": 0.9654811715481144,
  "173": 0.9686192468619219,
  "174": 0.9696652719665244,
  "175": 0.9707112970711269,
  "177": 0.9728033472803319,
  "178": 0.9738493723849344,
  "179": 0.9748953974895369,
  "180": 0.9759414225941394,
  "181": 0.9769874476987419,
  "182": 0.9790794979079469,
  "184": 0.9811715481171519,
  "187": 0.9832635983263569,
  "188": 0.9843096234309594,
  "190": 0.9864016736401644,
  "191": 0.9895397489539719,
  "193": 0.9905857740585744,
  "194": 0.9926778242677794,
  "196": 0.9947698744769844,
  "197": 0.9968619246861894,
  "199": 0.9979079497907919,
  "200": 0.9999999999999969
}