{
  "2": 0.03720405862457723,
  "3": 0.06989853438556934,
  "4": 0.11950394588500564,
  "5": 0.15219842164599776,
  "6": 0.189402480270575,
  "7": 0.22547914317925594,
  "8": 0.2502818489289741,
  "9": 0.28184892897406993,
  "10": 0.3066516347237881,
  "11": 0.3235625704622323,
  "12": 0.3494926719278467,
  "13": 0.36640360766629093,
  "14": 0.38782412626832025,
  "15": 0.39909808342728303,
  "16": 0.4103720405862458,
  "17": 0.42953776775648256,
  "18": 0.44532130777903045,
  "19": 0.4656144306651635,
  "20": 0.47350620067643745,
  "21": 0.4937993235625705,
  "22": 0.5050732807215333,
  "23": 0.5186020293122887,
  "24": 0.5298759864712516,
  "25": 0.5422773393461107,
  "26": 0.5524239007891771,
  "27": 0.5659526493799325,
  "28": 0.5704622322435177,
  "29": 0.5828635851183768,
  "30": 0.5873731679819619,
  "31": 0.5986471251409248,
  "32": 0.6065388951521987,
  "33": 0.6121758737316801,
  "34": 0.6189402480270578,
  "35": 0.6245772266065392,
  "36": 0.6381059751972946,
  "37": 0.6459977452085686,
  "38": 0.6550169109357388,
  "39": 0.6595264937993239,
  "40": 0.6651634723788054,
  "41": 0.6708004509582868,
  "42": 0.6786922209695607,
  "43": 0.6888387824126272,
  "44": 0.6956031567080049,
  "45": 0.7023675310033826,
  "46": 0.708004509582864,
  "47": 0.7102593010146565,
  "48": 0.7170236753100342,
  "49": 0.7249154453213081,
  "50": 0.7316798196166858,
  "51": 0.7418263810597523,
  "52": 0.7508455467869225,
  "53": 0.7564825253664039,
  "54": 0.7643742953776779,
  "55": 0.7700112739571593,
  "56": 0.7790304396843295,
  "57": 0.7835400225479147,
  "58": 0.7869222096956034,
  "59": 0.7903043968432922,
  "60": 0.7970687711386699,
  "61": 0.7981961668545662,
  "62": 0.801578354002255,
  "63": 0.8038331454340475,
  "64": 0.8072153325817363,
  "65": 0.8151071025930102,
  "66": 0.818489289740699,
  "67": 0.8229988726042842,
  "68": 0.8275084554678693,
  "69": 0.8286358511837656,
  "70": 0.8308906426155581,
  "71": 0.8376550169109358,
  "72": 0.8410372040586246,
  "73": 0.8511837655016911,
  "74": 0.8523111612175873,
  "75": 0.8556933483652761,
  "76": 0.8590755355129649,
  "77": 0.8647125140924463,
  "78": 0.8669673055242388,
  "79": 0.8692220969560314,
  "80": 0.8737316798196165,
  "81": 0.8748590755355128,
  "82": 0.8782412626832016,
  "83": 0.8793686583990978,
  "84": 0.883878241262683,
  "85": 0.8872604284103718,
  "86": 0.8917700112739569,
  "88": 0.8962795941375421,
  "89": 0.8974069898534384,
  "90": 0.8996617812852309,
  "91": 0.9075535512965048,
  "92": 0.9098083427282974,
  "93": 0.9109357384441936,
  "94": 0.9131905298759861,
  "95": 0.9165727170236749,
  "97": 0.9177001127395712,
  "98": 0.92108229988726,
  "100": 0.9233370913190525,
  "101": 0.925591882750845,
  "102": 0.9301014656144302,
  "103": 0.9312288613303265,
  "104": 0.933483652762119,
  "107": 0.9357384441939115,
  "108": 0.9368658399098078,
  "109": 0.9391206313416003,
  "111": 0.9402480270574965,
  "112": 0.9425028184892891,
  "114": 0.9458850056369779,
  "115": 0.9470124013528741,
  "117": 0.9515219842164593,
  "118": 0.9526493799323555,
  "119": 0.9571589627959407,
  "122": 0.9594137542277332,
  "123": 0.962795941375422,
  "127": 0.9661781285231108,
  "128": 0.9684329199549033,
  "129": 0.9695603156707996,
  "131": 0.9718151071025921,
  "135": 0.9740698985343846,
  "136": 0.9751972942502809,
  "139": 0.9763246899661772,
  "145": 0.9774520856820734,
  "151": 0.9785794813979697,
  "152": 0.9808342728297622,
  "153": 0.9819616685456585,
  "156": 0.984216459977451,
  "157": 0.9864712514092435,
  "162": 0.9875986471251398,
  "164": 0.9898534385569323,
  "172": 0.9921082299887248,
  "176": 0.9932356257046211,
  "177": 0.9943630214205174,
  "180": 0.9954904171364136,
  "182": 0.9977452085682061,
  "184": 0.9988726042841024,
  "190": 0.9999999999999987
}