{
  "2": 0.0425531914893617,
  "3": 0.11347517730496454,
  "4": 0.2624113475177305,
  "5": 0.2978723404255319,
  "6": 0.375886524822695,
  "7": 0.43262411347517726,
  "8": 0.4539007092198581,
  "9": 0.5106382978723404,
  "10": 0.5177304964539007,
  "11": 0.5319148936170213,
  "12": 0.5602836879432624,
  "13": 0.574468085106383,
  "14": 0.5957446808510639,
  "15": 0.6241134751773051,
  "16": 0.6595744680851066,
  "17": 0.6737588652482271,
  "19": 0.6808510638297874,
  "21": 0.6879432624113477,
  "23": 0.7021276595744683,
  "24": 0.7163120567375889,
  "25": 0.7304964539007095,
  "26": 0.7446808510638301,
  "27": 0.7588652482269507,
  "28": 0.8014184397163123,
  "29": 0.8085106382978726,
  "30": 0.8226950354609932,
  "31": 0.8439716312056741,
  "32": 0.8510638297872344,
  "33": 0.8794326241134756,
  "34": 0.8936170212765961,
  "35": 0.9007092198581564,
  "36": 0.9078014184397167,
  "39": 0.914893617021277,
  "40": 0.9219858156028373,
  "41": 0.9290780141843976,
  "42": 0.9432624113475182,
  "47": 0.9503546099290785,
  "50": 0.9574468085106388,
  "52": 0.9645390070921991,
  "58": 0.9716312056737594,
  "59": 0.9787234042553197,
  "61": 0.98581560283688,
  "73": 0.9929078014184403,
  "111": 1.0000000000000004
}