{
  "2": 0.02446043165467626,
  "3": 0.051798561151079135,
  "4": 0.08633093525179855,
  "5": 0.12661870503597122,
  "6": 0.13956834532374102,
  "7": 0.1683453237410072,
  "8": 0.1985611510791367,
  "9": 0.218705035971223,
  "10": 0.23597122302158272,
  "11": 0.2517985611510791,
  "12": 0.2676258992805755,
  "13": 0.2848920863309352,
  "14": 0.30503597122302156,
  "15": 0.33093525179856115,
  "16": 0.3496402877697842,
  "17": 0.3669064748201439,
  "18": 0.3841726618705036,
  "19": 0.4014388489208633,
  "20": 0.4201438848920863,
  "21": 0.43453237410071943,
  "22": 0.45755395683453237,
  "23": 0.4719424460431655,
  "24": 0.48345323741007196,
  "25": 0.5021582733812949,
  "26": 0.5093525179856114,
  "27": 0.5223021582733812,
  "28": 0.530935251798561,
  "29": 0.5438848920863308,
  "30": 0.5496402877697841,
  "31": 0.558273381294964,
  "32": 0.5712230215827337,
  "33": 0.5755395683453237,
  "34": 0.5784172661870504,
  "35": 0.5884892086330935,
  "36": 0.5985611510791367,
  "37": 0.6115107913669064,
  "38": 0.6143884892086331,
  "39": 0.6201438848920864,
  "40": 0.6273381294964029,
  "41": 0.6345323741007194,
  "42": 0.6503597122302158,
  "43": 0.6561151079136691,
  "44": 0.6618705035971224,
  "45": 0.6719424460431656,
  "46": 0.6762589928057555,
  "47": 0.683453237410072,
  "48": 0.6906474820143885,
  "49": 0.6935251798561152,
  "50": 0.7007194244604317,
  "51": 0.7079136690647482,
  "52": 0.7151079136690647,
  "53": 0.720863309352518,
  "54": 0.7251798561151079,
  "55": 0.7381294964028777,
  "56": 0.7424460431654677,
  "57": 0.7496402877697842,
  "58": 0.7568345323741007,
  "59": 0.7597122302158273,
  "60": 0.7654676258992806,
  "61": 0.7712230215827339,
  "62": 0.7755395683453239,
  "63": 0.785611510791367,
  "64": 0.7884892086330937,
  "65": 0.7956834532374102,
  "66": 0.8028776978417267,
  "67": 0.8057553956834533,
  "68": 0.8071942446043167,
  "69": 0.8115107913669066,
  "70": 0.8172661870503599,
  "71": 0.8201438848920866,
  "72": 0.8244604316546765,
  "73": 0.8258992805755399,
  "74": 0.8273381294964032,
  "75": 0.8330935251798565,
  "76": 0.8345323741007198,
  "77": 0.8374100719424464,
  "78": 0.8402877697841731,
  "79": 0.8431654676258997,
  "82": 0.8503597122302162,
  "84": 0.8561151079136695,
  "85": 0.8589928057553962,
  "86": 0.8604316546762595,
  "87": 0.8618705035971228,
  "88": 0.8633093525179861,
  "89": 0.8676258992805761,
  "90": 0.8733812949640294,
  "91": 0.8748201438848927,
  "93": 0.876258992805756,
  "95": 0.8791366906474827,
  "96": 0.884892086330936,
  "97": 0.8877697841726626,
  "99": 0.8892086330935259,
  "100": 0.8906474820143893,
  "101": 0.8920863309352526,
  "102": 0.8935251798561159,
  "103": 0.8978417266187059,
  "104": 0.8992805755395692,
  "106": 0.9007194244604325,
  "107": 0.9021582733812958,
  "108": 0.9064748201438858,
  "109": 0.9093525179856125,
  "110": 0.9107913669064758,
  "111": 0.9151079136690657,
  "112": 0.9194244604316557,
  "113": 0.920863309352519,
  "115": 0.9266187050359723,
  "116": 0.9280575539568356,
  "118": 0.929496402877699,
  "120": 0.9309352517985623,
  "121": 0.9323741007194256,
  "122": 0.9352517985611523,
  "123": 0.9381294964028789,
  "124": 0.9395683453237422,
  "125": 0.9424460431654689,
  "126": 0.9438848920863322,
  "128": 0.9453237410071955,
  "130": 0.9467625899280588,
  "131": 0.9496402877697855,
  "136": 0.9510791366906488,
  "137": 0.9539568345323755,
  "141": 0.9553956834532388,
  "142": 0.9568345323741021,
  "143": 0.9582733812949654,
  "144": 0.9597122302158287,
  "145": 0.9611510791366921,
  "148": 0.9640287769784187,
  "149": 0.965467625899282,
  "152": 0.9669064748201454,
  "157": 0.9683453237410087,
  "158": 0.969784172661872,
  "159": 0.9726618705035986,
  "160": 0.974100719424462,
  "161": 0.9755395683453253,
  "162": 0.9769784172661886,
  "164": 0.9784172661870519,
  "166": 0.9798561151079153,
  "167": 0.9827338129496419,
  "169": 0.9856115107913686,
  "174": 0.9870503597122319,
  "175": 0.9884892086330952,
  "177": 0.9899280575539585,
  "180": 0.9913669064748218,
  "181": 0.9942446043165485,
  "188": 0.9956834532374118,
  "192": 0.9971223021582751,
  "200": 1.0000000000000018
}