{
  "2": 0.023154848046309694,
  "3": 0.053545586107091175,
  "4": 0.09840810419681621,
  "5": 0.12156295224312591,
  "6": 0.14905933429811868,
  "7": 0.18668596237337193,
  "8": 0.21562952243125905,
  "9": 0.24457308248914617,
  "10": 0.2662807525325615,
  "11": 0.2894356005788712,
  "12": 0.30390738060781475,
  "13": 0.32706222865412443,
  "14": 0.3473227206946454,
  "15": 0.3675832127351664,
  "16": 0.3777134587554269,
  "17": 0.3907380607814761,
  "18": 0.40810419681620835,
  "19": 0.4182344428364688,
  "20": 0.43560057887120107,
  "21": 0.45007235890014463,
  "22": 0.4703328509406656,
  "23": 0.47901591895803175,
  "24": 0.48625180897250353,
  "25": 0.4934876989869753,
  "26": 0.5021707670043415,
  "27": 0.5108538350217077,
  "28": 0.5209840810419681,
  "29": 0.5296671490593343,
  "30": 0.5426917510853835,
  "31": 0.5484804630969609,
  "32": 0.5557163531114326,
  "33": 0.5629522431259044,
  "34": 0.5817655571635311,
  "35": 0.5890014471780028,
  "36": 0.5962373371924746,
  "37": 0.602026049204052,
  "38": 0.6078147612156294,
  "39": 0.6092619392185238,
  "40": 0.6150506512301012,
  "41": 0.6295224312590447,
  "42": 0.6439942112879883,
  "43": 0.6497829232995657,
  "44": 0.655571635311143,
  "45": 0.6613603473227204,
  "46": 0.6628075253256148,
  "47": 0.6700434153400866,
  "48": 0.6801736613603471,
  "49": 0.6845151953690302,
  "50": 0.6931982633863963,
  "51": 0.6975397973950794,
  "52": 0.7004341534008681,
  "53": 0.712011577424023,
  "54": 0.7178002894356004,
  "55": 0.7250361794500721,
  "56": 0.7293777134587552,
  "57": 0.7351664254703326,
  "58": 0.7395079594790157,
  "59": 0.7424023154848044,
  "60": 0.7481910274963818,
  "61": 0.7554269175108536,
  "62": 0.7626628075253253,
  "63": 0.7641099855282197,
  "64": 0.7727930535455859,
  "65": 0.7800289435600577,
  "67": 0.7814761215629521,
  "68": 0.7858176555716352,
  "69": 0.7901591895803183,
  "70": 0.7959479015918957,
  "71": 0.7988422575976843,
  "72": 0.8075253256150505,
  "73": 0.8104196816208392,
  "74": 0.8162083936324166,
  "75": 0.8205499276410997,
  "76": 0.8248914616497828,
  "77": 0.8263386396526772,
  "78": 0.8306801736613603,
  "79": 0.8321273516642547,
  "81": 0.8350217076700434,
  "82": 0.8393632416787264,
  "83": 0.8422575976845151,
  "84": 0.8437047756874095,
  "85": 0.8451519536903039,
  "87": 0.8509406657018813,
  "88": 0.85383502170767,
  "90": 0.8552821997105644,
  "91": 0.8581765557163531,
  "92": 0.8596237337192475,
  "93": 0.8639652677279306,
  "94": 0.8668596237337193,
  "96": 0.869753979739508,
  "97": 0.8726483357452967,
  "98": 0.8755426917510853,
  "99": 0.8798842257597684,
  "100": 0.8813314037626628,
  "101": 0.8827785817655572,
  "103": 0.8871201157742403,
  "104": 0.8914616497829234,
  "105": 0.8929088277858178,
  "106": 0.8943560057887122,
  "107": 0.8972503617945009,
  "108": 0.8986975397973953,
  "109": 0.9030390738060784,
  "110": 0.9044862518089728,
  "111": 0.9059334298118672,
  "112": 0.9088277858176559,
  "113": 0.9102749638205503,
  "115": 0.9117221418234447,
  "116": 0.9131693198263391,
  "117": 0.9146164978292335,
  "120": 0.9189580318379166,
  "122": 0.9218523878437053,
  "123": 0.9232995658465997,
  "125": 0.9276410998552828,
  "126": 0.9305354558610714,
  "128": 0.9319826338639658,
  "129": 0.9334298118668602,
  "130": 0.9363241678726489,
  "131": 0.9377713458755433,
  "133": 0.940665701881332,
  "136": 0.9421128798842264,
  "137": 0.9479015918958038,
  "138": 0.9507959479015925,
  "140": 0.9522431259044869,
  "142": 0.9536903039073813,
  "143": 0.9580318379160644,
  "144": 0.9609261939218531,
  "145": 0.9652677279305362,
  "149": 0.9681620839363249,
  "151": 0.9710564399421135,
  "155": 0.972503617945008,
  "160": 0.9739507959479023,
  "164": 0.9753979739507967,
  "165": 0.9768451519536911,
  "168": 0.9782923299565855,
  "170": 0.9811866859623742,
  "171": 0.9826338639652686,
  "174": 0.984081041968163,
  "178": 0.9855282199710574,
  "179": 0.9869753979739518,
  "182": 0.9884225759768462,
  "184": 0.9898697539797406,
  "185": 0.991316931982635,
  "187": 0.9927641099855294,
  "192": 0.9942112879884238,
  "193": 0.9971056439942125,
  "196": 0.9985528219971069,
  "200": 1.0000000000000013
}