{
  "2": 0.088,
  "3": 0.507,
  "4": 0.755,
  "5": 0.844,
  "6": 0.879,
  "7": 0.904,
  "8": 0.925,
  "9": 0.934,
  "10": 0.9480000000000001,
  "11": 0.9560000000000001,
  "12": 0.9620000000000001,
  "13": 0.9650000000000001,
  "14": 0.9710000000000001,
  "15": 0.9730000000000001,
  "16": 0.9760000000000001,
  "17": 0.9780000000000001,
  "18": 0.9810000000000001,
  "19": 0.9840000000000001,
  "20": 0.9850000000000001,
  "21": 0.9890000000000001,
  "23": 0.9900000000000001,
  "25": 0.9930000000000001,
  "26": 0.9940000000000001,
  "30": 0.9950000000000001,
  "32": 0.9960000000000001,
  "33": 0.9970000000000001,
  "35": 0.9980000000000001,
  "41": 0.9990000000000001,
  "52": 1.0
}