{
  "2": 0.050724637681159424,
  "3": 0.11904761904761905,
  "4": 0.17598343685300208,
  "5": 0.22153209109730848,
  "6": 0.2712215320910973,
  "7": 0.3074534161490683,
  "8": 0.33954451345755693,
  "9": 0.35921325051759834,
  "10": 0.39026915113871635,
  "11": 0.422360248447205,
  "12": 0.4440993788819876,
  "13": 0.4658385093167702,
  "14": 0.4886128364389234,
  "15": 0.505175983436853,
  "16": 0.5186335403726708,
  "17": 0.5383022774327122,
  "18": 0.5486542443064182,
  "19": 0.5631469979296065,
  "20": 0.5786749482401655,
  "21": 0.5931677018633539,
  "22": 0.6066252587991717,
  "23": 0.6211180124223601,
  "24": 0.6273291925465837,
  "25": 0.6335403726708073,
  "26": 0.6459627329192545,
  "27": 0.6563146997929605,
  "28": 0.6666666666666665,
  "29": 0.6739130434782608,
  "30": 0.6790890269151137,
  "31": 0.686335403726708,
  "32": 0.6894409937888197,
  "33": 0.6977225672877846,
  "34": 0.7039337474120082,
  "35": 0.7080745341614906,
  "36": 0.7111801242236023,
  "37": 0.7163561076604553,
  "38": 0.7194616977225671,
  "39": 0.7256728778467907,
  "40": 0.7277432712215319,
  "41": 0.7308488612836437,
  "42": 0.7370600414078673,
  "43": 0.7391304347826085,
  "44": 0.7422360248447203,
  "45": 0.7443064182194615,
  "46": 0.7453416149068322,
  "47": 0.7474120082815734,
  "48": 0.7525879917184264,
  "49": 0.753623188405797,
  "50": 0.7567287784679088,
  "51": 0.7608695652173911,
  "52": 0.7639751552795029,
  "53": 0.7660455486542441,
  "54": 0.7681159420289854,
  "55": 0.7701863354037266,
  "56": 0.7763975155279502,
  "57": 0.7805383022774326,
  "59": 0.7826086956521738,
  "60": 0.7846790890269151,
  "61": 0.7867494824016563,
  "62": 0.7908902691511387,
  "63": 0.7919254658385093,
  "64": 0.7981366459627329,
  "65": 0.8012422360248447,
  "66": 0.8022774327122153,
  "67": 0.8043478260869565,
  "68": 0.8074534161490683,
  "69": 0.8084886128364389,
  "70": 0.8115942028985507,
  "71": 0.815734989648033,
  "72": 0.8219461697722567,
  "73": 0.8250517598343684,
  "74": 0.826086956521739,
  "76": 0.831262939958592,
  "77": 0.8333333333333333,
  "78": 0.8343685300207039,
  "80": 0.8354037267080745,
  "82": 0.8364389233954451,
  "83": 0.8374741200828157,
  "84": 0.839544513457557,
  "85": 0.8416149068322982,
  "86": 0.8436853002070395,
  "87": 0.8478260869565218,
  "88": 0.8498964803312631,
  "89": 0.8509316770186337,
  "90": 0.8561076604554867,
  "91": 0.8571428571428573,
  "92": 0.8592132505175986,
  "93": 0.8612836438923398,
  "94": 0.8643892339544516,
  "95": 0.8664596273291928,
  "96": 0.8716356107660458,
  "97": 0.8726708074534164,
  "98": 0.8747412008281577,
  "99": 0.8768115942028989,
  "100": 0.8788819875776401,
  "101": 0.8830227743271225,
  "102": 0.8861283643892343,
  "103": 0.8881987577639755,
  "104": 0.8913043478260873,
  "106": 0.8923395445134579,
  "109": 0.8954451345755696,
  "110": 0.8975155279503109,
  "111": 0.8995859213250521,
  "113": 0.9016563146997933,
  "114": 0.9037267080745346,
  "115": 0.9047619047619052,
  "116": 0.9057971014492758,
  "117": 0.9089026915113876,
  "118": 0.9099378881987582,
  "120": 0.9109730848861288,
  "121": 0.9140786749482406,
  "122": 0.9151138716356112,
  "123": 0.9161490683229818,
  "124": 0.9192546583850936,
  "125": 0.9213250517598348,
  "126": 0.923395445134576,
  "127": 0.9244306418219467,
  "129": 0.9254658385093173,
  "131": 0.9275362318840585,
  "134": 0.9306418219461703,
  "135": 0.9316770186335409,
  "137": 0.9347826086956527,
  "139": 0.938923395445135,
  "140": 0.9420289855072468,
  "141": 0.944099378881988,
  "142": 0.9461697722567293,
  "143": 0.9472049689440999,
  "147": 0.9503105590062116,
  "148": 0.954451345755694,
  "149": 0.9554865424430646,
  "151": 0.9565217391304353,
  "152": 0.9575569358178059,
  "153": 0.9585921325051765,
  "155": 0.9596273291925471,
  "156": 0.9627329192546589,
  "157": 0.9637681159420295,
  "158": 0.9658385093167707,
  "159": 0.967908902691512,
  "160": 0.9689440993788826,
  "163": 0.9710144927536238,
  "164": 0.9720496894409945,
  "165": 0.9741200828157357,
  "167": 0.9792960662525887,
  "170": 0.9803312629399593,
  "173": 0.9813664596273299,
  "176": 0.9834368530020712,
  "177": 0.9844720496894418,
  "180": 0.9855072463768124,
  "182": 0.986542443064183,
  "185": 0.9875776397515537,
  "188": 0.9886128364389243,
  "190": 0.9906832298136655,
  "193": 0.9917184265010361,
  "194": 0.9937888198757774,
  "196": 0.9958592132505186,
  "197": 0.9989648033126304,
  "198": 1.0000000000000009
}