{
  "2": 0.33,
  "3": 0.5920000000000001,
  "4": 0.7090000000000001,
  "5": 0.788,
  "6": 0.8230000000000001,
  "7": 0.8440000000000001,
  "8": 0.8460000000000001,
  "9": 0.8680000000000001,
  "10": 0.9050000000000001,
  "11": 0.9240000000000002,
  "12": 0.9410000000000002,
  "13": 0.9600000000000002,
  "14": 0.9760000000000002,
  "15": 0.9800000000000002,
  "16": 0.9870000000000002,
  "17": 0.9910000000000002,
  "19": 0.9980000000000002,
  "20": 1.0000000000000002
}