{
  "2": 0.02857142857142857,
  "3": 0.08857142857142856,
  "4": 0.1514285714285714,
  "5": 0.19142857142857142,
  "6": 0.23285714285714285,
  "7": 0.27,
  "8": 0.29714285714285715,
  "9": 0.3271428571428572,
  "10": 0.3428571428571429,
  "11": 0.3614285714285715,
  "12": 0.37285714285714294,
  "13": 0.38000000000000006,
  "14": 0.3885714285714286,
  "15": 0.4000000000000001,
  "16": 0.41142857142857153,
  "17": 0.4371428571428572,
  "18": 0.45000000000000007,
  "19": 0.4600000000000001,
  "20": 0.47428571428571437,
  "21": 0.4842857142857144,
  "22": 0.4871428571428572,
  "23": 0.4957142857142858,
  "24": 0.5028571428571429,
  "25": 0.5128571428571429,
  "26": 0.5228571428571429,
  "27": 0.5285714285714286,
  "28": 0.5414285714285715,
  "29": 0.5585714285714286,
  "30": 0.5714285714285715,
  "31": 0.5814285714285715,
  "32": 0.5857142857142859,
  "33": 0.5914285714285715,
  "34": 0.5957142857142859,
  "35": 0.6014285714285715,
  "36": 0.6085714285714287,
  "37": 0.6114285714285715,
  "38": 0.6171428571428572,
  "39": 0.6214285714285716,
  "40": 0.6257142857142859,
  "41": 0.6271428571428573,
  "42": 0.6300000000000002,
  "43": 0.6342857142857146,
  "44": 0.6371428571428575,
  "45": 0.6442857142857146,
  "47": 0.6528571428571431,
  "48": 0.6571428571428575,
  "49": 0.6585714285714289,
  "50": 0.6642857142857146,
  "51": 0.6714285714285717,
  "52": 0.6800000000000003,
  "53": 0.6842857142857146,
  "54": 0.6871428571428575,
  "56": 0.6914285714285718,
  "57": 0.6928571428571433,
  "58": 0.6942857142857147,
  "59": 0.6971428571428576,
  "60": 0.701428571428572,
  "61": 0.7071428571428576,
  "62": 0.7100000000000005,
  "63": 0.7185714285714291,
  "65": 0.721428571428572,
  "66": 0.7242857142857149,
  "67": 0.7271428571428578,
  "68": 0.7328571428571434,
  "69": 0.7371428571428578,
  "70": 0.7400000000000007,
  "71": 0.7414285714285721,
  "72": 0.7457142857142864,
  "73": 0.7485714285714293,
  "75": 0.7528571428571437,
  "76": 0.757142857142858,
  "77": 0.7585714285714295,
  "78": 0.7600000000000009,
  "79": 0.7628571428571438,
  "80": 0.7642857142857152,
  "81": 0.7671428571428581,
  "82": 0.770000000000001,
  "83": 0.7728571428571439,
  "84": 0.7771428571428582,
  "85": 0.7800000000000011,
  "87": 0.782857142857144,
  "89": 0.7871428571428584,
  "90": 0.7914285714285727,
  "92": 0.795714285714287,
  "93": 0.8000000000000014,
  "94": 0.8014285714285728,
  "95": 0.8071428571428585,
  "96": 0.8085714285714299,
  "97": 0.8114285714285728,
  "98": 0.8142857142857157,
  "100": 0.8157142857142872,
  "101": 0.8171428571428586,
  "106": 0.8185714285714301,
  "107": 0.821428571428573,
  "108": 0.8228571428571444,
  "109": 0.8257142857142873,
  "110": 0.8271428571428587,
  "111": 0.8285714285714302,
  "113": 0.8328571428571445,
  "114": 0.834285714285716,
  "115": 0.8385714285714303,
  "119": 0.8400000000000017,
  "120": 0.8442857142857161,
  "122": 0.847142857142859,
  "123": 0.8514285714285733,
  "124": 0.8557142857142876,
  "125": 0.8571428571428591,
  "126": 0.8614285714285734,
  "127": 0.8628571428571449,
  "128": 0.8642857142857163,
  "129": 0.8728571428571449,
  "130": 0.8742857142857163,
  "131": 0.8757142857142878,
  "132": 0.8771428571428592,
  "133": 0.8814285714285736,
  "134": 0.882857142857145,
  "136": 0.8842857142857165,
  "139": 0.8871428571428593,
  "140": 0.892857142857145,
  "141": 0.8957142857142879,
  "144": 0.9000000000000022,
  "145": 0.9028571428571451,
  "148": 0.9042857142857166,
  "149": 0.905714285714288,
  "150": 0.9085714285714309,
  "151": 0.9128571428571453,
  "152": 0.9171428571428596,
  "155": 0.9228571428571453,
  "156": 0.9242857142857167,
  "157": 0.9271428571428596,
  "158": 0.9300000000000025,
  "159": 0.9314285714285739,
  "161": 0.9342857142857168,
  "162": 0.9385714285714312,
  "163": 0.9428571428571455,
  "164": 0.944285714285717,
  "166": 0.9485714285714313,
  "167": 0.9514285714285742,
  "168": 0.9542857142857171,
  "172": 0.9557142857142885,
  "174": 0.9585714285714314,
  "178": 0.9614285714285743,
  "180": 0.9642857142857172,
  "181": 0.9671428571428601,
  "182": 0.9685714285714315,
  "184": 0.9757142857142886,
  "185": 0.9771428571428601,
  "186": 0.9785714285714315,
  "187": 0.9814285714285744,
  "188": 0.9857142857142888,
  "189": 0.9871428571428602,
  "190": 0.9885714285714317,
  "192": 0.9900000000000031,
  "194": 0.9914285714285745,
  "195": 0.9942857142857174,
  "196": 0.9957142857142889,
  "198": 0.9985714285714318,
  "200": 1.000000000000003
}