{
  "2": 0.040419161676646706,
  "3": 0.061377245508982034,
  "4": 0.10179640718562874,
  "5": 0.1407185628742515,
  "6": 0.16766467065868262,
  "7": 0.19461077844311375,
  "8": 0.22604790419161674,
  "9": 0.2544910179640718,
  "10": 0.28742514970059874,
  "11": 0.30838323353293406,
  "12": 0.3293413173652694,
  "13": 0.3473053892215568,
  "14": 0.36377245508982026,
  "15": 0.3802395209580837,
  "16": 0.38922155688622745,
  "17": 0.4161676646706586,
  "18": 0.42964071856287417,
  "19": 0.44610778443113763,
  "20": 0.4565868263473053,
  "21": 0.4700598802395209,
  "22": 0.4850299401197604,
  "23": 0.497005988023952,
  "24": 0.5044910179640718,
  "25": 0.5164670658682634,
  "26": 0.528443113772455,
  "27": 0.5404191616766466,
  "28": 0.5553892215568861,
  "29": 0.5628742514970059,
  "30": 0.5763473053892214,
  "31": 0.5928143712574849,
  "32": 0.5988023952095808,
  "33": 0.6062874251497006,
  "34": 0.6167664670658682,
  "35": 0.6227544910179641,
  "36": 0.625748502994012,
  "37": 0.6377245508982036,
  "38": 0.6452095808383234,
  "39": 0.6541916167664671,
  "40": 0.6631736526946108,
  "41": 0.6751497005988024,
  "42": 0.6796407185628742,
  "43": 0.6901197604790419,
  "44": 0.6916167664670658,
  "45": 0.6991017964071856,
  "46": 0.7110778443113772,
  "47": 0.7215568862275449,
  "48": 0.7275449101796407,
  "49": 0.7380239520958084,
  "50": 0.7410179640718563,
  "51": 0.7485029940119761,
  "52": 0.7544910179640719,
  "53": 0.7589820359281437,
  "54": 0.7679640718562875,
  "55": 0.7709580838323353,
  "56": 0.7799401197604791,
  "57": 0.7844311377245509,
  "58": 0.7859281437125748,
  "59": 0.7889221556886227,
  "60": 0.7934131736526945,
  "61": 0.7964071856287424,
  "62": 0.7979041916167663,
  "63": 0.8023952095808381,
  "64": 0.8068862275449099,
  "65": 0.8083832335329338,
  "66": 0.8143712574850297,
  "67": 0.8248502994011974,
  "68": 0.8278443113772452,
  "69": 0.832335329341317,
  "70": 0.8353293413173649,
  "71": 0.8383233532934128,
  "72": 0.8443113772455086,
  "73": 0.8458083832335326,
  "74": 0.8473053892215565,
  "75": 0.8502994011976044,
  "76": 0.8517964071856283,
  "77": 0.8562874251497001,
  "78": 0.862275449101796,
  "80": 0.8637724550898199,
  "82": 0.8652694610778439,
  "85": 0.8682634730538917,
  "86": 0.8697604790419157,
  "87": 0.8712574850299396,
  "88": 0.8742514970059875,
  "90": 0.8757485029940114,
  "92": 0.8787425149700593,
  "93": 0.8847305389221551,
  "94": 0.887724550898203,
  "95": 0.8907185628742509,
  "99": 0.8952095808383227,
  "100": 0.8982035928143706,
  "103": 0.9026946107784424,
  "104": 0.9041916167664663,
  "106": 0.9056886227544902,
  "107": 0.9086826347305381,
  "108": 0.910179640718562,
  "109": 0.9131736526946099,
  "110": 0.9161676646706578,
  "111": 0.9176646706586817,
  "112": 0.9206586826347296,
  "113": 0.9236526946107775,
  "115": 0.9251497005988014,
  "116": 0.9281437125748493,
  "118": 0.9311377245508972,
  "119": 0.9326347305389211,
  "122": 0.934131736526945,
  "123": 0.9386227544910168,
  "126": 0.9401197604790408,
  "130": 0.9446107784431126,
  "131": 0.9461077844311365,
  "132": 0.9476047904191605,
  "133": 0.9491017964071844,
  "134": 0.9505988023952083,
  "136": 0.9520958083832323,
  "137": 0.9550898203592801,
  "140": 0.9565868263473041,
  "141": 0.958083832335328,
  "145": 0.959580838323352,
  "147": 0.9610778443113759,
  "148": 0.9625748502993998,
  "149": 0.9640718562874238,
  "150": 0.9655688622754477,
  "152": 0.9685628742514956,
  "153": 0.9700598802395195,
  "154": 0.9715568862275434,
  "156": 0.9730538922155674,
  "158": 0.9745508982035913,
  "164": 0.9760479041916152,
  "165": 0.9775449101796392,
  "166": 0.980538922155687,
  "170": 0.982035928143711,
  "171": 0.9835329341317349,
  "178": 0.9865269461077828,
  "179": 0.9880239520958067,
  "181": 0.9895209580838307,
  "182": 0.9925149700598785,
  "189": 0.9940119760479025,
  "190": 0.9955089820359264,
  "193": 0.9970059880239504,
  "195": 0.9985029940119743,
  "199": 0.9999999999999982
}