{
  "2": 0.04942166140904311,
  "3": 0.17665615141955837,
  "4": 0.22187171398527866,
  "5": 0.26813880126182965,
  "6": 0.29442691903259727,
  "7": 0.30914826498422715,
  "8": 0.32386961093585703,
  "9": 0.341745531019979,
  "10": 0.3575184016824396,
  "11": 0.3680336487907466,
  "12": 0.39537329127234494,
  "13": 0.4153522607781283,
  "14": 0.4332281808622503,
  "15": 0.4458464773922187,
  "16": 0.45636172450052576,
  "17": 0.4668769716088328,
  "18": 0.4784437434279705,
  "19": 0.48475289169295477,
  "20": 0.49842271293375395,
  "21": 0.5068349106203995,
  "22": 0.5289169295478443,
  "23": 0.5373291272344899,
  "24": 0.5467928496319663,
  "25": 0.5636172450052576,
  "26": 0.5793901156677181,
  "27": 0.6109358569926393,
  "28": 0.6277602523659306,
  "29": 0.6351209253417455,
  "30": 0.6414300736067297,
  "31": 0.6466876971608831,
  "32": 0.6572029442691902,
  "33": 0.661409043112513,
  "34": 0.6656151419558358,
  "35": 0.6687697160883279,
  "36": 0.6845425867507885,
  "37": 0.6929547844374341,
  "38": 0.7034700315457412,
  "39": 0.7108307045215561,
  "40": 0.7150368033648788,
  "41": 0.7255520504731859,
  "43": 0.7276550998948473,
  "44": 0.7350157728706622,
  "45": 0.7371188222923236,
  "46": 0.7381703470031543,
  "47": 0.7465825446897999,
  "48": 0.7476340694006306,
  "49": 0.7539432176656148,
  "50": 0.7581493165089376,
  "51": 0.7623554153522604,
  "52": 0.7655099894847525,
  "53": 0.7718191377497367,
  "54": 0.7760252365930594,
  "55": 0.7791798107255515,
  "56": 0.7812828601472129,
  "57": 0.7833859095688743,
  "58": 0.784437434279705,
  "62": 0.7865404837013664,
  "63": 0.7928496319663506,
  "64": 0.8012618296529962,
  "65": 0.805467928496319,
  "66": 0.8128286014721339,
  "67": 0.8180862250262874,
  "68": 0.8243953732912715,
  "69": 0.8286014721345943,
  "70": 0.8307045215562557,
  "71": 0.8317560462670864,
  "72": 0.8349106203995785,
  "73": 0.8359621451104092,
  "74": 0.8370136698212399,
  "75": 0.8443743427970548,
  "76": 0.8496319663512083,
  "77": 0.8517350157728697,
  "80": 0.8569926393270232,
  "82": 0.8580441640378539,
  "84": 0.861198738170346,
  "85": 0.8622502628811767,
  "86": 0.8664563617244995,
  "87": 0.8696109358569916,
  "88": 0.8706624605678223,
  "89": 0.8738170347003144,
  "90": 0.8759200841219758,
  "91": 0.8832807570977906,
  "92": 0.8864353312302827,
  "93": 0.8958990536277591,
  "94": 0.8990536277602512,
  "95": 0.9022082018927433,
  "96": 0.903259726603574,
  "97": 0.9043112513144047,
  "98": 0.9095688748685582,
  "99": 0.9106203995793889,
  "101": 0.9116719242902196,
  "102": 0.913774973711881,
  "103": 0.9148264984227117,
  "105": 0.9158780231335424,
  "106": 0.9169295478443731,
  "107": 0.9179810725552038,
  "108": 0.9190325972660345,
  "110": 0.9200841219768652,
  "111": 0.9232386961093573,
  "113": 0.924290220820188,
  "114": 0.9253417455310187,
  "115": 0.9284963196635108,
  "116": 0.9295478443743415,
  "117": 0.9316508937960029,
  "119": 0.9337539432176643,
  "120": 0.9369085173501563,
  "122": 0.937960042060987,
  "123": 0.9390115667718177,
  "124": 0.9411146161934791,
  "126": 0.9432176656151405,
  "127": 0.9453207150368019,
  "128": 0.9495268138801247,
  "133": 0.9516298633017861,
  "135": 0.9526813880126168,
  "136": 0.9537329127234475,
  "138": 0.9568874868559396,
  "139": 0.9579390115667703,
  "140": 0.9610935856992624,
  "141": 0.9652996845425852,
  "142": 0.9674027339642466,
  "143": 0.9684542586750773,
  "144": 0.9726603575184001,
  "145": 0.9747634069400615,
  "146": 0.9768664563617229,
  "147": 0.9789695057833843,
  "148": 0.980021030494215,
  "149": 0.9810725552050457,
  "152": 0.9831756046267071,
  "154": 0.9852786540483685,
  "155": 0.9863301787591991,
  "158": 0.9873817034700298,
  "159": 0.9894847528916912,
  "161": 0.9905362776025219,
  "171": 0.9915878023133526,
  "177": 0.9926393270241833,
  "188": 0.993690851735014,
  "189": 0.9957939011566754,
  "190": 0.9968454258675061,
  "192": 0.9978969505783368,
  "194": 0.9989484752891675,
  "200": 0.9999999999999982
}