{
  "2": 0.03056768558951965,
  "3": 0.06259097525473072,
  "4": 0.0975254730713246,
  "5": 0.12809315866084425,
  "6": 0.16011644832605532,
  "7": 0.18631732168850074,
  "8": 0.20669577874818051,
  "9": 0.22270742358078605,
  "10": 0.24454148471615722,
  "11": 0.2634643377001456,
  "12": 0.27802037845705974,
  "13": 0.29257641921397387,
  "14": 0.30276564774381376,
  "15": 0.3173216885007279,
  "16": 0.3420669577874819,
  "17": 0.3522561863173218,
  "18": 0.3711790393013102,
  "19": 0.3784570596797672,
  "20": 0.39301310043668136,
  "21": 0.40465793304221265,
  "22": 0.41484716157205254,
  "23": 0.4250363901018924,
  "24": 0.42940320232896667,
  "25": 0.4439592430858808,
  "26": 0.45123726346433785,
  "27": 0.4585152838427949,
  "28": 0.47161572052401757,
  "29": 0.4788937409024746,
  "30": 0.48326055312954885,
  "31": 0.49636098981077154,
  "32": 0.5021834061135372,
  "33": 0.5109170305676857,
  "34": 0.5240174672489084,
  "35": 0.5371179039301311,
  "36": 0.5443959243085882,
  "37": 0.5560407569141195,
  "38": 0.5633187772925765,
  "39": 0.5705967976710336,
  "40": 0.5764192139737992,
  "41": 0.579330422125182,
  "42": 0.5866084425036391,
  "43": 0.5909752547307133,
  "44": 0.5997088791848618,
  "45": 0.6157205240174674,
  "46": 0.6171761280931588,
  "47": 0.621542940320233,
  "48": 0.6273653566229987,
  "49": 0.631732168850073,
  "50": 0.6331877729257644,
  "51": 0.6433770014556043,
  "52": 0.6477438136826785,
  "53": 0.6521106259097528,
  "54": 0.6579330422125185,
  "55": 0.6652110625909755,
  "56": 0.6681222707423583,
  "57": 0.6754002911208153,
  "58": 0.681222707423581,
  "59": 0.6870451237263467,
  "60": 0.6899563318777295,
  "61": 0.6957787481804952,
  "62": 0.7001455604075695,
  "63": 0.7030567685589523,
  "64": 0.7103347889374093,
  "65": 0.7190684133915578,
  "67": 0.7219796215429406,
  "68": 0.7263464337700148,
  "69": 0.7278020378457063,
  "70": 0.733624454148472,
  "71": 0.7379912663755462,
  "72": 0.740902474526929,
  "73": 0.7423580786026205,
  "74": 0.7452692867540033,
  "75": 0.7525473071324603,
  "76": 0.7540029112081518,
  "77": 0.7598253275109175,
  "78": 0.7627365356623003,
  "79": 0.7714701601164488,
  "80": 0.775836972343523,
  "81": 0.7787481804949058,
  "82": 0.78311499272198,
  "83": 0.7874818049490543,
  "84": 0.7889374090247457,
  "85": 0.7918486171761285,
  "87": 0.7947598253275113,
  "89": 0.7962154294032028,
  "90": 0.800582241630277,
  "91": 0.8034934497816598,
  "92": 0.8078602620087341,
  "94": 0.8165938864628826,
  "95": 0.818049490538574,
  "96": 0.8209606986899568,
  "97": 0.825327510917031,
  "98": 0.8296943231441053,
  "99": 0.8326055312954881,
  "100": 0.8369723435225623,
  "101": 0.8398835516739451,
  "103": 0.8427947598253279,
  "104": 0.8442503639010194,
  "105": 0.8471615720524022,
  "106": 0.8486171761280936,
  "108": 0.8515283842794764,
  "109": 0.8529839883551679,
  "110": 0.8544395924308593,
  "111": 0.860262008733625,
  "112": 0.8617176128093165,
  "114": 0.8631732168850079,
  "115": 0.8689956331877736,
  "117": 0.8733624454148479,
  "118": 0.8777292576419221,
  "119": 0.8806404657933049,
  "120": 0.8850072780203792,
  "121": 0.8893740902474534,
  "122": 0.8908296943231448,
  "123": 0.8937409024745276,
  "124": 0.8981077147016019,
  "125": 0.9010189228529847,
  "126": 0.9039301310043675,
  "127": 0.9053857350800589,
  "128": 0.9068413391557504,
  "129": 0.9082969432314418,
  "130": 0.9097525473071333,
  "131": 0.9141193595342075,
  "132": 0.915574963609899,
  "133": 0.9170305676855904,
  "134": 0.9184861717612819,
  "136": 0.9228529839883561,
  "137": 0.9272197962154304,
  "139": 0.9286754002911218,
  "140": 0.9344978165938875,
  "141": 0.9374090247452703,
  "143": 0.9417758369723446,
  "146": 0.9475982532751103,
  "147": 0.9505094614264931,
  "148": 0.9519650655021845,
  "150": 0.953420669577876,
  "151": 0.9548762736535674,
  "152": 0.9563318777292589,
  "153": 0.9606986899563331,
  "154": 0.9621542940320246,
  "155": 0.9650655021834074,
  "156": 0.9665211062590988,
  "157": 0.9694323144104816,
  "158": 0.9723435225618644,
  "160": 0.9737991266375559,
  "161": 0.9752547307132473,
  "162": 0.9767103347889388,
  "164": 0.9781659388646302,
  "165": 0.9796215429403217,
  "166": 0.9825327510917045,
  "169": 0.9839883551673959,
  "175": 0.9854439592430874,
  "180": 0.9868995633187788,
  "181": 0.9883551673944703,
  "184": 0.9898107714701617,
  "186": 0.9927219796215445,
  "191": 0.994177583697236,
  "196": 0.9970887918486188,
  "198": 1.0000000000000016
}