{
  "2": 0.285,
  "3": 0.57,
  "4": 0.6619999999999999,
  "5": 0.7549999999999999,
  "6": 0.8079999999999999,
  "7": 0.847,
  "8": 0.874,
  "9": 0.902,
  "10": 0.92,
  "11": 0.931,
  "12": 0.9460000000000001,
  "13": 0.9520000000000001,
  "14": 0.9570000000000001,
  "15": 0.9640000000000001,
  "16": 0.9680000000000001,
  "17": 0.9720000000000001,
  "18": 0.9760000000000001,
  "19": 0.9770000000000001,
  "20": 0.9810000000000001,
  "21": 0.9840000000000001,
  "22": 0.9850000000000001,
  "23": 0.9880000000000001,
  "24": 0.9910000000000001,
  "25": 0.9920000000000001,
  "26": 0.9930000000000001,
  "29": 0.9940000000000001,
  "30": 0.9950000000000001,
  "34": 0.9960000000000001,
  "41": 0.9990000000000001,
  "43": 1.0
}