{
  "2": 0.03337969401947149,
  "3": 0.07510431154381085,
  "4": 0.11404728789986092,
  "5": 0.14325452016689846,
  "6": 0.17941585535465926,
  "7": 0.21974965229485396,
  "8": 0.2573018080667594,
  "9": 0.2865090403337969,
  "10": 0.3087621696801113,
  "11": 0.3379694019471488,
  "12": 0.3518776077885953,
  "13": 0.3616133518776078,
  "14": 0.3769123783031989,
  "15": 0.3852573018080668,
  "16": 0.39777468706536856,
  "17": 0.41029207232267034,
  "18": 0.4186369958275382,
  "19": 0.4283727399165507,
  "20": 0.43810848400556324,
  "21": 0.4520166898470097,
  "22": 0.4659248956884562,
  "23": 0.4728789986091794,
  "24": 0.48956884561891517,
  "25": 0.502086230876217,
  "26": 0.5159944367176634,
  "27": 0.5354659248956884,
  "28": 0.5507649513212796,
  "29": 0.5563282336578581,
  "30": 0.5702364394993046,
  "31": 0.5785813630041724,
  "32": 0.5869262865090402,
  "33": 0.5994436717663421,
  "34": 0.6050069541029206,
  "35": 0.6258692628650903,
  "36": 0.6383866481223921,
  "37": 0.6453407510431153,
  "38": 0.6578581363004171,
  "39": 0.6675938803894297,
  "40": 0.6787204450625869,
  "41": 0.6856745479833101,
  "42": 0.6912378303198886,
  "43": 0.6954102920723225,
  "44": 0.6995827538247564,
  "45": 0.7023643949930457,
  "46": 0.7079276773296242,
  "47": 0.7148817802503474,
  "48": 0.7176634214186367,
  "49": 0.720445062586926,
  "50": 0.7273991655076492,
  "51": 0.7301808066759384,
  "52": 0.7315716272600831,
  "53": 0.7385257301808063,
  "54": 0.7426981919332402,
  "55": 0.7468706536856741,
  "56": 0.7496522948539633,
  "57": 0.7524339360222526,
  "58": 0.7538247566063973,
  "59": 0.7593880389429758,
  "60": 0.7649513212795543,
  "61": 0.766342141863699,
  "63": 0.7677329624478436,
  "64": 0.7705146036161329,
  "65": 0.7732962447844222,
  "66": 0.7760778859527114,
  "67": 0.7788595271210007,
  "68": 0.7844228094575793,
  "71": 0.7858136300417239,
  "72": 0.7899860917941578,
  "73": 0.7927677329624471,
  "74": 0.7955493741307363,
  "75": 0.796940194714881,
  "76": 0.7983310152990256,
  "77": 0.8025034770514595,
  "78": 0.8052851182197488,
  "82": 0.8066759388038934,
  "83": 0.8080667593880381,
  "84": 0.8108484005563273,
  "85": 0.8136300417246166,
  "86": 0.8150208623087613,
  "89": 0.8191933240611952,
  "90": 0.8247566063977737,
  "91": 0.8261474269819183,
  "93": 0.827538247566063,
  "94": 0.8331015299026415,
  "95": 0.8344923504867862,
  "96": 0.8372739916550754,
  "97": 0.8442280945757986,
  "98": 0.8497913769123772,
  "99": 0.8567454798331003,
  "100": 0.8609179415855343,
  "101": 0.8636995827538235,
  "104": 0.8664812239221128,
  "105": 0.8678720445062574,
  "106": 0.8748261474269806,
  "107": 0.8776077885952699,
  "108": 0.8803894297635592,
  "109": 0.8817802503477038,
  "110": 0.8859527121001377,
  "112": 0.8873435326842823,
  "113": 0.8915159944367163,
  "114": 0.8929068150208609,
  "115": 0.8942976356050055,
  "116": 0.8984700973574394,
  "118": 0.8998609179415841,
  "119": 0.9012517385257287,
  "120": 0.9026425591098733,
  "121": 0.9054242002781626,
  "122": 0.9082058414464519,
  "123": 0.9095966620305965,
  "126": 0.9123783031988858,
  "127": 0.9137691237830304,
  "128": 0.9151599443671751,
  "129": 0.9207232267037536,
  "131": 0.9221140472878983,
  "134": 0.9235048678720429,
  "135": 0.9248956884561875,
  "137": 0.9262865090403322,
  "138": 0.9276773296244768,
  "139": 0.9304589707927661,
  "140": 0.9318497913769107,
  "142": 0.9332406119610553,
  "148": 0.9346314325452,
  "149": 0.9360222531293446,
  "150": 0.9374130737134893,
  "151": 0.9388038942976339,
  "154": 0.9401947148817785,
  "156": 0.9415855354659232,
  "160": 0.9429763560500678,
  "161": 0.9443671766342124,
  "162": 0.9457579972183571,
  "166": 0.9471488178025017,
  "167": 0.949930458970791,
  "168": 0.9527121001390803,
  "169": 0.9541029207232249,
  "170": 0.9554937413073695,
  "172": 0.9582753824756588,
  "175": 0.9596662030598034,
  "178": 0.9610570236439481,
  "179": 0.9624478442280927,
  "182": 0.965229485396382,
  "183": 0.9666203059805266,
  "184": 0.9680111265646713,
  "186": 0.9721835883171052,
  "188": 0.9735744089012498,
  "189": 0.9763560500695391,
  "191": 0.980528511821973,
  "192": 0.9833101529902623,
  "193": 0.9847009735744069,
  "194": 0.9874826147426962,
  "195": 0.9902642559109854,
  "196": 0.9916550764951301,
  "197": 0.9944367176634193,
  "198": 0.995827538247564,
  "199": 0.9986091794158533,
  "200": 0.9999999999999979
}