{
  "2": 0.04190919674039581,
  "3": 0.10593713620488941,
  "4": 0.15715948777648428,
  "5": 0.19674039580908032,
  "6": 0.2351571594877765,
  "7": 0.2840512223515716,
  "8": 0.3131548311990687,
  "9": 0.3445867287543655,
  "10": 0.3713620488940628,
  "11": 0.39115250291036086,
  "12": 0.4109429569266589,
  "13": 0.4388824214202561,
  "14": 0.45634458672875433,
  "15": 0.4726426076833527,
  "16": 0.48894062863795107,
  "17": 0.4970896391152503,
  "18": 0.5064027939464494,
  "19": 0.5238649592549476,
  "20": 0.5355064027939465,
  "21": 0.5448195576251456,
  "22": 0.5541327124563447,
  "23": 0.5669383003492434,
  "24": 0.5750873108265426,
  "25": 0.5832363213038418,
  "26": 0.591385331781141,
  "27": 0.5972060535506405,
  "28": 0.6158323632130386,
  "29": 0.6263096623981376,
  "30": 0.6391152502910363,
  "31": 0.6484284051222354,
  "32": 0.6554132712456348,
  "33": 0.6705471478463333,
  "34": 0.692665890570431,
  "35": 0.70314318975553,
  "36": 0.7159487776484288,
  "37": 0.724097788125728,
  "38": 0.7357392316647269,
  "39": 0.7427240977881262,
  "40": 0.7497089639115255,
  "41": 0.7543655413271251,
  "42": 0.7578579743888247,
  "43": 0.7636786961583242,
  "44": 0.7671711292200238,
  "45": 0.7683352735739237,
  "47": 0.7694994179278236,
  "48": 0.7718277066356234,
  "49": 0.7729918509895233,
  "50": 0.7741559953434232,
  "52": 0.7764842840512229,
  "53": 0.7776484284051228,
  "54": 0.7788125727590227,
  "55": 0.7811408614668225,
  "56": 0.7823050058207224,
  "57": 0.7846332945285222,
  "58": 0.7869615832363219,
  "59": 0.7892898719441217,
  "60": 0.7904540162980216,
  "61": 0.7916181606519215,
  "62": 0.796274738067521,
  "63": 0.7986030267753208,
  "64": 0.80675203725262,
  "65": 0.8137369033760193,
  "66": 0.8183934807916189,
  "67": 0.8253783469150182,
  "68": 0.8288707799767179,
  "69": 0.8323632130384175,
  "70": 0.8346915017462173,
  "71": 0.838183934807917,
  "72": 0.8416763678696166,
  "73": 0.8521536670547156,
  "74": 0.8556461001164153,
  "75": 0.8568102444703152,
  "76": 0.8579743888242151,
  "77": 0.8614668218859147,
  "78": 0.8672875436554142,
  "79": 0.8696158323632139,
  "80": 0.8731082654249136,
  "82": 0.8742724097788135,
  "84": 0.8754365541327134,
  "85": 0.8766006984866133,
  "86": 0.8777648428405131,
  "87": 0.8800931315483129,
  "93": 0.8812572759022128,
  "94": 0.8847497089639125,
  "95": 0.8870779976717122,
  "96": 0.889406286379512,
  "97": 0.8917345750873118,
  "98": 0.8928987194412117,
  "99": 0.8952270081490115,
  "101": 0.8963911525029113,
  "102": 0.8975552968568112,
  "103": 0.8987194412107111,
  "105": 0.899883585564611,
  "106": 0.9045401629802106,
  "107": 0.9057043073341104,
  "110": 0.9068684516880103,
  "111": 0.9091967403958101,
  "113": 0.91036088474971,
  "117": 0.9115250291036099,
  "118": 0.9126891734575098,
  "120": 0.9138533178114097,
  "121": 0.9150174621653095,
  "122": 0.9161816065192094,
  "123": 0.9173457508731093,
  "124": 0.9196740395809091,
  "125": 0.920838183934809,
  "127": 0.9220023282887089,
  "129": 0.9231664726426088,
  "131": 0.9243306169965086,
  "133": 0.9254947613504085,
  "134": 0.9266589057043084,
  "136": 0.9324796274738079,
  "137": 0.9336437718277077,
  "138": 0.9371362048894074,
  "140": 0.9383003492433073,
  "141": 0.9394644935972072,
  "142": 0.9406286379511071,
  "143": 0.941792782305007,
  "145": 0.9441210710128067,
  "146": 0.9464493597206065,
  "147": 0.9476135040745064,
  "149": 0.9487776484284063,
  "150": 0.9499417927823062,
  "152": 0.9511059371362061,
  "153": 0.952270081490106,
  "155": 0.9534342258440058,
  "158": 0.9557625145518056,
  "162": 0.9580908032596054,
  "163": 0.9592549476135053,
  "164": 0.9604190919674052,
  "169": 0.961583236321305,
  "173": 0.9627473806752049,
  "175": 0.9650756693830047,
  "176": 0.9662398137369046,
  "179": 0.9674039580908045,
  "180": 0.9697322467986043,
  "181": 0.9708963911525041,
  "182": 0.9743888242142038,
  "183": 0.9755529685681037,
  "184": 0.9767171129220036,
  "185": 0.9790454016298034,
  "188": 0.9802095459837032,
  "189": 0.982537834691503,
  "190": 0.9848661233993028,
  "191": 0.9871944121071026,
  "192": 0.9895227008149023,
  "193": 0.9906868451688022,
  "194": 0.993015133876602,
  "195": 0.9953434225844018,
  "196": 0.9965075669383017,
  "197": 0.9976717112922016,
  "198": 0.9988358556461014,
  "199": 1.0000000000000013
}