{
  "2": 0.087,
  "3": 0.523,
  "4": 0.741,
  "5": 0.814,
  "6": 0.861,
  "7": 0.885,
  "8": 0.911,
  "9": 0.92,
  "10": 0.937,
  "11": 0.9430000000000001,
  "12": 0.9530000000000001,
  "13": 0.9580000000000001,
  "14": 0.9640000000000001,
  "15": 0.9670000000000001,
  "16": 0.9700000000000001,
  "17": 0.9740000000000001,
  "18": 0.9790000000000001,
  "19": 0.9810000000000001,
  "20": 0.9840000000000001,
  "21": 0.9850000000000001,
  "22": 0.9860000000000001,
  "23": 0.9870000000000001,
  "24": 0.9880000000000001,
  "26": 0.9890000000000001,
  "27": 0.9900000000000001,
  "28": 0.9910000000000001,
  "31": 0.9920000000000001,
  "33": 0.9930000000000001,
  "35": 0.9950000000000001,
  "36": 0.9960000000000001,
  "41": 0.9970000000000001,
  "46": 0.9990000000000001,
  "49": 1.0
}