{
  "2": 0.06296296296296296,
  "3": 0.16666666666666666,
  "4": 0.22469135802469134,
  "5": 0.2987654320987654,
  "6": 0.34197530864197523,
  "7": 0.38888888888888884,
  "8": 0.41604938271604935,
  "9": 0.43209876543209874,
  "10": 0.4506172839506173,
  "11": 0.47160493827160493,
  "12": 0.48518518518518516,
  "13": 0.4925925925925926,
  "14": 0.49876543209876545,
  "15": 0.5148148148148148,
  "16": 0.5234567901234568,
  "17": 0.5370370370370371,
  "18": 0.5456790123456791,
  "19": 0.5617283950617284,
  "20": 0.5666666666666668,
  "21": 0.5716049382716051,
  "22": 0.5740740740740742,
  "23": 0.5790123456790125,
  "24": 0.5814814814814816,
  "25": 0.5839506172839507,
  "27": 0.5851851851851853,
  "28": 0.5888888888888889,
  "29": 0.5925925925925926,
  "30": 0.6,
  "31": 0.6098765432098765,
  "32": 0.6271604938271604,
  "33": 0.6333333333333333,
  "34": 0.6382716049382716,
  "35": 0.6481481481481481,
  "36": 0.6555555555555556,
  "37": 0.6654320987654321,
  "38": 0.6753086419753086,
  "39": 0.682716049382716,
  "40": 0.691358024691358,
  "41": 0.7,
  "42": 0.7037037037037036,
  "43": 0.7074074074074073,
  "44": 0.7111111111111109,
  "45": 0.722222222222222,
  "46": 0.7358024691358023,
  "47": 0.7456790123456788,
  "48": 0.7530864197530862,
  "49": 0.7617283950617282,
  "50": 0.7654320987654318,
  "51": 0.7765432098765429,
  "52": 0.7802469135802466,
  "53": 0.787654320987654,
  "54": 0.7913580246913576,
  "55": 0.7950617283950613,
  "56": 0.7987654320987649,
  "57": 0.8024691358024686,
  "58": 0.8037037037037031,
  "60": 0.8061728395061722,
  "61": 0.8111111111111106,
  "62": 0.8172839506172834,
  "63": 0.8222222222222217,
  "64": 0.8283950617283946,
  "65": 0.8320987654320983,
  "66": 0.8358024691358019,
  "67": 0.8395061728395056,
  "68": 0.846913580246913,
  "69": 0.8493827160493821,
  "71": 0.8530864197530857,
  "72": 0.8543209876543203,
  "73": 0.8555555555555548,
  "74": 0.8604938271604932,
  "75": 0.8641975308641968,
  "76": 0.8679012345679005,
  "77": 0.8716049382716041,
  "79": 0.8740740740740732,
  "80": 0.8765432098765423,
  "81": 0.8790123456790114,
  "82": 0.880246913580246,
  "83": 0.8839506172839496,
  "84": 0.888888888888888,
  "85": 0.891358024691357,
  "86": 0.8925925925925916,
  "87": 0.8950617283950607,
  "89": 0.8975308641975298,
  "91": 0.8987654320987644,
  "92": 0.902469135802468,
  "94": 0.9074074074074063,
  "95": 0.9098765432098754,
  "96": 0.91111111111111,
  "97": 0.9135802469135791,
  "98": 0.9148148148148136,
  "99": 0.9160493827160482,
  "101": 0.9172839506172827,
  "103": 0.9185185185185173,
  "104": 0.9209876543209864,
  "105": 0.9222222222222209,
  "106": 0.9234567901234555,
  "107": 0.92469135802469,
  "108": 0.9259259259259246,
  "110": 0.9271604938271591,
  "111": 0.9283950617283937,
  "113": 0.9308641975308628,
  "115": 0.9320987654320974,
  "116": 0.9333333333333319,
  "122": 0.9345679012345665,
  "124": 0.935802469135801,
  "125": 0.9370370370370356,
  "127": 0.9407407407407392,
  "130": 0.9419753086419738,
  "131": 0.9432098765432083,
  "133": 0.9456790123456774,
  "134": 0.9481481481481465,
  "136": 0.9493827160493811,
  "139": 0.9506172839506156,
  "141": 0.9518518518518502,
  "142": 0.9555555555555538,
  "144": 0.9567901234567884,
  "146": 0.9580246913580229,
  "147": 0.9592592592592575,
  "149": 0.9617283950617266,
  "150": 0.9629629629629611,
  "151": 0.9666666666666648,
  "152": 0.9679012345678993,
  "154": 0.9691358024691339,
  "157": 0.971604938271603,
  "158": 0.9728395061728375,
  "161": 0.9740740740740721,
  "163": 0.9765432098765412,
  "166": 0.9777777777777757,
  "167": 0.9790123456790103,
  "168": 0.9802469135802448,
  "171": 0.9814814814814794,
  "173": 0.982716049382714,
  "174": 0.9839506172839485,
  "178": 0.985185185185183,
  "180": 0.9864197530864176,
  "181": 0.9876543209876522,
  "185": 0.9888888888888867,
  "186": 0.9901234567901213,
  "188": 0.9938271604938249,
  "190": 0.9950617283950595,
  "193": 0.996296296296294,
  "195": 0.9975308641975286,
  "198": 0.9999999999999977
}