{
  "2": 0.05235602094240838,
  "3": 0.12356020942408377,
  "4": 0.18429319371727748,
  "5": 0.24083769633507854,
  "6": 0.2774869109947644,
  "7": 0.31518324607329845,
  "8": 0.33821989528795815,
  "9": 0.374869109947644,
  "10": 0.40314136125654454,
  "11": 0.43455497382198954,
  "12": 0.46701570680628274,
  "13": 0.4816753926701571,
  "14": 0.4973821989528796,
  "15": 0.5130890052356021,
  "16": 0.5308900523560209,
  "17": 0.5476439790575917,
  "18": 0.5591623036649215,
  "19": 0.574869109947644,
  "20": 0.5863874345549738,
  "21": 0.5968586387434555,
  "22": 0.6125654450261779,
  "23": 0.6251308900523559,
  "24": 0.6376963350785338,
  "25": 0.6429319371727746,
  "26": 0.6513089005235599,
  "27": 0.6596858638743452,
  "28": 0.664921465968586,
  "29": 0.6732984293193713,
  "30": 0.6848167539267012,
  "31": 0.690052356020942,
  "32": 0.6973821989528791,
  "33": 0.7015706806282718,
  "34": 0.7099476439790571,
  "35": 0.7151832460732979,
  "36": 0.7204188481675387,
  "37": 0.7319371727748685,
  "38": 0.7361256544502611,
  "39": 0.7382198952879575,
  "40": 0.7424083769633502,
  "41": 0.7455497382198947,
  "42": 0.7497382198952873,
  "43": 0.7560209424083764,
  "44": 0.760209424083769,
  "45": 0.7633507853403135,
  "46": 0.7685863874345543,
  "47": 0.7717277486910988,
  "48": 0.7759162303664915,
  "49": 0.7780104712041879,
  "50": 0.7801047120418843,
  "51": 0.7832460732984288,
  "52": 0.7842931937172769,
  "53": 0.7884816753926696,
  "54": 0.7926701570680622,
  "55": 0.7958115183246067,
  "56": 0.8010471204188475,
  "57": 0.8020942408376956,
  "58": 0.804188481675392,
  "59": 0.8094240837696328,
  "60": 0.8115183246073292,
  "62": 0.8136125654450256,
  "63": 0.8198952879581146,
  "64": 0.821989528795811,
  "65": 0.8251308900523555,
  "66": 0.8303664921465963,
  "67": 0.8335078534031408,
  "69": 0.8356020942408372,
  "70": 0.8366492146596853,
  "72": 0.8387434554973817,
  "73": 0.8408376963350781,
  "74": 0.8439790575916226,
  "75": 0.8450261780104708,
  "76": 0.8460732984293189,
  "77": 0.8492146596858634,
  "79": 0.8502617801047115,
  "80": 0.8513089005235597,
  "81": 0.8523560209424078,
  "82": 0.8544502617801042,
  "84": 0.8565445026178006,
  "86": 0.8575916230366487,
  "87": 0.8586387434554968,
  "88": 0.859685863874345,
  "89": 0.8628272251308895,
  "91": 0.8670157068062821,
  "92": 0.8680628272251303,
  "93": 0.8691099476439784,
  "94": 0.8732984293193711,
  "95": 0.8743455497382192,
  "96": 0.8764397905759156,
  "97": 0.8774869109947637,
  "98": 0.8795811518324601,
  "99": 0.8806282722513082,
  "101": 0.8827225130890046,
  "102": 0.8837696335078528,
  "103": 0.8869109947643973,
  "104": 0.8879581151832454,
  "105": 0.8900523560209418,
  "106": 0.8910994764397899,
  "107": 0.8952879581151826,
  "108": 0.8963350785340307,
  "109": 0.8984293193717271,
  "110": 0.9005235602094235,
  "111": 0.9015706806282716,
  "112": 0.903664921465968,
  "113": 0.9047120418848161,
  "114": 0.9068062827225125,
  "115": 0.909947643979057,
  "116": 0.9109947643979052,
  "117": 0.9120418848167533,
  "118": 0.9141361256544497,
  "119": 0.9162303664921461,
  "121": 0.9172774869109942,
  "123": 0.9204188481675387,
  "124": 0.9225130890052351,
  "125": 0.9246073298429315,
  "126": 0.9256544502617796,
  "127": 0.9267015706806278,
  "128": 0.9277486910994759,
  "130": 0.9298429319371723,
  "131": 0.9329842931937168,
  "132": 0.9371727748691094,
  "133": 0.9382198952879576,
  "134": 0.9392670157068057,
  "135": 0.9403141361256538,
  "136": 0.941361256544502,
  "137": 0.9424083769633501,
  "138": 0.9434554973821982,
  "139": 0.9445026178010464,
  "140": 0.9455497382198945,
  "141": 0.9465968586387427,
  "144": 0.9497382198952872,
  "146": 0.9507853403141353,
  "147": 0.9518324607329834,
  "148": 0.9539267015706798,
  "149": 0.954973821989528,
  "150": 0.9581151832460725,
  "152": 0.9591623036649206,
  "153": 0.961256544502617,
  "154": 0.9633507853403134,
  "155": 0.9643979057591615,
  "157": 0.9664921465968579,
  "159": 0.9706806282722505,
  "160": 0.9738219895287951,
  "162": 0.9748691099476432,
  "164": 0.9759162303664913,
  "165": 0.9790575916230358,
  "166": 0.980104712041884,
  "170": 0.9821989528795804,
  "173": 0.9832460732984285,
  "176": 0.9842931937172766,
  "177": 0.986387434554973,
  "180": 0.9884816753926694,
  "182": 0.9895287958115175,
  "185": 0.9905759162303657,
  "186": 0.9916230366492138,
  "189": 0.9926701570680619,
  "191": 0.9937172774869101,
  "196": 0.9947643979057582,
  "197": 0.9958115183246063,
  "198": 0.9968586387434545,
  "200": 0.999999999999999
}