{
  "2": 0.026954177897574125,
  "3": 0.07277628032345014,
  "4": 0.1280323450134771,
  "5": 0.16172506738544476,
  "6": 0.18867924528301888,
  "7": 0.22237196765498654,
  "8": 0.24932614555256066,
  "9": 0.2803234501347709,
  "10": 0.3140161725067385,
  "11": 0.32614555256064687,
  "12": 0.33962264150943394,
  "13": 0.3517520215633423,
  "14": 0.36657681940700804,
  "15": 0.3814016172506738,
  "16": 0.3881401617250673,
  "17": 0.4097035040431266,
  "18": 0.4285714285714285,
  "19": 0.4460916442048517,
  "20": 0.467654986522911,
  "21": 0.47843665768194066,
  "22": 0.4932614555256064,
  "23": 0.5026954177897573,
  "24": 0.5121293800539083,
  "25": 0.5256064690026954,
  "26": 0.5283018867924528,
  "27": 0.5404312668463612,
  "28": 0.5485175202156335,
  "29": 0.5566037735849058,
  "30": 0.5592991913746632,
  "31": 0.5660377358490567,
  "32": 0.574123989218329,
  "33": 0.5795148247978438,
  "34": 0.5835579514824799,
  "35": 0.5889487870619947,
  "36": 0.5956873315363882,
  "37": 0.6024258760107817,
  "38": 0.6091644204851752,
  "39": 0.6132075471698113,
  "40": 0.6172506738544474,
  "41": 0.6199460916442049,
  "42": 0.6226415094339623,
  "43": 0.6266846361185985,
  "44": 0.6307277628032346,
  "45": 0.6320754716981133,
  "46": 0.6347708894878707,
  "47": 0.6388140161725069,
  "48": 0.6442048517520217,
  "49": 0.6482479784366578,
  "50": 0.6536388140161726,
  "51": 0.6576819407008088,
  "52": 0.6603773584905662,
  "53": 0.6617250673854449,
  "54": 0.6630727762803236,
  "55": 0.6644204851752022,
  "56": 0.669811320754717,
  "57": 0.6738544474393532,
  "58": 0.6752021563342319,
  "59": 0.6832884097035041,
  "60": 0.6859838274932616,
  "61": 0.6900269541778977,
  "62": 0.6967654986522912,
  "63": 0.6994609164420487,
  "64": 0.7048517520215635,
  "65": 0.711590296495957,
  "66": 0.7129380053908356,
  "67": 0.7156334231805931,
  "68": 0.7169811320754718,
  "69": 0.7223719676549866,
  "70": 0.725067385444744,
  "72": 0.7291105121293802,
  "74": 0.7304582210242588,
  "75": 0.7331536388140163,
  "76": 0.7371967654986524,
  "77": 0.7412398921832886,
  "78": 0.7466307277628034,
  "79": 0.7506738544474395,
  "80": 0.7520215633423182,
  "81": 0.7547169811320756,
  "83": 0.7574123989218331,
  "84": 0.7587601078167118,
  "86": 0.7628032345013479,
  "87": 0.7654986522911054,
  "88": 0.7708894878706202,
  "90": 0.7749326145552563,
  "92": 0.776280323450135,
  "93": 0.7776280323450137,
  "94": 0.7789757412398923,
  "95": 0.780323450134771,
  "96": 0.7816711590296497,
  "98": 0.7830188679245284,
  "99": 0.7884097035040432,
  "100": 0.7951482479784366,
  "101": 0.7964959568733153,
  "102": 0.797843665768194,
  "103": 0.8005390835579514,
  "104": 0.8045822102425876,
  "105": 0.807277628032345,
  "108": 0.8086253369272237,
  "109": 0.8099730458221024,
  "110": 0.8113207547169811,
  "111": 0.8140161725067385,
  "112": 0.8153638814016172,
  "113": 0.8194070080862533,
  "114": 0.820754716981132,
  "115": 0.8234501347708895,
  "116": 0.8247978436657681,
  "117": 0.8274932614555256,
  "118": 0.8301886792452831,
  "119": 0.8328840970350405,
  "120": 0.835579514824798,
  "121": 0.8409703504043128,
  "122": 0.8463611859838276,
  "123": 0.8504043126684637,
  "124": 0.8530997304582212,
  "125": 0.8544474393530999,
  "126": 0.8571428571428573,
  "128": 0.8611859838274935,
  "129": 0.8625336927223721,
  "130": 0.8665768194070083,
  "131": 0.8679245283018869,
  "132": 0.8692722371967656,
  "133": 0.8746630727762804,
  "135": 0.8787061994609165,
  "136": 0.881401617250674,
  "137": 0.8827493261455527,
  "138": 0.8867924528301888,
  "140": 0.890835579514825,
  "141": 0.8948787061994611,
  "143": 0.8962264150943398,
  "145": 0.8989218328840972,
  "146": 0.9002695417789759,
  "147": 0.9029649595687333,
  "148": 0.9070080862533695,
  "149": 0.9110512129380056,
  "150": 0.9137466307277631,
  "151": 0.9164420485175205,
  "152": 0.9204851752021567,
  "153": 0.9218328840970353,
  "154": 0.923180592991914,
  "155": 0.9285714285714288,
  "156": 0.932614555256065,
  "157": 0.9339622641509436,
  "158": 0.9353099730458223,
  "159": 0.9380053908355798,
  "160": 0.9393530997304584,
  "162": 0.9474393530997307,
  "163": 0.9487870619946094,
  "164": 0.9501347708894881,
  "165": 0.9541778975741242,
  "166": 0.9582210242587603,
  "167": 0.9609164420485178,
  "168": 0.9636118598382752,
  "169": 0.9663072776280327,
  "170": 0.9690026954177902,
  "171": 0.9703504043126688,
  "172": 0.9716981132075475,
  "173": 0.9730458221024262,
  "177": 0.9757412398921836,
  "178": 0.9784366576819411,
  "179": 0.9824797843665772,
  "181": 0.9838274932614559,
  "183": 0.9851752021563346,
  "185": 0.9865229110512133,
  "188": 0.9905660377358494,
  "191": 0.9919137466307281,
  "192": 0.9932614555256067,
  "193": 0.9946091644204854,
  "194": 0.9959568733153641,
  "198": 0.9973045822102428,
  "200": 1.0000000000000002
}