{
  "2": 0.023758099352051837,
  "3": 0.06371490280777538,
  "4": 0.10583153347732181,
  "5": 0.14038876889848811,
  "6": 0.17170626349892007,
  "7": 0.19222462203023757,
  "8": 0.21490280777537796,
  "9": 0.23002159827213822,
  "10": 0.25161987041036715,
  "11": 0.26457883369330454,
  "12": 0.2861771058315335,
  "13": 0.3002159827213823,
  "14": 0.3185745140388769,
  "15": 0.326133909287257,
  "16": 0.3390928725701944,
  "17": 0.34557235421166305,
  "18": 0.35529157667386607,
  "19": 0.367170626349892,
  "20": 0.37904967602591794,
  "21": 0.38660907127429806,
  "22": 0.3963282937365011,
  "23": 0.4017278617710583,
  "24": 0.41036717062634986,
  "25": 0.4157667386609071,
  "26": 0.42224622030237574,
  "27": 0.4254859611231101,
  "28": 0.4341252699784017,
  "29": 0.43736501079913603,
  "30": 0.44168466522678185,
  "31": 0.4481641468682505,
  "32": 0.4568034557235421,
  "33": 0.46004319654427644,
  "34": 0.46544276457883366,
  "35": 0.46976241900647947,
  "36": 0.4719222462203024,
  "37": 0.4773218142548596,
  "38": 0.4794816414686825,
  "39": 0.48596112311015116,
  "40": 0.4924406047516198,
  "41": 0.5010799136069114,
  "42": 0.5043196544276457,
  "43": 0.50755939524838,
  "44": 0.5140388768898487,
  "45": 0.517278617710583,
  "46": 0.5205183585313173,
  "47": 0.5237580993520516,
  "48": 0.5259179265658745,
  "49": 0.5302375809935204,
  "50": 0.5334773218142547,
  "51": 0.536717062634989,
  "52": 0.5421166306695462,
  "53": 0.5475161987041034,
  "54": 0.5518358531317492,
  "55": 0.5550755939524835,
  "56": 0.5593952483801293,
  "57": 0.5615550755939522,
  "58": 0.565874730021598,
  "59": 0.568034557235421,
  "61": 0.5712742980561553,
  "62": 0.5734341252699782,
  "63": 0.577753779697624,
  "64": 0.5788336933045354,
  "65": 0.5799136069114468,
  "66": 0.5831533477321811,
  "67": 0.585313174946004,
  "68": 0.5885529157667383,
  "69": 0.5896328293736497,
  "70": 0.5917926565874726,
  "71": 0.592872570194384,
  "72": 0.5961123110151183,
  "74": 0.6015118790496755,
  "75": 0.6036717062634984,
  "76": 0.6058315334773213,
  "78": 0.6079913606911442,
  "79": 0.6101511879049671,
  "80": 0.6112311015118785,
  "81": 0.6155507559395244,
  "82": 0.6166306695464358,
  "83": 0.61987041036717,
  "84": 0.6209503239740815,
  "85": 0.6252699784017273,
  "86": 0.6274298056155502,
  "87": 0.6295896328293731,
  "89": 0.6349892008639303,
  "90": 0.6360691144708417,
  "93": 0.6371490280777531,
  "94": 0.639308855291576,
  "96": 0.6425485961123103,
  "97": 0.6436285097192217,
  "100": 0.6457883369330446,
  "102": 0.646868250539956,
  "103": 0.6501079913606903,
  "104": 0.6511879049676017,
  "105": 0.654427645788336,
  "106": 0.6555075593952474,
  "107": 0.6565874730021588,
  "108": 0.6587473002159817,
  "109": 0.6598272138228931,
  "110": 0.6630669546436274,
  "112": 0.6663066954643617,
  "114": 0.6673866090712731,
  "115": 0.6706263498920074,
  "116": 0.6727861771058303,
  "117": 0.6738660907127417,
  "118": 0.6760259179265646,
  "119": 0.677105831533476,
  "120": 0.6781857451403874,
  "122": 0.6792656587472988,
  "123": 0.6835853131749446,
  "125": 0.684665226781856,
  "128": 0.686825053995679,
  "131": 0.6889848812095019,
  "132": 0.6900647948164133,
  "133": 0.6911447084233246,
  "135": 0.692224622030236,
  "136": 0.6933045356371474,
  "137": 0.6943844492440588,
  "138": 0.6954643628509702,
  "139": 0.6965442764578816,
  "140": 0.697624190064793,
  "141": 0.6987041036717044,
  "144": 0.7019438444924387,
  "145": 0.705183585313173,
  "146": 0.707343412526996,
  "152": 0.7084233261339073,
  "154": 0.7105831533477303,
  "155": 0.7127429805615532,
  "157": 0.7138228941684646,
  "158": 0.714902807775376,
  "162": 0.7159827213822874,
  "163": 0.7181425485961103,
  "167": 0.7224622030237561,
  "168": 0.7235421166306675,
  "170": 0.7246220302375789,
  "171": 0.7257019438444903,
  "173": 0.7267818574514017,
  "175": 0.7278617710583131,
  "178": 0.7289416846652245,
  "179": 0.7300215982721359,
  "181": 0.7332613390928702,
  "182": 0.7354211663066931,
  "184": 0.7365010799136045,
  "185": 0.7375809935205159,
  "186": 0.7397408207343388,
  "188": 0.7408207343412502,
  "189": 0.7429805615550731,
  "190": 0.745140388768896,
  "192": 0.7462203023758074,
  "196": 0.7473002159827188,
  "198": 0.7483801295896302,
  "199": 0.7494600431965416,
  "201": 0.750539956803453,
  "202": 0.7516198704103644,
  "203": 0.7526997840172758,
  "204": 0.7537796976241872,
  "206": 0.7559395248380101,
  "208": 0.758099352051833,
  "209": 0.7591792656587444,
  "210": 0.7602591792656558,
  "213": 0.7624190064794787,
  "217": 0.7645788336933016,
  "218": 0.765658747300213,
  "220": 0.7678185745140359,
  "221": 0.7688984881209473,
  "226": 0.7699784017278587,
  "229": 0.7710583153347701,
  "230": 0.7742980561555044,
  "233": 0.7764578833693273,
  "234": 0.7775377969762387,
  "236": 0.7786177105831501,
  "239": 0.7796976241900615,
  "244": 0.7807775377969729,
  "245": 0.7818574514038843,
  "248": 0.7829373650107957,
  "249": 0.7840172786177071,
  "250": 0.78617710583153,
  "252": 0.7872570194384414,
  "254": 0.7894168466522643,
  "255": 0.7915766738660872,
  "260": 0.7926565874729986,
  "262": 0.7948164146868215,
  "263": 0.7980561555075558,
  "266": 0.8002159827213787,
  "267": 0.8012958963282901,
  "270": 0.8023758099352015,
  "272": 0.8045356371490244,
  "273": 0.8056155507559358,
  "274": 0.8066954643628472,
  "276": 0.8077753779697586,
  "278": 0.80885529157667,
  "279": 0.8099352051835814,
  "282": 0.8120950323974043,
  "283": 0.8131749460043157,
  "291": 0.8153347732181386,
  "292": 0.81641468682505,
  "293": 0.8185745140388729,
  "294": 0.8207343412526958,
  "295": 0.8218142548596072,
  "297": 0.8228941684665186,
  "298": 0.82397408207343,
  "299": 0.8250539956803414,
  "301": 0.8272138228941643,
  "305": 0.8304535637148986,
  "306": 0.83153347732181,
  "307": 0.8326133909287214,
  "308": 0.8336933045356328,
  "310": 0.8347732181425442,
  "311": 0.8358531317494556,
  "312": 0.836933045356367,
  "313": 0.8401727861771013,
  "315": 0.8412526997840127,
  "316": 0.8423326133909241,
  "317": 0.8434125269978355,
  "318": 0.8444924406047469,
  "321": 0.8455723542116583,
  "323": 0.8477321814254812,
  "326": 0.8488120950323926,
  "327": 0.849892008639304,
  "330": 0.8509719222462154,
  "332": 0.8520518358531268,
  "334": 0.8542116630669497,
  "335": 0.8552915766738611,
  "337": 0.857451403887684,
  "339": 0.8585313174945954,
  "340": 0.8596112311015068,
  "341": 0.8606911447084182,
  "342": 0.8617710583153296,
  "344": 0.8639308855291525,
  "346": 0.8650107991360639,
  "347": 0.8671706263498868,
  "348": 0.8682505399567982,
  "351": 0.8693304535637096,
  "358": 0.8714902807775325,
  "360": 0.8725701943844439,
  "361": 0.8736501079913553,
  "363": 0.8747300215982667,
  "365": 0.8758099352051781,
  "368": 0.877969762419001,
  "370": 0.8790496760259124,
  "371": 0.8801295896328238,
  "373": 0.8812095032397352,
  "378": 0.8822894168466466,
  "381": 0.883369330453558,
  "385": 0.8844492440604694,
  "389": 0.8866090712742923,
  "392": 0.8876889848812037,
  "396": 0.8898488120950266,
  "398": 0.890928725701938,
  "409": 0.8920086393088494,
  "411": 0.8930885529157608,
  "413": 0.8941684665226722,
  "414": 0.8952483801295836,
  "415": 0.896328293736495,
  "416": 0.8974082073434064,
  "424": 0.8995680345572293,
  "426": 0.9006479481641407,
  "430": 0.9017278617710521,
  "432": 0.9028077753779635,
  "434": 0.9038876889848749,
  "436": 0.9049676025917863,
  "437": 0.9071274298056092,
  "440": 0.9082073434125206,
  "443": 0.909287257019432,
  "447": 0.9114470842332549,
  "450": 0.9125269978401663,
  "454": 0.9136069114470777,
  "460": 0.9146868250539891,
  "464": 0.9157667386609005,
  "470": 0.9168466522678119,
  "471": 0.9179265658747233,
  "480": 0.9200863930885462,
  "488": 0.9211663066954576,
  "496": 0.9233261339092805,
  "500": 0.9244060475161919,
  "502": 0.9254859611231033,
  "506": 0.9265658747300147,
  "511": 0.9276457883369261,
  "512": 0.9287257019438375,
  "515": 0.9298056155507489,