{
  "2": 0.091,
  "3": 0.53,
  "4": 0.783,
  "5": 0.873,
  "6": 0.928,
  "7": 0.9480000000000001,
  "8": 0.9580000000000001,
  "9": 0.9660000000000001,
  "10": 0.9680000000000001,
  "11": 0.9700000000000001,
  "12": 0.9750000000000001,
  "15": 0.9790000000000001,
  "16": 0.9810000000000001,
  "17": 0.9890000000000001,
  "18": 0.9900000000000001,
  "19": 0.9910000000000001,
  "20": 0.9920000000000001,
  "25": 0.9930000000000001,
  "27": 0.9940000000000001,
  "28": 0.9970000000000001,
  "29": 1.0
}