{
  "2": 0.01839464882943144,
  "3": 0.051839464882943144,
  "4": 0.0903010033444816,
  "5": 0.12876254180602006,
  "6": 0.16387959866220736,
  "7": 0.1806020066889632,
  "8": 0.19397993311036787,
  "9": 0.21739130434782605,
  "10": 0.2341137123745819,
  "11": 0.2525083612040133,
  "12": 0.2625418060200668,
  "13": 0.2775919732441471,
  "14": 0.30434782608695643,
  "15": 0.3177257525083611,
  "16": 0.33612040133779253,
  "17": 0.3511705685618728,
  "18": 0.3729096989966554,
  "19": 0.38795986622073564,
  "20": 0.4046822742474915,
  "21": 0.40802675585284265,
  "22": 0.4214046822742473,
  "23": 0.42809364548494966,
  "24": 0.4431438127090299,
  "25": 0.44816053511705667,
  "26": 0.4531772575250834,
  "27": 0.4632107023411369,
  "28": 0.474916387959866,
  "29": 0.4866220735785951,
  "30": 0.4983277591973242,
  "31": 0.5167224080267556,
  "32": 0.5284280936454847,
  "33": 0.5334448160535115,
  "34": 0.5418060200668894,
  "35": 0.5501672240802673,
  "36": 0.5652173913043476,
  "37": 0.5802675585284278,
  "38": 0.5886287625418057,
  "39": 0.5986622073578592,
  "40": 0.603678929765886,
  "41": 0.6086956521739127,
  "42": 0.6153846153846151,
  "43": 0.6220735785953174,
  "44": 0.6254180602006686,
  "45": 0.6287625418060198,
  "46": 0.6337792642140465,
  "47": 0.6354515050167221,
  "48": 0.6438127090301,
  "49": 0.6454849498327756,
  "50": 0.6538461538461535,
  "52": 0.6688963210702338,
  "53": 0.6789297658862873,
  "54": 0.683946488294314,
  "55": 0.6889632107023408,
  "56": 0.6956521739130431,
  "57": 0.7006688963210699,
  "58": 0.7023411371237455,
  "60": 0.704013377926421,
  "61": 0.7073578595317722,
  "62": 0.7157190635451501,
  "63": 0.7190635451505013,
  "64": 0.7207357859531769,
  "65": 0.7257525083612036,
  "66": 0.7307692307692304,
  "67": 0.7341137123745816,
  "68": 0.7357859531772571,
  "70": 0.7391304347826083,
  "71": 0.7408026755852839,
  "72": 0.7491638795986618,
  "73": 0.7541806020066886,
  "75": 0.7591973244147153,
  "76": 0.7625418060200665,
  "78": 0.7675585284280932,
  "79": 0.7692307692307688,
  "80": 0.7742474916387956,
  "81": 0.7759197324414712,
  "82": 0.7792642140468223,
  "83": 0.7859531772575247,
  "84": 0.7876254180602003,
  "85": 0.792642140468227,
  "86": 0.7943143812709026,
  "87": 0.7959866220735782,
  "88": 0.7976588628762538,
  "89": 0.8043478260869561,
  "90": 0.8060200668896317,
  "91": 0.8160535117056852,
  "92": 0.8227424749163875,
  "93": 0.8260869565217387,
  "95": 0.8277591973244143,
  "96": 0.8294314381270899,
  "97": 0.8361204013377922,
  "98": 0.8394648829431434,
  "99": 0.8428093645484945,
  "100": 0.8444816053511701,
  "101": 0.8461538461538457,
  "103": 0.8494983277591969,
  "105": 0.852842809364548,
  "106": 0.8545150501672236,
  "107": 0.8595317725752504,
  "108": 0.861204013377926,
  "109": 0.8678929765886283,
  "111": 0.872909698996655,
  "112": 0.8762541806020062,
  "115": 0.8779264214046818,
  "117": 0.881270903010033,
  "118": 0.8829431438127086,
  "120": 0.8846153846153841,
  "121": 0.8862876254180597,
  "123": 0.8913043478260865,
  "124": 0.8979933110367888,
  "126": 0.90133779264214,
  "127": 0.9030100334448156,
  "130": 0.9080267558528423,
  "131": 0.9096989966555179,
  "132": 0.9113712374581935,
  "133": 0.9130434782608691,
  "134": 0.9163879598662202,
  "136": 0.9180602006688958,
  "137": 0.9197324414715714,
  "138": 0.921404682274247,
  "141": 0.9230769230769226,
  "143": 0.9264214046822737,
  "145": 0.9297658862876249,
  "146": 0.9314381270903005,
  "147": 0.9347826086956517,
  "149": 0.9364548494983272,
  "150": 0.9397993311036784,
  "151": 0.941471571906354,
  "153": 0.9431438127090296,
  "154": 0.9448160535117052,
  "155": 0.9481605351170563,
  "157": 0.9515050167224075,
  "160": 0.9548494983277587,
  "168": 0.9598662207357854,
  "169": 0.9632107023411366,
  "170": 0.9648829431438122,
  "171": 0.9682274247491633,
  "173": 0.9715719063545145,
  "174": 0.9732441471571901,
  "175": 0.9749163879598657,
  "177": 0.9765886287625413,
  "178": 0.9782608695652169,
  "179": 0.9799331103678924,
  "180": 0.981605351170568,
  "182": 0.9849498327759192,
  "184": 0.9899665551839459,
  "185": 0.9916387959866215,
  "187": 0.9933110367892971,
  "190": 0.9966555183946483,
  "192": 0.9983277591973239,
  "199": 0.9999999999999994
}