{
  "2": 0.404551201011378,
  "3": 0.6890012642225032,
  "4": 0.8394437420986094,
  "5": 0.9089759797724399,
  "6": 0.9911504424778761,
  "7": 1.0
}