{
  "2": 0.041884816753926704,
  "3": 0.11727748691099477,
  "4": 0.17172774869109947,
  "5": 0.22617801047120417,
  "6": 0.2712041884816754,
  "7": 0.3057591623036649,
  "8": 0.3445026178010471,
  "9": 0.3790575916230366,
  "10": 0.4010471204188481,
  "11": 0.4366492146596858,
  "12": 0.4575916230366492,
  "13": 0.48691099476439786,
  "14": 0.5057591623036649,
  "15": 0.5267015706806283,
  "16": 0.5445026178010471,
  "17": 0.5549738219895288,
  "18": 0.568586387434555,
  "19": 0.5821989528795812,
  "20": 0.6020942408376964,
  "21": 0.6230366492146597,
  "22": 0.6356020942408377,
  "23": 0.6460732984293194,
  "24": 0.6565445026178011,
  "25": 0.6628272251308901,
  "26": 0.6722513089005236,
  "27": 0.6816753926701572,
  "28": 0.6890052356020944,
  "29": 0.6952879581151834,
  "30": 0.699476439790576,
  "31": 0.7068062827225132,
  "32": 0.7109947643979059,
  "33": 0.7151832460732985,
  "34": 0.7235602094240838,
  "35": 0.7267015706806284,
  "36": 0.7329842931937174,
  "37": 0.7392670157068064,
  "38": 0.7434554973821991,
  "39": 0.7486910994764399,
  "40": 0.7518324607329844,
  "41": 0.7570680628272252,
  "42": 0.7643979057591623,
  "43": 0.7664921465968587,
  "44": 0.7717277486910995,
  "45": 0.7738219895287959,
  "46": 0.7769633507853404,
  "47": 0.781151832460733,
  "48": 0.7863874345549738,
  "49": 0.7895287958115184,
  "50": 0.793717277486911,
  "51": 0.7968586387434555,
  "52": 0.8,
  "53": 0.8010471204188482,
  "54": 0.8052356020942408,
  "56": 0.8083769633507853,
  "57": 0.8104712041884817,
  "58": 0.8115183246073299,
  "59": 0.8167539267015707,
  "60": 0.8198952879581152,
  "61": 0.8240837696335078,
  "62": 0.825130890052356,
  "63": 0.8272251308900523,
  "64": 0.831413612565445,
  "65": 0.8366492146596858,
  "66": 0.8387434554973822,
  "67": 0.8397905759162303,
  "68": 0.8418848167539267,
  "69": 0.8439790575916231,
  "70": 0.8460732984293194,
  "71": 0.8471204188481676,
  "72": 0.8502617801047121,
  "73": 0.8513089005235602,
  "76": 0.8534031413612566,
  "77": 0.8565445026178011,
  "79": 0.8575916230366493,
  "80": 0.8586387434554974,
  "81": 0.8617801047120419,
  "82": 0.86282722513089,
  "83": 0.8638743455497382,
  "84": 0.8649214659685863,
  "85": 0.8670157068062827,
  "88": 0.8680628272251308,
  "89": 0.8732984293193716,
  "90": 0.8743455497382198,
  "91": 0.8753926701570679,
  "94": 0.8785340314136124,
  "95": 0.8816753926701569,
  "98": 0.8869109947643977,
  "99": 0.8879581151832459,
  "100": 0.889005235602094,
  "102": 0.8931937172774866,
  "103": 0.895287958115183,
  "105": 0.8973821989528794,
  "106": 0.8994764397905758,
  "108": 0.9005235602094239,
  "109": 0.9015706806282721,
  "110": 0.9026178010471202,
  "111": 0.9057591623036647,
  "112": 0.9078534031413611,
  "113": 0.9099476439790575,
  "114": 0.9109947643979056,
  "115": 0.9120418848167537,
  "116": 0.9130890052356019,
  "117": 0.91413612565445,
  "119": 0.9172774869109945,
  "120": 0.9193717277486909,
  "122": 0.9225130890052354,
  "123": 0.9267015706806281,
  "127": 0.9287958115183245,
  "129": 0.9298429319371726,
  "130": 0.931937172774869,
  "132": 0.9340314136125654,
  "135": 0.9350785340314135,
  "136": 0.9361256544502616,
  "137": 0.9371727748691098,
  "138": 0.9382198952879579,
  "139": 0.9403141361256543,
  "140": 0.9445026178010469,
  "141": 0.9455497382198951,
  "142": 0.9465968586387432,
  "143": 0.9486910994764396,
  "145": 0.9497382198952877,
  "147": 0.9507853403141359,
  "148": 0.951832460732984,
  "149": 0.9539267015706804,
  "150": 0.9549738219895285,
  "151": 0.9570680628272249,
  "152": 0.9591623036649213,
  "154": 0.9633507853403139,
  "157": 0.9643979057591621,
  "160": 0.9654450261780102,
  "163": 0.9675392670157066,
  "164": 0.9706806282722511,
  "165": 0.9717277486910992,
  "166": 0.9727748691099474,
  "167": 0.9748691099476438,
  "168": 0.9759162303664919,
  "169": 0.9780104712041883,
  "170": 0.9790575916230364,
  "172": 0.9801047120418845,
  "173": 0.9811518324607327,
  "175": 0.9821989528795808,
  "176": 0.9853403141361253,
  "178": 0.9863874345549735,
  "181": 0.9884816753926698,
  "182": 0.9905759162303662,
  "185": 0.9926701570680626,
  "186": 0.9937172774869107,
  "187": 0.9947643979057589,
  "188": 0.995811518324607,
  "193": 0.9968586387434551,
  "195": 0.9979057591623033,
  "196": 0.9989528795811514,
  "197": 0.9999999999999996
}