{
  "2": 0.28,
  "3": 0.467,
  "4": 0.561,
  "5": 0.632,
  "6": 0.67,
  "7": 0.7060000000000001,
  "8": 0.7410000000000001,
  "9": 0.7680000000000001,
  "10": 0.7900000000000001,
  "11": 0.8210000000000002,
  "12": 0.8500000000000002,
  "13": 0.8820000000000002,
  "14": 0.9060000000000002,
  "15": 0.9150000000000003,
  "16": 0.9280000000000003,
  "17": 0.9350000000000003,
  "18": 0.9450000000000003,
  "19": 0.9520000000000003,
  "20": 0.9590000000000003,
  "21": 0.9630000000000003,
  "22": 0.9670000000000003,
  "23": 0.9720000000000003,
  "24": 0.9750000000000003,
  "25": 0.9780000000000003,
  "28": 0.9810000000000003,
  "30": 0.9820000000000003,
  "31": 0.9830000000000003,
  "32": 0.9850000000000003,
  "33": 0.9860000000000003,
  "84": 0.9970000000000003,
  "39": 0.9870000000000003,
  "43": 0.9880000000000003,
  "44": 0.9900000000000003,
  "46": 0.9930000000000003,
  "48": 0.9940000000000003,
  "140": 1.0000000000000002,
  "52": 0.9950000000000003,
  "94": 0.9980000000000003,
  "57": 0.9960000000000003,
  "117": 0.9990000000000003
}