{
  "2": 0.06130790190735695,
  "3": 0.17438692098092645,
  "4": 0.23705722070844687,
  "5": 0.31607629427792916,
  "6": 0.35013623978201636,
  "7": 0.39645776566757496,
  "8": 0.4250681198910082,
  "9": 0.45095367847411444,
  "10": 0.4877384196185286,
  "11": 0.5013623978201635,
  "12": 0.5217983651226158,
  "13": 0.5422343324250681,
  "14": 0.5858310626702997,
  "15": 0.6321525885558583,
  "16": 0.6784741144414169,
  "17": 0.7002724795640327,
  "18": 0.7247956403269755,
  "19": 0.7479564032697548,
  "20": 0.7629427792915531,
  "21": 0.7833787465940054,
  "22": 0.7970027247956403,
  "23": 0.8092643051771117,
  "24": 0.8133514986376021,
  "25": 0.8160762942779292,
  "26": 0.8201634877384196,
  "27": 0.8256130790190735,
  "28": 0.832425068119891,
  "29": 0.837874659400545,
  "30": 0.8474114441416893,
  "31": 0.8569482288828337,
  "32": 0.8637602179836512,
  "33": 0.8705722070844687,
  "34": 0.8746594005449592,
  "35": 0.8855585831062671,
  "36": 0.8923705722070846,
  "37": 0.901907356948229,
  "38": 0.9032697547683924,
  "39": 0.9100817438692099,
  "40": 0.9114441416893734,
  "41": 0.9155313351498638,
  "42": 0.9196185286103543,
  "44": 0.9250681198910082,
  "45": 0.9264305177111717,
  "46": 0.9291553133514987,
  "47": 0.9332425068119892,
  "48": 0.9346049046321526,
  "49": 0.9373297002724796,
  "50": 0.9414168937329701,
  "51": 0.9427792915531336,
  "52": 0.946866485013624,
  "53": 0.9509536784741145,
  "54": 0.952316076294278,
  "55": 0.9536784741144414,
  "56": 0.9564032697547684,
  "57": 0.9577656675749319,
  "59": 0.9632152588555858,
  "60": 0.9673024523160763,
  "61": 0.9686648501362397,
  "63": 0.9700272479564032,
  "64": 0.9713896457765666,
  "65": 0.9727520435967301,
  "69": 0.9754768392370571,
  "70": 0.9768392370572205,
  "72": 0.980926430517711,
  "73": 0.983651226158038,
  "74": 0.9850136239782015,
  "75": 0.9863760217983649,
  "76": 0.9877384196185284,
  "77": 0.9891008174386918,
  "81": 0.9904632152588553,
  "83": 0.9918256130790187,
  "84": 0.9931880108991822,
  "86": 0.9972752043596727,
  "87": 0.9986376021798361,
  "92": 0.9999999999999996
}