{
  "2": 0.042268041237113405,
  "3": 0.10618556701030928,
  "4": 0.16082474226804122,
  "5": 0.18762886597938142,
  "6": 0.22577319587628863,
  "7": 0.2587628865979381,
  "8": 0.3051546391752577,
  "9": 0.34226804123711335,
  "10": 0.3762886597938144,
  "11": 0.40927835051546385,
  "12": 0.42268041237113396,
  "13": 0.4412371134020618,
  "14": 0.4546391752577319,
  "15": 0.47422680412371127,
  "16": 0.4958762886597937,
  "17": 0.5154639175257731,
  "18": 0.5288659793814432,
  "19": 0.5402061855670102,
  "20": 0.5628865979381442,
  "21": 0.5752577319587627,
  "22": 0.5835051546391751,
  "23": 0.592783505154639,
  "24": 0.606185567010309,
  "25": 0.6154639175257729,
  "26": 0.6226804123711337,
  "27": 0.630927835051546,
  "28": 0.6391752577319584,
  "29": 0.6474226804123707,
  "30": 0.65360824742268,
  "31": 0.6628865979381439,
  "32": 0.6690721649484531,
  "33": 0.6721649484536077,
  "34": 0.6762886597938139,
  "35": 0.6835051546391747,
  "36": 0.6876288659793809,
  "37": 0.6917525773195871,
  "38": 0.6927835051546386,
  "39": 0.6999999999999994,
  "40": 0.703092783505154,
  "41": 0.7092783505154633,
  "42": 0.7134020618556695,
  "43": 0.7164948453608241,
  "44": 0.7237113402061849,
  "45": 0.7288659793814426,
  "46": 0.7329896907216488,
  "47": 0.7381443298969065,
  "48": 0.7402061855670096,
  "49": 0.7494845360824735,
  "50": 0.7556701030927827,
  "51": 0.7567010309278343,
  "52": 0.7587628865979373,
  "53": 0.763917525773195,
  "54": 0.7649484536082466,
  "55": 0.7711340206185558,
  "56": 0.7793814432989682,
  "58": 0.7804123711340197,
  "59": 0.7814432989690713,
  "60": 0.7835051546391744,
  "61": 0.7855670103092774,
  "62": 0.7876288659793805,
  "63": 0.7907216494845352,
  "65": 0.7917525773195867,
  "66": 0.7948453608247413,
  "67": 0.7969072164948444,
  "68": 0.797938144329896,
  "69": 0.7989690721649475,
  "70": 0.799999999999999,
  "71": 0.8041237113402052,
  "72": 0.8092783505154629,
  "73": 0.811340206185566,
  "74": 0.8134020618556691,
  "75": 0.8154639175257722,
  "77": 0.8164948453608237,
  "78": 0.8185567010309268,
  "79": 0.8206185567010299,
  "80": 0.8237113402061845,
  "81": 0.8247422680412361,
  "82": 0.8278350515463907,
  "83": 0.8298969072164938,
  "84": 0.8319587628865969,
  "85": 0.8371134020618546,
  "86": 0.8391752577319577,
  "88": 0.8432989690721638,
  "89": 0.8494845360824731,
  "90": 0.8505154639175246,
  "91": 0.8525773195876277,
  "92": 0.8556701030927824,
  "93": 0.8577319587628854,
  "94": 0.8608247422680401,
  "95": 0.8628865979381432,
  "98": 0.8670103092783493,
  "100": 0.8690721649484524,
  "101": 0.8731958762886586,
  "102": 0.8742268041237101,
  "103": 0.8783505154639163,
  "104": 0.8793814432989678,
  "105": 0.8814432989690709,
  "106": 0.8824742268041225,
  "107": 0.8845360824742255,
  "108": 0.8865979381443286,
  "109": 0.8876288659793802,
  "110": 0.8907216494845348,
  "111": 0.8917525773195863,
  "113": 0.894845360824741,
  "114": 0.8969072164948441,
  "115": 0.8999999999999987,
  "117": 0.9010309278350502,
  "118": 0.9041237113402049,
  "119": 0.906185567010308,
  "120": 0.9103092783505141,
  "121": 0.9113402061855657,
  "122": 0.9144329896907203,
  "123": 0.9164948453608234,
  "124": 0.9175257731958749,
  "125": 0.919587628865978,
  "127": 0.9237113402061842,
  "129": 0.9288659793814419,
  "131": 0.9298969072164934,
  "132": 0.930927835051545,
  "133": 0.9340206185566996,
  "134": 0.9350515463917511,
  "136": 0.9360824742268027,
  "138": 0.9371134020618542,
  "139": 0.9381443298969058,
  "140": 0.9391752577319573,
  "141": 0.9422680412371119,
  "142": 0.9432989690721635,
  "143": 0.944329896907215,
  "146": 0.9453608247422666,
  "148": 0.9463917525773181,
  "149": 0.9484536082474212,
  "150": 0.9525773195876274,
  "152": 0.9536082474226789,
  "153": 0.9546391752577305,
  "154": 0.955670103092782,
  "155": 0.9587628865979366,
  "156": 0.9608247422680397,
  "157": 0.9618556701030913,
  "159": 0.9628865979381428,
  "160": 0.9649484536082459,
  "161": 0.967010309278349,
  "162": 0.9680412371134005,
  "163": 0.969072164948452,
  "164": 0.9701030927835036,
  "165": 0.9731958762886582,
  "168": 0.9773195876288644,
  "169": 0.9793814432989675,
  "170": 0.980412371134019,
  "171": 0.9814432989690706,
  "172": 0.9824742268041221,
  "176": 0.9835051546391737,
  "179": 0.9855670103092767,
  "182": 0.9865979381443283,
  "183": 0.9876288659793798,
  "184": 0.9886597938144314,
  "187": 0.991752577319586,
  "188": 0.9938144329896891,
  "189": 0.9948453608247406,
  "191": 0.9958762886597922,
  "193": 0.9969072164948437,
  "194": 0.9979381443298952,
  "196": 0.9989690721649468,
  "200": 0.9999999999999983
}