{
  "2": 0.10478128179043744,
  "3": 0.20549338758901323,
  "4": 0.2726347914547304,
  "5": 0.3336724313326551,
  "6": 0.37232960325534076,
  "7": 0.39877924720244146,
  "8": 0.42929806714140384,
  "9": 0.4496439471007121,
  "10": 0.4750762970498474,
  "11": 0.5045778229908443,
  "12": 0.5249237029501526,
  "13": 0.5493387589013224,
  "14": 0.5696846388606307,
  "15": 0.5940996948118006,
  "16": 0.6144455747711088,
  "17": 0.6429298067141404,
  "18": 0.6551373346897253,
  "19": 0.6653102746693794,
  "20": 0.6795523906408952,
  "21": 0.6866734486266531,
  "22": 0.6988809766022381,
  "23": 0.7019328585961344,
  "24": 0.706002034587996,
  "25": 0.7100712105798577,
  "26": 0.7182095625635809,
  "27": 0.7253306205493388,
  "28": 0.7385554425228892,
  "29": 0.7477110885045779,
  "30": 0.7568667344862666,
  "31": 0.7660223804679553,
  "32": 0.770091556459817,
  "33": 0.7731434384537132,
  "34": 0.7802644964394712,
  "35": 0.7894201424211599,
  "36": 0.7955239064089523,
  "37": 0.8006103763987794,
  "38": 0.8087487283825027,
  "39": 0.8179043743641914,
  "40": 0.8250254323499493,
  "41": 0.8362156663275688,
  "42": 0.8402848423194305,
  "43": 0.8545269582909463,
  "44": 0.8677517802644966,
  "45": 0.8738555442522891,
  "46": 0.8850457782299086,
  "47": 0.8972533062054936,
  "48": 0.903357070193286,
  "49": 0.9084435401831131,
  "50": 0.915564598168871,
  "51": 0.9226856561546289,
  "52": 0.932858596134283,
  "53": 0.9399796541200409,
  "54": 0.9430315361139372,
  "55": 0.9501525940996951,
  "57": 0.9511698880976606,
  "58": 0.9542217700915568,
  "59": 0.9562563580874877,
  "60": 0.9582909460834185,
  "61": 0.9664292980671417,
  "62": 0.9715157680569688,
  "63": 0.9776195320447613,
  "64": 0.9786368260427267,
  "67": 0.981688708036623,
  "68": 0.9827060020345885,
  "69": 0.9847405900305193,
  "73": 0.9857578840284847,
  "74": 0.9877924720244156,
  "78": 0.9898270600203464,
  "79": 0.9918616480162772,
  "81": 0.9928789420142426,
  "85": 0.9938962360122081,
  "87": 0.9949135300101736,
  "89": 0.995930824008139,
  "91": 0.9969481180061045,
  "92": 0.99796541200407,
  "93": 0.9989827060020354,
  "125": 1.0000000000000009
}