{
  "2": 0.0703012912482066,
  "3": 0.21377331420373025,
  "4": 0.2697274031563845,
  "5": 0.3414634146341463,
  "6": 0.3802008608321377,
  "7": 0.4031563845050215,
  "8": 0.44045911047345765,
  "9": 0.47202295552367285,
  "10": 0.5007173601147776,
  "11": 0.5179340028694405,
  "12": 0.5380200860832138,
  "13": 0.5609756097560976,
  "14": 0.6040172166427548,
  "15": 0.6571018651362985,
  "16": 0.7159253945480633,
  "17": 0.7489239598278337,
  "18": 0.7790530846484937,
  "19": 0.7934002869440461,
  "20": 0.8206599713055955,
  "21": 0.829268292682927,
  "22": 0.8450502152080346,
  "23": 0.8579626972740317,
  "24": 0.8637015781922527,
  "25": 0.8680057388809184,
  "26": 0.8694404591104736,
  "27": 0.8723098995695842,
  "28": 0.8766140602582498,
  "29": 0.8780487804878051,
  "30": 0.8809182209469156,
  "31": 0.8837876614060262,
  "32": 0.8880918220946918,
  "33": 0.8895265423242471,
  "34": 0.8909612625538024,
  "35": 0.8938307030129129,
  "36": 0.9010043041606891,
  "37": 0.90674318507891,
  "38": 0.9110473457675757,
  "39": 0.9153515064562414,
  "40": 0.9182209469153519,
  "41": 0.9225251076040176,
  "42": 0.9268292682926833,
  "43": 0.9296987087517938,
  "44": 0.9325681492109044,
  "45": 0.9340028694404596,
  "46": 0.9368723098995702,
  "47": 0.9397417503586807,
  "48": 0.9512195121951226,
  "49": 0.9569583931133435,
  "50": 0.9626972740315645,
  "51": 0.9641319942611197,
  "52": 0.9670014347202303,
  "55": 0.9684361549497855,
  "56": 0.971305595408896,
  "57": 0.9727403156384513,
  "58": 0.9756097560975618,
  "59": 0.9784791965566724,
  "60": 0.9813486370157829,
  "61": 0.9827833572453382,
  "62": 0.9856527977044487,
  "63": 0.9885222381635592,
  "64": 0.9899569583931145,
  "65": 0.9913916786226697,
  "67": 0.992826398852225,
  "69": 0.9956958393113355,
  "70": 0.9971305595408908,
  "75": 0.9985652797704461,
  "99": 1.0000000000000013
}