{
  "2": 0.03212435233160622,
  "3": 0.1150259067357513,
  "4": 0.1678756476683938,
  "5": 0.21139896373056996,
  "6": 0.244559585492228,
  "7": 0.27979274611398963,
  "8": 0.30984455958549223,
  "9": 0.34196891191709844,
  "10": 0.3689119170984456,
  "11": 0.3906735751295337,
  "12": 0.4072538860103627,
  "13": 0.427979274611399,
  "14": 0.4466321243523316,
  "15": 0.4694300518134715,
  "16": 0.4839378238341969,
  "17": 0.4963730569948187,
  "18": 0.5139896373056996,
  "19": 0.528497409326425,
  "20": 0.545077720207254,
  "21": 0.5544041450777203,
  "22": 0.5637305699481866,
  "23": 0.5751295336787565,
  "24": 0.5813471502590674,
  "25": 0.5875647668393782,
  "26": 0.5958549222797928,
  "27": 0.6020725388601036,
  "28": 0.6072538860103627,
  "29": 0.6227979274611399,
  "30": 0.6259067357512954,
  "31": 0.6300518134715026,
  "32": 0.6373056994818653,
  "33": 0.644559585492228,
  "35": 0.6487046632124353,
  "36": 0.6538860103626943,
  "37": 0.6580310880829016,
  "38": 0.6632124352331606,
  "39": 0.6694300518134715,
  "40": 0.672538860103627,
  "41": 0.6766839378238342,
  "42": 0.6787564766839378,
  "43": 0.6818652849740933,
  "44": 0.6839378238341969,
  "45": 0.6901554404145077,
  "46": 0.6911917098445596,
  "47": 0.6932642487046632,
  "48": 0.694300518134715,
  "49": 0.6974093264248705,
  "50": 0.7015544041450777,
  "51": 0.7036269430051814,
  "52": 0.705699481865285,
  "53": 0.7088082901554404,
  "54": 0.7108808290155441,
  "55": 0.7150259067357513,
  "56": 0.7212435233160621,
  "57": 0.7243523316062176,
  "58": 0.7284974093264248,
  "59": 0.7336787564766839,
  "60": 0.7398963730569947,
  "62": 0.7419689119170984,
  "64": 0.7461139896373056,
  "65": 0.7502590673575128,
  "66": 0.7575129533678755,
  "67": 0.7616580310880827,
  "68": 0.7647668393782382,
  "69": 0.7678756476683937,
  "70": 0.7740932642487045,
  "73": 0.7761658031088081,
  "74": 0.7782383419689117,
  "75": 0.7813471502590672,
  "76": 0.7854922279792744,
  "77": 0.7865284974093263,
  "79": 0.7896373056994818,
  "80": 0.7917098445595854,
  "81": 0.7958549222797926,
  "82": 0.7979274611398962,
  "83": 0.8020725388601034,
  "84": 0.8031088082901553,
  "85": 0.8062176165803108,
  "86": 0.810362694300518,
  "87": 0.8145077720207252,
  "88": 0.8165803108808288,
  "89": 0.8196891191709843,
  "90": 0.8227979274611398,
  "92": 0.8259067357512953,
  "93": 0.8279792746113989,
  "94": 0.8321243523316061,
  "95": 0.833160621761658,
  "96": 0.8341968911917098,
  "97": 0.8414507772020725,
  "98": 0.8424870466321244,
  "99": 0.8476683937823835,
  "101": 0.8518134715025907,
  "103": 0.8538860103626943,
  "104": 0.8580310880829015,
  "105": 0.8601036269430051,
  "106": 0.861139896373057,
  "108": 0.8663212435233161,
  "109": 0.8683937823834197,
  "110": 0.8715025906735752,
  "111": 0.872538860103627,
  "112": 0.8756476683937825,
  "113": 0.8766839378238344,
  "114": 0.8777202072538862,
  "116": 0.8787564766839381,
  "117": 0.8818652849740936,
  "118": 0.8829015544041454,
  "119": 0.8891191709844563,
  "120": 0.8901554404145081,
  "121": 0.8922279792746117,
  "122": 0.8943005181347153,
  "124": 0.8984455958549226,
  "126": 0.9046632124352334,
  "127": 0.9077720207253889,
  "128": 0.9108808290155443,
  "129": 0.912953367875648,
  "131": 0.9160621761658034,
  "132": 0.918134715025907,
  "133": 0.9222797927461143,
  "134": 0.9233160621761661,
  "136": 0.924352331606218,
  "138": 0.9264248704663216,
  "139": 0.9295336787564771,
  "140": 0.9316062176165807,
  "143": 0.9336787564766843,
  "144": 0.9357512953367879,
  "145": 0.9367875647668398,
  "146": 0.9398963730569952,
  "147": 0.9430051813471507,
  "148": 0.9440414507772026,
  "149": 0.9461139896373062,
  "151": 0.9481865284974098,
  "152": 0.9492227979274617,
  "153": 0.9512953367875653,
  "155": 0.9523316062176171,
  "156": 0.9544041450777208,
  "157": 0.9564766839378244,
  "158": 0.958549222797928,
  "159": 0.9606217616580316,
  "160": 0.9616580310880835,
  "161": 0.9626943005181353,
  "162": 0.9637305699481872,
  "163": 0.964766839378239,
  "164": 0.9658031088082909,
  "165": 0.9668393782383428,
  "166": 0.9689119170984464,
  "167": 0.9699481865284982,
  "168": 0.9709844559585501,
  "170": 0.972020725388602,
  "172": 0.9740932642487056,
  "173": 0.9751295336787574,
  "177": 0.9761658031088093,
  "182": 0.9772020725388612,
  "183": 0.978238341968913,
  "184": 0.9803108808290166,
  "186": 0.9834196891191721,
  "188": 0.9854922279792757,
  "190": 0.9865284974093276,
  "191": 0.9886010362694312,
  "192": 0.9906735751295348,
  "194": 0.9917098445595867,
  "195": 0.9927461139896385,
  "197": 0.9948186528497421,
  "198": 0.995854922279794,
  "199": 0.9989637305699495,
  "200": 1.0000000000000013
}