{
  "2": 0.011494252873563218,
  "3": 0.05028735632183908,
  "4": 0.07471264367816093,
  "5": 0.10201149425287356,
  "6": 0.125,
  "7": 0.15660919540229884,
  "8": 0.17959770114942528,
  "9": 0.2025862068965517,
  "10": 0.23419540229885055,
  "11": 0.2543103448275862,
  "12": 0.2729885057471264,
  "13": 0.29310344827586204,
  "14": 0.3146551724137931,
  "15": 0.3333333333333333,
  "16": 0.34195402298850575,
  "17": 0.35344827586206895,
  "18": 0.3692528735632184,
  "19": 0.382183908045977,
  "20": 0.39798850574712646,
  "21": 0.4123563218390805,
  "22": 0.42097701149425293,
  "23": 0.43247126436781613,
  "24": 0.44540229885057475,
  "25": 0.45545977011494254,
  "26": 0.464080459770115,
  "27": 0.4755747126436782,
  "28": 0.4827586206896552,
  "29": 0.4870689655172414,
  "30": 0.49712643678160917,
  "31": 0.5028735632183908,
  "32": 0.5158045977011495,
  "33": 0.5244252873563219,
  "34": 0.5287356321839081,
  "35": 0.5387931034482759,
  "36": 0.5445402298850576,
  "37": 0.5517241379310346,
  "38": 0.5632183908045978,
  "39": 0.5732758620689656,
  "40": 0.5775862068965518,
  "41": 0.589080459770115,
  "42": 0.5905172413793104,
  "43": 0.596264367816092,
  "44": 0.6034482758620691,
  "45": 0.6120689655172414,
  "46": 0.6221264367816093,
  "47": 0.6264367816091955,
  "48": 0.6307471264367817,
  "49": 0.6364942528735633,
  "50": 0.6393678160919541,
  "51": 0.6451149425287358,
  "52": 0.6465517241379312,
  "53": 0.649425287356322,
  "54": 0.6537356321839082,
  "55": 0.6580459770114944,
  "56": 0.6666666666666667,
  "57": 0.6724137931034484,
  "58": 0.6738505747126438,
  "59": 0.6824712643678161,
  "60": 0.692528735632184,
  "61": 0.6982758620689656,
  "62": 0.7011494252873565,
  "63": 0.7040229885057473,
  "64": 0.7068965517241381,
  "65": 0.709770114942529,
  "66": 0.7126436781609198,
  "67": 0.716954022988506,
  "68": 0.7255747126436783,
  "69": 0.7370689655172415,
  "70": 0.7385057471264369,
  "71": 0.7428160919540231,
  "73": 0.7500000000000001,
  "74": 0.7543103448275863,
  "75": 0.760057471264368,
  "76": 0.7629310344827588,
  "77": 0.7643678160919541,
  "78": 0.767241379310345,
  "79": 0.7715517241379312,
  "80": 0.774425287356322,
  "81": 0.7801724137931036,
  "82": 0.781609195402299,
  "83": 0.7844827586206898,
  "84": 0.7859195402298852,
  "85": 0.7916666666666669,
  "86": 0.7945402298850577,
  "87": 0.8031609195402301,
  "88": 0.8074712643678162,
  "89": 0.8132183908045979,
  "90": 0.8160919540229887,
  "91": 0.8189655172413796,
  "92": 0.8232758620689657,
  "93": 0.8247126436781611,
  "94": 0.8261494252873565,
  "95": 0.8333333333333335,
  "96": 0.8376436781609197,
  "97": 0.839080459770115,
  "98": 0.846264367816092,
  "100": 0.8477011494252874,
  "101": 0.8520114942528736,
  "103": 0.853448275862069,
  "105": 0.8563218390804598,
  "106": 0.8577586206896551,
  "107": 0.860632183908046,
  "108": 0.8635057471264368,
  "109": 0.8649425287356322,
  "110": 0.867816091954023,
  "111": 0.8706896551724138,
  "112": 0.8735632183908046,
  "114": 0.875,
  "115": 0.8764367816091954,
  "116": 0.8793103448275862,
  "117": 0.8836206896551724,
  "119": 0.8850574712643677,
  "120": 0.8879310344827586,
  "122": 0.8893678160919539,
  "123": 0.8908045977011493,
  "124": 0.8922413793103446,
  "125": 0.8979885057471263,
  "126": 0.9022988505747125,
  "127": 0.9051724137931033,
  "129": 0.9080459770114941,
  "130": 0.910919540229885,
  "131": 0.9123563218390803,
  "132": 0.9152298850574712,
  "133": 0.9166666666666665,
  "134": 0.9181034482758619,
  "137": 0.9195402298850572,
  "138": 0.9224137931034481,
  "140": 0.9238505747126434,
  "143": 0.9281609195402296,
  "145": 0.9339080459770113,
  "146": 0.9353448275862066,
  "147": 0.9382183908045975,
  "148": 0.9396551724137928,
  "149": 0.9454022988505745,
  "152": 0.9468390804597698,
  "153": 0.9497126436781607,
  "154": 0.9525862068965515,
  "155": 0.9554597701149423,
  "156": 0.9568965517241377,
  "157": 0.958333333333333,
  "159": 0.9640804597701147,
  "160": 0.96551724137931,
  "162": 0.9669540229885054,
  "163": 0.9683908045977008,
  "164": 0.9698275862068961,
  "165": 0.9712643678160915,
  "166": 0.9727011494252868,
  "169": 0.9755747126436777,
  "170": 0.977011494252873,
  "180": 0.9784482758620684,
  "182": 0.9798850574712638,
  "184": 0.9813218390804591,
  "186": 0.9856321839080453,
  "187": 0.9870689655172407,
  "188": 0.988505747126436,
  "189": 0.9913793103448268,
  "190": 0.9942528735632177,
  "194": 0.995689655172413,
  "196": 0.9971264367816084,
  "197": 0.9985632183908038,
  "198": 0.9999999999999991
}