{
  "2": 0.05456453305351522,
  "3": 0.13011542497376705,
  "4": 0.17103882476390347,
  "5": 0.22350472193074503,
  "6": 0.26862539349422876,
  "7": 0.3095487932843652,
  "8": 0.3431269674711438,
  "9": 0.3777544596012592,
  "10": 0.40293809024134314,
  "11": 0.4281217208814271,
  "12": 0.4491080797481637,
  "13": 0.472193074501574,
  "14": 0.4900314795383001,
  "15": 0.5110178384050368,
  "16": 0.5267576075550893,
  "17": 0.5508919202518364,
  "18": 0.5645330535152152,
  "19": 0.5771248688352572,
  "20": 0.5876180482686255,
  "21": 0.6023084994753412,
  "22": 0.6128016789087095,
  "23": 0.6232948583420779,
  "24": 0.6316894018887725,
  "25": 0.641133263378804,
  "26": 0.6547743966421828,
  "27": 0.6673662119622248,
  "28": 0.6715634837355721,
  "29": 0.677859391395593,
  "30": 0.690451206715635,
  "31": 0.6956977964323191,
  "32": 0.7009443861490032,
  "33": 0.7051416579223505,
  "34": 0.7103882476390346,
  "35": 0.7135362014690452,
  "36": 0.7166841552990557,
  "37": 0.720881427072403,
  "38": 0.7303252885624345,
  "39": 0.7366211962224555,
  "40": 0.7418677859391396,
  "41": 0.7450157397691501,
  "42": 0.7471143756558238,
  "43": 0.7492130115424975,
  "44": 0.7513116474291712,
  "45": 0.7523609653725081,
  "46": 0.758656873032529,
  "47": 0.7597061909758659,
  "48": 0.7628541448058764,
  "49": 0.7681007345225606,
  "50": 0.7701993704092343,
  "51": 0.7733473242392448,
  "52": 0.7754459601259185,
  "53": 0.7806925498426026,
  "54": 0.7817418677859395,
  "55": 0.7869884575026236,
  "56": 0.7890870933892973,
  "59": 0.7922350472193078,
  "60": 0.7943336831059815,
  "61": 0.7953830010493184,
  "62": 0.797481636935992,
  "63": 0.8016789087093393,
  "64": 0.8027282266526762,
  "65": 0.803777544596013,
  "66": 0.8069254984260236,
  "67": 0.8090241343126973,
  "68": 0.8142707240293814,
  "71": 0.8184679958027287,
  "72": 0.8195173137460655,
  "73": 0.8205666316894024,
  "74": 0.8216159496327392,
  "75": 0.822665267576076,
  "78": 0.8247639034627497,
  "79": 0.8279118572927603,
  "80": 0.8321091290661076,
  "81": 0.8342077649527813,
  "82": 0.8373557187827918,
  "83": 0.8394543546694655,
  "84": 0.842602308499476,
  "85": 0.8478488982161602,
  "86": 0.848898216159497,
  "87": 0.8499475341028339,
  "88": 0.8572927597061917,
  "89": 0.8604407135362022,
  "91": 0.8614900314795391,
  "93": 0.8635886673662128,
  "95": 0.8646379853095496,
  "96": 0.8688352570828969,
  "97": 0.8709338929695706,
  "98": 0.8719832109129074,
  "99": 0.8740818467995811,
  "100": 0.875131164742918,
  "101": 0.8772298006295917,
  "102": 0.8814270724029389,
  "103": 0.8845750262329495,
  "105": 0.8856243441762863,
  "106": 0.8887722980062969,
  "107": 0.8898216159496337,
  "108": 0.8919202518363074,
  "109": 0.8929695697796443,
  "110": 0.8961175236096548,
  "111": 0.8971668415529916,
  "112": 0.8992654774396653,
  "113": 0.9003147953830022,
  "114": 0.9024134312696759,
  "116": 0.9055613850996864,
  "117": 0.9076600209863601,
  "118": 0.9097586568730338,
  "119": 0.9118572927597075,
  "121": 0.9139559286463812,
  "122": 0.9171038824763917,
  "123": 0.9192025183630654,
  "125": 0.9213011542497391,
  "126": 0.922350472193076,
  "127": 0.9233997901364128,
  "128": 0.9265477439664234,
  "129": 0.9286463798530971,
  "130": 0.9296956977964339,
  "131": 0.9307450157397708,
  "132": 0.9317943336831076,
  "133": 0.9328436516264444,
  "135": 0.9349422875131181,
  "136": 0.935991605456455,
  "137": 0.9370409233997918,
  "138": 0.9380902413431287,
  "139": 0.9391395592864655,
  "140": 0.9401888772298024,
  "142": 0.9412381951731392,
  "144": 0.9422875131164761,
  "146": 0.9454354669464866,
  "149": 0.9475341028331603,
  "150": 0.949632738719834,
  "151": 0.9506820566631708,
  "152": 0.9527806925498445,
  "153": 0.9538300104931814,
  "154": 0.9559286463798551,
  "155": 0.9569779643231919,
  "156": 0.9601259181532025,
  "158": 0.963273871983213,
  "161": 0.9643231899265499,
  "162": 0.9664218258132236,
  "163": 0.9685204616998973,
  "164": 0.9695697796432341,
  "165": 0.970619097586571,
  "167": 0.9727177334732446,
  "168": 0.9737670514165815,
  "175": 0.9748163693599183,
  "176": 0.9758656873032552,
  "177": 0.976915005246592,
  "178": 0.9779643231899289,
  "179": 0.9800629590766026,
  "184": 0.9821615949632763,
  "186": 0.98426023084995,
  "187": 0.9863588667366237,
  "189": 0.9874081846799605,
  "190": 0.9895068205666342,
  "191": 0.9916054564533079,
  "194": 0.9937040923399816,
  "198": 0.9958027282266553,
  "199": 0.997901364113329,
  "200": 1.0000000000000027
}