{
  "2": 0.06028833551769332,
  "3": 0.1651376146788991,
  "4": 0.2346002621231979,
  "5": 0.2961992136304063,
  "6": 0.3211009174311927,
  "7": 0.34469200524246396,
  "8": 0.36959370904325034,
  "9": 0.3931847968545216,
  "10": 0.4272608125819135,
  "11": 0.4508519003931848,
  "12": 0.46264744429882043,
  "13": 0.47575360419397117,
  "14": 0.5019659239842726,
  "15": 0.5439056356487549,
  "16": 0.5740498034076016,
  "17": 0.6133682830930538,
  "18": 0.6487549148099607,
  "19": 0.6815203145478376,
  "20": 0.7155963302752294,
  "21": 0.7339449541284404,
  "22": 0.7536041939711665,
  "23": 0.7693315858453473,
  "24": 0.7824377457404981,
  "25": 0.7863695937090432,
  "26": 0.7889908256880734,
  "27": 0.7968545216251639,
  "28": 0.8034076015727393,
  "29": 0.8073394495412844,
  "30": 0.8112712975098296,
  "31": 0.8152031454783748,
  "32": 0.81913499344692,
  "33": 0.8217562254259502,
  "34": 0.8269986893840104,
  "35": 0.8322411533420707,
  "36": 0.8401048492791612,
  "37": 0.8440366972477064,
  "38": 0.8466579292267365,
  "39": 0.8571428571428571,
  "40": 0.8597640891218873,
  "41": 0.8636959370904325,
  "42": 0.8689384010484927,
  "43": 0.8728702490170379,
  "44": 0.8754914809960681,
  "45": 0.8781127129750983,
  "46": 0.8846657929226737,
  "47": 0.8951507208387942,
  "48": 0.9017038007863696,
  "49": 0.910878112712975,
  "50": 0.9200524246395805,
  "51": 0.9226736566186107,
  "52": 0.929226736566186,
  "53": 0.9318479685452162,
  "54": 0.9344692005242464,
  "55": 0.9423328964613369,
  "56": 0.943643512450852,
  "57": 0.9475753604193972,
  "58": 0.9528178243774574,
  "59": 0.9541284403669725,
  "60": 0.9606815203145479,
  "61": 0.9672346002621233,
  "62": 0.9698558322411535,
  "63": 0.9711664482306686,
  "64": 0.9737876802096987,
  "65": 0.9803407601572741,
  "66": 0.9829619921363043,
  "67": 0.9842726081258194,
  "68": 0.9855832241153345,
  "69": 0.9868938401048496,
  "73": 0.9895150720838798,
  "80": 0.9908256880733949,
  "82": 0.99213630406291,
  "92": 0.9960681520314552,
  "98": 0.9973787680209703,
  "117": 0.9986893840104853,
  "123": 1.0000000000000004
}