{
  "2": 0.05,
  "3": 0.0788888888888889,
  "4": 0.11111111111111112,
  "5": 0.14444444444444446,
  "6": 0.17444444444444446,
  "7": 0.1977777777777778,
  "8": 0.23444444444444446,
  "9": 0.26,
  "10": 0.2777777777777778,
  "11": 0.3011111111111111,
  "12": 0.31777777777777777,
  "13": 0.3377777777777778,
  "14": 0.35555555555555557,
  "15": 0.3766666666666667,
  "16": 0.3855555555555556,
  "17": 0.4,
  "18": 0.4188888888888889,
  "19": 0.43222222222222223,
  "20": 0.4477777777777778,
  "21": 0.46444444444444444,
  "22": 0.47444444444444445,
  "23": 0.48444444444444446,
  "24": 0.4955555555555556,
  "25": 0.5111111111111112,
  "26": 0.518888888888889,
  "27": 0.5377777777777778,
  "28": 0.55,
  "29": 0.5588888888888889,
  "30": 0.5666666666666667,
  "31": 0.5766666666666667,
  "32": 0.58,
  "33": 0.5877777777777777,
  "34": 0.6022222222222222,
  "35": 0.6088888888888889,
  "36": 0.6177777777777778,
  "37": 0.6266666666666666,
  "38": 0.6377777777777777,
  "39": 0.6455555555555554,
  "40": 0.6522222222222221,
  "41": 0.6588888888888889,
  "42": 0.6677777777777777,
  "43": 0.6744444444444444,
  "44": 0.6799999999999999,
  "45": 0.69,
  "46": 0.6966666666666667,
  "47": 0.7033333333333334,
  "48": 0.7044444444444444,
  "49": 0.7122222222222222,
  "50": 0.7188888888888889,
  "51": 0.73,
  "52": 0.7377777777777778,
  "53": 0.741111111111111,
  "54": 0.7511111111111111,
  "55": 0.7611111111111111,
  "56": 0.7711111111111111,
  "57": 0.7744444444444444,
  "58": 0.7788888888888889,
  "59": 0.7877777777777777,
  "60": 0.7888888888888888,
  "61": 0.7944444444444443,
  "62": 0.7966666666666665,
  "63": 0.8033333333333332,
  "64": 0.8099999999999999,
  "65": 0.8144444444444444,
  "66": 0.8222222222222222,
  "67": 0.8244444444444444,
  "68": 0.8255555555555555,
  "69": 0.8355555555555555,
  "70": 0.841111111111111,
  "72": 0.8466666666666666,
  "73": 0.8499999999999999,
  "74": 0.8533333333333332,
  "75": 0.8588888888888887,
  "76": 0.8611111111111109,
  "77": 0.8644444444444442,
  "78": 0.8677777777777775,
  "79": 0.8744444444444442,
  "80": 0.8766666666666665,
  "81": 0.8788888888888887,
  "82": 0.8844444444444443,
  "83": 0.8888888888888887,
  "84": 0.8899999999999998,
  "85": 0.8933333333333331,
  "86": 0.8955555555555553,
  "87": 0.8977777777777776,
  "88": 0.8999999999999998,
  "89": 0.9044444444444443,
  "90": 0.9066666666666665,
  "91": 0.9077777777777776,
  "92": 0.9099999999999998,
  "93": 0.9144444444444443,
  "94": 0.9177777777777776,
  "95": 0.9188888888888886,
  "96": 0.9211111111111109,
  "97": 0.9244444444444442,
  "98": 0.9255555555555552,
  "100": 0.9299999999999997,
  "101": 0.932222222222222,
  "102": 0.933333333333333,
  "103": 0.9344444444444441,
  "104": 0.9355555555555551,
  "105": 0.9366666666666662,
  "107": 0.9377777777777773,
  "110": 0.9399999999999995,
  "114": 0.9411111111111106,
  "115": 0.9422222222222216,
  "116": 0.9444444444444439,
  "118": 0.9455555555555549,
  "119": 0.946666666666666,
  "120": 0.947777777777777,
  "121": 0.9499999999999993,
  "122": 0.9511111111111104,
  "123": 0.9555555555555548,
  "126": 0.9566666666666659,
  "127": 0.957777777777777,
  "129": 0.9599999999999992,
  "130": 0.9611111111111103,
  "132": 0.9622222222222213,
  "133": 0.9633333333333324,
  "134": 0.9655555555555546,
  "135": 0.9666666666666657,
  "140": 0.9677777777777767,
  "141": 0.9688888888888878,
  "145": 0.9699999999999989,
  "155": 0.9722222222222211,
  "156": 0.9733333333333322,
  "157": 0.9755555555555544,
  "161": 0.9766666666666655,
  "163": 0.9788888888888877,
  "164": 0.9799999999999988,
  "165": 0.9811111111111098,
  "167": 0.9822222222222209,
  "168": 0.9844444444444431,
  "173": 0.9855555555555542,
  "176": 0.9888888888888875,
  "179": 0.9899999999999985,
  "181": 0.9922222222222208,
  "185": 0.9933333333333318,
  "187": 0.9944444444444429,
  "188": 0.9966666666666651,
  "195": 0.9977777777777762,
  "196": 0.9988888888888873,
  "197": 0.9999999999999983
}