{
  "2": 0.036337209302325583,
  "3": 0.07848837209302326,
  "4": 0.12209302325581395,
  "5": 0.15843023255813954,
  "6": 0.1875,
  "7": 0.2063953488372093,
  "8": 0.2296511627906977,
  "9": 0.25,
  "10": 0.27761627906976744,
  "11": 0.28924418604651164,
  "12": 0.3183139534883721,
  "13": 0.3372093023255814,
  "14": 0.3502906976744186,
  "15": 0.3619186046511628,
  "16": 0.37500000000000006,
  "17": 0.38662790697674426,
  "18": 0.40552325581395354,
  "19": 0.4186046511627908,
  "20": 0.42877906976744196,
  "21": 0.4433139534883722,
  "22": 0.4534883720930234,
  "23": 0.46220930232558155,
  "24": 0.47383720930232576,
  "25": 0.4825581395348839,
  "26": 0.486918604651163,
  "27": 0.49709302325581417,
  "28": 0.5087209302325584,
  "29": 0.5247093023255817,
  "30": 0.5363372093023259,
  "31": 0.5377906976744189,
  "32": 0.542151162790698,
  "33": 0.5479651162790701,
  "34": 0.5581395348837213,
  "35": 0.5683139534883724,
  "36": 0.5712209302325585,
  "37": 0.5770348837209306,
  "38": 0.5799418604651166,
  "39": 0.5886627906976748,
  "40": 0.5959302325581399,
  "41": 0.6046511627906981,
  "42": 0.6104651162790702,
  "43": 0.6206395348837214,
  "44": 0.6235465116279074,
  "45": 0.6293604651162795,
  "46": 0.6351744186046516,
  "47": 0.6366279069767447,
  "48": 0.6453488372093028,
  "49": 0.6497093023255819,
  "50": 0.65843023255814,
  "51": 0.6598837209302331,
  "52": 0.6613372093023261,
  "53": 0.6627906976744191,
  "54": 0.6686046511627912,
  "55": 0.6744186046511633,
  "56": 0.6802325581395354,
  "57": 0.6933139534883727,
  "58": 0.6991279069767448,
  "59": 0.7034883720930238,
  "60": 0.710755813953489,
  "61": 0.7165697674418611,
  "62": 0.7238372093023262,
  "63": 0.7281976744186053,
  "64": 0.7325581395348844,
  "65": 0.7354651162790704,
  "66": 0.7398255813953495,
  "67": 0.7427325581395355,
  "68": 0.7514534883720937,
  "69": 0.7529069767441867,
  "70": 0.7587209302325588,
  "71": 0.76889534883721,
  "72": 0.7761627906976751,
  "73": 0.7834302325581403,
  "74": 0.7892441860465124,
  "75": 0.7921511627906984,
  "76": 0.7950581395348845,
  "78": 0.7979651162790705,
  "79": 0.8008720930232566,
  "80": 0.8023255813953496,
  "81": 0.8037790697674426,
  "82": 0.8066860465116287,
  "83": 0.8081395348837217,
  "84": 0.8110465116279078,
  "85": 0.8125000000000008,
  "86": 0.8139534883720938,
  "87": 0.8154069767441868,
  "88": 0.8212209302325589,
  "89": 0.8299418604651171,
  "90": 0.8328488372093031,
  "91": 0.8357558139534892,
  "92": 0.8372093023255822,
  "93": 0.8415697674418613,
  "94": 0.8459302325581404,
  "95": 0.8473837209302334,
  "96": 0.8488372093023264,
  "98": 0.8517441860465125,
  "100": 0.8575581395348846,
  "101": 0.8604651162790706,
  "102": 0.8619186046511637,
  "103": 0.8633720930232567,
  "104": 0.8648255813953497,
  "106": 0.8677325581395358,
  "107": 0.8720930232558148,
  "110": 0.8735465116279079,
  "112": 0.8750000000000009,
  "113": 0.87936046511628,
  "114": 0.882267441860466,
  "116": 0.8851744186046521,
  "117": 0.8895348837209311,
  "119": 0.8909883720930242,
  "120": 0.8924418604651172,
  "121": 0.8968023255813963,
  "122": 0.8997093023255823,
  "124": 0.9055232558139544,
  "126": 0.9084302325581405,
  "127": 0.9098837209302335,
  "128": 0.9142441860465126,
  "129": 0.9156976744186056,
  "131": 0.9229651162790707,
  "132": 0.9273255813953498,
  "133": 0.9287790697674428,
  "134": 0.9316860465116289,
  "138": 0.9331395348837219,
  "139": 0.934593023255815,
  "140": 0.936046511627908,
  "141": 0.937500000000001,
  "142": 0.938953488372094,
  "143": 0.9447674418604661,
  "145": 0.9462209302325592,
  "148": 0.9491279069767452,
  "150": 0.9520348837209313,
  "151": 0.9563953488372103,
  "154": 0.9578488372093034,
  "155": 0.9593023255813964,
  "157": 0.9607558139534894,
  "160": 0.9622093023255824,
  "161": 0.9636627906976755,
  "163": 0.9665697674418615,
  "166": 0.9694767441860476,
  "169": 0.9709302325581406,
  "170": 0.9723837209302336,
  "172": 0.9738372093023266,
  "173": 0.9752906976744197,
  "176": 0.9767441860465127,
  "178": 0.9781976744186057,
  "180": 0.9811046511627918,
  "181": 0.9825581395348848,
  "182": 0.9840116279069778,
  "184": 0.9869186046511639,
  "185": 0.9883720930232569,
  "186": 0.9898255813953499,
  "187": 0.991279069767443,
  "188": 0.992732558139536,
  "191": 0.994186046511629,
  "193": 0.9970930232558151,
  "194": 0.9985465116279081,
  "195": 1.000000000000001
}