{
  "2": 0.0916030534351145,
  "3": 0.21628498727735368,
  "4": 0.2926208651399491,
  "5": 0.33078880407124683,
  "6": 0.3842239185750636,
  "7": 0.4071246819338422,
  "8": 0.4300254452926208,
  "9": 0.465648854961832,
  "10": 0.4783715012722646,
  "11": 0.4987277353689567,
  "12": 0.5241730279898218,
  "13": 0.5496183206106869,
  "14": 0.5801526717557252,
  "15": 0.6005089058524172,
  "16": 0.6183206106870228,
  "17": 0.643765903307888,
  "18": 0.6564885496183205,
  "19": 0.669211195928753,
  "20": 0.6844783715012721,
  "21": 0.6895674300254452,
  "23": 0.6946564885496183,
  "24": 0.7022900763358778,
  "25": 0.7073791348600509,
  "26": 0.7404580152671756,
  "27": 0.7455470737913487,
  "28": 0.7633587786259542,
  "29": 0.7786259541984734,
  "30": 0.806615776081425,
  "31": 0.8218829516539441,
  "32": 0.8422391857506362,
  "33": 0.8524173027989822,
  "34": 0.8600508905852418,
  "36": 0.8625954198473282,
  "37": 0.8651399491094147,
  "39": 0.8727735368956743,
  "40": 0.8778625954198473,
  "41": 0.8829516539440204,
  "42": 0.8880407124681935,
  "43": 0.89058524173028,
  "44": 0.8931297709923665,
  "46": 0.8956743002544529,
  "47": 0.8982188295165394,
  "48": 0.9033078880407125,
  "49": 0.9083969465648856,
  "50": 0.9134860050890586,
  "51": 0.9160305343511451,
  "52": 0.9185750636132316,
  "53": 0.9211195928753181,
  "54": 0.9236641221374046,
  "55": 0.9287531806615776,
  "56": 0.9414758269720102,
  "58": 0.9440203562340966,
  "59": 0.9516539440203562,
  "60": 0.9567430025445293,
  "61": 0.9592875318066157,
  "63": 0.9720101781170483,
  "64": 0.9745547073791347,
  "65": 0.9796437659033078,
  "66": 0.9821882951653943,
  "68": 0.9872773536895674,
  "70": 0.9898218829516539,
  "74": 0.9923664122137403,
  "78": 0.9949109414758268,
  "88": 0.9974554707379133,
  "100": 0.9999999999999998
}