{
  "2": 0.32,
  "3": 0.5720000000000001,
  "4": 0.6930000000000001,
  "5": 0.804,
  "6": 0.8490000000000001,
  "7": 0.8760000000000001,
  "8": 0.9040000000000001,
  "9": 0.9220000000000002,
  "10": 0.9320000000000002,
  "11": 0.9380000000000002,
  "12": 0.9460000000000002,
  "13": 0.9530000000000002,
  "14": 0.9570000000000002,
  "15": 0.9620000000000002,
  "16": 0.9680000000000002,
  "17": 0.9720000000000002,
  "18": 0.9750000000000002,
  "19": 0.9780000000000002,
  "20": 0.9810000000000002,
  "21": 0.9830000000000002,
  "22": 0.9870000000000002,
  "23": 0.9910000000000002,
  "24": 0.9940000000000002,
  "25": 0.9970000000000002,
  "31": 0.9990000000000002,
  "34": 1.0000000000000002
}