{
  "2": 0.07163742690058479,
  "3": 0.15497076023391812,
  "4": 0.2046783625730994,
  "5": 0.23684210526315788,
  "6": 0.27192982456140347,
  "7": 0.30263157894736836,
  "8": 0.33040935672514615,
  "9": 0.36111111111111105,
  "10": 0.38304093567251457,
  "11": 0.4035087719298245,
  "12": 0.4312865497076023,
  "13": 0.45175438596491224,
  "14": 0.46929824561403505,
  "15": 0.4853801169590643,
  "16": 0.49707602339181284,
  "17": 0.5116959064327485,
  "18": 0.5263157894736842,
  "19": 0.5394736842105263,
  "20": 0.5497076023391813,
  "21": 0.5584795321637427,
  "22": 0.5628654970760234,
  "23": 0.5716374269005848,
  "24": 0.5862573099415205,
  "25": 0.5935672514619883,
  "26": 0.6111111111111112,
  "27": 0.6198830409356726,
  "28": 0.6315789473684211,
  "29": 0.6359649122807018,
  "30": 0.6476608187134504,
  "31": 0.6578947368421053,
  "32": 0.6652046783625731,
  "33": 0.6739766081871346,
  "34": 0.6798245614035088,
  "35": 0.6929824561403509,
  "36": 0.7032163742690059,
  "37": 0.7119883040935673,
  "38": 0.7207602339181287,
  "39": 0.7266081871345029,
  "40": 0.7280701754385965,
  "41": 0.7353801169590644,
  "42": 0.7470760233918129,
  "43": 0.7514619883040936,
  "44": 0.7573099415204678,
  "45": 0.763157894736842,
  "46": 0.7646198830409356,
  "48": 0.7675438596491228,
  "49": 0.7690058479532164,
  "51": 0.7763157894736842,
  "54": 0.7792397660818713,
  "56": 0.7807017543859649,
  "57": 0.7865497076023391,
  "58": 0.7880116959064327,
  "60": 0.7894736842105263,
  "61": 0.7909356725146199,
  "62": 0.7923976608187135,
  "63": 0.7953216374269007,
  "64": 0.7967836257309943,
  "65": 0.7997076023391814,
  "66": 0.8040935672514621,
  "67": 0.8055555555555557,
  "68": 0.8099415204678364,
  "69": 0.8128654970760235,
  "70": 0.8143274853801171,
  "72": 0.8157894736842107,
  "73": 0.8201754385964914,
  "75": 0.821637426900585,
  "76": 0.8245614035087722,
  "77": 0.83187134502924,
  "78": 0.8347953216374271,
  "79": 0.8362573099415207,
  "80": 0.8377192982456143,
  "81": 0.8450292397660821,
  "82": 0.8479532163742692,
  "84": 0.8508771929824563,
  "85": 0.8538011695906434,
  "86": 0.8567251461988306,
  "87": 0.8581871345029242,
  "88": 0.8611111111111113,
  "89": 0.865497076023392,
  "90": 0.8698830409356727,
  "91": 0.8713450292397663,
  "92": 0.8728070175438599,
  "93": 0.8742690058479535,
  "94": 0.8771929824561406,
  "95": 0.8859649122807021,
  "96": 0.8888888888888892,
  "97": 0.8918128654970763,
  "99": 0.8932748538011699,
  "100": 0.896198830409357,
  "102": 0.9005847953216377,
  "103": 0.9035087719298248,
  "104": 0.9078947368421055,
  "105": 0.9137426900584797,
  "108": 0.9152046783625734,
  "110": 0.9181286549707605,
  "111": 0.9210526315789476,
  "112": 0.9225146198830412,
  "113": 0.9269005847953219,
  "114": 0.9312865497076026,
  "115": 0.9385964912280704,
  "116": 0.9415204678362575,
  "117": 0.9444444444444446,
  "119": 0.9488304093567254,
  "120": 0.9517543859649125,
  "123": 0.9532163742690061,
  "124": 0.9605263157894739,
  "126": 0.9619883040935675,
  "127": 0.9634502923976611,
  "128": 0.9692982456140353,
  "134": 0.9707602339181289,
  "135": 0.9722222222222225,
  "136": 0.9751461988304096,
  "137": 0.9766081871345033,
  "140": 0.9780701754385969,
  "145": 0.9795321637426905,
  "148": 0.9809941520467841,
  "151": 0.9839181286549712,
  "153": 0.9868421052631583,
  "154": 0.9883040935672519,
  "156": 0.9897660818713455,
  "157": 0.9912280701754391,
  "162": 0.9926900584795327,
  "163": 0.9941520467836263,
  "175": 0.99561403508772,
  "177": 0.9970760233918136,
  "182": 0.9985380116959072,
  "199": 1.0000000000000007
}