{
  "2": 0.046740467404674045,
  "3": 0.11193111931119312,
  "4": 0.14760147601476015,
  "5": 0.1955719557195572,
  "6": 0.22140221402214025,
  "7": 0.25338253382533826,
  "8": 0.2890528905289053,
  "9": 0.32595325953259535,
  "10": 0.3567035670356704,
  "11": 0.3751537515375154,
  "12": 0.39483394833948343,
  "13": 0.40959409594095947,
  "14": 0.43173431734317347,
  "15": 0.45387453874538747,
  "16": 0.4735547355473555,
  "17": 0.49692496924969254,
  "18": 0.5227552275522755,
  "19": 0.5350553505535056,
  "20": 0.5522755227552276,
  "21": 0.5584255842558427,
  "22": 0.5719557195571957,
  "23": 0.5904059040590407,
  "24": 0.6063960639606397,
  "25": 0.6211562115621158,
  "26": 0.6260762607626078,
  "27": 0.6346863468634688,
  "28": 0.6506765067650678,
  "29": 0.6592865928659288,
  "30": 0.6789667896678968,
  "31": 0.6974169741697418,
  "32": 0.7084870848708488,
  "33": 0.7170971709717098,
  "34": 0.7281672816728167,
  "35": 0.7380073800738007,
  "36": 0.7429274292742928,
  "37": 0.7515375153751538,
  "38": 0.7552275522755227,
  "39": 0.7589175891758917,
  "40": 0.7613776137761377,
  "42": 0.7650676506765066,
  "43": 0.7687576875768756,
  "44": 0.7761377613776136,
  "45": 0.7773677736777366,
  "46": 0.7810578105781055,
  "47": 0.7847478474784745,
  "48": 0.7884378843788434,
  "49": 0.7908979089790894,
  "50": 0.7982779827798274,
  "51": 0.8019680196801964,
  "52": 0.8031980319803194,
  "53": 0.8105781057810574,
  "54": 0.8142681426814263,
  "55": 0.8191881918819184,
  "56": 0.8228782287822873,
  "57": 0.8290282902829024,
  "58": 0.8339483394833944,
  "59": 0.8364083640836404,
  "60": 0.8450184501845014,
  "61": 0.8474784747847474,
  "62": 0.8499384993849933,
  "63": 0.8511685116851163,
  "64": 0.8548585485854853,
  "65": 0.8573185731857312,
  "66": 0.8597785977859772,
  "67": 0.8622386223862232,
  "68": 0.8634686346863462,
  "70": 0.8659286592865921,
  "71": 0.8671586715867151,
  "72": 0.8696186961869611,
  "73": 0.872078720787207,
  "74": 0.87330873308733,
  "75": 0.876998769987699,
  "76": 0.8806888068880679,
  "77": 0.8831488314883139,
  "78": 0.8843788437884369,
  "79": 0.8856088560885599,
  "80": 0.8868388683886829,
  "81": 0.8880688806888059,
  "82": 0.8905289052890518,
  "83": 0.8917589175891748,
  "84": 0.8929889298892978,
  "85": 0.8954489544895438,
  "86": 0.9003690036900358,
  "87": 0.9040590405904048,
  "88": 0.9052890528905277,
  "89": 0.9077490774907737,
  "90": 0.9114391143911427,
  "92": 0.9138991389913886,
  "93": 0.9163591635916346,
  "94": 0.9200492004920036,
  "95": 0.9249692496924956,
  "97": 0.9286592865928646,
  "98": 0.9311193111931105,
  "100": 0.9323493234932335,
  "101": 0.9348093480934795,
  "102": 0.9360393603936025,
  "107": 0.9372693726937255,
  "108": 0.9384993849938484,
  "109": 0.9397293972939714,
  "110": 0.9434194341943404,
  "111": 0.9446494464944634,
  "114": 0.9458794587945863,
  "115": 0.9471094710947093,
  "116": 0.9483394833948323,
  "121": 0.9495694956949553,
  "122": 0.9507995079950783,
  "123": 0.9520295202952013,
  "126": 0.9532595325953243,
  "127": 0.9544895448954472,
  "129": 0.9594095940959393,
  "132": 0.9606396063960623,
  "138": 0.9630996309963082,
  "141": 0.9655596555965542,
  "142": 0.9667896678966772,
  "143": 0.9680196801968002,
  "144": 0.9704797047970461,
  "147": 0.9717097170971691,
  "149": 0.9741697416974151,
  "150": 0.9778597785977841,
  "151": 0.979089790897907,
  "152": 0.98031980319803,
  "153": 0.981549815498153,
  "155": 0.982779827798276,
  "156": 0.985239852398522,
  "157": 0.986469864698645,
  "161": 0.9901599015990139,
  "162": 0.9913899138991369,
  "167": 0.9926199261992599,
  "171": 0.9938499384993829,
  "184": 0.9950799507995058,
  "190": 0.9963099630996288,
  "192": 0.9987699876998748,
  "198": 0.9999999999999978
}