{
  "2": 0.02706359945872801,
  "3": 0.08254397834912043,
  "4": 0.12313937753721245,
  "5": 0.15290933694181327,
  "6": 0.1894451962110961,
  "7": 0.2219215155615697,
  "8": 0.2327469553450609,
  "9": 0.2625169147496617,
  "10": 0.28687415426251694,
  "11": 0.30987821380243574,
  "12": 0.32205683355886333,
  "13": 0.33964817320703655,
  "14": 0.35182679296346414,
  "15": 0.36941813261163736,
  "16": 0.37753721244925575,
  "17": 0.40324763193504737,
  "18": 0.4140730717185386,
  "19": 0.43031123139377536,
  "20": 0.4438430311231394,
  "21": 0.4587280108254398,
  "22": 0.4749661705006766,
  "23": 0.48714479025710417,
  "24": 0.49526387009472256,
  "25": 0.510148849797023,
  "26": 0.5250338294993234,
  "27": 0.5372124492557511,
  "28": 0.5480378890392422,
  "29": 0.5696887686062246,
  "30": 0.5805142083897158,
  "31": 0.5940460081190798,
  "32": 0.604871447902571,
  "33": 0.618403247631935,
  "34": 0.6332882273342354,
  "35": 0.645466847090663,
  "36": 0.6535859269282814,
  "37": 0.6617050067658998,
  "38": 0.6711772665764546,
  "39": 0.672530446549391,
  "40": 0.6752368064952637,
  "41": 0.6779431664411365,
  "42": 0.6820027063599458,
  "43": 0.6833558863328821,
  "44": 0.6860622462787549,
  "46": 0.6901217861975641,
  "47": 0.6955345060893098,
  "48": 0.699594046008119,
  "49": 0.7009472259810554,
  "50": 0.713125845737483,
  "52": 0.7158322056833558,
  "53": 0.7171853856562922,
  "54": 0.719891745602165,
  "55": 0.7225981055480377,
  "56": 0.726657645466847,
  "57": 0.733423545331529,
  "58": 0.7347767253044654,
  "59": 0.7361299052774017,
  "60": 0.740189445196211,
  "61": 0.7442489851150202,
  "62": 0.7496617050067659,
  "63": 0.7537212449255751,
  "64": 0.7564276048714479,
  "65": 0.7604871447902571,
  "66": 0.7645466847090664,
  "67": 0.7686062246278756,
  "68": 0.7753721244925577,
  "69": 0.7780784844384304,
  "70": 0.7807848443843032,
  "71": 0.7834912043301759,
  "72": 0.7848443843031123,
  "73": 0.7889039242219216,
  "75": 0.7916102841677943,
  "76": 0.7929634641407307,
  "78": 0.7956698240866035,
  "79": 0.7983761840324762,
  "80": 0.8024357239512855,
  "81": 0.8037889039242219,
  "82": 0.8051420838971582,
  "83": 0.807848443843031,
  "84": 0.8092016238159674,
  "85": 0.8105548037889038,
  "86": 0.8119079837618401,
  "87": 0.8132611637347765,
  "88": 0.8146143437077129,
  "90": 0.8159675236806493,
  "93": 0.8173207036535857,
  "95": 0.8200270635994584,
  "96": 0.8240866035182677,
  "97": 0.8254397834912041,
  "99": 0.8294993234100133,
  "102": 0.8308525033829497,
  "103": 0.8335588633288225,
  "105": 0.8362652232746952,
  "107": 0.8376184032476316,
  "108": 0.8403247631935044,
  "109": 0.8430311231393771,
  "110": 0.8443843031123135,
  "112": 0.8457374830852499,
  "113": 0.8484438430311226,
  "115": 0.8511502029769954,
  "116": 0.8525033829499318,
  "118": 0.8538565629228682,
  "119": 0.8565629228687409,
  "120": 0.8592692828146137,
  "121": 0.8633288227334229,
  "122": 0.8660351826792957,
  "123": 0.8673883626522321,
  "124": 0.8687415426251685,
  "126": 0.8700947225981048,
  "127": 0.8741542625169141,
  "128": 0.8782138024357233,
  "129": 0.8809201623815961,
  "130": 0.8836265223274689,
  "131": 0.8849797023004052,
  "132": 0.887686062246278,
  "133": 0.8890392422192144,
  "134": 0.8917456021650871,
  "135": 0.8930987821380235,
  "136": 0.8944519621109599,
  "140": 0.8958051420838963,
  "142": 0.8971583220568327,
  "143": 0.898511502029769,
  "145": 0.9012178619756418,
  "147": 0.9039242219215146,
  "148": 0.9093369418132602,
  "149": 0.912043301759133,
  "150": 0.9133964817320693,
  "151": 0.9161028416779421,
  "153": 0.9174560216508785,
  "154": 0.9188092016238149,
  "155": 0.9215155615696876,
  "158": 0.922868741542624,
  "160": 0.9282814614343696,
  "161": 0.929634641407306,
  "162": 0.9309878213802424,
  "164": 0.9336941813261151,
  "165": 0.9377537212449244,
  "167": 0.9391069012178608,
  "168": 0.9404600811907972,
  "169": 0.9431664411366699,
  "173": 0.9472259810554792,
  "175": 0.9485791610284156,
  "179": 0.9499323410013519,
  "180": 0.9512855209742883,
  "181": 0.9526387009472247,
  "182": 0.9539918809201611,
  "183": 0.9553450608930975,
  "185": 0.9580514208389702,
  "186": 0.9594046008119066,
  "187": 0.9621109607577794,
  "188": 0.9634641407307157,
  "189": 0.9715832205683341,
  "190": 0.9742895805142069,
  "191": 0.9810554803788889,
  "192": 0.9837618403247617,
  "193": 0.9891745602165073,
  "194": 0.9905277401894437,
  "196": 0.9932341001353164,
  "198": 0.9959404600811892,
  "199": 0.9972936400541256,
  "200": 0.9999999999999983
}