{
  "2": 0.009523809523809525,
  "3": 0.03401360544217687,
  "4": 0.059863945578231284,
  "5": 0.07619047619047618,
  "6": 0.0965986394557823,
  "7": 0.11972789115646257,
  "8": 0.13605442176870747,
  "9": 0.15374149659863945,
  "10": 0.16870748299319727,
  "11": 0.18503401360544217,
  "12": 0.20136054421768707,
  "13": 0.20816326530612245,
  "14": 0.21904761904761905,
  "15": 0.23401360544217686,
  "16": 0.24897959183673468,
  "17": 0.26258503401360545,
  "18": 0.2748299319727891,
  "19": 0.28707482993197275,
  "20": 0.3006802721088435,
  "21": 0.31020408163265306,
  "22": 0.3238095238095238,
  "23": 0.3360544217687075,
  "24": 0.3442176870748299,
  "25": 0.3551020408163265,
  "26": 0.3659863945578231,
  "27": 0.3687074829931973,
  "28": 0.37414965986394555,
  "29": 0.3877551020408163,
  "30": 0.39727891156462586,
  "31": 0.4095238095238095,
  "32": 0.4122448979591837,
  "33": 0.4326530612244898,
  "34": 0.44761904761904764,
  "35": 0.46394557823129257,
  "36": 0.47074829931972795,
  "37": 0.47482993197278917,
  "38": 0.48163265306122455,
  "39": 0.4843537414965987,
  "40": 0.4911564625850341,
  "41": 0.49251700680272115,
  "42": 0.4952380952380953,
  "43": 0.5034013605442178,
  "44": 0.5102040816326532,
  "45": 0.5224489795918369,
  "46": 0.5278911564625852,
  "47": 0.5387755102040818,
  "48": 0.5455782312925171,
  "49": 0.5469387755102042,
  "50": 0.5591836734693879,
  "51": 0.5659863945578233,
  "52": 0.5714285714285716,
  "53": 0.5741496598639457,
  "54": 0.5823129251700682,
  "55": 0.5918367346938777,
  "56": 0.598639455782313,
  "57": 0.6040816326530614,
  "58": 0.6149659863945579,
  "59": 0.6244897959183674,
  "60": 0.6326530612244898,
  "61": 0.6408163265306123,
  "62": 0.6462585034013606,
  "63": 0.6517006802721089,
  "64": 0.6571428571428573,
  "65": 0.6639455782312926,
  "67": 0.669387755102041,
  "68": 0.6789115646258504,
  "69": 0.6802721088435375,
  "70": 0.689795918367347,
  "71": 0.6938775510204083,
  "72": 0.6965986394557824,
  "73": 0.7006802721088436,
  "74": 0.707482993197279,
  "75": 0.7156462585034015,
  "76": 0.7170068027210885,
  "78": 0.725170068027211,
  "79": 0.726530612244898,
  "80": 0.7292517006802721,
  "81": 0.7346938775510204,
  "82": 0.7374149659863946,
  "83": 0.7387755102040816,
  "84": 0.7428571428571429,
  "85": 0.7482993197278912,
  "86": 0.7523809523809525,
  "87": 0.7551020408163266,
  "88": 0.7564625850340136,
  "89": 0.7605442176870749,
  "90": 0.7673469387755103,
  "91": 0.7700680272108844,
  "92": 0.7727891156462585,
  "93": 0.7782312925170068,
  "94": 0.7823129251700681,
  "95": 0.7863945578231294,
  "96": 0.7931972789115648,
  "98": 0.7959183673469389,
  "99": 0.7972789115646259,
  "100": 0.8,
  "101": 0.8027210884353742,
  "102": 0.8054421768707483,
  "103": 0.8068027210884353,
  "105": 0.8095238095238094,
  "106": 0.8108843537414965,
  "107": 0.8136054421768706,
  "108": 0.8163265306122447,
  "109": 0.8190476190476188,
  "110": 0.8231292517006801,
  "111": 0.8258503401360542,
  "112": 0.8272108843537412,
  "113": 0.8326530612244896,
  "114": 0.840816326530612,
  "115": 0.8421768707482991,
  "118": 0.8435374149659861,
  "119": 0.8476190476190474,
  "120": 0.8489795918367344,
  "121": 0.8530612244897957,
  "122": 0.8544217687074828,
  "123": 0.8557823129251698,
  "124": 0.8571428571428569,
  "125": 0.859863945578231,
  "126": 0.861224489795918,
  "127": 0.8639455782312921,
  "128": 0.8653061224489792,
  "129": 0.8666666666666663,
  "130": 0.8693877551020404,
  "131": 0.8721088435374145,
  "132": 0.8748299319727886,
  "133": 0.8775510204081627,
  "134": 0.8802721088435368,
  "135": 0.8816326530612238,
  "136": 0.8829931972789109,
  "138": 0.884353741496598,
  "140": 0.885714285714285,
  "141": 0.8870748299319721,
  "142": 0.8938775510204074,
  "143": 0.8965986394557816,
  "144": 0.8993197278911557,
  "145": 0.9006802721088427,
  "146": 0.9020408163265298,
  "147": 0.9034013605442168,
  "148": 0.9061224489795909,
  "149": 0.908843537414965,
  "150": 0.9115646258503391,
  "151": 0.9142857142857133,
  "152": 0.9156462585034003,
  "153": 0.9197278911564616,
  "154": 0.9210884353741486,
  "155": 0.9238095238095227,
  "156": 0.9251700680272098,
  "157": 0.9265306122448969,
  "158": 0.9306122448979581,
  "160": 0.9346938775510194,
  "161": 0.9387755102040807,
  "162": 0.9401360544217677,
  "163": 0.9428571428571418,
  "164": 0.945578231292516,
  "165": 0.94829931972789,
  "166": 0.9496598639455771,
  "168": 0.9537414965986384,
  "169": 0.9564625850340125,
  "170": 0.9605442176870738,
  "172": 0.9619047619047608,
  "173": 0.9659863945578221,
  "174": 0.9700680272108834,
  "175": 0.9714285714285704,
  "177": 0.9741496598639445,
  "178": 0.9755102040816316,
  "179": 0.9782312925170057,
  "180": 0.9795918367346927,
  "182": 0.9809523809523798,
  "184": 0.9823129251700669,
  "187": 0.9836734693877539,
  "189": 0.985034013605441,
  "190": 0.986394557823128,
  "192": 0.9891156462585021,
  "193": 0.9904761904761892,
  "194": 0.9931972789115633,
  "195": 0.9959183673469374,
  "196": 0.9986394557823115,
  "197": 0.9999999999999986
}