{
  "2": 0.029871977240398292,
  "3": 0.07965860597439545,
  "4": 0.12375533428165007,
  "5": 0.15078236130867712,
  "6": 0.17496443812233287,
  "7": 0.20056899004267426,
  "8": 0.21052631578947367,
  "9": 0.22759601706970128,
  "10": 0.2503556187766714,
  "11": 0.2887624466571835,
  "12": 0.3029871977240398,
  "13": 0.3186344238975818,
  "14": 0.3314366998577525,
  "15": 0.35561877667140823,
  "16": 0.3812233285917496,
  "17": 0.4096728307254623,
  "18": 0.41678520625889043,
  "19": 0.4281650071123755,
  "20": 0.43669985775248926,
  "21": 0.4438122332859174,
  "22": 0.46230440967283065,
  "23": 0.47937411095305826,
  "24": 0.4893314366998577,
  "25": 0.4964438122332858,
  "26": 0.5106685633001421,
  "27": 0.5177809388335702,
  "28": 0.5248933143669984,
  "29": 0.5334281650071122,
  "30": 0.5391180654338548,
  "31": 0.5462304409672829,
  "32": 0.5476529160739685,
  "33": 0.5547652916073966,
  "34": 0.5590327169274535,
  "35": 0.5633001422475103,
  "36": 0.5647226173541959,
  "37": 0.5718349928876241,
  "38": 0.5789473684210522,
  "39": 0.5832147937411091,
  "40": 0.5945945945945942,
  "41": 0.603129445234708,
  "42": 0.6130867709815074,
  "43": 0.6244665718349925,
  "44": 0.6273115220483638,
  "45": 0.6287339971550494,
  "46": 0.6330014224751063,
  "47": 0.6358463726884775,
  "48": 0.6372688477951631,
  "49": 0.6429587482219057,
  "50": 0.6486486486486482,
  "51": 0.6557610241820764,
  "52": 0.6614509246088189,
  "53": 0.6642958748221902,
  "54": 0.6657183499288758,
  "55": 0.6685633001422471,
  "56": 0.6699857752489327,
  "57": 0.6728307254623039,
  "58": 0.6756756756756752,
  "59": 0.6799431009957321,
  "60": 0.6827880512091034,
  "61": 0.6913229018492172,
  "62": 0.6970128022759597,
  "63": 0.7041251778093879,
  "64": 0.7140825035561873,
  "66": 0.7155049786628729,
  "67": 0.7211948790896154,
  "68": 0.7240398293029867,
  "69": 0.7254623044096723,
  "70": 0.7283072546230436,
  "72": 0.7297297297297292,
  "73": 0.7325746799431004,
  "74": 0.733997155049786,
  "75": 0.7354196301564716,
  "77": 0.7396870554765285,
  "79": 0.741109530583214,
  "80": 0.7439544807965853,
  "83": 0.7453769559032709,
  "85": 0.7467994310099565,
  "86": 0.7482219061166421,
  "87": 0.7510668563300134,
  "88": 0.7553342816500702,
  "89": 0.7581792318634415,
  "90": 0.7624466571834984,
  "92": 0.7667140825035552,
  "93": 0.7795163584637259,
  "94": 0.7852062588904685,
  "95": 0.7880512091038397,
  "96": 0.790896159317211,
  "97": 0.7937411095305823,
  "98": 0.7951635846372679,
  "99": 0.806543385490753,
  "100": 0.8150782361308668,
  "101": 0.8250355618776662,
  "102": 0.8307254623044088,
  "103": 0.8349928876244657,
  "104": 0.8392603129445225,
  "105": 0.8435277382645794,
  "107": 0.8463726884779507,
  "108": 0.8534850640113788,
  "109": 0.8591749644381214,
  "110": 0.8620199146514926,
  "111": 0.8648648648648639,
  "112": 0.8677098150782352,
  "113": 0.8691322901849208,
  "114": 0.8733997155049776,
  "115": 0.8776671408250345,
  "118": 0.8805120910384058,
  "119": 0.8819345661450914,
  "120": 0.8847795163584626,
  "121": 0.8876244665718339,
  "123": 0.8890469416785195,
  "125": 0.8904694167852051,
  "126": 0.8918918918918907,
  "128": 0.8947368421052619,
  "130": 0.8975817923186332,
  "131": 0.8990042674253188,
  "132": 0.9004267425320044,
  "133": 0.90184921763869,
  "134": 0.9032716927453756,
  "135": 0.9046941678520611,
  "137": 0.9075391180654324,
  "138": 0.908961593172118,
  "139": 0.9118065433854893,
  "140": 0.9132290184921749,
  "141": 0.9160739687055461,
  "143": 0.9174964438122317,
  "145": 0.920341394025603,
  "149": 0.9231863442389743,
  "151": 0.9246088193456599,
  "152": 0.9260312944523454,
  "155": 0.9302987197724023,
  "157": 0.9331436699857736,
  "159": 0.9359886201991449,
  "160": 0.9374110953058304,
  "165": 0.9402560455192017,
  "166": 0.943100995732573,
  "167": 0.9473684210526299,
  "168": 0.9487908961593154,
  "169": 0.950213371266001,
  "170": 0.9559032716927436,
  "171": 0.9573257467994292,
  "172": 0.9601706970128004,
  "173": 0.961593172119486,
  "174": 0.9630156472261716,
  "177": 0.9672830725462285,
  "178": 0.9701280227595998,
  "182": 0.972972972972971,
  "183": 0.9743954480796566,
  "184": 0.9786628733997135,
  "185": 0.9815078236130848,
  "187": 0.984352773826456,
  "188": 0.9857752489331416,
  "191": 0.9886201991465129,
  "193": 0.9900426742531985,
  "195": 0.9914651493598841,
  "196": 0.9943100995732553,
  "198": 0.9971550497866266,
  "199": 0.9985775248933122,
  "200": 0.9999999999999978
}