{
  "2": 0.35864978902953587,
  "3": 0.5632911392405063,
  "4": 0.6128691983122363,
  "5": 0.6381856540084389,
  "6": 0.6677215189873418,
  "7": 0.7310126582278481,
  "8": 0.7658227848101266,
  "10": 0.7858649789029536,
  "11": 0.7985232067510548,
  "12": 0.8122362869198312,
  "13": 0.8175105485232067,
  "14": 0.8375527426160337,
  "15": 0.8649789029535865,
  "16": 0.9124472573839663,
  "17": 0.9377637130801688,
  "18": 0.9588607594936709,
  "19": 0.9704641350210971,
  "20": 0.9799578059071731,
  "21": 0.9841772151898734,
  "22": 0.9883966244725738,
  "23": 0.9926160337552742,
  "24": 0.9957805907172995,
  "25": 0.9989451476793249,
  "32": 1.0
}