{
  "2": 0.037422037422037424,
  "3": 0.12474012474012475,
  "4": 0.17567567567567569,
  "5": 0.22972972972972974,
  "6": 0.2661122661122661,
  "7": 0.2983367983367984,
  "8": 0.34199584199584204,
  "9": 0.3783783783783784,
  "10": 0.4085239085239085,
  "11": 0.42723492723492723,
  "12": 0.45322245322245325,
  "13": 0.4802494802494803,
  "14": 0.4968814968814969,
  "15": 0.5218295218295219,
  "16": 0.5363825363825365,
  "17": 0.5582120582120583,
  "18": 0.5727650727650728,
  "19": 0.5852390852390853,
  "20": 0.5987525987525988,
  "21": 0.6112266112266113,
  "22": 0.6205821205821206,
  "23": 0.6330561330561331,
  "24": 0.6444906444906445,
  "25": 0.6528066528066528,
  "26": 0.6600831600831601,
  "27": 0.6725571725571726,
  "28": 0.6798336798336799,
  "29": 0.6860706860706862,
  "30": 0.6881496881496882,
  "31": 0.6933471933471934,
  "32": 0.7016632016632017,
  "33": 0.708939708939709,
  "34": 0.7193347193347195,
  "35": 0.7234927234927236,
  "36": 0.7245322245322247,
  "37": 0.7266112266112268,
  "38": 0.7276507276507278,
  "39": 0.732848232848233,
  "40": 0.7359667359667361,
  "41": 0.7401247401247403,
  "42": 0.7422037422037424,
  "43": 0.7474012474012476,
  "44": 0.7494802494802497,
  "45": 0.7525987525987529,
  "46": 0.754677754677755,
  "47": 0.7598752598752602,
  "48": 0.7609147609147612,
  "49": 0.7640332640332643,
  "50": 0.7650727650727653,
  "51": 0.7671517671517674,
  "52": 0.7692307692307694,
  "53": 0.7723492723492725,
  "54": 0.7754677754677757,
  "55": 0.7796257796257798,
  "56": 0.781704781704782,
  "57": 0.7848232848232851,
  "58": 0.7858627858627861,
  "59": 0.7869022869022871,
  "60": 0.7900207900207903,
  "61": 0.7931392931392934,
  "62": 0.7983367983367986,
  "64": 0.8014553014553017,
  "65": 0.8035343035343039,
  "66": 0.8045738045738049,
  "67": 0.8066528066528069,
  "68": 0.8087318087318089,
  "69": 0.80977130977131,
  "71": 0.811850311850312,
  "72": 0.813929313929314,
  "73": 0.8170478170478171,
  "75": 0.8191268191268193,
  "76": 0.8232848232848234,
  "77": 0.8253638253638256,
  "80": 0.8274428274428276,
  "81": 0.8284823284823286,
  "82": 0.8295218295218296,
  "83": 0.8305613305613306,
  "84": 0.8347193347193348,
  "85": 0.8378378378378379,
  "87": 0.838877338877339,
  "88": 0.8440748440748441,
  "89": 0.8451143451143451,
  "90": 0.8471933471933473,
  "92": 0.8503118503118504,
  "93": 0.8523908523908525,
  "94": 0.8555093555093557,
  "95": 0.8565488565488567,
  "96": 0.8607068607068609,
  "99": 0.8627858627858629,
  "100": 0.8648648648648649,
  "103": 0.8659043659043659,
  "105": 0.867983367983368,
  "107": 0.87006237006237,
  "108": 0.8731808731808731,
  "109": 0.8752598752598753,
  "110": 0.8794178794178794,
  "111": 0.8804573804573804,
  "112": 0.8835758835758836,
  "115": 0.8856548856548856,
  "116": 0.8866943866943866,
  "117": 0.8918918918918918,
  "118": 0.8929313929313928,
  "119": 0.8950103950103949,
  "120": 0.897089397089397,
  "121": 0.899168399168399,
  "122": 0.9002079002079,
  "123": 0.901247401247401,
  "125": 0.902286902286902,
  "126": 0.904365904365904,
  "127": 0.906444906444906,
  "128": 0.9074844074844071,
  "129": 0.9085239085239081,
  "130": 0.9095634095634091,
  "132": 0.9126819126819122,
  "133": 0.9137214137214132,
  "134": 0.9158004158004154,
  "135": 0.9189189189189185,
  "136": 0.9199584199584195,
  "137": 0.9220374220374217,
  "138": 0.9261954261954258,
  "139": 0.929313929313929,
  "140": 0.93035343035343,
  "141": 0.932432432432432,
  "142": 0.934511434511434,
  "143": 0.9365904365904361,
  "144": 0.9376299376299371,
  "148": 0.9407484407484402,
  "150": 0.9417879417879412,
  "151": 0.9438669438669434,
  "152": 0.9459459459459454,
  "153": 0.9480249480249474,
  "154": 0.9490644490644484,
  "155": 0.9501039501039494,
  "156": 0.9521829521829515,
  "157": 0.9542619542619535,
  "158": 0.9553014553014545,
  "162": 0.9573804573804565,
  "165": 0.9594594594594585,
  "166": 0.9615384615384606,
  "167": 0.9625779625779616,
  "168": 0.9636174636174626,
  "169": 0.9646569646569636,
  "172": 0.9677754677754667,
  "173": 0.9708939708939699,
  "174": 0.9729729729729719,
  "175": 0.9750519750519739,
  "176": 0.977130977130976,
  "177": 0.978170478170477,
  "179": 0.980249480249479,
  "180": 0.9833679833679821,
  "182": 0.9844074844074832,
  "187": 0.9854469854469842,
  "188": 0.9864864864864852,
  "189": 0.9885654885654873,
  "190": 0.9896049896049883,
  "191": 0.9916839916839904,
  "192": 0.9937629937629924,
  "194": 0.9948024948024934,
  "195": 0.9958419958419944,
  "196": 0.9968814968814954,
  "197": 0.9979209979209964,
  "199": 0.9999999999999984
}