{
  "2": 0.086,
  "3": 0.493,
  "4": 0.784,
  "5": 0.88,
  "6": 0.919,
  "7": 0.935,
  "8": 0.9480000000000001,
  "9": 0.9580000000000001,
  "10": 0.9630000000000001,
  "11": 0.9720000000000001,
  "12": 0.9760000000000001,
  "13": 0.9800000000000001,
  "71": 1.0,
  "67": 0.9940000000000001,
  "26": 0.9810000000000001,
  "27": 0.9820000000000001,
  "69": 0.9950000000000001,
  "70": 0.9990000000000001,
  "40": 0.9850000000000001,
  "42": 0.9900000000000001,
  "43": 0.9910000000000001,
  "44": 0.9930000000000001,
  "31": 0.9830000000000001
}