{
  "2": 0.007861635220125786,
  "3": 0.04245283018867924,
  "4": 0.0880503144654088,
  "5": 0.11477987421383648,
  "6": 0.14465408805031446,
  "7": 0.17295597484276728,
  "8": 0.1871069182389937,
  "9": 0.21383647798742136,
  "10": 0.24685534591194966,
  "11": 0.2672955974842767,
  "12": 0.2783018867924528,
  "13": 0.2940251572327044,
  "14": 0.30974842767295596,
  "15": 0.31761006289308175,
  "16": 0.330188679245283,
  "17": 0.33962264150943394,
  "18": 0.3584905660377358,
  "19": 0.36163522012578614,
  "20": 0.3742138364779874,
  "21": 0.3930817610062893,
  "22": 0.4135220125786163,
  "23": 0.42295597484276726,
  "24": 0.44496855345911945,
  "25": 0.4512578616352201,
  "26": 0.460691823899371,
  "27": 0.4732704402515723,
  "28": 0.48113207547169806,
  "29": 0.49213836477987416,
  "30": 0.5047169811320754,
  "31": 0.5141509433962264,
  "32": 0.5220125786163522,
  "33": 0.5377358490566038,
  "34": 0.5518867924528302,
  "35": 0.5581761006289309,
  "36": 0.5644654088050315,
  "37": 0.5660377358490567,
  "38": 0.5707547169811322,
  "39": 0.5786163522012581,
  "40": 0.588050314465409,
  "41": 0.5990566037735852,
  "42": 0.6022012578616355,
  "43": 0.6116352201257864,
  "44": 0.627358490566038,
  "45": 0.6320754716981135,
  "46": 0.6352201257861638,
  "47": 0.6383647798742141,
  "48": 0.6430817610062897,
  "49": 0.6493710691823903,
  "50": 0.6572327044025161,
  "51": 0.6603773584905664,
  "52": 0.6666666666666671,
  "53": 0.6698113207547174,
  "54": 0.6745283018867929,
  "56": 0.6808176100628935,
  "57": 0.6902515723270445,
  "58": 0.69496855345912,
  "59": 0.6981132075471703,
  "60": 0.7028301886792458,
  "61": 0.7106918238993717,
  "62": 0.7169811320754723,
  "63": 0.7201257861635226,
  "64": 0.7264150943396233,
  "65": 0.7295597484276736,
  "66": 0.7358490566037742,
  "67": 0.7405660377358497,
  "68": 0.7484276729559756,
  "69": 0.7531446540880511,
  "70": 0.7578616352201266,
  "71": 0.7594339622641518,
  "72": 0.7641509433962274,
  "73": 0.7672955974842777,
  "74": 0.770440251572328,
  "76": 0.7720125786163532,
  "77": 0.7751572327044035,
  "78": 0.7783018867924538,
  "79": 0.779874213836479,
  "81": 0.7814465408805042,
  "82": 0.7845911949685546,
  "85": 0.7877358490566049,
  "86": 0.7893081761006301,
  "87": 0.7924528301886804,
  "88": 0.7971698113207559,
  "89": 0.8018867924528315,
  "91": 0.806603773584907,
  "92": 0.8081761006289322,
  "94": 0.8128930817610077,
  "95": 0.8144654088050329,
  "97": 0.8160377358490581,
  "98": 0.8176100628930834,
  "100": 0.8207547169811337,
  "101": 0.8223270440251589,
  "102": 0.8254716981132092,
  "103": 0.8270440251572344,
  "104": 0.8286163522012596,
  "105": 0.8396226415094358,
  "106": 0.8443396226415113,
  "108": 0.8506289308176119,
  "110": 0.8522012578616371,
  "111": 0.8584905660377378,
  "112": 0.860062893081763,
  "113": 0.8632075471698133,
  "114": 0.8647798742138385,
  "116": 0.8663522012578637,
  "117": 0.8679245283018889,
  "118": 0.8694968553459141,
  "119": 0.87735849056604,
  "120": 0.8820754716981155,
  "121": 0.8852201257861658,
  "122": 0.886792452830191,
  "124": 0.8883647798742162,
  "126": 0.8915094339622666,
  "128": 0.8946540880503169,
  "129": 0.8962264150943421,
  "130": 0.8977987421383673,
  "131": 0.8993710691823925,
  "135": 0.9009433962264177,
  "136": 0.9025157232704429,
  "137": 0.9040880503144682,
  "138": 0.9072327044025185,
  "140": 0.9103773584905688,
  "142": 0.9135220125786191,
  "143": 0.9166666666666694,
  "144": 0.9198113207547197,
  "145": 0.9245283018867952,
  "146": 0.9261006289308205,
  "147": 0.9276729559748457,
  "148": 0.9323899371069212,
  "149": 0.9355345911949715,
  "150": 0.9371069182389967,
  "151": 0.9386792452830219,
  "153": 0.9402515723270471,
  "154": 0.9418238993710724,
  "159": 0.9433962264150976,
  "160": 0.9449685534591228,
  "163": 0.9481132075471731,
  "165": 0.9496855345911983,
  "166": 0.9512578616352235,
  "167": 0.9528301886792487,
  "168": 0.954402515723274,
  "169": 0.9559748427672992,
  "170": 0.9591194968553495,
  "172": 0.9606918238993747,
  "175": 0.9654088050314502,
  "176": 0.9669811320754754,
  "177": 0.9685534591195006,
  "178": 0.9732704402515762,
  "179": 0.9748427672956014,
  "184": 0.9764150943396266,
  "187": 0.9779874213836518,
  "189": 0.979559748427677,
  "192": 0.9827044025157273,
  "193": 0.9858490566037776,
  "194": 0.988993710691828,
  "195": 0.9905660377358532,
  "197": 0.9921383647798784,
  "198": 0.9952830188679287,
  "199": 1.0000000000000042
}