{
  "2": 0.048672566371681415,
  "3": 0.18289085545722714,
  "4": 0.2536873156342183,
  "5": 0.3112094395280236,
  "6": 0.35103244837758113,
  "7": 0.3952802359882006,
  "8": 0.41887905604719766,
  "9": 0.44690265486725667,
  "10": 0.4675516224188791,
  "11": 0.4955752212389381,
  "12": 0.5147492625368733,
  "13": 0.5280235988200591,
  "14": 0.5471976401179942,
  "15": 0.5634218289085546,
  "16": 0.5796460176991151,
  "17": 0.5943952802359882,
  "18": 0.6061946902654867,
  "19": 0.6135693215339233,
  "20": 0.6268436578171092,
  "21": 0.6371681415929203,
  "22": 0.6474926253687315,
  "23": 0.6607669616519174,
  "24": 0.668141592920354,
  "25": 0.6769911504424779,
  "26": 0.6814159292035399,
  "27": 0.6946902654867257,
  "28": 0.700589970501475,
  "29": 0.7035398230088497,
  "30": 0.7182890855457228,
  "31": 0.7227138643067847,
  "32": 0.7315634218289087,
  "33": 0.7374631268436579,
  "34": 0.7433628318584071,
  "35": 0.7463126843657818,
  "36": 0.752212389380531,
  "37": 0.756637168141593,
  "38": 0.7684365781710916,
  "40": 0.7743362831858408,
  "41": 0.7787610619469028,
  "43": 0.7890855457227139,
  "44": 0.7935103244837759,
  "45": 0.8038348082595871,
  "46": 0.8112094395280237,
  "47": 0.812684365781711,
  "48": 0.8200589970501476,
  "49": 0.8230088495575223,
  "50": 0.825958702064897,
  "51": 0.8274336283185842,
  "52": 0.8333333333333335,
  "53": 0.8362831858407082,
  "54": 0.8407079646017701,
  "55": 0.8451327433628321,
  "56": 0.8466076696165193,
  "57": 0.849557522123894,
  "59": 0.853982300884956,
  "60": 0.8584070796460179,
  "61": 0.8598820058997052,
  "62": 0.8628318584070799,
  "63": 0.8657817109144545,
  "64": 0.8687315634218292,
  "66": 0.8731563421828912,
  "67": 0.8761061946902658,
  "68": 0.8790560471976405,
  "69": 0.8820058997050152,
  "70": 0.8849557522123899,
  "71": 0.8864306784660771,
  "73": 0.8879056047197644,
  "74": 0.8893805309734517,
  "75": 0.8938053097345137,
  "76": 0.9026548672566376,
  "77": 0.9041297935103249,
  "78": 0.9100294985250741,
  "80": 0.9129793510324488,
  "81": 0.914454277286136,
  "82": 0.9174041297935107,
  "83": 0.918879056047198,
  "85": 0.9203539823008853,
  "86": 0.9218289085545726,
  "87": 0.9262536873156345,
  "89": 0.9306784660766965,
  "90": 0.9351032448377584,
  "92": 0.9395280235988204,
  "93": 0.9410029498525077,
  "94": 0.9454277286135696,
  "95": 0.9483775811209443,
  "96": 0.9542772861356935,
  "97": 0.9572271386430682,
  "98": 0.9587020648967555,
  "100": 0.9631268436578174,
  "102": 0.9660766961651921,
  "103": 0.9675516224188794,
  "105": 0.9690265486725667,
  "106": 0.9705014749262539,
  "109": 0.9719764011799412,
  "111": 0.9749262536873159,
  "112": 0.9764011799410032,
  "115": 0.9778761061946905,
  "116": 0.9823008849557524,
  "119": 0.9837758112094397,
  "120": 0.9867256637168144,
  "122": 0.9882005899705016,
  "128": 0.9896755162241889,
  "132": 0.9911504424778762,
  "134": 0.9926253687315635,
  "142": 0.9941002949852508,
  "146": 0.995575221238938,
  "160": 0.9970501474926253,
  "180": 0.9985250737463126,
  "203": 0.9999999999999999
}