{
  "2": 0.03762662807525326,
  "3": 0.09117221418234443,
  "4": 0.1447178002894356,
  "5": 0.20260492040520983,
  "6": 0.23733719247467439,
  "7": 0.2575976845151954,
  "8": 0.29667149059334297,
  "9": 0.3125904486251809,
  "10": 0.3299565846599131,
  "11": 0.34298118668596234,
  "12": 0.35600578871201155,
  "13": 0.3574529667149059,
  "14": 0.366136034732272,
  "15": 0.3762662807525325,
  "16": 0.39073806078147605,
  "17": 0.4008683068017365,
  "18": 0.4153400868306801,
  "19": 0.42691751085383495,
  "20": 0.4327062228654124,
  "21": 0.4413892908827785,
  "22": 0.4573082489146164,
  "23": 0.4732272069464543,
  "24": 0.4876989869753979,
  "25": 0.5050651230101302,
  "26": 0.516642547033285,
  "27": 0.5238784370477568,
  "28": 0.5253256150506512,
  "29": 0.5340086830680174,
  "30": 0.5499276410998554,
  "31": 0.5528219971056441,
  "32": 0.5571635311143271,
  "33": 0.5730824891461651,
  "34": 0.5788712011577425,
  "35": 0.589001447178003,
  "36": 0.5976845151953691,
  "37": 0.609261939218524,
  "38": 0.6193921852387845,
  "39": 0.6280752532561507,
  "40": 0.6324167872648337,
  "41": 0.6338639652677281,
  "42": 0.6353111432706225,
  "43": 0.6439942112879887,
  "44": 0.6483357452966718,
  "45": 0.6541244573082492,
  "46": 0.6599131693198266,
  "47": 0.6628075253256153,
  "48": 0.6671490593342984,
  "49": 0.6714905933429814,
  "50": 0.6743849493487701,
  "51": 0.6816208393632419,
  "52": 0.6917510853835024,
  "53": 0.6931982633863968,
  "54": 0.6946454413892912,
  "57": 0.6975397973950799,
  "59": 0.6989869753979743,
  "60": 0.7033285094066574,
  "61": 0.7076700434153405,
  "62": 0.7091172214182349,
  "63": 0.713458755426918,
  "64": 0.7250361794500728,
  "65": 0.7264833574529672,
  "66": 0.7279305354558616,
  "67": 0.7366136034732278,
  "68": 0.7395079594790165,
  "69": 0.7409551374819109,
  "70": 0.7481910274963827,
  "71": 0.7496382054992771,
  "72": 0.7510853835021715,
  "73": 0.7583212735166432,
  "76": 0.7641099855282206,
  "77": 0.769898697539798,
  "79": 0.7713458755426924,
  "81": 0.7756874095513755,
  "82": 0.7771345875542699,
  "83": 0.7800289435600586,
  "84": 0.785817655571636,
  "85": 0.7872648335745304,
  "86": 0.7930535455861077,
  "88": 0.7945007235890021,
  "89": 0.8002894356005795,
  "90": 0.8060781476121569,
  "91": 0.8075253256150513,
  "92": 0.81041968162084,
  "93": 0.8147612156295231,
  "95": 0.8191027496382062,
  "96": 0.826338639652678,
  "97": 0.830680173661361,
  "98": 0.8321273516642554,
  "99": 0.8364688856729385,
  "101": 0.8379160636758329,
  "102": 0.8393632416787273,
  "103": 0.8408104196816217,
  "104": 0.8451519536903048,
  "105": 0.8465991316931992,
  "106": 0.8509406657018823,
  "107": 0.8552821997105654,
  "108": 0.8596237337192485,
  "109": 0.8625180897250372,
  "110": 0.8639652677279316,
  "111": 0.865412445730826,
  "112": 0.8683068017366147,
  "113": 0.8712011577424034,
  "114": 0.874095513748192,
  "115": 0.8755426917510865,
  "116": 0.8769898697539809,
  "117": 0.8798842257597695,
  "118": 0.8827785817655582,
  "119": 0.8856729377713469,
  "120": 0.8871201157742413,
  "121": 0.8885672937771357,
  "123": 0.8900144717800301,
  "125": 0.8914616497829245,
  "127": 0.8929088277858189,
  "128": 0.897250361794502,
  "129": 0.9001447178002907,
  "131": 0.9015918958031851,
  "133": 0.9030390738060795,
  "134": 0.9059334298118682,
  "136": 0.9102749638205513,
  "137": 0.9117221418234457,
  "139": 0.9131693198263401,
  "141": 0.9146164978292345,
  "142": 0.9175108538350232,
  "143": 0.9189580318379176,
  "144": 0.9218523878437063,
  "146": 0.924746743849495,
  "147": 0.9261939218523894,
  "148": 0.9276410998552838,
  "149": 0.9305354558610724,
  "150": 0.9334298118668611,
  "152": 0.9363241678726498,
  "153": 0.9377713458755442,
  "155": 0.9392185238784386,
  "156": 0.940665701881333,
  "158": 0.9435600578871217,
  "159": 0.9450072358900161,
  "160": 0.9464544138929105,
  "161": 0.9479015918958049,
  "163": 0.9493487698986993,
  "164": 0.9507959479015937,
  "165": 0.9551374819102768,
  "166": 0.9580318379160655,
  "167": 0.9623733719247486,
  "168": 0.9652677279305373,
  "169": 0.9667149059334317,
  "170": 0.9681620839363261,
  "173": 0.9710564399421148,
  "175": 0.9725036179450092,
  "176": 0.9739507959479036,
  "177": 0.979739507959481,
  "179": 0.9811866859623753,
  "181": 0.984081041968164,
  "183": 0.9869753979739527,
  "184": 0.9884225759768471,
  "185": 0.9898697539797415,
  "186": 0.9913169319826359,
  "187": 0.9927641099855303,
  "189": 0.9942112879884247,
  "191": 0.9956584659913191,
  "193": 0.9971056439942135,
  "195": 0.9985528219971079,
  "198": 1.0000000000000022
}