{
  "2": 0.025210084033613446,
  "3": 0.17366946778711484,
  "4": 0.3137254901960784,
  "5": 0.4453781512605042,
  "6": 0.5322128851540616,
  "7": 0.5910364145658263,
  "8": 0.6358543417366946,
  "9": 0.6722689075630252,
  "10": 0.6946778711484594,
  "11": 0.7198879551820728,
  "12": 0.7507002801120448,
  "13": 0.7703081232492998,
  "14": 0.792717086834734,
  "15": 0.803921568627451,
  "16": 0.8179271708683473,
  "17": 0.8207282913165266,
  "18": 0.8319327731092436,
  "19": 0.8431372549019607,
  "20": 0.8543417366946777,
  "21": 0.8823529411764705,
  "22": 0.8935574229691875,
  "23": 0.9019607843137253,
  "25": 0.9131652661064423,
  "26": 0.929971988795518,
  "27": 0.9355742296918765,
  "28": 0.9411764705882351,
  "29": 0.9439775910364143,
  "31": 0.9495798319327728,
  "33": 0.9607843137254899,
  "34": 0.9635854341736692,
  "35": 0.9691876750700277,
  "36": 0.9747899159663862,
  "37": 0.9775910364145655,
  "38": 0.9803921568627447,
  "39": 0.983193277310924,
  "42": 0.9887955182072825,
  "44": 0.9915966386554618,
  "46": 0.994397759103641,
  "52": 0.9971988795518203,
  "68": 0.9999999999999996
}