{
  "2": 0.012165450121654502,
  "3": 0.0340632603406326,
  "4": 0.048661800486618,
  "5": 0.0559610705596107,
  "6": 0.0608272506082725,
  "7": 0.08029197080291971,
  "8": 0.09002433090024331,
  "9": 0.1192214111922141,
  "10": 0.1362530413625304,
  "11": 0.15085158150851583,
  "12": 0.16058394160583941,
  "13": 0.1873479318734793,
  "14": 0.2165450121654501,
  "15": 0.2262773722627737,
  "16": 0.2554744525547445,
  "17": 0.27493917274939167,
  "18": 0.28467153284671526,
  "19": 0.3138686131386861,
  "20": 0.3211678832116788,
  "21": 0.32603406326034057,
  "22": 0.33576642335766416,
  "23": 0.34549878345498775,
  "24": 0.34793187347931864,
  "25": 0.3649635036496349,
  "26": 0.3771289537712894,
  "27": 0.3990267639902675,
  "28": 0.41362530413625287,
  "29": 0.42579075425790736,
  "30": 0.43552311435523094,
  "31": 0.43795620437956184,
  "32": 0.44038929440389274,
  "34": 0.44525547445255453,
  "35": 0.45012165450121633,
  "36": 0.4622871046228708,
  "37": 0.4695863746958635,
  "38": 0.4744525547445253,
  "39": 0.4914841849148416,
  "40": 0.4939172749391725,
  "41": 0.506082725060827,
  "43": 0.5085158150851579,
  "44": 0.5182481751824815,
  "46": 0.5304136253041359,
  "47": 0.5401459854014595,
  "48": 0.5450121654501213,
  "49": 0.5596107055961067,
  "50": 0.5620437956204376,
  "51": 0.5717761557177612,
  "52": 0.5839416058394157,
  "53": 0.5961070559610702,
  "54": 0.600973236009732,
  "55": 0.6131386861313864,
  "56": 0.6180048661800482,
  "57": 0.6326034063260336,
  "58": 0.6399026763990263,
  "59": 0.6423357664233572,
  "60": 0.647201946472019,
  "61": 0.6545012165450117,
  "63": 0.6618004866180044,
  "64": 0.6642335766423353,
  "65": 0.671532846715328,
  "66": 0.6788321167883207,
  "68": 0.6812652068126516,
  "70": 0.6861313868613134,
  "71": 0.7007299270072987,
  "72": 0.7055961070559605,
  "73": 0.717761557177615,
  "74": 0.7323600973236004,
  "75": 0.7396593673965931,
  "76": 0.7469586374695858,
  "77": 0.7615571776155712,
  "78": 0.7639902676399021,
  "79": 0.766423357664233,
  "80": 0.7688564476885639,
  "82": 0.7761557177615566,
  "83": 0.7785888077858875,
  "84": 0.7810218978102184,
  "86": 0.7858880778588802,
  "87": 0.788321167883211,
  "88": 0.790754257907542,
  "89": 0.7980535279805346,
  "90": 0.8053527980535273,
  "91": 0.8102189781021891,
  "92": 0.8175182481751818,
  "94": 0.8272506082725054,
  "96": 0.8296836982968363,
  "97": 0.8345498783454981,
  "99": 0.8394160583941599,
  "100": 0.8418491484184908,
  "102": 0.8442822384428217,
  "105": 0.8467153284671526,
  "106": 0.8491484184914835,
  "108": 0.8515815085158144,
  "114": 0.8540145985401453,
  "119": 0.8564476885644762,
  "120": 0.8588807785888071,
  "123": 0.861313868613138,
  "127": 0.8637469586374689,
  "128": 0.8686131386861307,
  "130": 0.8710462287104616,
  "131": 0.8734793187347925,
  "135": 0.8783454987834542,
  "137": 0.883211678832116,
  "144": 0.8856447688564469,
  "145": 0.8880778588807778,
  "151": 0.8929440389294396,
  "152": 0.8978102189781014,
  "153": 0.9026763990267632,
  "154": 0.907542579075425,
  "155": 0.9099756690997559,
  "158": 0.9148418491484177,
  "159": 0.9221411192214104,
  "161": 0.9294403892944031,
  "163": 0.931873479318734,
  "164": 0.9343065693430649,
  "166": 0.9367396593673958,
  "168": 0.9391727493917267,
  "171": 0.9440389294403885,
  "172": 0.9464720194647194,
  "173": 0.9513381995133812,
  "174": 0.956204379562043,
  "177": 0.9586374695863739,
  "180": 0.9635036496350357,
  "182": 0.9708029197080283,
  "183": 0.9732360097323592,
  "184": 0.9756690997566901,
  "186": 0.978102189781021,
  "187": 0.9805352798053519,
  "189": 0.9829683698296828,
  "190": 0.9854014598540137,
  "191": 0.9878345498783446,
  "193": 0.9902676399026755,
  "194": 0.9927007299270064,
  "197": 0.9951338199513373,
  "199": 0.9999999999999991
}