{
  "2": 0.39,
  "3": 0.7170000000000001,
  "4": 0.8180000000000001,
  "5": 0.8650000000000001,
  "6": 0.8940000000000001,
  "7": 0.9060000000000001,
  "8": 0.9150000000000001,
  "9": 0.9260000000000002,
  "10": 0.9370000000000002,
  "11": 0.9430000000000002,
  "12": 0.9530000000000002,
  "13": 0.9630000000000002,
  "14": 0.9680000000000002,
  "15": 0.9740000000000002,
  "16": 0.9780000000000002,
  "17": 0.9850000000000002,
  "19": 0.9880000000000002,
  "20": 0.9920000000000002,
  "21": 0.9940000000000002,
  "22": 0.9960000000000002,
  "23": 0.9970000000000002,
  "25": 0.9980000000000002,
  "26": 0.9990000000000002,
  "30": 1.0000000000000002
}