{
  "2": 0.045168067226890755,
  "3": 0.11134453781512604,
  "4": 0.15966386554621848,
  "5": 0.19852941176470587,
  "6": 0.24894957983193278,
  "7": 0.29936974789915966,
  "8": 0.32983193277310924,
  "9": 0.3550420168067227,
  "10": 0.3813025210084034,
  "11": 0.40966386554621853,
  "12": 0.4338235294117648,
  "13": 0.4621848739495799,
  "14": 0.4852941176470589,
  "15": 0.5,
  "16": 0.5220588235294118,
  "17": 0.5399159663865547,
  "18": 0.5483193277310925,
  "19": 0.5651260504201682,
  "20": 0.5777310924369748,
  "21": 0.5913865546218487,
  "22": 0.6039915966386554,
  "23": 0.6155462184873949,
  "24": 0.6249999999999999,
  "25": 0.6355042016806721,
  "26": 0.6407563025210082,
  "27": 0.6439075630252099,
  "28": 0.6523109243697477,
  "29": 0.658613445378151,
  "30": 0.6649159663865544,
  "31": 0.6701680672268905,
  "32": 0.6859243697478989,
  "33": 0.6869747899159662,
  "34": 0.6911764705882351,
  "35": 0.6985294117647056,
  "36": 0.7037815126050417,
  "37": 0.7058823529411762,
  "38": 0.7121848739495795,
  "39": 0.7174369747899156,
  "40": 0.7195378151260501,
  "41": 0.723739495798319,
  "42": 0.7310924369747895,
  "43": 0.7363445378151257,
  "45": 0.7394957983193273,
  "46": 0.7415966386554618,
  "47": 0.7447478991596634,
  "48": 0.7510504201680668,
  "49": 0.7542016806722684,
  "50": 0.7563025210084029,
  "51": 0.761554621848739,
  "52": 0.7636554621848735,
  "53": 0.7668067226890751,
  "54": 0.7699579831932768,
  "55": 0.7720588235294112,
  "57": 0.7762605042016801,
  "58": 0.7783613445378146,
  "59": 0.7825630252100835,
  "60": 0.7846638655462179,
  "61": 0.7878151260504196,
  "62": 0.7888655462184868,
  "63": 0.789915966386554,
  "64": 0.7930672268907557,
  "65": 0.7941176470588229,
  "66": 0.7962184873949574,
  "67": 0.7972689075630246,
  "68": 0.799369747899159,
  "69": 0.8046218487394952,
  "70": 0.8067226890756296,
  "71": 0.8119747899159657,
  "73": 0.8140756302521002,
  "74": 0.8151260504201674,
  "75": 0.8214285714285707,
  "78": 0.8245798319327724,
  "79": 0.8256302521008396,
  "80": 0.8298319327731085,
  "82": 0.8308823529411757,
  "83": 0.831932773109243,
  "84": 0.8350840336134446,
  "85": 0.8382352941176463,
  "86": 0.8403361344537807,
  "87": 0.841386554621848,
  "88": 0.8434873949579824,
  "89": 0.8445378151260496,
  "90": 0.8455882352941169,
  "92": 0.8476890756302513,
  "95": 0.8487394957983185,
  "96": 0.8539915966386546,
  "97": 0.8560924369747891,
  "98": 0.8592436974789908,
  "101": 0.8613445378151252,
  "102": 0.8634453781512597,
  "103": 0.8644957983193269,
  "104": 0.8655462184873941,
  "106": 0.8665966386554613,
  "109": 0.8686974789915958,
  "110": 0.8707983193277302,
  "111": 0.8728991596638647,
  "112": 0.8739495798319319,
  "113": 0.8749999999999991,
  "114": 0.8771008403361336,
  "115": 0.8834033613445369,
  "117": 0.8855042016806713,
  "118": 0.8876050420168058,
  "119": 0.888655462184873,
  "120": 0.8939075630252091,
  "121": 0.8960084033613436,
  "122": 0.8991596638655452,
  "124": 0.9002100840336125,
  "125": 0.9012605042016797,
  "127": 0.9044117647058814,
  "128": 0.9054621848739486,
  "129": 0.907563025210083,
  "130": 0.9117647058823519,
  "131": 0.9149159663865536,
  "133": 0.917016806722688,
  "134": 0.9201680672268897,
  "135": 0.9254201680672258,
  "136": 0.9275210084033603,
  "138": 0.9285714285714275,
  "139": 0.9306722689075619,
  "141": 0.9338235294117636,
  "142": 0.9380252100840325,
  "143": 0.9422268907563014,
  "144": 0.9464285714285703,
  "145": 0.9474789915966375,
  "147": 0.9485294117647047,
  "149": 0.9506302521008392,
  "153": 0.9527310924369736,
  "154": 0.9537815126050408,
  "155": 0.9558823529411753,
  "156": 0.9569327731092425,
  "158": 0.9579831932773097,
  "159": 0.9611344537815114,
  "160": 0.9621848739495786,
  "161": 0.9632352941176459,
  "162": 0.9642857142857131,
  "165": 0.9663865546218475,
  "171": 0.9674369747899147,
  "174": 0.9695378151260492,
  "175": 0.9705882352941164,
  "176": 0.9737394957983181,
  "177": 0.9747899159663853,
  "179": 0.977941176470587,
  "180": 0.9789915966386542,
  "181": 0.9810924369747887,
  "182": 0.9821428571428559,
  "183": 0.9852941176470575,
  "185": 0.987394957983192,
  "186": 0.9884453781512592,
  "187": 0.9905462184873937,
  "189": 0.9915966386554609,
  "190": 0.9957983193277298,
  "192": 0.996848739495797,
  "194": 0.9978991596638642,
  "195": 0.9989495798319314,
  "198": 0.9999999999999987
}