{
  "2": 0.309,
  "3": 0.485,
  "4": 0.5489999999999999,
  "5": 0.613,
  "6": 0.656,
  "7": 0.6960000000000001,
  "8": 0.7330000000000001,
  "9": 0.7630000000000001,
  "10": 0.7800000000000001,
  "11": 0.8020000000000002,
  "12": 0.8310000000000002,
  "13": 0.8570000000000002,
  "14": 0.8790000000000002,
  "15": 0.9010000000000002,
  "16": 0.9130000000000003,
  "17": 0.9270000000000003,
  "18": 0.9370000000000003,
  "19": 0.9470000000000003,
  "20": 0.9490000000000003,
  "21": 0.9550000000000003,
  "22": 0.9620000000000003,
  "23": 0.9640000000000003,
  "24": 0.9670000000000003,
  "25": 0.9710000000000003,
  "27": 0.9740000000000003,
  "28": 0.9750000000000003,
  "31": 0.9760000000000003,
  "32": 0.9770000000000003,
  "33": 0.9790000000000003,
  "35": 0.9820000000000003,
  "37": 0.9830000000000003,
  "38": 0.9850000000000003,
  "40": 0.9860000000000003,
  "42": 0.9880000000000003,
  "43": 0.9900000000000003,
  "44": 0.9910000000000003,
  "49": 0.9920000000000003,
  "51": 0.9930000000000003,
  "55": 0.9940000000000003,
  "57": 0.9950000000000003,
  "63": 0.9960000000000003,
  "64": 0.9970000000000003,
  "68": 0.9980000000000003,
  "84": 0.9990000000000003,
  "95": 1.0000000000000002
}