{
  "2": 0.0625,
  "3": 0.140625,
  "4": 0.25,
  "5": 0.3125,
  "6": 0.3828125,
  "7": 0.4140625,
  "8": 0.46875,
  "9": 0.5234375,
  "10": 0.59375,
  "11": 0.6015625,
  "12": 0.65625,
  "13": 0.6875,
  "14": 0.7109375,
  "15": 0.7265625,
  "16": 0.75,
  "19": 0.7890625,
  "20": 0.8125,
  "21": 0.8203125,
  "22": 0.8359375,
  "23": 0.8515625,
  "24": 0.859375,
  "25": 0.8671875,
  "26": 0.8984375,
  "92": 1.0,
  "69": 0.9921875,
  "32": 0.90625,
  "34": 0.9140625,
  "35": 0.921875,
  "36": 0.9296875,
  "38": 0.9375,
  "40": 0.9453125,
  "46": 0.953125,
  "49": 0.9609375,
  "54": 0.96875,
  "55": 0.9765625,
  "60": 0.984375
}