{
  "2": 0.022532188841201718,
  "3": 0.26931330472103004,
  "4": 0.3851931330472103,
  "5": 0.44742489270386265,
  "6": 0.48283261802575106,
  "7": 0.4978540772532189,
  "8": 0.5182403433476395,
  "9": 0.5343347639484979,
  "10": 0.5472103004291846,
  "11": 0.5579399141630902,
  "12": 0.572961373390558,
  "13": 0.5869098712446352,
  "14": 0.5901287553648069,
  "15": 0.599785407725322,
  "16": 0.6030042918454936,
  "17": 0.6083690987124465,
  "18": 0.6148068669527899,
  "19": 0.6180257510729615,
  "20": 0.6201716738197427,
  "21": 0.6255364806866955,
  "22": 0.6298283261802577,
  "23": 0.63412017167382,
  "24": 0.6416309012875538,
  "25": 0.643776824034335,
  "26": 0.6448497854077255,
  "27": 0.6491416309012877,
  "28": 0.6523605150214594,
  "29": 0.6598712446351933,
  "30": 0.6641630901287555,
  "31": 0.6673819742489272,
  "32": 0.6748927038626611,
  "33": 0.6813304721030045,
  "34": 0.6834763948497856,
  "35": 0.6866952789699573,
  "36": 0.6888412017167385,
  "37": 0.6920600858369101,
  "38": 0.7017167381974252,
  "39": 0.7060085836909874,
  "40": 0.7124463519313308,
  "41": 0.7135193133047213,
  "43": 0.7145922746781118,
  "44": 0.7156652360515023,
  "45": 0.7242489270386268,
  "46": 0.728540772532189,
  "47": 0.738197424892704,
  "48": 0.7424892703862662,
  "49": 0.7446351931330474,
  "50": 0.7489270386266096,
  "51": 0.7542918454935624,
  "52": 0.7564377682403436,
  "53": 0.7596566523605153,
  "54": 0.7650214592274681,
  "55": 0.7660944206008586,
  "56": 0.7682403433476398,
  "57": 0.770386266094421,
  "58": 0.7725321888412021,
  "59": 0.7768240343347643,
  "60": 0.780042918454936,
  "61": 0.7832618025751077,
  "62": 0.7854077253218888,
  "63": 0.7864806866952794,
  "64": 0.7907725321888416,
  "65": 0.7918454935622321,
  "66": 0.797210300429185,
  "67": 0.8004291845493566,
  "68": 0.8025751072961378,
  "69": 0.8036480686695283,
  "70": 0.8047210300429188,
  "72": 0.8079399141630905,
  "73": 0.8111587982832622,
  "74": 0.8122317596566527,
  "75": 0.8154506437768244,
  "76": 0.8165236051502149,
  "77": 0.8208154506437771,
  "78": 0.8251072961373394,
  "79": 0.8261802575107299,
  "80": 0.828326180257511,
  "81": 0.8315450643776827,
  "82": 0.8358369098712449,
  "83": 0.8412017167381978,
  "85": 0.8433476394849789,
  "86": 0.8444206008583695,
  "87": 0.84549356223176,
  "88": 0.8476394849785411,
  "89": 0.8508583690987128,
  "90": 0.8626609442060089,
  "91": 0.881974248927039,
  "92": 0.8937768240343351,
  "93": 0.9045064377682407,
  "94": 0.9109442060085841,
  "95": 0.918454935622318,
  "96": 0.9227467811158802,
  "97": 0.9259656652360518,
  "98": 0.9366952789699574,
  "99": 0.9420600858369103,
  "100": 0.9431330472103008,
  "101": 0.9442060085836913,
  "102": 0.947424892703863,
  "103": 0.9495708154506441,
  "104": 0.9506437768240347,
  "105": 0.9517167381974252,
  "106": 0.9527896995708157,
  "107": 0.9538626609442062,
  "109": 0.9560085836909874,
  "110": 0.9581545064377686,
  "111": 0.9592274678111591,
  "112": 0.9613733905579402,
  "113": 0.9624463519313308,
  "114": 0.9635193133047213,
  "115": 0.9645922746781118,
  "119": 0.966738197424893,
  "122": 0.9688841201716741,
  "126": 0.9710300429184553,
  "127": 0.9731759656652365,
  "128": 0.974248927038627,
  "132": 0.9753218884120175,
  "133": 0.976394849785408,
  "134": 0.9774678111587985,
  "137": 0.9796137339055797,
  "139": 0.9806866952789702,
  "142": 0.9817596566523608,
  "143": 0.9839055793991419,
  "144": 0.9860515021459231,
  "145": 0.9871244635193136,
  "150": 0.9881974248927041,
  "159": 0.9892703862660946,
  "162": 0.9903433476394852,
  "164": 0.9924892703862663,
  "166": 0.9935622317596569,
  "172": 0.9946351931330474,
  "180": 0.9957081545064379,
  "188": 0.9967811158798284,
  "195": 0.997854077253219,
  "196": 0.9989270386266095,
  "200": 1.0
}