{
  "2": 0.04251012145748988,
  "3": 0.24696356275303644,
  "4": 0.3491902834008097,
  "5": 0.4068825910931174,
  "6": 0.45040485829959515,
  "7": 0.5020242914979757,
  "8": 0.5232793522267206,
  "9": 0.5435222672064777,
  "10": 0.5597165991902834,
  "11": 0.5708502024291497,
  "12": 0.5890688259109311,
  "13": 0.5971659919028339,
  "14": 0.6052631578947367,
  "15": 0.6133603238866395,
  "16": 0.6224696356275302,
  "17": 0.6346153846153845,
  "18": 0.6417004048582995,
  "19": 0.6508097165991902,
  "20": 0.6609311740890688,
  "21": 0.6700404858299595,
  "22": 0.6781376518218623,
  "23": 0.6872469635627529,
  "24": 0.6953441295546557,
  "25": 0.7024291497975708,
  "26": 0.7125506072874493,
  "27": 0.7165991902834008,
  "28": 0.7236842105263158,
  "29": 0.7307692307692308,
  "30": 0.736842105263158,
  "31": 0.743927125506073,
  "32": 0.7520242914979758,
  "33": 0.7591093117408908,
  "34": 0.7661943319838058,
  "35": 0.7742914979757086,
  "36": 0.7793522267206479,
  "37": 0.7844129554655871,
  "38": 0.7864372469635628,
  "39": 0.7925101214574899,
  "40": 0.7955465587044535,
  "41": 0.7975708502024291,
  "42": 0.8026315789473684,
  "43": 0.804655870445344,
  "44": 0.8076923076923076,
  "45": 0.8097165991902833,
  "46": 0.8157894736842104,
  "47": 0.8198380566801619,
  "48": 0.825910931174089,
  "49": 0.8279352226720647,
  "50": 0.8340080971659918,
  "51": 0.8380566801619432,
  "52": 0.8400809716599189,
  "53": 0.8421052631578946,
  "54": 0.8431174089068825,
  "55": 0.8491902834008096,
  "56": 0.8542510121457488,
  "57": 0.8572874493927124,
  "58": 0.8593117408906881,
  "59": 0.8643724696356273,
  "60": 0.8653846153846152,
  "61": 0.8694331983805667,
  "62": 0.8724696356275302,
  "63": 0.880566801619433,
  "64": 0.8836032388663966,
  "65": 0.8866396761133601,
  "66": 0.8917004048582994,
  "67": 0.893724696356275,
  "68": 0.8947368421052629,
  "69": 0.8977732793522265,
  "70": 0.8987854251012144,
  "71": 0.9048582995951415,
  "72": 0.9058704453441294,
  "73": 0.908906882591093,
  "74": 0.9119433198380565,
  "75": 0.9129554655870444,
  "76": 0.9149797570850201,
  "77": 0.9180161943319837,
  "78": 0.9190283400809716,
  "79": 0.9200404858299595,
  "80": 0.923076923076923,
  "81": 0.9251012145748987,
  "82": 0.9261133603238866,
  "83": 0.9281376518218623,
  "84": 0.9291497975708501,
  "86": 0.9321862348178137,
  "87": 0.9331983805668016,
  "88": 0.9352226720647773,
  "90": 0.9372469635627529,
  "91": 0.9382591093117408,
  "92": 0.9392712550607287,
  "93": 0.9423076923076923,
  "94": 0.9433198380566802,
  "98": 0.9453441295546559,
  "99": 0.9463562753036437,
  "100": 0.9504048582995952,
  "101": 0.9514170040485831,
  "102": 0.952429149797571,
  "103": 0.9534412955465589,
  "104": 0.9554655870445345,
  "105": 0.9564777327935224,
  "107": 0.9574898785425103,
  "109": 0.9605263157894739,
  "110": 0.9615384615384618,
  "111": 0.9625506072874497,
  "113": 0.9635627530364376,
  "115": 0.9655870445344132,
  "118": 0.9665991902834011,
  "119": 0.967611336032389,
  "121": 0.9686234817813769,
  "125": 0.9726720647773284,
  "128": 0.9736842105263163,
  "129": 0.9746963562753042,
  "132": 0.975708502024292,
  "133": 0.9767206477732799,
  "134": 0.9777327935222678,
  "139": 0.9797570850202435,
  "141": 0.9807692307692314,
  "143": 0.9817813765182193,
  "144": 0.9827935222672072,
  "149": 0.9838056680161951,
  "154": 0.984817813765183,
  "156": 0.9858299595141709,
  "159": 0.9868421052631587,
  "163": 0.9878542510121466,
  "170": 0.9888663967611345,
  "172": 0.9898785425101224,
  "173": 0.9939271255060739,
  "174": 0.9949392712550618,
  "180": 0.9959514170040497,
  "182": 0.9969635627530375,
  "183": 0.9979757085020254,
  "187": 0.9989878542510133,
  "192": 1.000000000000001
}