{
  "2": 0.031023784901758014,
  "3": 0.11582213029989659,
  "4": 0.1654601861427094,
  "5": 0.2140641158221303,
  "6": 0.25232678386763185,
  "7": 0.28955532574974147,
  "8": 0.3329886246122027,
  "9": 0.3640124095139607,
  "10": 0.38779731127197514,
  "11": 0.4167528438469493,
  "12": 0.4426059979317476,
  "13": 0.46122026887280243,
  "14": 0.4881075491209927,
  "15": 0.5129265770423991,
  "16": 0.5315408479834539,
  "17": 0.5449844881075491,
  "18": 0.5646328852119958,
  "19": 0.5760082730093071,
  "20": 0.5884177869700103,
  "21": 0.5956566701137539,
  "22": 0.6070320579110652,
  "23": 0.6235780765253361,
  "24": 0.6359875904860394,
  "25": 0.6535677352637023,
  "26": 0.6556359875904861,
  "27": 0.6649431230610136,
  "28": 0.674250258531541,
  "29": 0.6814891416752845,
  "30": 0.6887280248190281,
  "31": 0.6990692864529474,
  "32": 0.7083764219234748,
  "33": 0.7145811789038264,
  "34": 0.7197518097207861,
  "35": 0.7238883143743539,
  "36": 0.7290589451913135,
  "37": 0.7342295760082732,
  "38": 0.738366080661841,
  "39": 0.7456049638055845,
  "40": 0.7497414684591522,
  "41": 0.752843846949328,
  "42": 0.75387797311272,
  "43": 0.7569803516028958,
  "44": 0.7600827300930716,
  "45": 0.7642192347466393,
  "46": 0.7652533609100313,
  "47": 0.7673216132368151,
  "48": 0.7724922440537748,
  "49": 0.7735263702171667,
  "50": 0.7755946225439506,
  "51": 0.7797311271975184,
  "52": 0.7828335056876942,
  "53": 0.7838676318510861,
  "54": 0.7890382626680458,
  "55": 0.7931747673216135,
  "57": 0.7962771458117893,
  "58": 0.7993795243019651,
  "59": 0.8024819027921409,
  "60": 0.8066184074457087,
  "61": 0.8086866597724925,
  "62": 0.8097207859358845,
  "63": 0.8128231644260603,
  "64": 0.816959669079628,
  "65": 0.81799379524302,
  "66": 0.8221302998965877,
  "67": 0.8241985522233716,
  "68": 0.8273009307135474,
  "71": 0.8304033092037232,
  "72": 0.832471561530507,
  "73": 0.8355739400206829,
  "74": 0.8366080661840748,
  "75": 0.8407445708376425,
  "76": 0.8417786970010345,
  "77": 0.8469493278179941,
  "78": 0.849017580144778,
  "79": 0.8510858324715619,
  "80": 0.8552223371251296,
  "81": 0.8562564632885216,
  "82": 0.8572905894519135,
  "83": 0.8603929679420893,
  "84": 0.8624612202688732,
  "85": 0.865563598759049,
  "87": 0.8665977249224409,
  "88": 0.8676318510858329,
  "89": 0.8686659772492248,
  "90": 0.8707342295760087,
  "91": 0.8748707342295764,
  "92": 0.8759048603929683,
  "93": 0.8779731127197522,
  "94": 0.8800413650465361,
  "96": 0.8831437435367119,
  "97": 0.8841778697001038,
  "99": 0.8862461220268877,
  "100": 0.8872802481902796,
  "101": 0.8893485005170635,
  "102": 0.8903826266804554,
  "103": 0.8914167528438474,
  "104": 0.8934850051706312,
  "106": 0.8955532574974151,
  "107": 0.896587383660807,
  "108": 0.897621509824199,
  "109": 0.8986556359875909,
  "110": 0.9038262668045506,
  "112": 0.9058945191313345,
  "113": 0.9079627714581183,
  "115": 0.9089968976215103,
  "116": 0.9110651499482941,
  "117": 0.9120992761116861,
  "118": 0.9141675284384699,
  "122": 0.9183040330920377,
  "123": 0.9193381592554296,
  "124": 0.9214064115822135,
  "127": 0.9255429162357812,
  "128": 0.9265770423991732,
  "129": 0.9276111685625651,
  "130": 0.929679420889349,
  "131": 0.9307135470527409,
  "132": 0.9327817993795248,
  "135": 0.9338159255429167,
  "136": 0.9348500517063086,
  "137": 0.9358841778697006,
  "139": 0.9379524301964844,
  "140": 0.9389865563598764,
  "142": 0.9400206825232683,
  "144": 0.9420889348500522,
  "145": 0.9431230610134441,
  "146": 0.9462254395036199,
  "147": 0.9493278179937957,
  "148": 0.9513960703205796,
  "149": 0.9524301964839715,
  "150": 0.9534643226473635,
  "151": 0.9544984488107554,
  "152": 0.9555325749741473,
  "153": 0.9576008273009312,
  "154": 0.9586349534643231,
  "155": 0.9596690796277151,
  "159": 0.960703205791107,
  "161": 0.9627714581178909,
  "162": 0.9638055842812828,
  "163": 0.9648397104446748,
  "164": 0.9669079627714586,
  "165": 0.9679420889348506,
  "166": 0.9689762150982425,
  "167": 0.9700103412616344,
  "168": 0.9741468459152022,
  "169": 0.9751809720785941,
  "170": 0.976215098241986,
  "172": 0.977249224405378,
  "173": 0.9782833505687699,
  "175": 0.9793174767321619,
  "177": 0.9813857290589457,
  "178": 0.9824198552223377,
  "179": 0.9834539813857296,
  "182": 0.9855222337125135,
  "184": 0.9886246122026893,
  "185": 0.9906928645294731,
  "186": 0.9917269906928651,
  "187": 0.9948293691830409,
  "188": 0.9958634953464328,
  "194": 0.9968976215098247,
  "197": 0.9979317476732167,
  "200": 1.0000000000000004
}