{
  "2": 0.03927068723702665,
  "3": 0.1150070126227209,
  "4": 0.1753155680224404,
  "5": 0.23422159887798036,
  "6": 0.26928471248246844,
  "7": 0.302945301542777,
  "8": 0.3169705469845722,
  "9": 0.34221598877980364,
  "10": 0.36185133239831696,
  "11": 0.36886395511921455,
  "12": 0.3730715287517531,
  "13": 0.3913043478260869,
  "14": 0.41093969144460024,
  "15": 0.4137447405329593,
  "16": 0.4221598877980364,
  "17": 0.4446002805049088,
  "18": 0.455820476858345,
  "19": 0.4698457223001402,
  "20": 0.48246844319775595,
  "21": 0.48807854137447404,
  "22": 0.4950911640953717,
  "23": 0.5007012622720898,
  "24": 0.5063113604488079,
  "25": 0.5203366058906032,
  "26": 0.5245441795231417,
  "27": 0.5371669004207574,
  "28": 0.5469845722300141,
  "29": 0.5553997194950913,
  "30": 0.5582047685834504,
  "31": 0.568022440392707,
  "32": 0.5736325385694251,
  "33": 0.5820476858345023,
  "34": 0.5918653576437589,
  "35": 0.594670406732118,
  "36": 0.5974754558204771,
  "37": 0.6002805049088362,
  "38": 0.6030855539971953,
  "39": 0.6072931276297339,
  "40": 0.612903225806452,
  "41": 0.6199158485273496,
  "42": 0.6255259467040677,
  "43": 0.6283309957924268,
  "44": 0.6339410939691449,
  "45": 0.6367461430575039,
  "46": 0.639551192145863,
  "47": 0.6465638148667606,
  "49": 0.6507713884992992,
  "50": 0.6591865357643762,
  "51": 0.6830294530154282,
  "52": 0.6956521739130439,
  "53": 0.7054698457223005,
  "54": 0.7110799438990186,
  "55": 0.7194950911640958,
  "56": 0.7251051893408139,
  "57": 0.730715287517532,
  "58": 0.7405329593267886,
  "59": 0.7461430575035067,
  "60": 0.7503506311360453,
  "61": 0.7601683029453019,
  "62": 0.76577840112202,
  "63": 0.7784011220196357,
  "64": 0.7868162692847129,
  "65": 0.792426367461431,
  "66": 0.8008415147265082,
  "67": 0.8064516129032263,
  "68": 0.8106591865357649,
  "69": 0.8120617110799444,
  "70": 0.813464235624124,
  "71": 0.8162692847124831,
  "72": 0.8246844319775601,
  "73": 0.8288920056100987,
  "74": 0.8330995792426372,
  "75": 0.8359046283309963,
  "76": 0.8387096774193554,
  "77": 0.840112201963535,
  "78": 0.8443197755960735,
  "79": 0.8457223001402531,
  "80": 0.8471248246844326,
  "81": 0.8485273492286122,
  "82": 0.8499298737727917,
  "83": 0.8513323983169713,
  "84": 0.8541374474053303,
  "85": 0.8639551192145869,
  "88": 0.866760168302946,
  "89": 0.8695652173913051,
  "90": 0.8709677419354847,
  "92": 0.8793828892005617,
  "94": 0.8835904628331003,
  "95": 0.8877980364656388,
  "97": 0.8948106591865365,
  "98": 0.8976157082748955,
  "99": 0.901823281907434,
  "101": 0.9032258064516135,
  "102": 0.9088359046283316,
  "103": 0.9158485273492293,
  "104": 0.9214586255259474,
  "105": 0.9228611500701269,
  "107": 0.9242636746143065,
  "108": 0.928471248246845,
  "109": 0.9298737727910246,
  "110": 0.9340813464235631,
  "112": 0.9368863955119222,
  "117": 0.9382889200561018,
  "118": 0.9396914446002813,
  "121": 0.9410939691444609,
  "122": 0.9424964936886404,
  "124": 0.9453015427769995,
  "128": 0.9495091164095381,
  "129": 0.9509116409537176,
  "130": 0.9523141654978972,
  "131": 0.9537166900420767,
  "133": 0.9551192145862563,
  "136": 0.9565217391304358,
  "137": 0.9579242636746154,
  "138": 0.9593267882187949,
  "140": 0.9607293127629745,
  "141": 0.962131837307154,
  "143": 0.9635343618513336,
  "144": 0.9649368863955131,
  "145": 0.9663394109396927,
  "147": 0.9677419354838722,
  "151": 0.9691444600280518,
  "154": 0.9719495091164108,
  "155": 0.9733520336605903,
  "160": 0.9761570827489494,
  "161": 0.977559607293129,
  "163": 0.9789621318373085,
  "167": 0.9803646563814881,
  "174": 0.9831697054698472,
  "176": 0.9845722300140267,
  "177": 0.9859747545582063,
  "178": 0.9873772791023858,
  "179": 0.9887798036465654,
  "181": 0.9901823281907449,
  "183": 0.9915848527349245,
  "193": 0.9943899018232836,
  "195": 0.9957924263674631,
  "199": 0.9985974754558222,
  "200": 1.0000000000000018
}