{
  "2": 0.04979253112033195,
  "3": 0.13070539419087138,
  "4": 0.1815352697095436,
  "5": 0.2282157676348548,
  "6": 0.2852697095435685,
  "7": 0.3101659751037345,
  "8": 0.3443983402489627,
  "9": 0.3661825726141079,
  "10": 0.39419087136929465,
  "11": 0.4253112033195021,
  "12": 0.45746887966804983,
  "13": 0.4719917012448133,
  "14": 0.49170124481327804,
  "15": 0.5114107883817428,
  "16": 0.5280082987551868,
  "17": 0.5466804979253114,
  "18": 0.5643153526970957,
  "19": 0.5840248962655604,
  "20": 0.5933609958506226,
  "21": 0.6078838174273861,
  "22": 0.6151452282157678,
  "23": 0.6213692946058093,
  "24": 0.628630705394191,
  "25": 0.6410788381742739,
  "26": 0.6473029045643154,
  "27": 0.6545643153526971,
  "28": 0.6618257261410788,
  "29": 0.6680497925311203,
  "30": 0.6732365145228215,
  "31": 0.679460580912863,
  "32": 0.683609958506224,
  "33": 0.6919087136929459,
  "34": 0.7002074688796679,
  "35": 0.7074688796680496,
  "36": 0.7147302904564313,
  "37": 0.7199170124481326,
  "38": 0.7251037344398338,
  "39": 0.7282157676348545,
  "40": 0.7323651452282155,
  "41": 0.7375518672199167,
  "42": 0.742738589211618,
  "43": 0.7499999999999997,
  "44": 0.7520746887966802,
  "45": 0.7531120331950204,
  "46": 0.7572614107883814,
  "47": 0.7624481327800826,
  "48": 0.7634854771784229,
  "49": 0.7686721991701241,
  "50": 0.7707468879668046,
  "51": 0.7738589211618253,
  "52": 0.7759336099585058,
  "53": 0.7790456431535265,
  "54": 0.7821576763485473,
  "55": 0.785269709543568,
  "56": 0.7863070539419083,
  "57": 0.7904564315352692,
  "58": 0.79356846473029,
  "59": 0.7956431535269705,
  "60": 0.7966804979253107,
  "62": 0.7997925311203314,
  "63": 0.8008298755186717,
  "65": 0.8049792531120327,
  "66": 0.8080912863070534,
  "67": 0.8101659751037339,
  "69": 0.8122406639004144,
  "70": 0.8163900414937754,
  "71": 0.8184647302904559,
  "72": 0.8205394190871363,
  "73": 0.8226141078838168,
  "74": 0.8236514522821571,
  "75": 0.8246887966804973,
  "76": 0.8267634854771778,
  "77": 0.8298755186721986,
  "78": 0.8309128630705388,
  "79": 0.8340248962655595,
  "80": 0.83609958506224,
  "81": 0.8371369294605803,
  "82": 0.8381742738589205,
  "83": 0.840248962655601,
  "84": 0.8423236514522815,
  "85": 0.844398340248962,
  "86": 0.8454356846473022,
  "87": 0.8464730290456425,
  "89": 0.8506224066390035,
  "90": 0.8516597510373437,
  "93": 0.8537344398340242,
  "94": 0.8547717842323644,
  "95": 0.8558091286307047,
  "96": 0.8568464730290449,
  "97": 0.8578838174273852,
  "98": 0.8599585062240657,
  "99": 0.8641078838174266,
  "100": 0.8661825726141071,
  "101": 0.8672199170124474,
  "102": 0.8692946058091279,
  "106": 0.8755186721991693,
  "107": 0.8775933609958498,
  "109": 0.8786307053941901,
  "111": 0.8807053941908706,
  "112": 0.8817427385892108,
  "113": 0.8848547717842316,
  "114": 0.8858921161825718,
  "115": 0.8879668049792523,
  "116": 0.8921161825726133,
  "117": 0.8941908713692938,
  "118": 0.8962655601659743,
  "119": 0.8973029045643145,
  "120": 0.899377593360995,
  "121": 0.9004149377593352,
  "122": 0.9014522821576755,
  "123": 0.9024896265560157,
  "125": 0.9045643153526962,
  "126": 0.9056016597510365,
  "127": 0.9087136929460572,
  "128": 0.9139004149377584,
  "130": 0.9170124481327792,
  "131": 0.9190871369294596,
  "133": 0.9201244813277999,
  "134": 0.9221991701244804,
  "135": 0.9242738589211609,
  "137": 0.9253112033195011,
  "138": 0.9263485477178414,
  "139": 0.9273858921161816,
  "141": 0.9284232365145219,
  "142": 0.9315352697095426,
  "143": 0.9346473029045633,
  "144": 0.9356846473029036,
  "145": 0.9367219917012438,
  "146": 0.9387966804979243,
  "147": 0.9408713692946048,
  "148": 0.9429460580912853,
  "149": 0.9439834024896255,
  "150": 0.9450207468879658,
  "151": 0.9481327800829865,
  "152": 0.950207468879667,
  "154": 0.9512448132780073,
  "155": 0.9522821576763475,
  "156": 0.9553941908713682,
  "157": 0.9574688796680487,
  "158": 0.958506224066389,
  "159": 0.9595435684647292,
  "160": 0.9605809128630695,
  "162": 0.9616182572614097,
  "163": 0.9636929460580902,
  "166": 0.9668049792531109,
  "168": 0.9678423236514512,
  "169": 0.9688796680497914,
  "170": 0.9699170124481317,
  "171": 0.9719917012448122,
  "176": 0.9740663900414926,
  "177": 0.9761410788381731,
  "178": 0.9782157676348536,
  "179": 0.9802904564315341,
  "184": 0.9813278008298744,
  "185": 0.9834024896265549,
  "186": 0.9844398340248951,
  "188": 0.9865145228215756,
  "189": 0.9885892116182561,
  "191": 0.9896265560165963,
  "192": 0.9927385892116171,
  "194": 0.9948132780082976,
  "195": 0.996887966804978,
  "197": 0.9989626556016585,
  "200": 0.9999999999999988
}