{
  "2": 0.024539877300613498,
  "3": 0.06748466257668712,
  "4": 0.08997955010224949,
  "5": 0.10838445807770962,
  "6": 0.11656441717791412,
  "7": 0.1390593047034765,
  "8": 0.17586912065439675,
  "9": 0.1881390593047035,
  "10": 0.21063394683026587,
  "11": 0.22290388548057263,
  "12": 0.2372188139059305,
  "13": 0.261758691206544,
  "14": 0.2883435582822086,
  "15": 0.3149284253578732,
  "16": 0.3312883435582822,
  "17": 0.3476482617586912,
  "18": 0.36196319018404904,
  "19": 0.37218813905930465,
  "20": 0.38036809815950917,
  "21": 0.39672801635991817,
  "22": 0.40286298568507156,
  "23": 0.4151329243353783,
  "24": 0.4233128834355828,
  "25": 0.4294478527607362,
  "26": 0.44171779141104295,
  "27": 0.45194274028629855,
  "28": 0.4601226993865031,
  "29": 0.4703476482617587,
  "30": 0.4826175869120654,
  "31": 0.4969325153374233,
  "32": 0.5030674846625767,
  "33": 0.5112474437627812,
  "34": 0.5214723926380368,
  "35": 0.5255623721881391,
  "36": 0.5357873210633947,
  "37": 0.5501022494887525,
  "38": 0.5541922290388548,
  "39": 0.5644171779141104,
  "40": 0.5725971370143149,
  "41": 0.5766871165644172,
  "42": 0.588957055214724,
  "43": 0.5991820040899796,
  "44": 0.6134969325153374,
  "45": 0.621676891615542,
  "46": 0.6278118609406953,
  "47": 0.6319018404907976,
  "48": 0.6441717791411044,
  "49": 0.6503067484662577,
  "50": 0.6605316973415133,
  "51": 0.6646216768916156,
  "52": 0.6748466257668712,
  "53": 0.6789366053169734,
  "54": 0.6809815950920245,
  "55": 0.6871165644171778,
  "56": 0.6891615541922289,
  "57": 0.6952965235173822,
  "58": 0.6973415132924333,
  "59": 0.7034764826175867,
  "60": 0.7075664621676889,
  "61": 0.7116564417177912,
  "62": 0.7218813905930468,
  "63": 0.7280163599182001,
  "64": 0.7300613496932512,
  "65": 0.7361963190184045,
  "66": 0.7443762781186091,
  "67": 0.7525562372188136,
  "68": 0.7586912065439669,
  "69": 0.7627811860940692,
  "70": 0.7668711656441715,
  "71": 0.7709611451942737,
  "72": 0.7730061349693248,
  "73": 0.7770961145194271,
  "74": 0.7832310838445804,
  "75": 0.7852760736196315,
  "76": 0.7893660531697337,
  "77": 0.793456032719836,
  "78": 0.7975460122699383,
  "79": 0.7995910020449893,
  "80": 0.8036809815950916,
  "82": 0.8057259713701427,
  "84": 0.8077709611451938,
  "85": 0.8139059304703471,
  "86": 0.8179959100204494,
  "87": 0.8241308793456027,
  "88": 0.8261758691206538,
  "89": 0.8343558282208583,
  "91": 0.8384458077709606,
  "92": 0.8425357873210628,
  "94": 0.8527607361963184,
  "97": 0.8568507157464207,
  "98": 0.8588957055214718,
  "99": 0.862985685071574,
  "101": 0.8670756646216763,
  "104": 0.8691206543967274,
  "106": 0.8711656441717784,
  "108": 0.8752556237218807,
  "109": 0.8773006134969318,
  "110": 0.8793456032719829,
  "111": 0.8834355828220851,
  "112": 0.8854805725971362,
  "113": 0.8916155419222895,
  "114": 0.8936605316973406,
  "116": 0.8957055214723917,
  "120": 0.899795501022494,
  "122": 0.901840490797545,
  "123": 0.9079754601226984,
  "124": 0.9141104294478517,
  "125": 0.9161554192229028,
  "129": 0.9182004089979539,
  "130": 0.9202453987730049,
  "131": 0.9243353783231072,
  "133": 0.9263803680981583,
  "135": 0.9284253578732093,
  "137": 0.9304703476482604,
  "139": 0.9345603271983627,
  "140": 0.938650306748465,
  "141": 0.940695296523516,
  "142": 0.9427402862985671,
  "143": 0.9447852760736182,
  "144": 0.9468302658486693,
  "145": 0.9509202453987715,
  "146": 0.9529652351738226,
  "147": 0.9570552147239249,
  "150": 0.9591002044989759,
  "154": 0.961145194274027,
  "155": 0.9652351738241293,
  "157": 0.9672801635991803,
  "162": 0.9693251533742314,
  "168": 0.9734151329243337,
  "172": 0.9754601226993848,
  "174": 0.9775051124744358,
  "178": 0.9795501022494869,
  "179": 0.9836400817995892,
  "182": 0.9856850715746402,
  "184": 0.9877300613496913,
  "185": 0.9897750511247424,
  "186": 0.9918200408997935,
  "189": 0.9938650306748446,
  "196": 0.9959100204498956,
  "197": 0.9979550102249467,
  "199": 0.9999999999999978
}