{
  "2": 0.046875,
  "3": 0.18125,
  "4": 0.215625,
  "5": 0.2677083333333333,
  "6": 0.29791666666666666,
  "7": 0.3208333333333333,
  "8": 0.35624999999999996,
  "9": 0.37499999999999994,
  "10": 0.3895833333333333,
  "11": 0.3968749999999999,
  "12": 0.44583333333333325,
  "13": 0.46145833333333325,
  "14": 0.48229166666666656,
  "15": 0.49270833333333325,
  "16": 0.5135416666666666,
  "17": 0.5218749999999999,
  "18": 0.5312499999999999,
  "19": 0.5385416666666666,
  "20": 0.5541666666666666,
  "21": 0.5583333333333332,
  "22": 0.5729166666666665,
  "23": 0.5802083333333332,
  "24": 0.5854166666666666,
  "25": 0.5937499999999999,
  "26": 0.6041666666666665,
  "27": 0.6302083333333331,
  "28": 0.6468749999999999,
  "29": 0.6562499999999999,
  "30": 0.6635416666666666,
  "31": 0.6666666666666666,
  "32": 0.671875,
  "33": 0.6739583333333333,
  "34": 0.675,
  "35": 0.6760416666666668,
  "36": 0.6791666666666668,
  "37": 0.6822916666666669,
  "38": 0.6864583333333335,
  "39": 0.6937500000000002,
  "40": 0.6958333333333335,
  "41": 0.6968750000000002,
  "42": 0.7062500000000003,
  "43": 0.7156250000000003,
  "44": 0.7197916666666669,
  "45": 0.7239583333333336,
  "46": 0.7250000000000003,
  "47": 0.729166666666667,
  "48": 0.744791666666667,
  "49": 0.7677083333333337,
  "50": 0.7718750000000003,
  "51": 0.7781250000000003,
  "52": 0.7822916666666669,
  "53": 0.7843750000000003,
  "54": 0.7895833333333336,
  "55": 0.794791666666667,
  "56": 0.8000000000000004,
  "57": 0.8052083333333337,
  "58": 0.8104166666666671,
  "59": 0.8135416666666672,
  "60": 0.8177083333333338,
  "61": 0.8260416666666671,
  "62": 0.8302083333333338,
  "63": 0.8333333333333338,
  "64": 0.8375000000000005,
  "65": 0.8447916666666672,
  "66": 0.8510416666666671,
  "67": 0.8541666666666672,
  "68": 0.8572916666666672,
  "69": 0.8593750000000006,
  "70": 0.8604166666666673,
  "71": 0.8625000000000006,
  "72": 0.8635416666666673,
  "73": 0.8697916666666673,
  "74": 0.873958333333334,
  "75": 0.8781250000000006,
  "77": 0.8822916666666673,
  "78": 0.8864583333333339,
  "79": 0.8916666666666673,
  "80": 0.8947916666666673,
  "82": 0.8968750000000006,
  "83": 0.8979166666666674,
  "84": 0.9000000000000007,
  "86": 0.9052083333333341,
  "87": 0.9072916666666674,
  "88": 0.9093750000000007,
  "89": 0.911458333333334,
  "90": 0.9135416666666674,
  "91": 0.917708333333334,
  "92": 0.9218750000000007,
  "93": 0.9291666666666674,
  "94": 0.9375000000000007,
  "95": 0.942708333333334,
  "96": 0.9468750000000007,
  "97": 0.9500000000000007,
  "99": 0.9520833333333341,
  "100": 0.9531250000000008,
  "103": 0.9541666666666675,
  "105": 0.9552083333333342,
  "107": 0.9562500000000009,
  "122": 0.9572916666666677,
  "124": 0.959375000000001,
  "127": 0.9604166666666677,
  "128": 0.9635416666666677,
  "129": 0.9656250000000011,
  "133": 0.9666666666666678,
  "135": 0.9687500000000011,
  "136": 0.9697916666666678,
  "137": 0.9718750000000012,
  "138": 0.9739583333333345,
  "140": 0.9750000000000012,
  "141": 0.9770833333333345,
  "143": 0.9802083333333346,
  "144": 0.9833333333333346,
  "145": 0.9843750000000013,
  "146": 0.9864583333333347,
  "147": 0.9895833333333347,
  "148": 0.991666666666668,
  "149": 0.9927083333333347,
  "150": 0.9937500000000015,
  "152": 0.9958333333333348,
  "186": 0.9968750000000015,
  "193": 0.9989583333333348,
  "196": 1.0000000000000016
}