{
  "2": 0.050381679389312976,
  "3": 0.19389312977099238,
  "4": 0.24732824427480918,
  "5": 0.3053435114503817,
  "6": 0.35114503816793896,
  "7": 0.3954198473282443,
  "8": 0.4183206106870229,
  "9": 0.4320610687022901,
  "10": 0.4519083969465649,
  "11": 0.4702290076335878,
  "12": 0.49007633587786265,
  "13": 0.5038167938931298,
  "14": 0.5145038167938932,
  "15": 0.5297709923664123,
  "16": 0.5496183206106872,
  "17": 0.5648854961832063,
  "18": 0.5725190839694658,
  "19": 0.5801526717557254,
  "20": 0.5938931297709925,
  "21": 0.6045801526717559,
  "22": 0.619847328244275,
  "23": 0.6305343511450384,
  "24": 0.6396946564885498,
  "25": 0.653435114503817,
  "26": 0.6595419847328247,
  "27": 0.6671755725190842,
  "28": 0.6732824427480919,
  "29": 0.6778625954198476,
  "30": 0.6839694656488553,
  "31": 0.690076335877863,
  "32": 0.6992366412213744,
  "33": 0.706870229007634,
  "34": 0.7145038167938935,
  "35": 0.7206106870229012,
  "37": 0.7251908396946569,
  "38": 0.7312977099236646,
  "39": 0.7374045801526723,
  "41": 0.7450381679389319,
  "42": 0.760305343511451,
  "43": 0.7618320610687028,
  "44": 0.7648854961832067,
  "45": 0.7664122137404585,
  "46": 0.7740458015267181,
  "47": 0.7801526717557258,
  "48": 0.7862595419847335,
  "49": 0.7893129770992373,
  "50": 0.7923664122137412,
  "51": 0.7969465648854969,
  "52": 0.7984732824427487,
  "53": 0.8030534351145044,
  "54": 0.8061068702290083,
  "55": 0.8091603053435121,
  "56": 0.8137404580152678,
  "58": 0.8167938931297717,
  "59": 0.8213740458015274,
  "60": 0.829007633587787,
  "61": 0.8335877862595427,
  "62": 0.8381679389312984,
  "63": 0.8396946564885502,
  "64": 0.8412213740458021,
  "65": 0.8458015267175578,
  "66": 0.8503816793893135,
  "67": 0.8564885496183212,
  "68": 0.8625954198473289,
  "69": 0.8687022900763366,
  "70": 0.8702290076335885,
  "71": 0.8732824427480923,
  "72": 0.8748091603053442,
  "73": 0.877862595419848,
  "74": 0.8793893129770999,
  "75": 0.8870229007633594,
  "76": 0.8931297709923671,
  "77": 0.896183206106871,
  "81": 0.8992366412213748,
  "82": 0.9007633587786267,
  "83": 0.9053435114503824,
  "84": 0.9068702290076343,
  "85": 0.9099236641221381,
  "88": 0.9129770992366419,
  "89": 0.9160305343511458,
  "90": 0.9175572519083977,
  "91": 0.9206106870229015,
  "93": 0.928244274809161,
  "94": 0.9297709923664129,
  "95": 0.9312977099236648,
  "96": 0.9328244274809167,
  "97": 0.9358778625954205,
  "98": 0.9374045801526724,
  "100": 0.9389312977099242,
  "101": 0.9404580152671761,
  "103": 0.941984732824428,
  "104": 0.9450381679389318,
  "106": 0.9465648854961837,
  "108": 0.9480916030534355,
  "112": 0.9511450381679394,
  "114": 0.9526717557251912,
  "116": 0.9541984732824431,
  "117": 0.955725190839695,
  "120": 0.9572519083969468,
  "121": 0.9587786259541987,
  "122": 0.9618320610687026,
  "123": 0.9633587786259544,
  "124": 0.9664122137404583,
  "125": 0.9679389312977101,
  "126": 0.969465648854962,
  "128": 0.9709923664122139,
  "129": 0.9725190839694657,
  "131": 0.9786259541984734,
  "133": 0.9801526717557253,
  "140": 0.9816793893129772,
  "143": 0.983206106870229,
  "145": 0.9847328244274809,
  "149": 0.9877862595419847,
  "150": 0.9893129770992366,
  "152": 0.9908396946564885,
  "162": 0.9923664122137403,
  "165": 0.9938931297709922,
  "170": 0.9954198473282441,
  "175": 0.9969465648854959,
  "180": 0.9984732824427478,
  "181": 0.9999999999999997
}