{
  "2": 0.027816411682892908,
  "3": 0.05146036161335188,
  "4": 0.08901251738525731,
  "5": 0.12378303198887344,
  "6": 0.15577190542420027,
  "7": 0.18497913769123783,
  "8": 0.21557719054242003,
  "9": 0.24200278164116829,
  "10": 0.2573018080667594,
  "11": 0.2753824756606398,
  "12": 0.29902642559109877,
  "13": 0.3157162726008345,
  "14": 0.329624478442281,
  "15": 0.34075104311543813,
  "16": 0.3574408901251739,
  "17": 0.372739916550765,
  "18": 0.38386648122392214,
  "19": 0.39221140472879,
  "20": 0.4047287899860918,
  "21": 0.41307371349095967,
  "22": 0.4283727399165508,
  "23": 0.435326842837274,
  "24": 0.4436717663421419,
  "25": 0.45757997218358837,
  "26": 0.46592489568845624,
  "27": 0.4728789986091795,
  "28": 0.4881780250347706,
  "29": 0.5020862308762171,
  "30": 0.5076495132127956,
  "31": 0.5173852573018082,
  "32": 0.5229485396383867,
  "33": 0.5299026425591099,
  "34": 0.5354659248956884,
  "35": 0.5396383866481224,
  "36": 0.5452016689847009,
  "37": 0.5535465924895687,
  "38": 0.5632823365785813,
  "39": 0.5757997218358831,
  "40": 0.5827538247566063,
  "41": 0.5883171070931849,
  "42": 0.595271210013908,
  "43": 0.6022253129346312,
  "44": 0.6119610570236438,
  "45": 0.6175243393602223,
  "46": 0.6258692628650901,
  "47": 0.6314325452016687,
  "48": 0.634214186369958,
  "49": 0.6397774687065365,
  "50": 0.6439499304589704,
  "51": 0.6509040333796936,
  "52": 0.6592489568845614,
  "53": 0.6662030598052846,
  "54": 0.6731571627260078,
  "55": 0.6787204450625863,
  "56": 0.6828929068150202,
  "57": 0.6870653685674541,
  "58": 0.6898470097357434,
  "59": 0.6968011126564666,
  "60": 0.7009735744089005,
  "61": 0.7079276773296237,
  "62": 0.7121001390820576,
  "63": 0.7204450625869254,
  "64": 0.7246175243393593,
  "65": 0.7301808066759379,
  "66": 0.7357440890125164,
  "67": 0.741307371349095,
  "68": 0.7440890125173842,
  "69": 0.7468706536856735,
  "71": 0.7510431154381074,
  "72": 0.7538247566063967,
  "73": 0.7579972183588306,
  "74": 0.7607788595271199,
  "75": 0.7621696801112645,
  "77": 0.7663421418636984,
  "78": 0.7691237830319877,
  "79": 0.7705146036161323,
  "80": 0.7746870653685662,
  "81": 0.7816411682892894,
  "82": 0.7844228094575787,
  "84": 0.787204450625868,
  "85": 0.7941585535465912,
  "86": 0.7955493741307358,
  "87": 0.7969401947148804,
  "88": 0.7997218358831697,
  "89": 0.802503477051459,
  "90": 0.8066759388038929,
  "91": 0.8094575799721822,
  "92": 0.8150208623087607,
  "93": 0.8164116828929053,
  "95": 0.81780250347705,
  "96": 0.8233657858136285,
  "97": 0.8261474269819178,
  "98": 0.8303198887343517,
  "99": 0.8317107093184963,
  "100": 0.8344923504867856,
  "101": 0.8372739916550749,
  "102": 0.8442280945757981,
  "103": 0.8470097357440873,
  "104": 0.848400556328232,
  "106": 0.8497913769123766,
  "107": 0.8553546592489552,
  "108": 0.8595271210013891,
  "109": 0.8609179415855337,
  "110": 0.8650904033379676,
  "111": 0.8706536856745462,
  "113": 0.8720445062586908,
  "114": 0.8748261474269801,
  "115": 0.8762169680111247,
  "116": 0.878998609179414,
  "117": 0.8831710709318479,
  "119": 0.8859527121001372,
  "120": 0.8901251738525711,
  "122": 0.894297635605005,
  "123": 0.8956884561891496,
  "124": 0.8970792767732942,
  "125": 0.8998609179415835,
  "127": 0.9040333796940174,
  "128": 0.9068150208623067,
  "129": 0.909596662030596,
  "130": 0.9137691237830299,
  "132": 0.9151599443671745,
  "133": 0.9193324061196084,
  "134": 0.9207232267037531,
  "135": 0.9235048678720423,
  "136": 0.924895688456187,
  "140": 0.9290681502086209,
  "143": 0.9304589707927655,
  "144": 0.9318497913769102,
  "147": 0.9374130737134887,
  "148": 0.9415855354659226,
  "149": 0.9457579972183565,
  "152": 0.9471488178025012,
  "154": 0.9527121001390797,
  "156": 0.9541029207232243,
  "157": 0.955493741307369,
  "158": 0.9568845618915136,
  "160": 0.9582753824756582,
  "161": 0.9596662030598029,
  "162": 0.9610570236439475,
  "164": 0.9624478442280922,
  "165": 0.9638386648122368,
  "166": 0.9652294853963814,
  "167": 0.9694019471488153,
  "168": 0.97079276773296,
  "169": 0.9735744089012492,
  "170": 0.9763560500695385,
  "171": 0.9777468706536832,
  "172": 0.9791376912378278,
  "175": 0.9819193324061171,
  "177": 0.9847009735744063,
  "179": 0.986091794158551,
  "180": 0.9888734353268402,
  "185": 0.9902642559109849,
  "187": 0.9930458970792742,
  "192": 0.9944367176634188,
  "193": 0.9958275382475634,
  "199": 0.9972183588317081,
  "200": 0.9999999999999973
}