{
  "2": 0.05303030303030303,
  "3": 0.09217171717171718,
  "4": 0.12121212121212122,
  "5": 0.15782828282828282,
  "6": 0.19065656565656564,
  "7": 0.2146464646464646,
  "8": 0.24494949494949492,
  "9": 0.2664141414141414,
  "10": 0.28787878787878785,
  "11": 0.30808080808080807,
  "12": 0.3282828282828283,
  "13": 0.3446969696969697,
  "14": 0.3573232323232324,
  "15": 0.3775252525252526,
  "16": 0.3952020202020203,
  "17": 0.4141414141414142,
  "18": 0.43939393939393945,
  "19": 0.44949494949494956,
  "20": 0.46717171717171724,
  "21": 0.47727272727272735,
  "22": 0.4886363636363637,
  "23": 0.5012626262626263,
  "24": 0.5176767676767677,
  "25": 0.5303030303030304,
  "26": 0.5391414141414143,
  "27": 0.5492424242424243,
  "28": 0.5542929292929294,
  "29": 0.5656565656565657,
  "30": 0.5770202020202021,
  "31": 0.5883838383838385,
  "32": 0.6047979797979799,
  "33": 0.619949494949495,
  "34": 0.6287878787878789,
  "35": 0.638888888888889,
  "36": 0.6502525252525253,
  "37": 0.6540404040404041,
  "38": 0.6742424242424243,
  "39": 0.6906565656565657,
  "40": 0.7020202020202021,
  "41": 0.7121212121212122,
  "42": 0.7196969696969697,
  "43": 0.7234848484848485,
  "44": 0.7323232323232324,
  "45": 0.7462121212121212,
  "46": 0.7512626262626263,
  "47": 0.7588383838383839,
  "48": 0.763888888888889,
  "49": 0.773989898989899,
  "50": 0.7765151515151515,
  "51": 0.779040404040404,
  "52": 0.7853535353535352,
  "53": 0.7866161616161615,
  "54": 0.7916666666666666,
  "55": 0.7954545454545454,
  "56": 0.8017676767676767,
  "57": 0.8055555555555555,
  "58": 0.808080808080808,
  "59": 0.8156565656565655,
  "60": 0.818181818181818,
  "61": 0.8295454545454544,
  "62": 0.8345959595959594,
  "63": 0.8409090909090907,
  "64": 0.8497474747474746,
  "65": 0.8510101010101009,
  "66": 0.8547979797979797,
  "67": 0.8623737373737372,
  "68": 0.8636363636363635,
  "69": 0.8699494949494948,
  "70": 0.8775252525252524,
  "71": 0.8863636363636362,
  "72": 0.890151515151515,
  "73": 0.8914141414141413,
  "74": 0.8964646464646464,
  "75": 0.8977272727272727,
  "76": 0.9015151515151515,
  "77": 0.904040404040404,
  "78": 0.9078282828282828,
  "79": 0.9103535353535352,
  "80": 0.9128787878787877,
  "81": 0.9154040404040402,
  "83": 0.9166666666666665,
  "84": 0.9217171717171716,
  "85": 0.9229797979797979,
  "88": 0.9267676767676767,
  "89": 0.9292929292929292,
  "91": 0.9305555555555555,
  "92": 0.9318181818181818,
  "93": 0.9356060606060606,
  "96": 0.9368686868686869,
  "100": 0.9381313131313131,
  "101": 0.9393939393939394,
  "102": 0.9457070707070707,
  "103": 0.9507575757575758,
  "104": 0.9532828282828283,
  "105": 0.9545454545454546,
  "106": 0.9558080808080809,
  "108": 0.9583333333333334,
  "109": 0.9595959595959597,
  "110": 0.960858585858586,
  "111": 0.9621212121212123,
  "112": 0.9633838383838386,
  "114": 0.9646464646464649,
  "116": 0.9659090909090912,
  "117": 0.9684343434343436,
  "119": 0.9709595959595961,
  "121": 0.9722222222222224,
  "122": 0.9734848484848487,
  "124": 0.974747474747475,
  "125": 0.9760101010101013,
  "130": 0.9772727272727276,
  "131": 0.9785353535353539,
  "132": 0.9797979797979802,
  "134": 0.9810606060606065,
  "136": 0.9823232323232328,
  "137": 0.9835858585858591,
  "139": 0.9848484848484854,
  "140": 0.9861111111111117,
  "141": 0.987373737373738,
  "143": 0.9886363636363643,
  "144": 0.9898989898989906,
  "147": 0.9911616161616169,
  "149": 0.9924242424242432,
  "153": 0.9949494949494957,
  "160": 0.996212121212122,
  "166": 0.9974747474747483,
  "174": 0.9987373737373746,
  "192": 1.0000000000000009
}