{
  "2": 0.03598691384950927,
  "3": 0.08287895310796074,
  "4": 0.13740458015267176,
  "5": 0.183206106870229,
  "6": 0.21374045801526717,
  "7": 0.2410032715376227,
  "8": 0.2606324972737187,
  "9": 0.2715376226826609,
  "10": 0.28353326063249734,
  "11": 0.30098146128680486,
  "12": 0.3151581243184297,
  "13": 0.32933478735005456,
  "14": 0.3391494002181025,
  "15": 0.35005452562704475,
  "16": 0.3598691384950927,
  "17": 0.37077426390403495,
  "18": 0.3805888767720829,
  "19": 0.386041439476554,
  "20": 0.3914940021810251,
  "21": 0.4034896401308615,
  "22": 0.41439476553980376,
  "23": 0.4209378407851691,
  "24": 0.4263904034896402,
  "25": 0.43293347873500554,
  "26": 0.4383860414394766,
  "27": 0.4460196292257362,
  "28": 0.44820065430752465,
  "29": 0.45474372955289,
  "30": 0.46237731733914955,
  "31": 0.464558342420938,
  "32": 0.4721919302071976,
  "33": 0.4830970556161398,
  "34": 0.48964013086150515,
  "35": 0.4961832061068705,
  "36": 0.5016357688113416,
  "37": 0.5103598691384954,
  "38": 0.5158124318429665,
  "39": 0.5245365321701203,
  "40": 0.5332606324972741,
  "41": 0.5365321701199567,
  "42": 0.5408942202835336,
  "43": 0.5507088331515816,
  "44": 0.5583424209378411,
  "45": 0.5627044711014181,
  "46": 0.5692475463467834,
  "47": 0.5747001090512546,
  "48": 0.5790621592148315,
  "49": 0.5834242093784084,
  "50": 0.5888767720828796,
  "51": 0.5921483097055622,
  "52": 0.5943293347873506,
  "53": 0.5954198473282448,
  "54": 0.600872410032716,
  "56": 0.6074154852780813,
  "57": 0.6128680479825525,
  "58": 0.6150490730643409,
  "59": 0.6194111232279178,
  "60": 0.6215921483097062,
  "61": 0.6248636859323888,
  "62": 0.625954198473283,
  "63": 0.6314067611777542,
  "64": 0.6346782988004368,
  "65": 0.6368593238822252,
  "66": 0.6401308615049078,
  "67": 0.6434023991275905,
  "68": 0.6455834242093789,
  "69": 0.6488549618320615,
  "70": 0.6499454743729557,
  "71": 0.6543075245365326,
  "72": 0.656488549618321,
  "73": 0.6597600872410037,
  "74": 0.6608505997818979,
  "76": 0.6641221374045805,
  "77": 0.6663031624863689,
  "78": 0.6684841875681573,
  "79": 0.6706652126499457,
  "80": 0.6728462377317341,
  "81": 0.6761177753544168,
  "82": 0.6804798255179937,
  "83": 0.6815703380588879,
  "84": 0.6837513631406763,
  "85": 0.6859323882224647,
  "86": 0.6892039258451473,
  "87": 0.6913849509269357,
  "88": 0.6957470010905127,
  "89": 0.7001090512540896,
  "90": 0.702290076335878,
  "91": 0.7055616139585607,
  "92": 0.7110141766630318,
  "93": 0.7142857142857144,
  "94": 0.7164667393675028,
  "95": 0.717557251908397,
  "96": 0.7241003271537624,
  "97": 0.7295528898582335,
  "98": 0.7350054525627047,
  "99": 0.7382769901853873,
  "100": 0.7393675027262815,
  "101": 0.7404580152671757,
  "102": 0.7448200654307526,
  "103": 0.7491821155943296,
  "104": 0.7524536532170122,
  "105": 0.7568157033805891,
  "106": 0.7579062159214833,
  "107": 0.761177753544166,
  "108": 0.7677208287895313,
  "109": 0.7709923664122139,
  "110": 0.7731733914940023,
  "111": 0.7753544165757907,
  "112": 0.7786259541984734,
  "113": 0.7829880043620503,
  "114": 0.7873500545256272,
  "115": 0.7895310796074156,
  "116": 0.7906215921483098,
  "117": 0.7928026172300983,
  "119": 0.7971646673936752,
  "120": 0.8026172300981463,
  "121": 0.805888767720829,
  "122": 0.8113413304253001,
  "123": 0.8135223555070885,
  "124": 0.8146128680479827,
  "125": 0.8167938931297711,
  "126": 0.8189749182115595,
  "127": 0.8255179934569249,
  "128": 0.8266085059978191,
  "130": 0.8287895310796075,
  "131": 0.8320610687022901,
  "132": 0.8342420937840785,
  "133": 0.8407851690294439,
  "134": 0.8440567066521265,
  "135": 0.8451472191930207,
  "137": 0.8462377317339149,
  "138": 0.8473282442748091,
  "139": 0.8505997818974917,
  "140": 0.8549618320610687,
  "141": 0.8593238822246456,
  "142": 0.861504907306434,
  "144": 0.8647764449291166,
  "146": 0.8658669574700109,
  "147": 0.8702290076335878,
  "148": 0.871319520174482,
  "149": 0.8735005452562704,
  "150": 0.876772082878953,
  "151": 0.8778625954198472,
  "153": 0.8789531079607414,
  "155": 0.8800436205016356,
  "156": 0.8844056706652126,
  "157": 0.886586695747001,
  "158": 0.8876772082878952,
  "160": 0.8931297709923663,
  "161": 0.896401308615049,
  "163": 0.8974918211559432,
  "164": 0.8985823336968374,
  "165": 0.9007633587786258,
  "166": 0.9040348964013084,
  "167": 0.9062159214830968,
  "168": 0.907306434023991,
  "169": 0.911668484187568,
  "171": 0.9127589967284622,
  "172": 0.9138495092693564,
  "174": 0.9149400218102506,
  "175": 0.9160305343511448,
  "177": 0.9182115594329332,
  "178": 0.9193020719738274,
  "179": 0.9203925845147216,
  "182": 0.9214830970556158,
  "183": 0.92257360959651,
  "184": 0.926935659760087,
  "185": 0.9280261723009812,
  "186": 0.9312977099236638,
  "188": 0.9345692475463464,
  "189": 0.9356597600872406,
  "190": 0.9367502726281348,
  "191": 0.937840785169029,
  "193": 0.9389312977099232,
  "194": 0.9400218102508174,
  "195": 0.9411123227917116,
  "197": 0.9443838604143943,
  "199": 0.9465648854961827,
  "200": 0.9476553980370769,
  "204": 0.9487459105779711,
  "205": 0.9498364231188653,
  "209": 0.9520174482006537,
  "210": 0.9531079607415479,
  "211": 0.9552889858233363,
  "216": 0.9563794983642305,
  "218": 0.9574700109051247,
  "219": 0.9607415485278074,
  "222": 0.9618320610687016,
  "223": 0.96401308615049,
  "224": 0.9651035986913842,
  "226": 0.9661941112322784,
  "227": 0.9683751363140668,
  "230": 0.969465648854961,
  "231": 0.9705561613958552,
  "232": 0.9716466739367494,
  "234": 0.9727371864776436,
  "236": 0.9738276990185378,
  "240": 0.974918211559432,
  "242": 0.9760087241003262,
  "243": 0.9770992366412204,
  "244": 0.9781897491821147,
  "245": 0.9792802617230089,
  "246": 0.9814612868047973,
  "248": 0.9825517993456915,
  "249": 0.9836423118865857,
  "250": 0.9847328244274799,
  "254": 0.9869138495092683,
  "258": 0.9880043620501625,
  "260": 0.9890948745910567,
  "261": 0.9901853871319509,
  "266": 0.9912758996728451,
  "273": 0.9923664122137393,
  "278": 0.9934569247546335,
  "283": 0.9967284623773162,
  "284": 0.9978189749182104,
  "288": 0.9989094874591046,
  "294": 0.9999999999999988
}