{
  "2": 0.028846153846153848,
  "3": 0.07967032967032966,
  "4": 0.15247252747252749,
  "5": 0.20054945054945056,
  "6": 0.24313186813186816,
  "7": 0.2692307692307693,
  "8": 0.2953296703296704,
  "9": 0.3228021978021979,
  "10": 0.34478021978021983,
  "11": 0.36813186813186816,
  "12": 0.3942307692307693,
  "13": 0.4038461538461539,
  "14": 0.42170329670329676,
  "15": 0.429945054945055,
  "16": 0.44917582417582425,
  "17": 0.46016483516483525,
  "18": 0.4821428571428572,
  "19": 0.4876373626373627,
  "20": 0.49587912087912095,
  "21": 0.5123626373626374,
  "22": 0.5206043956043956,
  "23": 0.5233516483516484,
  "24": 0.532967032967033,
  "25": 0.5439560439560439,
  "26": 0.5467032967032966,
  "27": 0.5549450549450549,
  "28": 0.559065934065934,
  "29": 0.5645604395604394,
  "30": 0.5755494505494504,
  "31": 0.5796703296703295,
  "32": 0.5824175824175822,
  "33": 0.5879120879120877,
  "34": 0.5975274725274723,
  "35": 0.6043956043956041,
  "36": 0.6153846153846151,
  "37": 0.6236263736263733,
  "38": 0.6346153846153842,
  "39": 0.6414835164835161,
  "40": 0.6469780219780216,
  "41": 0.6510989010989007,
  "42": 0.6565934065934061,
  "43": 0.6607142857142853,
  "44": 0.663461538461538,
  "45": 0.6648351648351644,
  "46": 0.6675824175824171,
  "47": 0.6717032967032962,
  "48": 0.6771978021978017,
  "49": 0.6881868131868126,
  "50": 0.6909340659340654,
  "51": 0.6964285714285708,
  "52": 0.7019230769230763,
  "53": 0.7129120879120873,
  "54": 0.7211538461538455,
  "56": 0.7239010989010982,
  "58": 0.726648351648351,
  "59": 0.7307692307692301,
  "60": 0.7362637362637355,
  "61": 0.7376373626373619,
  "62": 0.7403846153846146,
  "63": 0.7458791208791201,
  "66": 0.752747252747252,
  "67": 0.7541208791208783,
  "68": 0.7568681318681311,
  "69": 0.7623626373626365,
  "70": 0.7637362637362629,
  "71": 0.7692307692307684,
  "72": 0.7719780219780211,
  "73": 0.7747252747252739,
  "74": 0.7760989010989002,
  "75": 0.7802197802197793,
  "76": 0.7857142857142848,
  "77": 0.7912087912087903,
  "78": 0.793956043956043,
  "79": 0.7980769230769221,
  "80": 0.7994505494505485,
  "81": 0.8008241758241749,
  "82": 0.8021978021978012,
  "84": 0.8076923076923067,
  "86": 0.8090659340659331,
  "87": 0.8131868131868122,
  "88": 0.8145604395604386,
  "89": 0.8186813186813177,
  "90": 0.8255494505494495,
  "91": 0.8269230769230759,
  "92": 0.831043956043955,
  "93": 0.8351648351648341,
  "94": 0.8365384615384605,
  "95": 0.8392857142857132,
  "96": 0.8406593406593396,
  "97": 0.8434065934065923,
  "100": 0.846153846153845,
  "101": 0.8475274725274714,
  "102": 0.8502747252747241,
  "105": 0.8530219780219769,
  "107": 0.8557692307692296,
  "108": 0.857142857142856,
  "110": 0.8585164835164824,
  "111": 0.8612637362637351,
  "112": 0.8667582417582406,
  "113": 0.8708791208791197,
  "114": 0.872252747252746,
  "115": 0.8763736263736251,
  "116": 0.8777472527472515,
  "117": 0.8791208791208779,
  "118": 0.883241758241757,
  "121": 0.8873626373626361,
  "122": 0.8887362637362625,
  "123": 0.8901098901098888,
  "126": 0.8914835164835152,
  "130": 0.8942307692307679,
  "131": 0.8956043956043943,
  "133": 0.898351648351647,
  "134": 0.8997252747252734,
  "136": 0.9038461538461525,
  "137": 0.9052197802197789,
  "138": 0.909340659340658,
  "139": 0.9107142857142844,
  "140": 0.9134615384615371,
  "143": 0.9148351648351635,
  "144": 0.9162087912087898,
  "145": 0.920329670329669,
  "146": 0.9313186813186799,
  "147": 0.935439560439559,
  "148": 0.9395604395604381,
  "149": 0.9436813186813172,
  "150": 0.9532967032967018,
  "151": 0.9546703296703282,
  "152": 0.9560439560439545,
  "153": 0.9574175824175809,
  "155": 0.9587912087912073,
  "158": 0.9601648351648336,
  "159": 0.9629120879120864,
  "160": 0.9642857142857127,
  "161": 0.9656593406593391,
  "163": 0.9670329670329655,
  "164": 0.9711538461538446,
  "166": 0.9739010989010973,
  "168": 0.9752747252747237,
  "169": 0.9780219780219764,
  "172": 0.9793956043956028,
  "175": 0.9807692307692292,
  "181": 0.9821428571428555,
  "184": 0.9835164835164819,
  "185": 0.9848901098901083,
  "187": 0.9890109890109874,
  "189": 0.9903846153846138,
  "190": 0.9917582417582401,
  "193": 0.9931318681318665,
  "194": 0.9958791208791192,
  "195": 0.9972527472527456,
  "200": 0.9999999999999983
}