{
  "2": 0.302,
  "3": 0.51,
  "4": 0.624,
  "5": 0.713,
  "6": 0.778,
  "7": 0.8130000000000001,
  "8": 0.8170000000000001,
  "9": 0.8320000000000001,
  "10": 0.8550000000000001,
  "11": 0.8720000000000001,
  "12": 0.8830000000000001,
  "13": 0.9040000000000001,
  "14": 0.9380000000000002,
  "15": 0.9500000000000002,
  "16": 0.9540000000000002,
  "17": 0.9590000000000002,
  "18": 0.9660000000000002,
  "19": 0.9740000000000002,
  "20": 0.9910000000000002,
  "21": 0.9970000000000002,
  "22": 1.0000000000000002
}