{
  "2": 0.02450229709035222,
  "3": 0.05819295558958652,
  "4": 0.09800918836140887,
  "5": 0.14088820826952525,
  "6": 0.16079632465543642,
  "7": 0.18683001531393564,
  "8": 0.20826952526799383,
  "9": 0.23277182235834606,
  "10": 0.25267993874425726,
  "11": 0.27565084226646247,
  "12": 0.29709035222052066,
  "13": 0.32006125574272587,
  "14": 0.3460949464012251,
  "15": 0.3660030627871363,
  "16": 0.37059724349157736,
  "17": 0.3905053598774885,
  "18": 0.4012251148545176,
  "19": 0.4226646248085758,
  "20": 0.43644716692189894,
  "21": 0.44869831546707506,
  "22": 0.4624808575803982,
  "23": 0.47166921898928027,
  "24": 0.4946401225114855,
  "25": 0.5068912710566615,
  "26": 0.5176110260336907,
  "27": 0.5267993874425728,
  "28": 0.5390505359877489,
  "29": 0.552833078101072,
  "30": 0.565084226646248,
  "31": 0.5819295558958651,
  "32": 0.5941807044410412,
  "33": 0.6049004594180704,
  "34": 0.6171516079632464,
  "35": 0.6232771822358345,
  "36": 0.6355283307810106,
  "37": 0.6416539050535986,
  "38": 0.6508422664624808,
  "39": 0.6615620214395099,
  "40": 0.6722817764165391,
  "41": 0.6784073506891272,
  "42": 0.6860643185298623,
  "43": 0.6875957120980093,
  "44": 0.6952526799387444,
  "45": 0.7029096477794795,
  "46": 0.7075038284839206,
  "47": 0.7136294027565087,
  "48": 0.7197549770290967,
  "49": 0.7258805513016848,
  "50": 0.7320061255742729,
  "51": 0.7335375191424199,
  "52": 0.739663093415008,
  "53": 0.741194486983155,
  "54": 0.7427258805513021,
  "55": 0.7488514548238902,
  "56": 0.7549770290964782,
  "57": 0.7565084226646253,
  "58": 0.7595712098009193,
  "59": 0.7641653905053604,
  "60": 0.7672281776416544,
  "61": 0.7687595712098014,
  "62": 0.7718223583460955,
  "63": 0.7748851454823895,
  "64": 0.7840735068912716,
  "65": 0.7886676875957127,
  "66": 0.7932618683001538,
  "67": 0.7993874425727419,
  "68": 0.8039816232771829,
  "70": 0.807044410413477,
  "71": 0.811638591117918,
  "72": 0.813169984686065,
  "73": 0.8177641653905061,
  "74": 0.8208269525268002,
  "75": 0.8223583460949472,
  "79": 0.8269525267993882,
  "80": 0.8284839203675353,
  "82": 0.8300153139356823,
  "83": 0.8315467075038293,
  "84": 0.8392036753445644,
  "85": 0.8453292496171525,
  "86": 0.8468606431852995,
  "87": 0.8483920367534465,
  "88": 0.8514548238897406,
  "90": 0.8529862174578876,
  "91": 0.8560490045941817,
  "92": 0.8591117917304757,
  "93": 0.8637059724349168,
  "94": 0.8667687595712108,
  "96": 0.8713629402756519,
  "97": 0.8744257274119459,
  "98": 0.879019908116387,
  "100": 0.880551301684534,
  "101": 0.882082695252681,
  "103": 0.883614088820828,
  "104": 0.8851454823889751,
  "105": 0.8897396630934161,
  "106": 0.8943338437978572,
  "107": 0.8958652373660042,
  "108": 0.9004594180704453,
  "109": 0.9065849923430334,
  "110": 0.9081163859111804,
  "111": 0.9127105666156214,
  "112": 0.9142419601837685,
  "113": 0.9157733537519155,
  "115": 0.9173047473200625,
  "117": 0.9188361408882095,
  "119": 0.9234303215926506,
  "120": 0.9264931087289446,
  "123": 0.9295558958652387,
  "125": 0.9310872894333857,
  "129": 0.9356814701378268,
  "130": 0.9402756508422678,
  "131": 0.9418070444104149,
  "132": 0.9433384379785619,
  "134": 0.9448698315467089,
  "135": 0.9464012251148559,
  "140": 0.9479326186830029,
  "141": 0.955589586523738,
  "143": 0.9571209800918851,
  "146": 0.9586523736600321,
  "149": 0.9601837672281791,
  "152": 0.9632465543644732,
  "153": 0.9663093415007672,
  "154": 0.9693721286370612,
  "157": 0.9724349157733553,
  "158": 0.9754977029096493,
  "159": 0.9800918836140904,
  "161": 0.9816232771822374,
  "162": 0.9831546707503844,
  "163": 0.9846860643185315,
  "175": 0.9862174578866785,
  "176": 0.9877488514548255,
  "178": 0.9892802450229725,
  "180": 0.9923430321592666,
  "181": 0.9938744257274136,
  "188": 0.9954058192955606,
  "189": 0.9969372128637076,
  "190": 0.9984686064318546,
  "200": 1.0000000000000016
}