{
  "2": 0.016442451420029897,
  "3": 0.03587443946188341,
  "4": 0.052316890881913304,
  "5": 0.06427503736920777,
  "6": 0.08819133034379671,
  "7": 0.10313901345291479,
  "8": 0.11808669656203288,
  "9": 0.1375186846038864,
  "10": 0.14947683109118085,
  "11": 0.1599402092675635,
  "12": 0.179372197309417,
  "13": 0.18983557548579966,
  "14": 0.20179372197309411,
  "15": 0.21225710014947677,
  "16": 0.22720478325859486,
  "17": 0.249626307922272,
  "18": 0.257100149476831,
  "19": 0.26457399103139007,
  "20": 0.2840059790732436,
  "21": 0.2929745889387145,
  "22": 0.30194319880418535,
  "23": 0.31689088191330345,
  "24": 0.3243647234678625,
  "25": 0.33333333333333337,
  "26": 0.34230194319880425,
  "27": 0.3512705530642751,
  "28": 0.3617339312406578,
  "29": 0.37070254110612866,
  "30": 0.3781763826606877,
  "31": 0.3841554559043349,
  "32": 0.39162929745889397,
  "33": 0.40358744394618845,
  "34": 0.40956651718983567,
  "35": 0.4140508221225711,
  "36": 0.41853512705530654,
  "37": 0.4319880418535128,
  "38": 0.43647234678624824,
  "39": 0.44843049327354273,
  "40": 0.45440956651718994,
  "41": 0.461883408071749,
  "42": 0.4648729446935726,
  "43": 0.47234678624813164,
  "44": 0.4813153961136025,
  "45": 0.48729446935724974,
  "46": 0.4917787742899852,
  "47": 0.5037369207772796,
  "48": 0.5097159940209268,
  "49": 0.5201793721973095,
  "50": 0.5291479820627804,
  "51": 0.5351270553064276,
  "52": 0.5411061285500748,
  "53": 0.547085201793722,
  "54": 0.5530642750373692,
  "55": 0.5575485799701047,
  "56": 0.5590433482810164,
  "57": 0.5680119581464873,
  "58": 0.57847533632287,
  "59": 0.5814648729446936,
  "60": 0.5904334828101645,
  "61": 0.5934230194319882,
  "62": 0.5979073243647236,
  "63": 0.6053811659192826,
  "64": 0.6143497757847535,
  "65": 0.6158445440956652,
  "66": 0.6188340807174889,
  "67": 0.6263079222720479,
  "68": 0.6307922272047833,
  "69": 0.6352765321375188,
  "70": 0.6382660687593424,
  "71": 0.6442451420029897,
  "72": 0.6517189835575486,
  "73": 0.6576980568011959,
  "74": 0.6666666666666667,
  "75": 0.6681614349775785,
  "76": 0.672645739910314,
  "77": 0.6771300448430494,
  "78": 0.6846038863976084,
  "79": 0.6920777279521674,
  "80": 0.6980568011958146,
  "81": 0.7010463378176383,
  "82": 0.7070254110612855,
  "83": 0.7100149476831091,
  "84": 0.7144992526158446,
  "85": 0.7219730941704036,
  "86": 0.726457399103139,
  "87": 0.7309417040358744,
  "88": 0.7339312406576981,
  "89": 0.7369207772795218,
  "91": 0.7399103139013454,
  "92": 0.7428998505231691,
  "93": 0.7458893871449928,
  "94": 0.7473841554559045,
  "95": 0.7503736920777282,
  "96": 0.7533632286995519,
  "97": 0.7608370702541108,
  "98": 0.7623318385650226,
  "99": 0.7653213751868463,
  "101": 0.76831091180867,
  "102": 0.7727952167414054,
  "103": 0.7772795216741408,
  "104": 0.7787742899850526,
  "105": 0.783258594917788,
  "106": 0.7877428998505235,
  "107": 0.7907324364723471,
  "108": 0.7922272047832589,
  "109": 0.7952167414050826,
  "110": 0.7967115097159944,
  "111": 0.8011958146487298,
  "112": 0.8026905829596416,
  "113": 0.8086696562032888,
  "114": 0.8131539611360242,
  "115": 0.8176382660687597,
  "116": 0.8266068759342305,
  "117": 0.8281016442451423,
  "118": 0.831091180866966,
  "119": 0.8325859491778778,
  "120": 0.8355754857997014,
  "121": 0.8385650224215251,
  "122": 0.8415545590433487,
  "123": 0.8460388639760842,
  "124": 0.8490284005979079,
  "126": 0.8505231689088196,
  "127": 0.8609865470852023,
  "129": 0.8654708520179377,
  "130": 0.8669656203288495,
  "134": 0.8699551569506732,
  "135": 0.8744394618834086,
  "137": 0.8849028400597913,
  "138": 0.8878923766816149,
  "139": 0.8908819133034386,
  "140": 0.8968609865470858,
  "141": 0.8998505231689095,
  "142": 0.9013452914798212,
  "143": 0.9043348281016449,
  "144": 0.9058295964125567,
  "145": 0.9103139013452921,
  "146": 0.9133034379671158,
  "148": 0.9147982062780275,
  "149": 0.9177877428998512,
  "150": 0.9237668161434984,
  "151": 0.9297458893871456,
  "152": 0.9312406576980574,
  "153": 0.9342301943198811,
  "154": 0.9357249626307929,
  "156": 0.9372197309417046,
  "157": 0.9387144992526164,
  "158": 0.9402092675635282,
  "160": 0.9431988041853518,
  "161": 0.9446935724962636,
  "164": 0.9461883408071754,
  "167": 0.9491778774289991,
  "168": 0.9521674140508227,
  "169": 0.9551569506726464,
  "170": 0.9566517189835582,
  "171": 0.9581464872944699,
  "172": 0.9596412556053817,
  "174": 0.9611360239162935,
  "175": 0.9626307922272053,
  "176": 0.9656203288490289,
  "178": 0.9701046337817644,
  "181": 0.973094170403588,
  "183": 0.9745889387144998,
  "184": 0.9760837070254116,
  "186": 0.9790732436472352,
  "187": 0.980568011958147,
  "190": 0.9850523168908825,
  "194": 0.9910313901345297,
  "197": 0.9925261584454415,
  "198": 0.9970104633781769,
  "199": 0.9985052316890887,
  "200": 1.0000000000000004
}