{
  "2": 0.307,
  "3": 0.492,
  "4": 0.563,
  "5": 0.62,
  "6": 0.667,
  "7": 0.7050000000000001,
  "8": 0.7350000000000001,
  "9": 0.7630000000000001,
  "10": 0.7920000000000001,
  "11": 0.8150000000000002,
  "12": 0.8390000000000002,
  "13": 0.8590000000000002,
  "14": 0.8780000000000002,
  "15": 0.8970000000000002,
  "16": 0.9200000000000003,
  "17": 0.9340000000000003,
  "18": 0.9450000000000003,
  "19": 0.9490000000000003,
  "20": 0.9540000000000003,
  "21": 0.9600000000000003,
  "22": 0.9630000000000003,
  "23": 0.9640000000000003,
  "24": 0.9670000000000003,
  "25": 0.9680000000000003,
  "26": 0.9690000000000003,
  "27": 0.9700000000000003,
  "28": 0.9730000000000003,
  "29": 0.9740000000000003,
  "31": 0.9750000000000003,
  "32": 0.9770000000000003,
  "33": 0.9780000000000003,
  "35": 0.9800000000000003,
  "36": 0.9810000000000003,
  "37": 0.9820000000000003,
  "38": 0.9830000000000003,
  "42": 0.9840000000000003,
  "44": 0.9870000000000003,
  "49": 0.9900000000000003,
  "50": 0.9910000000000003,
  "54": 0.9920000000000003,
  "59": 0.9930000000000003,
  "65": 0.9940000000000003,
  "76": 0.9950000000000003,
  "98": 0.9960000000000003,
  "99": 0.9970000000000003,
  "101": 0.9980000000000003,
  "109": 1.0000000000000002
}