{
  "2": 0.093,
  "3": 0.531,
  "4": 0.788,
  "5": 0.874,
  "6": 0.919,
  "7": 0.932,
  "8": 0.9400000000000001,
  "9": 0.9470000000000001,
  "10": 0.9550000000000001,
  "11": 0.9650000000000001,
  "12": 0.9670000000000001,
  "13": 0.9700000000000001,
  "14": 0.9720000000000001,
  "15": 0.9730000000000001,
  "17": 0.9740000000000001,
  "18": 0.9800000000000001,
  "19": 0.9820000000000001,
  "20": 0.9840000000000001,
  "25": 0.9860000000000001,
  "26": 0.9870000000000001,
  "28": 0.9880000000000001,
  "30": 0.9900000000000001,
  "31": 0.9910000000000001,
  "35": 0.9920000000000001,
  "41": 0.9940000000000001,
  "44": 0.9960000000000001,
  "46": 0.9970000000000001,
  "48": 0.9990000000000001,
  "49": 1.0
}