{
  "2": 0.102,
  "3": 0.511,
  "4": 0.73,
  "5": 0.815,
  "6": 0.871,
  "7": 0.893,
  "8": 0.915,
  "9": 0.927,
  "10": 0.9390000000000001,
  "11": 0.9530000000000001,
  "12": 0.9590000000000001,
  "13": 0.9630000000000001,
  "14": 0.9650000000000001,
  "15": 0.9700000000000001,
  "16": 0.9760000000000001,
  "17": 0.9810000000000001,
  "18": 0.9830000000000001,
  "19": 0.9860000000000001,
  "20": 0.9870000000000001,
  "66": 1.0,
  "26": 0.9880000000000001,
  "28": 0.9890000000000001,
  "29": 0.9920000000000001,
  "32": 0.9950000000000001,
  "33": 0.9960000000000001,
  "34": 0.9970000000000001,
  "41": 0.9980000000000001,
  "49": 0.9990000000000001
}