{
  "2": 0.04361873990306947,
  "3": 0.07108239095315025,
  "4": 0.12924071082390953,
  "5": 0.17447495961227788,
  "6": 0.21001615508885302,
  "7": 0.247172859450727,
  "8": 0.2827140549273021,
  "9": 0.31179321486268174,
  "10": 0.3344103392568659,
  "11": 0.35379644588045234,
  "12": 0.37318255250403876,
  "13": 0.3861066235864297,
  "14": 0.4087237479806139,
  "15": 0.43134087237479807,
  "16": 0.4507269789983845,
  "17": 0.4620355411954766,
  "18": 0.4781906300484653,
  "19": 0.5024232633279483,
  "20": 0.5250403877221325,
  "21": 0.5428109854604201,
  "22": 0.5492730210016156,
  "23": 0.5621970920840065,
  "24": 0.5831987075928918,
  "25": 0.5896607431340873,
  "26": 0.605815831987076,
  "27": 0.6219709208400647,
  "28": 0.6284329563812602,
  "29": 0.6365105008077545,
  "30": 0.6494345718901454,
  "31": 0.6655896607431341,
  "32": 0.6752827140549273,
  "33": 0.6849757673667206,
  "34": 0.6946688206785139,
  "35": 0.6995153473344105,
  "36": 0.7027463651050082,
  "37": 0.7075928917609048,
  "38": 0.7156704361873991,
  "39": 0.7189014539579969,
  "40": 0.7221324717285946,
  "41": 0.7285945072697901,
  "42": 0.7366720516962845,
  "43": 0.741518578352181,
  "44": 0.7447495961227788,
  "45": 0.7479806138933766,
  "46": 0.7512116316639743,
  "47": 0.7560581583198709,
  "48": 0.7641357027463652,
  "49": 0.7705977382875607,
  "50": 0.7770597738287562,
  "51": 0.7786752827140551,
  "52": 0.7851373182552506,
  "53": 0.7932148626817449,
  "54": 0.7980613893376415,
  "55": 0.8029079159935381,
  "56": 0.8061389337641358,
  "57": 0.8077544426494346,
  "58": 0.8126009693053312,
  "59": 0.8239095315024233,
  "60": 0.8255250403877221,
  "63": 0.8319870759289176,
  "64": 0.8336025848142165,
  "65": 0.8352180936995153,
  "66": 0.8368336025848141,
  "68": 0.8416801292407107,
  "69": 0.8432956381260095,
  "70": 0.8449111470113083,
  "71": 0.8513731825525038,
  "72": 0.8578352180936993,
  "73": 0.8594507269789982,
  "74": 0.8659127625201937,
  "75": 0.873990306946688,
  "76": 0.8756058158319868,
  "77": 0.8820678513731823,
  "78": 0.8869143780290789,
  "79": 0.8901453957996767,
  "80": 0.8998384491114699,
  "81": 0.9030694668820677,
  "82": 0.9046849757673665,
  "83": 0.9079159935379643,
  "85": 0.911147011308562,
  "86": 0.9127625201938608,
  "87": 0.9143780290791597,
  "88": 0.9159935379644585,
  "89": 0.9176090468497573,
  "90": 0.9208400646203551,
  "91": 0.9240710823909528,
  "93": 0.9256865912762516,
  "94": 0.9273021001615505,
  "96": 0.9305331179321482,
  "97": 0.932148626817447,
  "101": 0.9337641357027459,
  "103": 0.9386106623586424,
  "104": 0.9402261712439413,
  "106": 0.943457189014539,
  "109": 0.9450726978998378,
  "110": 0.9466882067851367,
  "114": 0.9483037156704355,
  "115": 0.9499192245557343,
  "116": 0.9515347334410331,
  "117": 0.9531502423263319,
  "118": 0.9563812600969297,
  "119": 0.9579967689822285,
  "120": 0.9612277867528263,
  "123": 0.9628432956381251,
  "124": 0.9660743134087229,
  "126": 0.9676898222940217,
  "127": 0.9693053311793205,
  "129": 0.9709208400646193,
  "130": 0.9725363489499181,
  "132": 0.974151857835217,
  "133": 0.9773828756058147,
  "134": 0.9789983844911135,
  "136": 0.9806138933764124,
  "137": 0.9822294022617112,
  "138": 0.9854604200323089,
  "139": 0.9870759289176078,
  "142": 0.9886914378029066,
  "147": 0.9903069466882054,
  "151": 0.9919224555735042,
  "152": 0.993537964458803,
  "160": 0.9951534733441019,
  "164": 0.9967689822294007,
  "179": 0.9983844911146995,
  "190": 0.9999999999999983
}