{
  "2": 0.036193029490616625,
  "3": 0.08445040214477212,
  "4": 0.12466487935656836,
  "5": 0.15951742627345844,
  "6": 0.18900804289544235,
  "7": 0.21447721179624663,
  "8": 0.24128686327077745,
  "9": 0.2694369973190348,
  "10": 0.3002680965147453,
  "11": 0.3230563002680965,
  "12": 0.339142091152815,
  "13": 0.3552278820375335,
  "14": 0.36595174262734587,
  "15": 0.38069705093833783,
  "16": 0.39410187667560326,
  "17": 0.40616621983914214,
  "18": 0.4115281501340483,
  "19": 0.41554959785522794,
  "20": 0.4235924932975872,
  "21": 0.4356568364611261,
  "22": 0.45442359249329767,
  "23": 0.46380697050938346,
  "24": 0.479892761394102,
  "25": 0.49195710455764086,
  "26": 0.5053619302949063,
  "27": 0.5134048257372655,
  "28": 0.5214477211796248,
  "29": 0.5281501340482575,
  "30": 0.5335120643431637,
  "31": 0.5375335120643433,
  "32": 0.544235924932976,
  "33": 0.5522788203753353,
  "34": 0.5656836461126007,
  "35": 0.5710455764075069,
  "36": 0.5750670241286865,
  "37": 0.5844504021447723,
  "38": 0.5898123324396785,
  "39": 0.5978552278820377,
  "40": 0.605898123324397,
  "41": 0.6112600536193031,
  "42": 0.6206434316353889,
  "43": 0.6367292225201074,
  "44": 0.6474530831099198,
  "45": 0.6541554959785525,
  "46": 0.6675603217158179,
  "47": 0.670241286863271,
  "48": 0.6796246648793568,
  "49": 0.6836461126005364,
  "50": 0.687667560321716,
  "51": 0.6890080428954426,
  "52": 0.6903485254691691,
  "53": 0.6930294906166222,
  "54": 0.6970509383378019,
  "55": 0.7010723860589815,
  "56": 0.7037533512064346,
  "57": 0.7131367292225204,
  "58": 0.7144772117962469,
  "59": 0.7225201072386062,
  "60": 0.7252010723860592,
  "61": 0.7278820375335123,
  "62": 0.734584450402145,
  "63": 0.7399463806970512,
  "64": 0.7506702412868635,
  "65": 0.7520107238605901,
  "66": 0.7587131367292228,
  "67": 0.7667560321715821,
  "68": 0.7680965147453086,
  "70": 0.7747989276139413,
  "71": 0.7801608579088475,
  "72": 0.7828418230563006,
  "73": 0.7841823056300271,
  "74": 0.7895442359249333,
  "75": 0.7908847184986598,
  "77": 0.7949061662198394,
  "78": 0.796246648793566,
  "79": 0.7989276139410191,
  "80": 0.8042895442359252,
  "81": 0.8096514745308314,
  "82": 0.8123324396782845,
  "83": 0.8190348525469172,
  "84": 0.8230563002680968,
  "85": 0.8270777479892765,
  "86": 0.828418230563003,
  "87": 0.8297587131367296,
  "88": 0.8310991957104561,
  "89": 0.8324396782841826,
  "92": 0.8337801608579092,
  "93": 0.8351206434316357,
  "94": 0.8364611260053623,
  "95": 0.8404825737265419,
  "96": 0.8418230563002684,
  "97": 0.8445040214477215,
  "98": 0.8512064343163542,
  "99": 0.8538873994638073,
  "100": 0.8565683646112604,
  "102": 0.8592493297587135,
  "103": 0.8632707774798931,
  "104": 0.8713136729222524,
  "105": 0.8739946380697055,
  "106": 0.8780160857908851,
  "107": 0.8806970509383382,
  "108": 0.8820375335120647,
  "109": 0.8860589812332443,
  "110": 0.890080428954424,
  "112": 0.8941018766756036,
  "113": 0.8967828418230567,
  "115": 0.8994638069705098,
  "117": 0.9034852546916894,
  "120": 0.907506702412869,
  "121": 0.9101876675603221,
  "122": 0.9128686327077752,
  "124": 0.9155495978552283,
  "126": 0.9195710455764079,
  "127": 0.9209115281501344,
  "128": 0.922252010723861,
  "129": 0.9249329758713141,
  "130": 0.9262734584450406,
  "132": 0.9289544235924937,
  "133": 0.9302949061662202,
  "139": 0.9343163538873999,
  "142": 0.936997319034853,
  "144": 0.939678284182306,
  "145": 0.9410187667560326,
  "146": 0.9436997319034857,
  "147": 0.9450402144772122,
  "149": 0.9463806970509387,
  "150": 0.9477211796246653,
  "153": 0.9504021447721184,
  "155": 0.9517426273458449,
  "156": 0.9530831099195715,
  "157": 0.9557640750670245,
  "158": 0.9571045576407511,
  "162": 0.9584450402144776,
  "166": 0.9597855227882042,
  "169": 0.9611260053619307,
  "170": 0.9624664879356573,
  "172": 0.9651474530831103,
  "177": 0.9678284182305634,
  "178": 0.96916890080429,
  "181": 0.9705093833780165,
  "183": 0.971849865951743,
  "185": 0.9745308310991961,
  "188": 0.9758713136729227,
  "189": 0.9772117962466492,
  "190": 0.9825737265415554,
  "191": 0.9852546916890085,
  "193": 0.9879356568364616,
  "194": 0.9906166219839146,
  "196": 0.9919571045576412,
  "197": 0.9959785522788208,
  "198": 0.9973190348525474,
  "199": 0.9986595174262739,
  "200": 1.0000000000000004
}