{
  "2": 0.01142263759086189,
  "3": 0.06645898234683281,
  "4": 0.09345794392523364,
  "5": 0.12668743509865005,
  "6": 0.14849428868120457,
  "7": 0.17964693665628245,
  "8": 0.20456905503634476,
  "9": 0.2201453790238837,
  "10": 0.2367601246105919,
  "11": 0.2512980269989616,
  "12": 0.26687435098650053,
  "13": 0.28660436137071654,
  "14": 0.30321910695742477,
  "15": 0.31775700934579443,
  "16": 0.3302180685358256,
  "17": 0.33956386292834895,
  "18": 0.3499480789200416,
  "19": 0.36240913811007275,
  "20": 0.3717549325025961,
  "21": 0.37902388369678097,
  "22": 0.38629283489096583,
  "23": 0.3977154724818277,
  "24": 0.402907580477674,
  "25": 0.41536863966770515,
  "26": 0.42159916926272073,
  "27": 0.426791277258567,
  "28": 0.4330218068535826,
  "29": 0.44029075804776746,
  "31": 0.44652128764278304,
  "32": 0.4506749740394601,
  "33": 0.4600207684319835,
  "34": 0.47144340602284535,
  "35": 0.4776739356178609,
  "36": 0.4807892004153687,
  "37": 0.485981308411215,
  "38": 0.4911734164070613,
  "39": 0.49844236760124616,
  "40": 0.501557632398754,
  "41": 0.5046728971962617,
  "42": 0.5077881619937695,
  "43": 0.5150571131879543,
  "44": 0.5192107995846313,
  "45": 0.5223260643821391,
  "46": 0.5254413291796469,
  "47": 0.5379023883696781,
  "48": 0.5430944963655244,
  "49": 0.5472481827622014,
  "50": 0.54932502596054,
  "51": 0.5565939771547248,
  "52": 0.5597092419522326,
  "53": 0.5617860851505712,
  "54": 0.5638629283489097,
  "55": 0.5669781931464175,
  "56": 0.5680166147455867,
  "57": 0.5711318795430945,
  "58": 0.5732087227414331,
  "59": 0.5742471443406023,
  "60": 0.5784008307372793,
  "61": 0.5835929387331257,
  "62": 0.5898234683281413,
  "63": 0.5919003115264798,
  "64": 0.5960539979231568,
  "65": 0.5981308411214954,
  "66": 0.6012461059190032,
  "67": 0.6074766355140188,
  "69": 0.608515057113188,
  "70": 0.6116303219106958,
  "71": 0.6157840083073728,
  "72": 0.6178608515057114,
  "73": 0.6230529595015577,
  "74": 0.6240913811007269,
  "75": 0.6282450674974039,
  "76": 0.6303219106957425,
  "77": 0.6334371754932503,
  "78": 0.6365524402907581,
  "79": 0.6396677050882659,
  "80": 0.6427829698857737,
  "81": 0.6448598130841122,
  "82": 0.6490134994807892,
  "83": 0.6500519210799585,
  "84": 0.6531671858774662,
  "85": 0.656282450674974,
  "86": 0.660436137071651,
  "87": 0.6625129802699896,
  "88": 0.6687435098650052,
  "89": 0.6739356178608515,
  "90": 0.6760124610591901,
  "91": 0.6770508826583593,
  "92": 0.6801661474558671,
  "93": 0.6832814122533749,
  "94": 0.6853582554517135,
  "95": 0.6884735202492213,
  "96": 0.6895119418483905,
  "99": 0.6905503634475597,
  "100": 0.6915887850467289,
  "102": 0.6926272066458982,
  "105": 0.695742471443406,
  "107": 0.7009345794392523,
  "108": 0.7030114226375909,
  "110": 0.7040498442367601,
  "111": 0.7061266874350987,
  "112": 0.7092419522326064,
  "113": 0.7102803738317757,
  "114": 0.7113187954309449,
  "115": 0.7133956386292835,
  "117": 0.7165109034267912,
  "119": 0.7175493250259605,
  "120": 0.719626168224299,
  "121": 0.7206645898234683,
  "122": 0.723779854620976,
  "124": 0.7248182762201453,
  "125": 0.7258566978193145,
  "127": 0.7289719626168223,
  "128": 0.7300103842159915,
  "129": 0.7331256490134993,
  "130": 0.7362409138110071,
  "131": 0.7372793354101763,
  "132": 0.7383177570093455,
  "133": 0.7403946002076841,
  "136": 0.7414330218068533,
  "137": 0.7424714434060226,
  "138": 0.7445482866043611,
  "139": 0.7466251298026997,
  "140": 0.7476635514018689,
  "141": 0.7487019730010381,
  "142": 0.7497403946002074,
  "143": 0.7507788161993766,
  "144": 0.7528556593977151,
  "145": 0.7538940809968844,
  "146": 0.7559709241952229,
  "147": 0.7580477673935615,
  "150": 0.7601246105919001,
  "151": 0.7632398753894079,
  "152": 0.7642782969885771,
  "155": 0.7684319833852541,
  "156": 0.7694704049844233,
  "160": 0.7725856697819311,
  "162": 0.7746625129802697,
  "163": 0.7757009345794389,
  "165": 0.7767393561786081,
  "169": 0.7777777777777773,
  "170": 0.7788161993769466,
  "172": 0.7798546209761158,
  "174": 0.7819314641744544,
  "176": 0.7840083073727929,
  "177": 0.7860851505711315,
  "178": 0.7871235721703007,
  "181": 0.7902388369678085,
  "186": 0.7912772585669777,
  "187": 0.7933541017653163,
  "188": 0.7943925233644855,
  "191": 0.7954309449636547,
  "193": 0.7975077881619933,
  "195": 0.7995846313603319,
  "196": 0.8006230529595011,
  "198": 0.8016614745586703,
  "199": 0.8026998961578395,
  "200": 0.8037383177570088,
  "201": 0.804776739356178,
  "204": 0.8058151609553472,
  "205": 0.8068535825545164,
  "207": 0.8078920041536857,
  "208": 0.8089304257528549,
  "209": 0.8099688473520241,
  "210": 0.8110072689511933,
  "212": 0.8141225337487011,
  "216": 0.8151609553478704,
  "217": 0.8172377985462089,
  "222": 0.8193146417445475,
  "226": 0.8203530633437167,
  "227": 0.8213914849428859,
  "229": 0.8224299065420552,
  "230": 0.8234683281412244,
  "235": 0.8245067497403936,
  "236": 0.8265835929387322,
  "237": 0.8276220145379014,
  "238": 0.8286604361370706,
  "241": 0.8296988577362399,
  "244": 0.8317757009345784,
  "247": 0.8328141225337476,
  "249": 0.8348909657320862,
  "252": 0.8359293873312554,
  "255": 0.838006230529594,
  "256": 0.8390446521287632,
  "261": 0.8411214953271018,
  "263": 0.842159916926271,
  "264": 0.8431983385254402,
  "265": 0.8442367601246095,
  "267": 0.846313603322948,
  "269": 0.8473520249221173,
  "274": 0.8494288681204558,
  "277": 0.850467289719625,
  "278": 0.8525441329179636,
  "279": 0.8535825545171328,
  "281": 0.8556593977154714,
  "283": 0.8566978193146406,
  "286": 0.8577362409138098,
  "288": 0.8587746625129791,
  "291": 0.8629283489096561,
  "293": 0.8650051921079946,
  "294": 0.8660436137071639,
  "297": 0.8670820353063331,
  "298": 0.8691588785046717,
  "299": 0.8712357217030102,
  "302": 0.8722741433021794,
  "308": 0.8733125649013487,
  "310": 0.8764278296988565,
  "313": 0.878504672897195,
  "314": 0.8795430944963643,
  "316": 0.8816199376947028,
  "321": 0.882658359293872,
  "324": 0.8836967808930413,
  "325": 0.8847352024922105,
  "327": 0.8857736240913797,
  "333": 0.886812045690549,
  "334": 0.8878504672897182,
  "336": 0.8888888888888874,
  "337": 0.8899273104880566,
  "338": 0.8909657320872258,
  "343": 0.8920041536863951,
  "344": 0.8930425752855643,
  "345": 0.8940809968847335,
  "350": 0.8951194184839028,
  "352": 0.8971962616822413,
  "354": 0.8982346832814105,
  "356": 0.8992731048805798,
  "357": 0.900311526479749,
  "358": 0.9013499480789182,
  "359": 0.9023883696780874,
  "361": 0.9034267912772567,
  "366": 0.9055036344755952,
  "367": 0.9065420560747645,
  "370": 0.9075804776739337,
  "374": 0.9086188992731029,
  "375": 0.9096573208722721,
  "377": 0.9106957424714414,
  "382": 0.9117341640706106,
  "384": 0.9127725856697798,
  "388": 0.913811007268949,
  "389": 0.9148494288681183,
  "393": 0.9158878504672875,
  "394": 0.9169262720664567,
  "395": 0.9190031152647953,
  "399": 0.9200415368639645,
  "408": 0.9210799584631337,
  "412": 0.922118380062303,
  "413": 0.9231568016614722,
  "414": 0.9241952232606414,
  "421": 0.9252336448598106,
  "425": 0.9262720664589799,
  "428": 0.9283489096573184,
  "436": 0.9293873312564876,
  "442": 0.9304257528556569,
  "446": 0.9314641744548261,
  "447": 0.9325025960539953,
  "454": 0.9335410176531646,
  "460": 0.9345794392523338,
  "461": 0.935617860851503,
  "470": 0.9366562824506722,
  "475": 0.9376947040498415,
  "476": 0.93977154724818,
  "478": 0.9408099688473492,
  "487": 0.9418483904465185,
  "500": 0.943925233644857,
  "502": 0.9449636552440263,
  "503": 0.9470404984423648,
  "504": 0.9491173416407034,
  "512": 0.9501557632398726,
  "522": 0.9511941848390418,
  "526": 0.9522326064382111,
  "535": 0.9532710280373803,
  "549": 0.9543094496365495,
  "555": 0.9553478712357187,
  "556": 0.956386292834888,
  "560": 0.9574247144340572,
  "561": 0.9584631360332264,
  "563": 0.9595015576323956,
  "564": 0.9605399792315649,
  "569": 0.9615784008307341,