{
  "2": 0.306,
  "3": 0.509,
  "4": 0.61,
  "5": 0.6759999999999999,
  "6": 0.7569999999999999,
  "7": 0.821,
  "8": 0.835,
  "9": 0.873,
  "10": 0.927,
  "11": 0.934,
  "12": 0.9560000000000001,
  "13": 0.9720000000000001,
  "14": 0.9800000000000001,
  "15": 0.9930000000000001,
  "16": 0.9950000000000001,
  "17": 1.0
}