{
  "2": 0.04747320061255743,
  "3": 0.19142419601837674,
  "4": 0.27105666156202146,
  "5": 0.31546707503828486,
  "6": 0.3675344563552833,
  "7": 0.40888208269525267,
  "8": 0.450229709035222,
  "9": 0.4716692189892802,
  "10": 0.4823889739663093,
  "11": 0.4931087289433384,
  "12": 0.5084226646248086,
  "13": 0.5237366003062787,
  "14": 0.5451761102603369,
  "15": 0.5513016845329249,
  "16": 0.566615620214395,
  "17": 0.5788667687595711,
  "18": 0.5972434915773353,
  "19": 0.6110260336906583,
  "20": 0.6186830015313934,
  "21": 0.6217457886676875,
  "22": 0.6309341500765696,
  "23": 0.6355283307810107,
  "24": 0.6477794793261867,
  "25": 0.6569678407350689,
  "26": 0.663093415007657,
  "27": 0.6722817764165391,
  "28": 0.6830015313935682,
  "29": 0.6891271056661563,
  "30": 0.6967840735068914,
  "31": 0.7044410413476265,
  "32": 0.7075038284839206,
  "33": 0.7166921898928027,
  "34": 0.7258805513016848,
  "35": 0.7274119448698319,
  "36": 0.735068912710567,
  "37": 0.736600306278714,
  "38": 0.7473200612557431,
  "39": 0.7503828483920372,
  "40": 0.7519142419601842,
  "41": 0.7565084226646253,
  "42": 0.7641653905053604,
  "43": 0.7733537519142425,
  "44": 0.7779479326186836,
  "45": 0.7825421133231246,
  "46": 0.7886676875957127,
  "47": 0.7963246554364478,
  "48": 0.8009188361408889,
  "49": 0.807044410413477,
  "50": 0.8177641653905061,
  "51": 0.8208269525268002,
  "52": 0.8223583460949472,
  "53": 0.8269525267993882,
  "54": 0.8315467075038293,
  "55": 0.8407350689127114,
  "56": 0.8437978560490055,
  "57": 0.8483920367534465,
  "58": 0.8545176110260346,
  "59": 0.8575803981623287,
  "60": 0.8637059724349168,
  "61": 0.8683001531393578,
  "63": 0.87748851454824,
  "64": 0.880551301684534,
  "65": 0.882082695252681,
  "66": 0.8851454823889751,
  "67": 0.8912710566615631,
  "68": 0.8958652373660042,
  "69": 0.8973966309341512,
  "70": 0.8989280245022983,
  "71": 0.9035222052067393,
  "72": 0.9050535987748863,
  "73": 0.9096477794793274,
  "74": 0.9142419601837685,
  "75": 0.9157733537519155,
  "76": 0.9173047473200625,
  "77": 0.9203675344563566,
  "78": 0.9218989280245036,
  "79": 0.9249617151607976,
  "81": 0.9280245022970917,
  "82": 0.9295558958652387,
  "83": 0.9310872894333857,
  "84": 0.9326186830015327,
  "86": 0.9356814701378268,
  "89": 0.9372128637059738,
  "92": 0.9433384379785619,
  "93": 0.9448698315467089,
  "94": 0.9464012251148559,
  "95": 0.9479326186830029,
  "97": 0.94946401225115,
  "99": 0.950995405819297,
  "100": 0.952526799387444,
  "101": 0.955589586523738,
  "103": 0.9586523736600321,
  "104": 0.9601837672281791,
  "105": 0.9617151607963261,
  "106": 0.9632465543644732,
  "112": 0.9647779479326202,
  "113": 0.9678407350689142,
  "115": 0.9693721286370612,
  "118": 0.9724349157733553,
  "119": 0.9739663093415023,
  "120": 0.9754977029096493,
  "124": 0.9770290964777963,
  "126": 0.9785604900459434,
  "137": 0.9800918836140904,
  "139": 0.9816232771822374,
  "142": 0.9831546707503844,
  "145": 0.9846860643185315,
  "146": 0.9892802450229725,
  "148": 0.9908116385911195,
  "154": 0.9923430321592666,
  "157": 0.9938744257274136,
  "168": 0.9954058192955606,
  "170": 0.9969372128637076,
  "174": 0.9984686064318546,
  "180": 1.0000000000000016
}