{
  "2": 0.10483870967741936,
  "3": 0.21975806451612903,
  "4": 0.2762096774193548,
  "5": 0.32661290322580644,
  "6": 0.3719758064516129,
  "7": 0.3971774193548387,
  "8": 0.41129032258064513,
  "9": 0.4344758064516129,
  "10": 0.4536290322580645,
  "11": 0.47076612903225806,
  "12": 0.48588709677419356,
  "13": 0.5080645161290323,
  "14": 0.5221774193548387,
  "15": 0.5554435483870968,
  "16": 0.5705645161290323,
  "17": 0.5846774193548387,
  "18": 0.6088709677419355,
  "19": 0.6290322580645161,
  "20": 0.6502016129032258,
  "21": 0.6844758064516129,
  "22": 0.7056451612903225,
  "23": 0.7308467741935483,
  "24": 0.7469758064516128,
  "25": 0.7570564516129031,
  "26": 0.7620967741935483,
  "27": 0.7671370967741934,
  "28": 0.7752016129032256,
  "29": 0.7782258064516128,
  "30": 0.784274193548387,
  "31": 0.785282258064516,
  "32": 0.8084677419354838,
  "33": 0.8286290322580644,
  "34": 0.8427419354838709,
  "35": 0.847782258064516,
  "36": 0.8538306451612903,
  "37": 0.8598790322580645,
  "38": 0.8639112903225806,
  "39": 0.8679435483870968,
  "40": 0.8709677419354839,
  "41": 0.876008064516129,
  "42": 0.8790322580645161,
  "43": 0.8800403225806451,
  "45": 0.8810483870967741,
  "47": 0.8830645161290323,
  "48": 0.8850806451612904,
  "51": 0.8881048387096775,
  "52": 0.8931451612903226,
  "53": 0.8961693548387097,
  "54": 0.8971774193548387,
  "56": 0.9002016129032259,
  "57": 0.903225806451613,
  "58": 0.9072580645161291,
  "59": 0.9133064516129034,
  "60": 0.9153225806451615,
  "61": 0.9163306451612905,
  "62": 0.9173387096774195,
  "64": 0.9183467741935485,
  "65": 0.9193548387096775,
  "66": 0.9203629032258065,
  "67": 0.9213709677419355,
  "68": 0.9233870967741936,
  "69": 0.9264112903225807,
  "70": 0.9294354838709679,
  "71": 0.933467741935484,
  "72": 0.9354838709677421,
  "73": 0.9364919354838711,
  "74": 0.9425403225806454,
  "75": 0.9455645161290325,
  "76": 0.9506048387096776,
  "77": 0.9546370967741937,
  "78": 0.9596774193548389,
  "80": 0.9606854838709679,
  "81": 0.962701612903226,
  "82": 0.963709677419355,
  "84": 0.9657258064516131,
  "85": 0.9667338709677421,
  "86": 0.9687500000000002,
  "87": 0.9697580645161292,
  "88": 0.9707661290322582,
  "90": 0.9747983870967744,
  "92": 0.9768145161290325,
  "93": 0.9788306451612906,
  "94": 0.9798387096774196,
  "95": 0.9818548387096777,
  "96": 0.9828629032258067,
  "97": 0.9858870967741938,
  "98": 0.9868951612903228,
  "99": 0.988911290322581,
  "100": 0.98991935483871,
  "101": 0.9919354838709681,
  "102": 0.9929435483870971,
  "111": 0.9939516129032261,
  "129": 0.9949596774193551,
  "132": 0.9959677419354841,
  "140": 0.9969758064516131,
  "172": 0.9979838709677421,
  "184": 0.9989919354838711,
  "191": 1.0000000000000002
}