{
  "2": 0.03142857142857143,
  "3": 0.05285714285714286,
  "4": 0.08571428571428572,
  "5": 0.11142857142857143,
  "6": 0.14714285714285713,
  "7": 0.17857142857142855,
  "8": 0.2157142857142857,
  "9": 0.23428571428571426,
  "10": 0.24857142857142855,
  "11": 0.2671428571428571,
  "12": 0.28428571428571425,
  "13": 0.29857142857142854,
  "14": 0.31571428571428567,
  "15": 0.3285714285714285,
  "16": 0.3499999999999999,
  "17": 0.3585714285714285,
  "18": 0.37142857142857133,
  "19": 0.37714285714285706,
  "20": 0.3899999999999999,
  "21": 0.3999999999999999,
  "22": 0.4142857142857142,
  "23": 0.43142857142857133,
  "24": 0.44857142857142845,
  "25": 0.457142857142857,
  "26": 0.467142857142857,
  "27": 0.47714285714285704,
  "28": 0.4899999999999999,
  "29": 0.5028571428571428,
  "30": 0.5128571428571428,
  "31": 0.5171428571428571,
  "32": 0.5271428571428571,
  "33": 0.54,
  "34": 0.55,
  "35": 0.5571428571428572,
  "36": 0.5642857142857143,
  "37": 0.57,
  "38": 0.5771428571428571,
  "39": 0.58,
  "40": 0.5871428571428571,
  "41": 0.5942857142857142,
  "42": 0.6057142857142856,
  "43": 0.6085714285714285,
  "44": 0.6142857142857142,
  "45": 0.6228571428571428,
  "46": 0.6328571428571428,
  "47": 0.6414285714285713,
  "48": 0.6442857142857142,
  "49": 0.6514285714285714,
  "50": 0.6585714285714285,
  "51": 0.6599999999999999,
  "52": 0.6614285714285714,
  "53": 0.6699999999999999,
  "54": 0.6785714285714285,
  "55": 0.6799999999999999,
  "56": 0.6885714285714285,
  "57": 0.6971428571428571,
  "58": 0.7028571428571427,
  "59": 0.7042857142857142,
  "60": 0.7085714285714285,
  "61": 0.7128571428571429,
  "62": 0.72,
  "63": 0.7228571428571429,
  "64": 0.7271428571428572,
  "65": 0.7342857142857143,
  "66": 0.74,
  "67": 0.7428571428571429,
  "68": 0.7457142857142858,
  "69": 0.7500000000000001,
  "71": 0.7557142857142858,
  "72": 0.7585714285714287,
  "73": 0.7642857142857143,
  "74": 0.7685714285714287,
  "75": 0.7700000000000001,
  "76": 0.7757142857142858,
  "77": 0.7800000000000001,
  "78": 0.7814285714285716,
  "79": 0.7842857142857145,
  "80": 0.7900000000000001,
  "81": 0.792857142857143,
  "82": 0.7985714285714287,
  "83": 0.8057142857142858,
  "84": 0.8085714285714287,
  "85": 0.8100000000000002,
  "86": 0.8157142857142858,
  "88": 0.8171428571428573,
  "89": 0.8200000000000002,
  "90": 0.8228571428571431,
  "91": 0.8271428571428574,
  "92": 0.8285714285714288,
  "93": 0.8300000000000003,
  "94": 0.8314285714285717,
  "95": 0.8328571428571432,
  "97": 0.8371428571428575,
  "98": 0.8414285714285719,
  "99": 0.8457142857142862,
  "102": 0.8514285714285719,
  "103": 0.8542857142857148,
  "104": 0.8557142857142862,
  "105": 0.8585714285714291,
  "106": 0.8628571428571434,
  "107": 0.8685714285714291,
  "108": 0.871428571428572,
  "109": 0.8728571428571434,
  "111": 0.8742857142857149,
  "112": 0.8771428571428578,
  "113": 0.8800000000000007,
  "114": 0.8814285714285721,
  "115": 0.8871428571428578,
  "117": 0.8900000000000007,
  "119": 0.8914285714285721,
  "120": 0.894285714285715,
  "121": 0.8957142857142865,
  "122": 0.9014285714285721,
  "124": 0.9057142857142865,
  "125": 0.9085714285714294,
  "127": 0.9114285714285723,
  "128": 0.9142857142857151,
  "129": 0.9157142857142866,
  "131": 0.917142857142858,
  "132": 0.9185714285714295,
  "133": 0.9228571428571438,
  "134": 0.9242857142857153,
  "135": 0.9271428571428582,
  "136": 0.930000000000001,
  "137": 0.9314285714285725,
  "138": 0.9357142857142868,
  "139": 0.9385714285714297,
  "141": 0.9400000000000012,
  "142": 0.9414285714285726,
  "143": 0.9428571428571441,
  "147": 0.9471428571428584,
  "150": 0.9485714285714298,
  "151": 0.9500000000000013,
  "152": 0.9514285714285727,
  "153": 0.9528571428571442,
  "154": 0.9542857142857156,
  "155": 0.9557142857142871,
  "156": 0.95857142857143,
  "157": 0.9600000000000014,
  "158": 0.9614285714285729,
  "160": 0.9628571428571443,
  "161": 0.9642857142857157,
  "162": 0.9685714285714301,
  "164": 0.9700000000000015,
  "166": 0.9728571428571444,
  "167": 0.9742857142857159,
  "168": 0.9757142857142873,
  "169": 0.9771428571428588,
  "170": 0.9785714285714302,
  "171": 0.9814285714285731,
  "175": 0.9828571428571445,
  "176": 0.984285714285716,
  "182": 0.9871428571428589,
  "184": 0.9900000000000018,
  "189": 0.9914285714285732,
  "190": 0.9928571428571447,
  "192": 0.9957142857142876,
  "194": 0.997142857142859,
  "197": 0.9985714285714304,
  "199": 1.0000000000000018
}