{
  "random_num_paths_missing": 25,
  "averageOutDegree": 10.736930860033727,
  "averageInDegree": 10.736930860033727,
  "decentralized_average_decentralized_path_length": 67.60994475138122,
  "decentralized_num_paths_found": 905,
  "decentralized_average_num_unique_nodes": 41.05524861878453,
  "averagePathLength": 2.8766264285360905,
  "selfLinks": 3,
  "numEdges": 6367,
  "decentralized_num_paths_missing": 95,
  "random_num_paths_found": 975,
  "random_average_num_unique_nodes": 60.98358974358975,
  "numNodes": 593,
  "random_average_decentralized_path_length": 70.24410256410256
}