{
  "averagePathLength": 2.8766264285360905,
  "numEdges": 6367,
  "averageInDegree": 10.736930860033727,
  "decentralized": {
    "num_paths_found": 903,
    "num_paths_missing": 97,
    "average_decentralized_path_length": 71.79955703211517,
    "average_num_unique_nodes": 43.53045404208195
  },
  "averageOutDegree": 10.736930860033727,
  "selfLinks": 3,
  "numNodes": 593
}