{
  "random_num_paths_missing": 76,
  "averageOutDegree": 6.494949494949495,
  "averageInDegree": 6.494949494949495,
  "decentralized_average_decentralized_path_length": 101.40029542097489,
  "decentralized_num_paths_found": 677,
  "decentralized_average_num_unique_nodes": 54.27769571639586,
  "averagePathLength": 3.7534100300295385,
  "selfLinks": 9,
  "numEdges": 11574,
  "decentralized_num_paths_missing": 323,
  "random_num_paths_found": 924,
  "random_average_num_unique_nodes": 158.96645021645023,
  "numNodes": 1782,
  "random_average_decentralized_path_length": 207.15800865800867
}