{
  "numNodes": 184,
  "numEdges": 1176,
  "averageInDegree": 6.391304347826087,
  "decentralized": {
    "average_decentralized_path_length": 15.735571878279119,
    "num_paths_found": 953,
    "num_paths_missing": 47,
    "average_num_unique_nodes": 11.444910807974816
  },
  "averageOutDegree": 6.391304347826087,
  "averagePathLength": 2.6789473684210527,
  "selfLinks": 1
}