{
  "2": 0.12895377128953772,
  "3": 0.26034063260340634,
  "4": 0.35036496350364965,
  "5": 0.4209245742092458,
  "6": 0.4963503649635037,
  "7": 0.5279805352798054,
  "8": 0.5839416058394161,
  "9": 0.6569343065693432,
  "10": 0.710462287104623,
  "11": 0.761557177615572,
  "12": 0.8150851581508518,
  "13": 0.8442822384428226,
  "14": 0.8686131386861315,
  "15": 0.880778588807786,
  "16": 0.8880778588807787,
  "17": 0.9099756690997568,
  "18": 0.9318734793187349,
  "19": 0.953771289537713,
  "20": 0.9683698296836983,
  "21": 0.975669099756691,
  "22": 0.9829683698296837,
  "23": 0.9854014598540146,
  "24": 0.9878345498783455,
  "25": 0.9927007299270073,
  "26": 0.9951338199513382,
  "27": 0.9975669099756691,
  "28": 1.0
}