{
  "2": 0.04149377593360996,
  "3": 0.11618257261410789,
  "4": 0.1670124481327801,
  "5": 0.2136929460580913,
  "6": 0.258298755186722,
  "7": 0.2894190871369295,
  "8": 0.32676348547717843,
  "9": 0.34854771784232363,
  "10": 0.36618257261410786,
  "11": 0.3921161825726141,
  "12": 0.41493775933609955,
  "13": 0.4356846473029045,
  "14": 0.45331950207468874,
  "15": 0.4813278008298755,
  "16": 0.5020746887966805,
  "17": 0.524896265560166,
  "18": 0.5446058091286308,
  "19": 0.5591286307053942,
  "20": 0.5674273858921162,
  "21": 0.5778008298755186,
  "22": 0.5902489626556016,
  "23": 0.6058091286307052,
  "24": 0.6192946058091284,
  "25": 0.6265560165975101,
  "26": 0.6348547717842321,
  "27": 0.6431535269709541,
  "28": 0.6524896265560163,
  "29": 0.659751037344398,
  "30": 0.6628630705394187,
  "31": 0.6742738589211614,
  "32": 0.6815352697095431,
  "33": 0.6887966804979249,
  "34": 0.6908713692946054,
  "35": 0.6960580912863066,
  "36": 0.7012448132780078,
  "37": 0.7095435684647298,
  "38": 0.7116182572614103,
  "39": 0.7178423236514517,
  "40": 0.7219917012448127,
  "41": 0.7251037344398334,
  "42": 0.7282157676348542,
  "43": 0.7313278008298749,
  "44": 0.7334024896265554,
  "45": 0.7365145228215761,
  "46": 0.7437759336099579,
  "47": 0.7458506224066384,
  "48": 0.7479253112033188,
  "49": 0.7510373443983396,
  "50": 0.7551867219917006,
  "51": 0.7593360995850615,
  "52": 0.7624481327800823,
  "53": 0.765560165975103,
  "54": 0.769709543568464,
  "55": 0.7707468879668042,
  "56": 0.7728215767634847,
  "57": 0.7748962655601652,
  "58": 0.7769709543568457,
  "59": 0.7790456431535262,
  "60": 0.7800829875518664,
  "61": 0.7842323651452274,
  "62": 0.7863070539419079,
  "63": 0.7935684647302896,
  "64": 0.7956431535269701,
  "65": 0.7966804979253104,
  "66": 0.7987551867219909,
  "67": 0.7997925311203311,
  "68": 0.8029045643153518,
  "69": 0.8080912863070531,
  "70": 0.8112033195020738,
  "71": 0.8143153526970945,
  "72": 0.8174273858921153,
  "73": 0.8184647302904555,
  "74": 0.820539419087136,
  "75": 0.8278008298755177,
  "76": 0.8298755186721982,
  "77": 0.8309128630705385,
  "79": 0.8350622406638994,
  "80": 0.8381742738589202,
  "81": 0.8402489626556007,
  "82": 0.8433609958506214,
  "83": 0.8454356846473019,
  "84": 0.8495850622406629,
  "85": 0.8516597510373434,
  "86": 0.8526970954356836,
  "87": 0.8558091286307044,
  "88": 0.8589211618257251,
  "90": 0.8609958506224056,
  "91": 0.8641078838174263,
  "92": 0.8661825726141068,
  "93": 0.8682572614107873,
  "94": 0.8692946058091275,
  "95": 0.8703319502074678,
  "96": 0.871369294605808,
  "97": 0.8765560165975093,
  "98": 0.8775933609958495,
  "99": 0.8807053941908702,
  "100": 0.883817427385891,
  "101": 0.8858921161825715,
  "103": 0.8869294605809117,
  "104": 0.8890041493775922,
  "105": 0.8900414937759324,
  "106": 0.8910788381742727,
  "107": 0.8931535269709532,
  "108": 0.8941908713692934,
  "109": 0.8952282157676337,
  "110": 0.8973029045643142,
  "111": 0.8983402489626544,
  "112": 0.8993775933609947,
  "113": 0.9014522821576751,
  "115": 0.9024896265560154,
  "116": 0.9045643153526959,
  "117": 0.9056016597510361,
  "118": 0.9107883817427374,
  "119": 0.9128630705394178,
  "120": 0.9139004149377581,
  "121": 0.9159751037344386,
  "123": 0.9170124481327788,
  "125": 0.9201244813277996,
  "126": 0.9232365145228203,
  "128": 0.9253112033195008,
  "129": 0.926348547717841,
  "130": 0.9294605809128618,
  "133": 0.930497925311202,
  "134": 0.9325726141078825,
  "135": 0.9356846473029032,
  "136": 0.9377593360995837,
  "137": 0.9398340248962642,
  "139": 0.9408713692946045,
  "141": 0.942946058091285,
  "142": 0.9439834024896252,
  "143": 0.9470954356846459,
  "144": 0.9481327800829862,
  "146": 0.9522821576763472,
  "147": 0.9543568464730277,
  "148": 0.9553941908713679,
  "151": 0.9564315352697081,
  "152": 0.9595435684647289,
  "153": 0.9605809128630691,
  "155": 0.9647302904564301,
  "156": 0.9657676348547704,
  "158": 0.9668049792531106,
  "160": 0.9678423236514508,
  "161": 0.9699170124481313,
  "162": 0.9730290456431521,
  "163": 0.977178423236513,
  "164": 0.9782157676348533,
  "165": 0.981327800829874,
  "174": 0.9823651452282143,
  "176": 0.9834024896265545,
  "177": 0.985477178423235,
  "179": 0.9865145228215753,
  "180": 0.9885892116182557,
  "182": 0.989626556016596,
  "183": 0.9906639004149362,
  "184": 0.9917012448132765,
  "185": 0.9927385892116167,
  "186": 0.993775933609957,
  "188": 0.9948132780082972,
  "193": 0.9968879668049777,
  "196": 0.997925311203318,
  "197": 0.9989626556016582,
  "199": 0.9999999999999984
}