{
  "2": 0.031201248049921998,
  "3": 0.07644305772230889,
  "4": 0.12012480499219969,
  "5": 0.14820592823712947,
  "6": 0.17628705148205925,
  "7": 0.20904836193447734,
  "8": 0.23556942277691104,
  "9": 0.25585023400936036,
  "10": 0.29017160686427457,
  "11": 0.31825273010920435,
  "12": 0.32917316692667703,
  "13": 0.3494539781591263,
  "14": 0.3650546021840873,
  "15": 0.3868954758190327,
  "16": 0.4149765990639625,
  "17": 0.4290171606864274,
  "18": 0.4446177847113884,
  "19": 0.4602184087363494,
  "20": 0.469578783151326,
  "21": 0.4789391575663026,
  "22": 0.49297971918876754,
  "23": 0.5054602184087363,
  "24": 0.514820592823713,
  "25": 0.5288611544461779,
  "26": 0.5382215288611545,
  "27": 0.5413416536661467,
  "28": 0.5475819032761311,
  "29": 0.5538221528861155,
  "30": 0.5631825273010921,
  "31": 0.5725429017160687,
  "32": 0.5881435257410297,
  "33": 0.5912636505460219,
  "34": 0.6006240249609985,
  "35": 0.6068642745709829,
  "36": 0.6131045241809673,
  "37": 0.6193447737909517,
  "38": 0.6287051482059283,
  "39": 0.6365054602184088,
  "40": 0.6443057722308894,
  "41": 0.6521060842433699,
  "42": 0.6583463338533543,
  "43": 0.6677067082683309,
  "44": 0.6770670826833075,
  "45": 0.6833073322932919,
  "46": 0.6911076443057724,
  "47": 0.6942277691107647,
  "48": 0.700468018720749,
  "49": 0.7082683307332296,
  "50": 0.714508580343214,
  "51": 0.7254290171606866,
  "52": 0.730109204368175,
  "53": 0.7363494539781593,
  "54": 0.7410296411856476,
  "55": 0.7457098283931359,
  "56": 0.747269890795632,
  "57": 0.7535101404056164,
  "58": 0.764430577223089,
  "59": 0.7659906396255851,
  "60": 0.7722308892355695,
  "61": 0.7815912636505461,
  "62": 0.7831513260530422,
  "63": 0.7878315132605305,
  "64": 0.795631825273011,
  "65": 0.7987519500780033,
  "66": 0.8034321372854916,
  "69": 0.8065522620904838,
  "70": 0.809672386895476,
  "71": 0.8127925117004683,
  "73": 0.8174726989079566,
  "74": 0.8205928237129488,
  "75": 0.8283931357254294,
  "76": 0.8346333853354138,
  "78": 0.8361934477379098,
  "79": 0.8393135725429021,
  "80": 0.8408736349453981,
  "82": 0.8424336973478942,
  "83": 0.8471138845553825,
  "84": 0.8486739469578786,
  "86": 0.8502340093603746,
  "87": 0.8517940717628707,
  "89": 0.8533541341653668,
  "90": 0.856474258970359,
  "91": 0.8580343213728551,
  "92": 0.8595943837753511,
  "93": 0.8627145085803434,
  "97": 0.8673946957878317,
  "98": 0.87207488299532,
  "99": 0.873634945397816,
  "100": 0.8751950078003121,
  "101": 0.8767550702028082,
  "102": 0.8783151326053042,
  "103": 0.8798751950078003,
  "104": 0.8845553822152886,
  "105": 0.8861154446177847,
  "107": 0.890795631825273,
  "108": 0.8923556942277691,
  "109": 0.8970358814352574,
  "110": 0.9001560062402496,
  "111": 0.9017160686427457,
  "112": 0.9032761310452417,
  "113": 0.9048361934477378,
  "114": 0.90795631825273,
  "116": 0.9095163806552261,
  "118": 0.9126365054602184,
  "119": 0.9141965678627144,
  "120": 0.9173166926677067,
  "121": 0.9188767550702027,
  "122": 0.921996879875195,
  "123": 0.9251170046801872,
  "124": 0.9282371294851794,
  "125": 0.9297971918876755,
  "126": 0.9313572542901716,
  "129": 0.9329173166926676,
  "131": 0.9360374414976599,
  "132": 0.937597503900156,
  "133": 0.939157566302652,
  "134": 0.9407176287051481,
  "135": 0.9438377535101403,
  "141": 0.9453978159126364,
  "142": 0.9469578783151325,
  "143": 0.9485179407176285,
  "145": 0.9500780031201246,
  "148": 0.9531981279251168,
  "149": 0.9547581903276129,
  "150": 0.956318252730109,
  "151": 0.957878315132605,
  "152": 0.9625585023400933,
  "155": 0.9641185647425894,
  "156": 0.9656786271450855,
  "158": 0.9672386895475815,
  "159": 0.9687987519500776,
  "161": 0.9703588143525737,
  "162": 0.9719188767550697,
  "167": 0.9734789391575658,
  "175": 0.9750390015600618,
  "177": 0.9781591263650541,
  "178": 0.9797191887675502,
  "179": 0.9812792511700462,
  "183": 0.9843993759750385,
  "184": 0.9859594383775345,
  "185": 0.9875195007800306,
  "186": 0.9890795631825267,
  "188": 0.9906396255850227,
  "189": 0.993759750390015,
  "191": 0.995319812792511,
  "193": 0.9968798751950071,
  "195": 0.9984399375975032,
  "199": 0.9999999999999992
}