{
  "2": 0.05268595041322314,
  "3": 0.11880165289256198,
  "4": 0.17458677685950413,
  "5": 0.23760330578512395,
  "6": 0.28202479338842973,
  "7": 0.3264462809917355,
  "8": 0.3677685950413223,
  "9": 0.39462809917355374,
  "10": 0.42458677685950413,
  "11": 0.4431818181818182,
  "12": 0.47417355371900827,
  "13": 0.49483471074380164,
  "14": 0.512396694214876,
  "15": 0.5237603305785123,
  "16": 0.5423553719008264,
  "17": 0.5640495867768595,
  "18": 0.5743801652892562,
  "19": 0.5857438016528925,
  "20": 0.5950413223140496,
  "21": 0.6043388429752067,
  "22": 0.6146694214876034,
  "23": 0.6250000000000001,
  "24": 0.6373966942148761,
  "25": 0.6497933884297521,
  "26": 0.6611570247933884,
  "27": 0.6725206611570248,
  "28": 0.6807851239669421,
  "29": 0.6859504132231404,
  "30": 0.6890495867768595,
  "31": 0.6952479338842975,
  "32": 0.7035123966942148,
  "33": 0.7076446280991735,
  "34": 0.7086776859504131,
  "35": 0.7148760330578512,
  "36": 0.7179752066115702,
  "37": 0.7221074380165289,
  "38": 0.7293388429752066,
  "39": 0.731404958677686,
  "41": 0.734504132231405,
  "42": 0.7386363636363636,
  "43": 0.7448347107438017,
  "44": 0.75,
  "45": 0.7541322314049587,
  "46": 0.7582644628099173,
  "47": 0.7603305785123967,
  "48": 0.7623966942148761,
  "49": 0.7634297520661157,
  "50": 0.7644628099173554,
  "51": 0.765495867768595,
  "52": 0.7665289256198347,
  "54": 0.768595041322314,
  "55": 0.7696280991735537,
  "56": 0.7716942148760331,
  "57": 0.7758264462809917,
  "58": 0.7768595041322314,
  "59": 0.7799586776859504,
  "60": 0.78099173553719,
  "61": 0.7851239669421487,
  "62": 0.7861570247933883,
  "64": 0.790289256198347,
  "65": 0.7913223140495866,
  "66": 0.793388429752066,
  "67": 0.796487603305785,
  "68": 0.7975206611570247,
  "69": 0.7995867768595041,
  "70": 0.8026859504132231,
  "71": 0.8047520661157025,
  "72": 0.8068181818181819,
  "73": 0.8088842975206613,
  "74": 0.8119834710743803,
  "75": 0.8150826446280993,
  "76": 0.8171487603305787,
  "77": 0.8212809917355374,
  "78": 0.8243801652892564,
  "79": 0.8264462809917358,
  "81": 0.8285123966942152,
  "82": 0.8316115702479342,
  "85": 0.8336776859504136,
  "86": 0.8409090909090913,
  "87": 0.8450413223140499,
  "88": 0.8460743801652896,
  "89": 0.848140495867769,
  "90": 0.851239669421488,
  "92": 0.8522727272727276,
  "93": 0.8553719008264467,
  "95": 0.857438016528926,
  "96": 0.8584710743801657,
  "97": 0.8595041322314053,
  "98": 0.8626033057851243,
  "99": 0.8646694214876037,
  "100": 0.8667355371900831,
  "101": 0.8698347107438021,
  "102": 0.8708677685950418,
  "103": 0.8770661157024798,
  "104": 0.8801652892561989,
  "105": 0.8811983471074385,
  "106": 0.8832644628099179,
  "107": 0.8853305785123973,
  "108": 0.8863636363636369,
  "109": 0.8894628099173559,
  "110": 0.8904958677685956,
  "112": 0.8915289256198352,
  "113": 0.8966942148760335,
  "114": 0.9018595041322318,
  "115": 0.9059917355371905,
  "117": 0.9070247933884301,
  "119": 0.9080578512396698,
  "120": 0.9121900826446284,
  "122": 0.9183884297520665,
  "123": 0.9214876033057855,
  "124": 0.9256198347107442,
  "126": 0.9266528925619838,
  "127": 0.9287190082644632,
  "128": 0.9297520661157028,
  "130": 0.9328512396694219,
  "133": 0.9349173553719012,
  "135": 0.9369834710743806,
  "137": 0.9380165289256203,
  "138": 0.9400826446280997,
  "139": 0.9411157024793393,
  "141": 0.9421487603305789,
  "142": 0.9442148760330583,
  "144": 0.945247933884298,
  "145": 0.9473140495867773,
  "146": 0.948347107438017,
  "147": 0.9504132231404964,
  "148": 0.951446280991736,
  "150": 0.9524793388429756,
  "151": 0.954545454545455,
  "152": 0.9566115702479344,
  "153": 0.9576446280991741,
  "154": 0.9597107438016534,
  "157": 0.9628099173553725,
  "158": 0.9648760330578519,
  "159": 0.9659090909090915,
  "160": 0.9669421487603311,
  "162": 0.9710743801652898,
  "163": 0.9721074380165294,
  "164": 0.9731404958677691,
  "166": 0.9741735537190087,
  "167": 0.9762396694214881,
  "168": 0.9772727272727277,
  "169": 0.9783057851239674,
  "170": 0.9803719008264468,
  "171": 0.9814049586776864,
  "173": 0.982438016528926,
  "176": 0.9834710743801657,
  "177": 0.9845041322314053,
  "178": 0.985537190082645,
  "179": 0.9865702479338846,
  "180": 0.9876033057851242,
  "181": 0.9886363636363639,
  "183": 0.9896694214876035,
  "184": 0.9907024793388431,
  "187": 0.9927685950413225,
  "188": 0.9938016528925622,
  "189": 0.9948347107438018,
  "190": 0.9958677685950414,
  "191": 0.9979338842975208,
  "192": 0.9989669421487605,
  "200": 1.0000000000000002
}