{
  "2": 0.03007518796992481,
  "3": 0.11278195488721804,
  "4": 0.21804511278195488,
  "5": 0.3233082706766917,
  "6": 0.3383458646616541,
  "7": 0.3684210526315789,
  "8": 0.38345864661654133,
  "9": 0.39849624060150374,
  "10": 0.45112781954887216,
  "11": 0.48872180451127817,
  "12": 0.5112781954887218,
  "13": 0.556390977443609,
  "14": 0.5714285714285714,
  "15": 0.6015037593984962,
  "16": 0.6240601503759398,
  "17": 0.6541353383458646,
  "19": 0.669172932330827,
  "20": 0.6917293233082706,
  "22": 0.7218045112781954,
  "23": 0.7293233082706767,
  "24": 0.7443609022556391,
  "25": 0.7518796992481203,
  "26": 0.7593984962406015,
  "27": 0.7819548872180451,
  "28": 0.7969924812030075,
  "29": 0.8120300751879699,
  "30": 0.8270676691729323,
  "31": 0.8421052631578947,
  "32": 0.849624060150376,
  "34": 0.8721804511278195,
  "36": 0.8796992481203008,
  "39": 0.887218045112782,
  "44": 0.8947368421052633,
  "45": 0.9022556390977445,
  "47": 0.9172932330827069,
  "50": 0.9248120300751881,
  "51": 0.9323308270676693,
  "52": 0.9398496240601506,
  "57": 0.9624060150375942,
  "59": 0.9699248120300754,
  "60": 0.9774436090225567,
  "83": 0.9849624060150379,
  "89": 0.9924812030075192,
  "109": 1.0000000000000004
}