{
  "2": 0.015517241379310345,
  "3": 0.0896551724137931,
  "4": 0.11896551724137931,
  "5": 0.14655172413793105,
  "6": 0.1706896551724138,
  "7": 0.20344827586206898,
  "8": 0.22586206896551725,
  "9": 0.25517241379310346,
  "10": 0.27413793103448275,
  "11": 0.29137931034482756,
  "12": 0.2982758620689655,
  "13": 0.3172413793103448,
  "14": 0.33965517241379306,
  "15": 0.35172413793103446,
  "16": 0.37241379310344824,
  "17": 0.38275862068965516,
  "18": 0.3982758620689655,
  "19": 0.4068965517241379,
  "20": 0.42241379310344823,
  "21": 0.43620689655172407,
  "22": 0.44827586206896547,
  "23": 0.46724137931034476,
  "24": 0.47931034482758617,
  "25": 0.4879310344827586,
  "26": 0.49482758620689654,
  "27": 0.5017241379310344,
  "28": 0.5103448275862068,
  "29": 0.5155172413793102,
  "30": 0.5224137931034482,
  "31": 0.536206896551724,
  "32": 0.5413793103448274,
  "33": 0.5431034482758619,
  "34": 0.5465517241379308,
  "35": 0.5517241379310343,
  "36": 0.5568965517241377,
  "37": 0.56551724137931,
  "38": 0.575862068965517,
  "39": 0.5844827586206893,
  "40": 0.5982758620689652,
  "41": 0.6034482758620686,
  "42": 0.608620689655172,
  "44": 0.6103448275862065,
  "45": 0.6155172413793099,
  "46": 0.6206896551724133,
  "47": 0.6310344827586202,
  "48": 0.6413793103448271,
  "49": 0.6499999999999995,
  "50": 0.6534482758620684,
  "51": 0.6586206896551718,
  "52": 0.6603448275862063,
  "53": 0.6637931034482752,
  "54": 0.6689655172413786,
  "55": 0.6706896551724131,
  "56": 0.677586206896551,
  "57": 0.6827586206896544,
  "58": 0.6879310344827578,
  "59": 0.6896551724137923,
  "60": 0.6913793103448267,
  "61": 0.6965517241379301,
  "62": 0.6999999999999991,
  "63": 0.703448275862068,
  "64": 0.7051724137931025,
  "65": 0.7103448275862059,
  "66": 0.7120689655172403,
  "67": 0.7189655172413782,
  "68": 0.7206896551724127,
  "69": 0.729310344827585,
  "70": 0.736206896551723,
  "71": 0.739655172413792,
  "72": 0.7448275862068954,
  "73": 0.7482758620689643,
  "75": 0.7534482758620678,
  "76": 0.7603448275862057,
  "77": 0.7637931034482747,
  "78": 0.7672413793103436,
  "79": 0.7689655172413781,
  "80": 0.775862068965516,
  "81": 0.779310344827585,
  "82": 0.7844827586206884,
  "83": 0.7913793103448263,
  "84": 0.7931034482758608,
  "85": 0.7999999999999987,
  "87": 0.8068965517241367,
  "88": 0.8120689655172401,
  "90": 0.8137931034482745,
  "91": 0.8224137931034469,
  "92": 0.8258620689655158,
  "93": 0.8310344827586192,
  "95": 0.8327586206896537,
  "97": 0.8344827586206881,
  "99": 0.8379310344827571,
  "100": 0.8465517241379295,
  "106": 0.8499999999999984,
  "107": 0.8534482758620674,
  "108": 0.8586206896551708,
  "109": 0.8603448275862052,
  "113": 0.8620689655172397,
  "114": 0.8655172413793086,
  "115": 0.8689655172413776,
  "117": 0.870689655172412,
  "118": 0.874137931034481,
  "120": 0.87758620689655,
  "121": 0.881034482758619,
  "122": 0.8862068965517224,
  "123": 0.8879310344827568,
  "124": 0.8896551724137912,
  "126": 0.8913793103448256,
  "127": 0.896551724137929,
  "128": 0.899999999999998,
  "129": 0.9017241379310325,
  "133": 0.9034482758620669,
  "134": 0.9068965517241359,
  "135": 0.9086206896551703,
  "136": 0.9103448275862047,
  "137": 0.9137931034482737,
  "142": 0.9155172413793081,
  "144": 0.9189655172413771,
  "145": 0.9224137931034461,
  "146": 0.9241379310344805,
  "147": 0.9275862068965495,
  "148": 0.9293103448275839,
  "149": 0.9327586206896529,
  "150": 0.9344827586206873,
  "151": 0.9362068965517217,
  "158": 0.9396551724137907,
  "159": 0.9413793103448251,
  "162": 0.9431034482758596,
  "166": 0.944827586206894,
  "167": 0.9465517241379284,
  "168": 0.9482758620689629,
  "169": 0.9499999999999973,
  "170": 0.9534482758620663,
  "172": 0.9551724137931007,
  "173": 0.9568965517241351,
  "175": 0.9603448275862041,
  "178": 0.967241379310342,
  "180": 0.970689655172411,
  "181": 0.9724137931034454,
  "183": 0.9758620689655144,
  "184": 0.9775862068965488,
  "185": 0.9793103448275833,
  "186": 0.9810344827586177,
  "190": 0.9844827586206867,
  "193": 0.9862068965517211,
  "194": 0.9896551724137901,
  "195": 0.9913793103448245,
  "196": 0.993103448275859,
  "197": 0.9948275862068934,
  "198": 0.9965517241379278,
  "199": 0.9999999999999968
}