{
  "2": 0.03404255319148936,
  "3": 0.08368794326241136,
  "4": 0.12056737588652483,
  "5": 0.16879432624113477,
  "6": 0.20283687943262413,
  "7": 0.24397163120567378,
  "8": 0.2680851063829787,
  "9": 0.28652482269503543,
  "10": 0.30780141843971626,
  "11": 0.32482269503546096,
  "12": 0.34751773049645385,
  "13": 0.3687943262411347,
  "14": 0.3858156028368794,
  "15": 0.4028368794326241,
  "16": 0.4241134751773049,
  "17": 0.4340425531914893,
  "18": 0.4567375886524822,
  "19": 0.4737588652482269,
  "20": 0.4879432624113475,
  "21": 0.49929078014184397,
  "22": 0.5148936170212766,
  "23": 0.5304964539007092,
  "24": 0.5446808510638298,
  "25": 0.5531914893617021,
  "26": 0.5617021276595745,
  "27": 0.5687943262411348,
  "28": 0.5773049645390071,
  "29": 0.5801418439716313,
  "30": 0.5886524822695036,
  "31": 0.5943262411347519,
  "32": 0.598581560283688,
  "33": 0.6042553191489363,
  "34": 0.6141843971631207,
  "35": 0.6184397163120569,
  "36": 0.6241134751773051,
  "37": 0.6312056737588654,
  "38": 0.6439716312056739,
  "39": 0.6496453900709221,
  "40": 0.6567375886524824,
  "41": 0.670921985815603,
  "42": 0.6836879432624116,
  "43": 0.6879432624113477,
  "44": 0.6978723404255321,
  "45": 0.7063829787234045,
  "46": 0.7120567375886527,
  "47": 0.7234042553191492,
  "48": 0.7304964539007095,
  "49": 0.7361702127659577,
  "50": 0.7446808510638301,
  "51": 0.7503546099290783,
  "52": 0.7588652482269507,
  "53": 0.7645390070921989,
  "54": 0.767375886524823,
  "55": 0.7702127659574471,
  "56": 0.7829787234042557,
  "57": 0.7872340425531918,
  "58": 0.790070921985816,
  "59": 0.7943262411347521,
  "60": 0.7957446808510642,
  "62": 0.8000000000000004,
  "63": 0.8014184397163124,
  "64": 0.8070921985815607,
  "65": 0.8113475177304968,
  "66": 0.8127659574468089,
  "67": 0.8170212765957451,
  "68": 0.8226950354609933,
  "69": 0.8297872340425536,
  "70": 0.8326241134751777,
  "71": 0.8340425531914898,
  "72": 0.838297872340426,
  "73": 0.8425531914893621,
  "74": 0.8468085106382983,
  "75": 0.8510638297872345,
  "76": 0.8581560283687948,
  "77": 0.8609929078014189,
  "79": 0.862411347517731,
  "80": 0.863829787234043,
  "81": 0.8652482269503551,
  "83": 0.8680851063829792,
  "85": 0.8709219858156033,
  "87": 0.8737588652482274,
  "88": 0.8780141843971636,
  "89": 0.8822695035460998,
  "91": 0.8836879432624118,
  "92": 0.8851063829787239,
  "93": 0.887943262411348,
  "95": 0.8921985815602842,
  "96": 0.8950354609929083,
  "97": 0.8978723404255324,
  "101": 0.9007092198581566,
  "102": 0.9021276595744686,
  "105": 0.9035460992907807,
  "106": 0.9049645390070927,
  "107": 0.9078014184397168,
  "108": 0.910638297872341,
  "109": 0.9134751773049651,
  "110": 0.9148936170212771,
  "111": 0.9177304964539013,
  "112": 0.9219858156028374,
  "113": 0.9248226950354616,
  "114": 0.9290780141843977,
  "115": 0.9319148936170218,
  "116": 0.9390070921985821,
  "117": 0.9404255319148942,
  "119": 0.9432624113475183,
  "122": 0.9446808510638304,
  "123": 0.9460992907801424,
  "124": 0.9489361702127665,
  "125": 0.9517730496453907,
  "126": 0.9531914893617027,
  "128": 0.9560283687943268,
  "129": 0.9617021276595751,
  "131": 0.9631205673758871,
  "132": 0.9659574468085113,
  "134": 0.9673758865248233,
  "140": 0.9687943262411354,
  "142": 0.9716312056737595,
  "143": 0.9730496453900715,
  "144": 0.9744680851063836,
  "145": 0.9758865248226957,
  "146": 0.9773049645390077,
  "147": 0.9787234042553198,
  "150": 0.9815602836879439,
  "153": 0.982978723404256,
  "154": 0.984397163120568,
  "155": 0.9858156028368801,
  "157": 0.9886524822695042,
  "160": 0.9900709219858163,
  "162": 0.9914893617021283,
  "177": 0.9929078014184404,
  "180": 0.9957446808510645,
  "182": 0.9985815602836886,
  "192": 1.0000000000000007
}