{
  "2": 0.02102496714848883,
  "3": 0.10775295663600526,
  "4": 0.18528252299605782,
  "5": 0.24441524310118268,
  "6": 0.2890932982917214,
  "7": 0.3088042049934297,
  "8": 0.3469119579500657,
  "9": 0.3731931668856767,
  "10": 0.42181340341655715,
  "11": 0.4559789750328515,
  "12": 0.47700394218134035,
  "13": 0.4980289093298292,
  "14": 0.5098554533508541,
  "15": 0.5203679369250985,
  "16": 0.5321944809461235,
  "17": 0.5413929040735874,
  "18": 0.5545335085413929,
  "19": 0.5637319316688568,
  "20": 0.5742444152431012,
  "21": 0.5913272010512484,
  "22": 0.6031537450722734,
  "23": 0.61892247043364,
  "24": 0.6254927726675428,
  "25": 0.6294349540078844,
  "26": 0.6320630749014455,
  "27": 0.6438896189224705,
  "28": 0.6530880420499344,
  "29": 0.6609724047306177,
  "30": 0.6701708278580816,
  "31": 0.6793692509855455,
  "32": 0.692509855453351,
  "33": 0.7003942181340342,
  "34": 0.7082785808147175,
  "35": 0.7161629434954008,
  "36": 0.7253613666228647,
  "37": 0.7306176084099869,
  "38": 0.7358738501971092,
  "39": 0.7424441524310119,
  "40": 0.7516425755584758,
  "41": 0.7529566360052563,
  "42": 0.7582128777923786,
  "43": 0.7608409986859397,
  "44": 0.7634691195795008,
  "45": 0.7647831800262813,
  "47": 0.7674113009198424,
  "48": 0.768725361366623,
  "49": 0.7713534822601841,
  "50": 0.7752956636005257,
  "51": 0.780551905387648,
  "52": 0.7871222076215507,
  "53": 0.7897503285151118,
  "54": 0.7950065703022341,
  "55": 0.7989487516425757,
  "56": 0.804204993429698,
  "57": 0.8107752956636007,
  "58": 0.8147174770039424,
  "59": 0.8212877792378451,
  "60": 0.8226018396846256,
  "61": 0.8265440210249673,
  "62": 0.8357424441524312,
  "63": 0.8383705650459923,
  "64": 0.8396846254927728,
  "66": 0.8423127463863339,
  "67": 0.844940867279895,
  "68": 0.8528252299605783,
  "69": 0.8620236530880422,
  "70": 0.8712220762155061,
  "71": 0.8725361366622866,
  "73": 0.8738501971090671,
  "74": 0.8777923784494087,
  "75": 0.8804204993429698,
  "76": 0.8817345597897503,
  "77": 0.885676741130092,
  "78": 0.8896189224704336,
  "80": 0.8922470433639947,
  "81": 0.8935611038107752,
  "82": 0.900131406044678,
  "83": 0.9014454664914585,
  "84": 0.902759526938239,
  "85": 0.9040735873850195,
  "86": 0.9067017082785807,
  "87": 0.9119579500657029,
  "88": 0.914586070959264,
  "89": 0.9159001314060445,
  "90": 0.9185282522996057,
  "91": 0.9211563731931668,
  "92": 0.9237844940867279,
  "95": 0.9250985545335084,
  "96": 0.9264126149802889,
  "98": 0.92904073587385,
  "101": 0.9329829172141917,
  "104": 0.9356110381077528,
  "105": 0.9369250985545333,
  "107": 0.9382391590013138,
  "110": 0.9395532194480943,
  "113": 0.9408672798948748,
  "117": 0.943495400788436,
  "126": 0.9448094612352165,
  "129": 0.946123521681997,
  "130": 0.9487516425755581,
  "131": 0.9513797634691192,
  "133": 0.9526938239158997,
  "137": 0.9540078843626802,
  "138": 0.9566360052562414,
  "141": 0.9579500657030219,
  "142": 0.9592641261498024,
  "146": 0.9605781865965829,
  "148": 0.9618922470433634,
  "149": 0.9632063074901439,
  "150": 0.965834428383705,
  "151": 0.9671484888304855,
  "152": 0.9710906701708272,
  "153": 0.9724047306176077,
  "154": 0.9750328515111688,
  "156": 0.9763469119579493,
  "157": 0.9776609724047298,
  "160": 0.980289093298291,
  "163": 0.9829172141918521,
  "164": 0.9842312746386326,
  "168": 0.9855453350854131,
  "170": 0.9868593955321936,
  "171": 0.9881734559789741,
  "173": 0.9894875164257546,
  "176": 0.9908015768725351,
  "178": 0.9934296977660962,
  "181": 0.9947437582128767,
  "189": 0.9960578186596573,
  "193": 0.9973718791064378,
  "198": 0.9986859395532183,
  "199": 0.9999999999999988
}