{
  "2": 0.03953147877013177,
  "3": 0.1698389458272328,
  "4": 0.23133235724743778,
  "5": 0.2796486090775988,
  "6": 0.30746705710102484,
  "7": 0.3557833089311859,
  "8": 0.38653001464128844,
  "9": 0.4128843338213763,
  "10": 0.4494875549048316,
  "11": 0.47730600292825764,
  "12": 0.4948755490483162,
  "13": 0.5124450951683748,
  "14": 0.5373352855051244,
  "15": 0.5461200585651538,
  "16": 0.5592972181551977,
  "17": 0.5739385065885798,
  "18": 0.5900439238653001,
  "19": 0.5988286969253294,
  "20": 0.6120058565153733,
  "21": 0.6251830161054173,
  "22": 0.6295754026354319,
  "23": 0.636896046852123,
  "24": 0.6427525622254758,
  "25": 0.6515373352855052,
  "26": 0.6632503660322109,
  "27": 0.6749633967789166,
  "28": 0.6852122986822841,
  "29": 0.6896046852122987,
  "30": 0.7086383601756955,
  "31": 0.7159590043923866,
  "32": 0.7232796486090777,
  "33": 0.732064421669107,
  "34": 0.7379209370424599,
  "35": 0.7467057101024892,
  "36": 0.7510980966325038,
  "37": 0.7540263543191803,
  "38": 0.7613469985358714,
  "39": 0.7672035139092243,
  "40": 0.7730600292825771,
  "41": 0.7833089311859446,
  "42": 0.7877013177159592,
  "43": 0.7906295754026356,
  "44": 0.800878477306003,
  "45": 0.8023426061493413,
  "47": 0.8081991215226941,
  "48": 0.8125915080527087,
  "49": 0.8184480234260616,
  "50": 0.8228404099560762,
  "51": 0.8243045387994145,
  "52": 0.8272327964860908,
  "53": 0.83601756954612,
  "54": 0.8404099560761347,
  "55": 0.8433382137628112,
  "56": 0.8462664714494876,
  "57": 0.8506588579795022,
  "58": 0.8550512445095169,
  "59": 0.8609077598828697,
  "60": 0.8667642752562226,
  "64": 0.8711566617862372,
  "65": 0.87701317715959,
  "66": 0.8784773060029283,
  "67": 0.8799414348462665,
  "68": 0.8843338213762811,
  "69": 0.8872620790629575,
  "70": 0.8887262079062958,
  "71": 0.890190336749634,
  "72": 0.8916544655929722,
  "73": 0.8931185944363105,
  "74": 0.896046852122987,
  "75": 0.8975109809663252,
  "76": 0.9004392386530016,
  "78": 0.9062957540263544,
  "80": 0.9077598828696927,
  "81": 0.9150805270863838,
  "82": 0.916544655929722,
  "83": 0.9180087847730602,
  "84": 0.9238653001464131,
  "85": 0.9253294289897513,
  "86": 0.9267935578330896,
  "88": 0.9311859443631042,
  "89": 0.9370424597364571,
  "90": 0.9385065885797953,
  "91": 0.9399707174231335,
  "92": 0.94289897510981,
  "93": 0.9458272327964865,
  "94": 0.9472913616398247,
  "96": 0.948755490483163,
  "98": 0.9502196193265012,
  "100": 0.9546120058565158,
  "102": 0.9560761346998541,
  "104": 0.9575402635431923,
  "105": 0.9590043923865306,
  "106": 0.9604685212298688,
  "107": 0.961932650073207,
  "110": 0.9648609077598835,
  "111": 0.9663250366032218,
  "112": 0.96778916544656,
  "113": 0.9692532942898983,
  "114": 0.9721815519765746,
  "116": 0.9736456808199129,
  "117": 0.9765739385065892,
  "118": 0.9795021961932657,
  "121": 0.980966325036604,
  "122": 0.9824304538799422,
  "126": 0.9838945827232805,
  "130": 0.9853587115666187,
  "140": 0.9868228404099569,
  "149": 0.9897510980966333,
  "155": 0.9926793557833098,
  "158": 0.994143484626648,
  "161": 0.9956076134699863,
  "165": 0.9970717423133245,
  "174": 0.9985358711566628,
  "189": 1.0000000000000009
}