{
  "2": 0.07796257796257797,
  "3": 0.14033264033264034,
  "4": 0.17983367983367984,
  "5": 0.21621621621621623,
  "6": 0.24844074844074845,
  "7": 0.2785862785862786,
  "8": 0.3076923076923077,
  "9": 0.340956340956341,
  "10": 0.36382536382536385,
  "11": 0.3856548856548857,
  "12": 0.4137214137214138,
  "13": 0.43659043659043667,
  "14": 0.45426195426195437,
  "15": 0.47401247401247415,
  "16": 0.48440748440748455,
  "17": 0.5020790020790022,
  "18": 0.5114345114345116,
  "19": 0.5270270270270272,
  "20": 0.5363825363825365,
  "21": 0.5530145530145532,
  "22": 0.5706860706860708,
  "23": 0.5883575883575884,
  "24": 0.6008316008316009,
  "25": 0.6185031185031186,
  "26": 0.628898128898129,
  "27": 0.6392931392931394,
  "28": 0.6486486486486487,
  "29": 0.658004158004158,
  "30": 0.6673596673596673,
  "31": 0.6715176715176715,
  "32": 0.686070686070686,
  "33": 0.6985446985446985,
  "34": 0.713097713097713,
  "35": 0.7193347193347193,
  "36": 0.7234927234927234,
  "37": 0.7318087318087317,
  "38": 0.7432432432432432,
  "39": 0.7515592515592515,
  "40": 0.7619542619542619,
  "41": 0.7681912681912682,
  "42": 0.7723492723492723,
  "43": 0.7765072765072765,
  "44": 0.7796257796257796,
  "45": 0.7848232848232848,
  "46": 0.7920997920997921,
  "47": 0.7952182952182952,
  "48": 0.8014553014553014,
  "49": 0.8066528066528066,
  "50": 0.8097713097713097,
  "51": 0.8118503118503118,
  "52": 0.8170478170478169,
  "53": 0.8180873180873179,
  "54": 0.8232848232848231,
  "55": 0.8243243243243241,
  "56": 0.8274428274428273,
  "57": 0.8326403326403324,
  "58": 0.8347193347193345,
  "59": 0.8388773388773386,
  "60": 0.8399168399168396,
  "61": 0.8440748440748438,
  "62": 0.8471933471933469,
  "63": 0.8503118503118501,
  "64": 0.8513513513513511,
  "65": 0.8534303534303531,
  "66": 0.8565488565488563,
  "68": 0.8607068607068604,
  "69": 0.8659043659043656,
  "70": 0.8690228690228687,
  "71": 0.875259875259875,
  "72": 0.8783783783783782,
  "73": 0.8825363825363823,
  "74": 0.8835758835758833,
  "75": 0.8856548856548854,
  "77": 0.8877338877338874,
  "79": 0.8929313929313926,
  "80": 0.8939708939708936,
  "81": 0.8960498960498957,
  "82": 0.8970893970893967,
  "84": 0.9002079002078999,
  "85": 0.902286902286902,
  "86": 0.9074844074844072,
  "87": 0.9116424116424113,
  "88": 0.9126819126819123,
  "89": 0.9147609147609144,
  "90": 0.9158004158004154,
  "92": 0.9168399168399164,
  "94": 0.9220374220374216,
  "95": 0.9251559251559247,
  "96": 0.9293139293139289,
  "98": 0.931392931392931,
  "99": 0.9365904365904362,
  "100": 0.9386694386694383,
  "102": 0.9397089397089393,
  "103": 0.9417879417879413,
  "104": 0.9438669438669434,
  "107": 0.9459459459459454,
  "108": 0.9480249480249474,
  "109": 0.9501039501039494,
  "110": 0.9511434511434504,
  "111": 0.9521829521829515,
  "112": 0.9542619542619535,
  "116": 0.9553014553014545,
  "118": 0.9563409563409555,
  "119": 0.9584199584199575,
  "122": 0.9594594594594585,
  "124": 0.9636174636174627,
  "125": 0.9646569646569637,
  "126": 0.9656964656964647,
  "128": 0.9667359667359657,
  "129": 0.9677754677754667,
  "132": 0.9688149688149678,
  "133": 0.9698544698544688,
  "135": 0.9708939708939698,
  "137": 0.9740124740124729,
  "138": 0.9750519750519739,
  "140": 0.976091476091475,
  "141": 0.977130977130976,
  "146": 0.978170478170477,
  "148": 0.979209979209978,
  "151": 0.980249480249479,
  "157": 0.98128898128898,
  "159": 0.983367983367982,
  "160": 0.984407484407483,
  "163": 0.9854469854469841,
  "170": 0.9864864864864851,
  "172": 0.9885654885654871,
  "175": 0.9896049896049881,
  "176": 0.9906444906444891,
  "178": 0.9916839916839901,
  "181": 0.9927234927234911,
  "182": 0.9937629937629922,
  "184": 0.9948024948024932,
  "189": 0.9958419958419942,
  "190": 0.9968814968814952,
  "198": 0.9989604989604972,
  "200": 0.9999999999999982
}