{
  "2": 0.0254323499491353,
  "3": 0.0762970498474059,
  "4": 0.11597151576805698,
  "5": 0.14547304170905392,
  "6": 0.1770091556459817,
  "7": 0.20040691759918616,
  "8": 0.2278738555442523,
  "9": 0.2522889114954222,
  "10": 0.2746693794506613,
  "11": 0.3031536113936928,
  "12": 0.32655137334689727,
  "13": 0.34181078331637843,
  "14": 0.34994913530010174,
  "15": 0.3611393692777213,
  "16": 0.38657171922685657,
  "17": 0.40284842319430314,
  "18": 0.4160732451678535,
  "19": 0.427263479145473,
  "20": 0.43438453713123093,
  "21": 0.4496439471007121,
  "22": 0.46286876907426244,
  "23": 0.4760935910478128,
  "24": 0.4862665310274669,
  "25": 0.49542217700915564,
  "26": 0.5055951169888098,
  "27": 0.5106815869786369,
  "28": 0.515768056968464,
  "29": 0.520854526958291,
  "30": 0.5269582909460835,
  "31": 0.5310274669379451,
  "32": 0.538148524923703,
  "33": 0.5452695829094609,
  "34": 0.5564598168870805,
  "35": 0.5635808748728384,
  "36": 0.5707019328585963,
  "37": 0.5727365208545271,
  "38": 0.5778229908443542,
  "39": 0.5808748728382505,
  "40": 0.5859613428280775,
  "41": 0.5890132248219738,
  "42": 0.5940996948118009,
  "43": 0.599186164801628,
  "44": 0.6032553407934896,
  "45": 0.6073245167853513,
  "46": 0.61648016276704,
  "47": 0.6185147507629708,
  "48": 0.6236012207527979,
  "49": 0.6266531027466942,
  "50": 0.6297049847405904,
  "51": 0.6378433367243137,
  "52": 0.64089521871821,
  "53": 0.6429298067141408,
  "54": 0.6459816887080371,
  "55": 0.6520854526958295,
  "56": 0.6602238046795528,
  "57": 0.6612410986775182,
  "58": 0.6653102746693799,
  "59": 0.6673448626653107,
  "60": 0.6724313326551378,
  "61": 0.6734486266531032,
  "62": 0.6775178026449649,
  "63": 0.6795523906408957,
  "64": 0.6846388606307228,
  "65": 0.6907426246185152,
  "66": 0.6937945066124115,
  "67": 0.6958290946083423,
  "68": 0.6988809766022386,
  "69": 0.7019328585961349,
  "70": 0.7049847405900311,
  "71": 0.7110885045778236,
  "72": 0.7141403865717199,
  "73": 0.7182095625635815,
  "75": 0.7243133265513739,
  "76": 0.7273652085452702,
  "77": 0.729399796541201,
  "78": 0.7314343845371318,
  "80": 0.7334689725330626,
  "81": 0.7375381485249243,
  "82": 0.7405900305188206,
  "867": 0.9898270600203527,
  "84": 0.7446592065106822,
  "85": 0.746693794506613,
  "86": 0.7507629704984746,
  "87": 0.7568667344862671,
  "88": 0.7599186164801633,
  "89": 0.7619532044760942,
  "90": 0.7629704984740596,
  "91": 0.7650050864699904,
  "93": 0.7660223804679559,
  "94": 0.771108850457783,
  "95": 0.7731434384537138,
  "96": 0.7741607324516793,
  "97": 0.7751780264496447,
  "98": 0.7761953204476102,
  "99": 0.7792472024415065,
  "100": 0.7802644964394719,
  "101": 0.7822990844354027,
  "102": 0.7843336724313336,
  "104": 0.7863682604272644,
  "105": 0.7873855544252298,
  "106": 0.7884028484231953,
  "619": 0.9776195320447671,
  "110": 0.7904374364191261,
  "111": 0.7914547304170916,
  "112": 0.7934893184130224,
  "113": 0.7955239064089532,
  "114": 0.797558494404884,
  "115": 0.7995930824008148,
  "116": 0.8016276703967457,
  "117": 0.8026449643947111,
  "118": 0.8036622583926766,
  "119": 0.8056968463886074,
  "120": 0.8087487283825037,
  "121": 0.8107833163784345,
  "122": 0.8118006103764,
  "123": 0.8128179043743654,
  "124": 0.8158697863682617,
  "125": 0.8168870803662271,
  "126": 0.818921668362158,
  "127": 0.8199389623601234,
  "129": 0.8209562563580889,
  "130": 0.8229908443540197,
  "131": 0.8240081383519852,
  "133": 0.8270600203458814,
  "135": 0.8290946083418123,
  "136": 0.8301119023397777,
  "137": 0.8321464903357085,
  "139": 0.833163784333674,
  "140": 0.8351983723296048,
  "141": 0.8413021363173973,
  "143": 0.8433367243133281,
  "144": 0.8453713123092589,
  "145": 0.8463886063072243,
  "146": 0.8474059003051898,
  "147": 0.8484231943031553,
  "148": 0.8494404883011207,
  "149": 0.8504577822990862,
  "150": 0.8514750762970517,
  "151": 0.8524923702950171,
  "1079": 0.9989827060020418,
  "154": 0.8545269582909479,
  "155": 0.8555442522889134,
  "156": 0.8565615462868789,
  "158": 0.8575788402848443,
  "160": 0.8585961342828098,
  "161": 0.8596134282807752,
  "162": 0.8606307222787407,
  "795": 0.9847405900305254,
  "165": 0.863682604272637,
  "168": 0.8677517802644986,
  "802": 0.9857578840284908,
  "567": 0.9735503560529053,
  "175": 0.8687690742624641,
  "176": 0.8708036622583949,
  "177": 0.8728382502543257,
  "178": 0.8738555442522912,
  "179": 0.8748728382502566,
  "182": 0.8769074262461874,
  "183": 0.8779247202441529,
  "184": 0.8789420142421184,
  "185": 0.8799593082400838,
  "187": 0.8809766022380493,
  "189": 0.8819938962360148,
  "190": 0.8830111902339802,
  "629": 0.9786368260427326,
  "706": 0.9806714140386635,
  "195": 0.8840284842319457,
  "196": 0.8860630722278765,
  "197": 0.8880976602238073,
  "201": 0.8891149542217728,
  "203": 0.8901322482197382,
  "205": 0.8911495422177037,
  "208": 0.8921668362156692,
  "211": 0.8931841302136346,
  "725": 0.9827060020345945,
  "723": 0.981688708036629,
  "215": 0.8942014242116001,
  "216": 0.8952187182095656,
  "217": 0.8972533062054964,
  "218": 0.8982706002034618,
  "220": 0.8992878942014273,
  "222": 0.9023397761953236,
  "224": 0.9043743641912544,
  "226": 0.9053916581892199,
  "228": 0.9064089521871853,
  "231": 0.9084435401831161,
  "232": 0.9094608341810816,
  "235": 0.910478128179047,
  "236": 0.9114954221770125,
  "238": 0.912512716174978,
  "753": 0.9837232960325599,
  "243": 0.9135300101729434,
  "247": 0.9145473041709089,
  "253": 0.9165818921668397,
  "258": 0.9175991861648052,
  "262": 0.919633774160736,
  "263": 0.9206510681587015,
  "266": 0.9216683621566669,
  "267": 0.9226856561546324,
  "898": 0.9908443540183182,
  "270": 0.9237029501525978,
  "274": 0.9247202441505633,
  "277": 0.9257375381485288,
  "278": 0.9267548321464942,
  "280": 0.9277721261444597,
  "559": 0.9725330620549398,
  "284": 0.9287894201424252,
  "288": 0.930824008138356,
  "290": 0.9318413021363214,
  "293": 0.9328585961342869,
  "297": 0.9338758901322524,
  "300": 0.9348931841302178,
  "815": 0.9867751780264563,
  "304": 0.9359104781281833,
  "311": 0.9369277721261488,
  "312": 0.9379450661241142,
  "314": 0.9389623601220797,
  "319": 0.9399796541200451,
  "322": 0.9409969481180106,
  "329": 0.9430315361139414,
  "331": 0.9440488301119069,
  "332": 0.9450661241098723,
  "333": 0.9460834181078378,
  "846": 0.9877924720244218,
  "858": 0.9888097660223872,
  "352": 0.9471007121058033,
  "353": 0.9481180061037687,
  "355": 0.9491353001017342,
  "358": 0.9501525940996997,
  "360": 0.9511698880976651,
  "370": 0.9521871820956306,
  "373": 0.953204476093596,
  "378": 0.9542217700915615,
  "386": 0.955239064089527,
  "390": 0.9562563580874924,
  "391": 0.9572736520854579,
  "395": 0.9582909460834234,
  "908": 0.9918616480162836,
  "913": 0.9928789420142491,
  "917": 0.9938962360122146,
  "416": 0.9593082400813888,
  "1121": 1.000000000000007,
  "427": 0.9603255340793543,
  "453": 0.9613428280773197,
  "458": 0.9623601220752852,
  "663": 0.9796541200406981,
  "462": 0.9633774160732507,
  "589": 0.9745676500508708,
  "467": 0.9643947100712161,
  "470": 0.9654120040691816,
  "986": 0.99491353001018,
  "476": 0.9664292980671471,
  "480": 0.9674465920651125,
  "482": 0.968463886063078,
  "996": 0.9959308240081455,
  "486": 0.9694811800610434,
  "492": 0.9704984740590089,
  "594": 0.9755849440488362,
  "497": 0.9715157680569744,
  "1011": 0.9969481180061109,
  "596": 0.9766022380468017
}