{
  "2": 0.028506271379703536,
  "3": 0.07753705815279362,
  "4": 0.11744583808437856,
  "5": 0.15279361459521093,
  "6": 0.18358038768529075,
  "7": 0.2063854047890536,
  "8": 0.23717217787913342,
  "9": 0.2668187001140251,
  "10": 0.29076396807297605,
  "11": 0.31356898517673887,
  "12": 0.338654503990878,
  "13": 0.35689851767388825,
  "14": 0.3774230330672748,
  "15": 0.3933865450399088,
  "16": 0.40935005701254273,
  "17": 0.4253135689851767,
  "18": 0.43215507411630555,
  "19": 0.4389965792474344,
  "20": 0.45496009122006836,
  "21": 0.4732041049030786,
  "22": 0.48688711516533634,
  "23": 0.5039908779931584,
  "24": 0.5176738882554162,
  "25": 0.5267958950969213,
  "26": 0.5393386545039908,
  "27": 0.5564424173318129,
  "28": 0.5689851767388824,
  "29": 0.5872291904218927,
  "30": 0.5940706955530215,
  "31": 0.6031927023945266,
  "32": 0.6111744583808436,
  "33": 0.622576966932725,
  "34": 0.6339794754846064,
  "35": 0.6396807297605471,
  "36": 0.6453819840364878,
  "37": 0.6556442417331811,
  "38": 0.6613454960091218,
  "39": 0.6670467502850626,
  "40": 0.6716077537058152,
  "41": 0.6761687571265678,
  "42": 0.6830102622576966,
  "43": 0.6875712656784492,
  "44": 0.6955530216647662,
  "45": 0.7012542759407069,
  "46": 0.7080957810718357,
  "47": 0.7137970353477764,
  "48": 0.7206385404789052,
  "49": 0.7263397947548459,
  "50": 0.7331812998859747,
  "51": 0.7366020524515391,
  "52": 0.7445838084378561,
  "53": 0.7480045610034205,
  "54": 0.7514253135689849,
  "56": 0.7582668187001137,
  "57": 0.7628278221208663,
  "58": 0.7651083238312426,
  "59": 0.768529076396807,
  "60": 0.7719498289623714,
  "61": 0.7753705815279358,
  "62": 0.7822120866590646,
  "63": 0.7844925883694409,
  "64": 0.7913340935005697,
  "65": 0.7958950969213223,
  "66": 0.7993158494868867,
  "67": 0.801596351197263,
  "68": 0.8084378563283918,
  "69": 0.8095781071835799,
  "70": 0.8118586088939562,
  "71": 0.8164196123147088,
  "72": 0.8198403648802732,
  "73": 0.8232611174458376,
  "74": 0.826681870011402,
  "75": 0.8323831242873427,
  "76": 0.8358038768529071,
  "78": 0.8392246294184715,
  "79": 0.8415051311288478,
  "80": 0.8426453819840359,
  "81": 0.8472063854047885,
  "82": 0.8506271379703529,
  "83": 0.8563283922462936,
  "84": 0.859749144811858,
  "85": 0.8631698973774224,
  "86": 0.8665906499429868,
  "87": 0.8677309007981749,
  "88": 0.8711516533637393,
  "89": 0.875712656784492,
  "90": 0.8791334093500563,
  "91": 0.8802736602052444,
  "93": 0.8814139110604325,
  "94": 0.8836944127708088,
  "95": 0.8859749144811851,
  "96": 0.8871151653363732,
  "98": 0.8893956670467495,
  "99": 0.8916761687571259,
  "100": 0.8950969213226903,
  "103": 0.8985176738882547,
  "106": 0.900798175598631,
  "107": 0.901938426453819,
  "108": 0.9030786773090071,
  "109": 0.9053591790193835,
  "110": 0.9076396807297598,
  "111": 0.9122006841505124,
  "112": 0.9133409350057005,
  "114": 0.9156214367160768,
  "116": 0.9167616875712649,
  "117": 0.917901938426453,
  "119": 0.9201824401368293,
  "120": 0.9224629418472056,
  "121": 0.9236031927023937,
  "122": 0.9281641961231463,
  "123": 0.9327251995438989,
  "124": 0.9350057012542752,
  "127": 0.9407069555302159,
  "129": 0.941847206385404,
  "130": 0.9429874572405921,
  "131": 0.9452679589509684,
  "133": 0.9464082098061565,
  "134": 0.9475484606613446,
  "136": 0.9498289623717209,
  "137": 0.9521094640820972,
  "138": 0.9532497149372853,
  "139": 0.9555302166476616,
  "141": 0.9578107183580379,
  "142": 0.9600912200684142,
  "144": 0.9612314709236023,
  "147": 0.9623717217787904,
  "149": 0.9657924743443548,
  "150": 0.9669327251995429,
  "152": 0.9692132269099192,
  "153": 0.9703534777651073,
  "154": 0.9714937286202954,
  "157": 0.9726339794754835,
  "159": 0.9737742303306716,
  "162": 0.9749144811858597,
  "164": 0.977194982896236,
  "165": 0.9783352337514241,
  "172": 0.9794754846066122,
  "173": 0.9806157354618003,
  "175": 0.9817559863169883,
  "176": 0.9828962371721764,
  "177": 0.9840364880273645,
  "179": 0.9851767388825526,
  "180": 0.9863169897377407,
  "182": 0.9874572405929288,
  "183": 0.9897377423033051,
  "185": 0.9908779931584932,
  "187": 0.9920182440136813,
  "188": 0.9931584948688694,
  "189": 0.9942987457240575,
  "191": 0.9954389965792456,
  "192": 0.9965792474344337,
  "193": 0.9977194982896218,
  "196": 0.9999999999999981
}