{
  "2": 0.04712041884816754,
  "3": 0.12984293193717278,
  "4": 0.17591623036649215,
  "5": 0.2324607329842932,
  "6": 0.27853403141361255,
  "7": 0.32356020942408376,
  "8": 0.35497382198952876,
  "9": 0.393717277486911,
  "10": 0.4167539267015707,
  "11": 0.45340314136125653,
  "12": 0.4816753926701571,
  "13": 0.5078534031413613,
  "14": 0.5267015706806283,
  "15": 0.5476439790575917,
  "16": 0.5581151832460733,
  "17": 0.5675392670157069,
  "18": 0.5853403141361258,
  "19": 0.593717277486911,
  "20": 0.6094240837696335,
  "21": 0.6230366492146597,
  "22": 0.6408376963350786,
  "23": 0.6513089005235603,
  "24": 0.6596858638743456,
  "25": 0.661780104712042,
  "26": 0.6691099476439791,
  "27": 0.6785340314136127,
  "28": 0.6890052356020944,
  "29": 0.6984293193717279,
  "30": 0.704712041884817,
  "31": 0.7130890052356023,
  "32": 0.7204188481675394,
  "33": 0.7267015706806285,
  "34": 0.7277486910994766,
  "35": 0.7308900523560211,
  "36": 0.7350785340314138,
  "37": 0.7403141361256546,
  "38": 0.7434554973821991,
  "39": 0.7465968586387436,
  "40": 0.7507853403141362,
  "41": 0.7549738219895289,
  "42": 0.7581151832460734,
  "43": 0.7591623036649215,
  "44": 0.7643979057591623,
  "45": 0.7664921465968587,
  "46": 0.7675392670157068,
  "47": 0.768586387434555,
  "48": 0.7738219895287958,
  "49": 0.7759162303664922,
  "50": 0.7790575916230367,
  "51": 0.7832460732984293,
  "52": 0.7853403141361257,
  "53": 0.7884816753926702,
  "54": 0.7895287958115184,
  "55": 0.7905759162303665,
  "56": 0.7916230366492146,
  "57": 0.7926701570680628,
  "58": 0.7979057591623036,
  "60": 0.7989528795811517,
  "61": 0.8041884816753925,
  "62": 0.8052356020942406,
  "63": 0.8062827225130887,
  "64": 0.8115183246073295,
  "65": 0.8125654450261777,
  "66": 0.8136125654450258,
  "67": 0.8167539267015703,
  "68": 0.8188481675392667,
  "69": 0.8219895287958112,
  "70": 0.8240837696335076,
  "72": 0.8282722513089003,
  "73": 0.8303664921465966,
  "74": 0.8345549738219893,
  "75": 0.8366492146596857,
  "76": 0.8439790575916228,
  "77": 0.845026178010471,
  "78": 0.8471204188481674,
  "79": 0.8492146596858637,
  "80": 0.8513089005235601,
  "81": 0.8523560209424083,
  "82": 0.8544502617801046,
  "83": 0.8586387434554973,
  "84": 0.8596858638743454,
  "85": 0.8617801047120418,
  "86": 0.8649214659685863,
  "87": 0.8670157068062827,
  "88": 0.8701570680628272,
  "89": 0.8712041884816754,
  "90": 0.8722513089005235,
  "92": 0.8732984293193716,
  "93": 0.8774869109947643,
  "94": 0.8785340314136124,
  "95": 0.8806282722513088,
  "97": 0.8837696335078533,
  "98": 0.8858638743455497,
  "99": 0.8890052356020942,
  "100": 0.8900523560209423,
  "101": 0.8921465968586387,
  "102": 0.8942408376963351,
  "103": 0.8963350785340315,
  "104": 0.8973821989528796,
  "105": 0.899476439790576,
  "107": 0.9036649214659687,
  "108": 0.905759162303665,
  "109": 0.9078534031413614,
  "116": 0.9099476439790578,
  "117": 0.9141361256544505,
  "118": 0.9162303664921468,
  "119": 0.917277486910995,
  "122": 0.9204188481675395,
  "123": 0.9214659685863876,
  "124": 0.923560209424084,
  "125": 0.9256544502617804,
  "127": 0.9308900523560212,
  "128": 0.9319371727748693,
  "130": 0.9329842931937175,
  "131": 0.9340314136125656,
  "132": 0.9350785340314137,
  "134": 0.9361256544502619,
  "135": 0.9382198952879582,
  "136": 0.9403141361256546,
  "137": 0.942408376963351,
  "138": 0.9434554973821991,
  "139": 0.9445026178010473,
  "141": 0.9455497382198954,
  "144": 0.9465968586387435,
  "145": 0.9476439790575917,
  "147": 0.9497382198952881,
  "148": 0.9507853403141362,
  "151": 0.9518324607329843,
  "152": 0.9528795811518325,
  "153": 0.9549738219895288,
  "155": 0.956020942408377,
  "158": 0.9570680628272251,
  "163": 0.9591623036649215,
  "164": 0.9612565445026179,
  "165": 0.9654450261780105,
  "166": 0.9664921465968587,
  "167": 0.968586387434555,
  "168": 0.9706806282722514,
  "169": 0.9727748691099478,
  "170": 0.973821989528796,
  "171": 0.9769633507853405,
  "172": 0.9780104712041886,
  "173": 0.9790575916230367,
  "174": 0.9811518324607331,
  "176": 0.9821989528795813,
  "178": 0.9832460732984294,
  "179": 0.9853403141361258,
  "181": 0.9863874345549739,
  "183": 0.987434554973822,
  "185": 0.9884816753926702,
  "189": 0.9895287958115183,
  "190": 0.9905759162303664,
  "193": 0.9916230366492146,
  "194": 0.9926701570680627,
  "196": 0.9937172774869109,
  "197": 0.9958115183246072,
  "198": 0.9968586387434554,
  "199": 0.9989528795811518,
  "200": 0.9999999999999999
}