{
  "2": 0.053643724696356275,
  "3": 0.10222672064777327,
  "4": 0.20141700404858298,
  "5": 0.2773279352226721,
  "6": 0.34615384615384615,
  "7": 0.3906882591093117,
  "8": 0.42914979757085014,
  "9": 0.46255060728744934,
  "10": 0.4979757085020242,
  "11": 0.527327935222672,
  "12": 0.5536437246963561,
  "13": 0.5789473684210525,
  "14": 0.6012145748987854,
  "15": 0.6133603238866396,
  "16": 0.6305668016194331,
  "17": 0.6538461538461537,
  "18": 0.6710526315789472,
  "19": 0.6852226720647772,
  "20": 0.6923076923076922,
  "21": 0.6993927125506072,
  "22": 0.714574898785425,
  "23": 0.7277327935222672,
  "24": 0.7348178137651822,
  "25": 0.7439271255060729,
  "26": 0.7479757085020243,
  "27": 0.7530364372469636,
  "28": 0.7601214574898786,
  "29": 0.7651821862348178,
  "30": 0.7742914979757085,
  "31": 0.7803643724696356,
  "32": 0.7854251012145749,
  "33": 0.7904858299595141,
  "34": 0.791497975708502,
  "35": 0.7965587044534412,
  "36": 0.7995951417004048,
  "37": 0.8026315789473684,
  "38": 0.8066801619433198,
  "39": 0.8107287449392713,
  "40": 0.812753036437247,
  "41": 0.8178137651821862,
  "42": 0.8238866396761133,
  "43": 0.8279352226720648,
  "44": 0.8309716599190283,
  "45": 0.8340080971659919,
  "46": 0.840080971659919,
  "47": 0.8441295546558705,
  "48": 0.8451417004048584,
  "50": 0.847165991902834,
  "51": 0.8491902834008097,
  "52": 0.8512145748987854,
  "53": 0.8552631578947368,
  "55": 0.8572874493927125,
  "56": 0.8582995951417004,
  "57": 0.8593117408906883,
  "58": 0.861336032388664,
  "59": 0.8643724696356275,
  "60": 0.868421052631579,
  "61": 0.8724696356275304,
  "62": 0.8744939271255061,
  "63": 0.875506072874494,
  "64": 0.8765182186234819,
  "65": 0.8795546558704455,
  "66": 0.8815789473684211,
  "67": 0.882591093117409,
  "68": 0.8856275303643726,
  "70": 0.8876518218623483,
  "71": 0.8906882591093118,
  "72": 0.8937246963562754,
  "73": 0.895748987854251,
  "76": 0.8977732793522267,
  "77": 0.8987854251012146,
  "78": 0.9018218623481782,
  "79": 0.9038461538461539,
  "80": 0.9068825910931174,
  "81": 0.909919028340081,
  "82": 0.9119433198380567,
  "85": 0.9129554655870445,
  "86": 0.9149797570850202,
  "87": 0.9170040485829959,
  "88": 0.9190283400809716,
  "89": 0.9200404858299595,
  "90": 0.923076923076923,
  "91": 0.9240890688259109,
  "92": 0.9261133603238866,
  "93": 0.9291497975708501,
  "94": 0.9311740890688258,
  "95": 0.9331983805668015,
  "96": 0.9372469635627529,
  "97": 0.9382591093117408,
  "99": 0.9402834008097165,
  "100": 0.9412955465587044,
  "101": 0.9423076923076923,
  "104": 0.9433198380566802,
  "106": 0.9443319838056681,
  "107": 0.945344129554656,
  "108": 0.9473684210526316,
  "111": 0.9504048582995952,
  "112": 0.9514170040485831,
  "113": 0.9544534412955467,
  "116": 0.9554655870445345,
  "117": 0.9564777327935224,
  "119": 0.9585020242914981,
  "120": 0.9605263157894738,
  "121": 0.9625506072874495,
  "122": 0.9635627530364373,
  "124": 0.9676113360323888,
  "127": 0.9686234817813767,
  "133": 0.9726720647773281,
  "134": 0.973684210526316,
  "135": 0.9746963562753039,
  "141": 0.9757085020242918,
  "142": 0.9767206477732797,
  "145": 0.9777327935222676,
  "147": 0.9787449392712555,
  "148": 0.9797570850202434,
  "149": 0.9807692307692313,
  "150": 0.9817813765182192,
  "151": 0.9827935222672071,
  "155": 0.983805668016195,
  "159": 0.9858299595141706,
  "160": 0.9868421052631585,
  "161": 0.9888663967611342,
  "163": 0.9908906882591099,
  "165": 0.9919028340080978,
  "166": 0.9929149797570856,
  "169": 0.9939271255060735,
  "172": 0.9959514170040492,
  "185": 0.9969635627530371,
  "194": 0.997975708502025,
  "199": 1.0000000000000007
}