{
  "2": 0.05958132045088567,
  "3": 0.12560386473429952,
  "4": 0.18679549114331723,
  "5": 0.2222222222222222,
  "6": 0.2608695652173913,
  "7": 0.30917874396135264,
  "8": 0.3526570048309179,
  "9": 0.36876006441223835,
  "10": 0.4025764895330113,
  "11": 0.4202898550724638,
  "12": 0.4460547504025765,
  "13": 0.46054750402576494,
  "14": 0.4766505636070854,
  "15": 0.4847020933977456,
  "16": 0.49114331723027377,
  "17": 0.4959742351046699,
  "18": 0.5120772946859904,
  "19": 0.5201288244766507,
  "20": 0.5394524959742352,
  "21": 0.5475040257648954,
  "22": 0.5571658615136877,
  "23": 0.570048309178744,
  "24": 0.5813204508856684,
  "25": 0.5942028985507247,
  "26": 0.5974235104669888,
  "27": 0.6054750402576491,
  "28": 0.6070853462157811,
  "29": 0.6119162640901773,
  "30": 0.6183574879227055,
  "31": 0.6215780998389696,
  "32": 0.6247987117552337,
  "33": 0.6312399355877619,
  "34": 0.634460547504026,
  "35": 0.6425120772946863,
  "36": 0.6473429951690824,
  "37": 0.6489533011272145,
  "38": 0.6537842190016107,
  "39": 0.6553945249597427,
  "40": 0.663446054750403,
  "41": 0.6666666666666671,
  "42": 0.6731078904991953,
  "43": 0.6763285024154594,
  "44": 0.6827697262479876,
  "45": 0.6908212560386479,
  "46": 0.695652173913044,
  "47": 0.7053140096618363,
  "48": 0.7149758454106286,
  "49": 0.7181964573268927,
  "50": 0.726247987117553,
  "51": 0.7278582930756851,
  "52": 0.7342995169082133,
  "53": 0.7439613526570056,
  "54": 0.7504025764895338,
  "55": 0.7600644122383261,
  "56": 0.7745571658615145,
  "57": 0.7826086956521747,
  "58": 0.7874396135265709,
  "59": 0.790660225442835,
  "60": 0.7954911433172311,
  "61": 0.8035426731078914,
  "62": 0.8099838969404196,
  "63": 0.8180354267310799,
  "64": 0.822866344605476,
  "65": 0.8276972624798722,
  "66": 0.8341384863124004,
  "67": 0.8389694041867966,
  "68": 0.8438003220611927,
  "69": 0.851851851851853,
  "70": 0.8566827697262491,
  "71": 0.8599033816425132,
  "72": 0.8615136876006453,
  "73": 0.8631239935587773,
  "74": 0.8647342995169094,
  "75": 0.8679549114331735,
  "76": 0.8711755233494376,
  "77": 0.8776167471819658,
  "78": 0.8856682769726261,
  "79": 0.8872785829307581,
  "80": 0.8888888888888902,
  "81": 0.8921095008051543,
  "82": 0.8937198067632863,
  "83": 0.8953301127214184,
  "84": 0.8969404186795504,
  "85": 0.9033816425120786,
  "86": 0.9082125603864748,
  "88": 0.914653784219003,
  "89": 0.9178743961352671,
  "90": 0.9227053140096633,
  "91": 0.9259259259259274,
  "92": 0.9323671497584556,
  "93": 0.9420289855072479,
  "94": 0.94363929146538,
  "95": 0.946859903381644,
  "96": 0.9484702093397761,
  "97": 0.9516908212560402,
  "98": 0.9581320450885684,
  "99": 0.9597423510467005,
  "100": 0.9629629629629646,
  "102": 0.9645732689210966,
  "103": 0.9661835748792287,
  "104": 0.9694041867954928,
  "105": 0.9710144927536248,
  "106": 0.9742351046698889,
  "107": 0.977455716586153,
  "108": 0.9790660225442851,
  "109": 0.9806763285024171,
  "114": 0.9822866344605492,
  "116": 0.9838969404186813,
  "121": 0.9855072463768133,
  "123": 0.9871175523349454,
  "124": 0.9887278582930774,
  "125": 0.9903381642512095,
  "126": 0.9919484702093415,
  "133": 0.9935587761674736,
  "137": 0.9951690821256056,
  "142": 0.9983896940418697,
  "160": 1.0000000000000018
}