{
  "2": 0.01455604075691412,
  "3": 0.06404657933042213,
  "4": 0.10480349344978165,
  "5": 0.11935953420669577,
  "6": 0.14992721979621543,
  "7": 0.18922852983988356,
  "8": 0.21251819505094616,
  "9": 0.23871906841339158,
  "10": 0.2561863173216885,
  "11": 0.2751091703056769,
  "12": 0.2911208151382824,
  "13": 0.3114992721979622,
  "14": 0.3304221251819506,
  "15": 0.34206695778748186,
  "16": 0.36390101892285304,
  "17": 0.3755458515283843,
  "18": 0.39301310043668125,
  "19": 0.41193595342066963,
  "20": 0.4177583697234353,
  "21": 0.4337700145560408,
  "22": 0.4425036390101893,
  "23": 0.455604075691412,
  "24": 0.4614264919941776,
  "25": 0.4701601164483261,
  "26": 0.4919941775836973,
  "27": 0.5021834061135372,
  "28": 0.5152838427947599,
  "29": 0.529839883551674,
  "30": 0.5356622998544397,
  "31": 0.5531295487627367,
  "32": 0.564774381368268,
  "33": 0.5705967976710337,
  "34": 0.5735080058224165,
  "35": 0.5793304221251822,
  "36": 0.5866084425036392,
  "37": 0.5997088791848619,
  "38": 0.606986899563319,
  "39": 0.6113537117903932,
  "40": 0.6186317321688503,
  "41": 0.624454148471616,
  "42": 0.6302765647743817,
  "43": 0.6346433770014559,
  "44": 0.6404657933042216,
  "45": 0.6462882096069873,
  "46": 0.6477438136826787,
  "47": 0.652110625909753,
  "48": 0.65938864628821,
  "49": 0.6652110625909757,
  "50": 0.6666666666666672,
  "51": 0.6724890829694329,
  "52": 0.687045123726347,
  "53": 0.6899563318777298,
  "54": 0.6957787481804955,
  "55": 0.6986899563318782,
  "56": 0.7030567685589525,
  "57": 0.7088791848617182,
  "58": 0.7132459970887924,
  "59": 0.7176128093158667,
  "60": 0.7190684133915581,
  "61": 0.7219796215429409,
  "63": 0.7248908296943237,
  "64": 0.7321688500727808,
  "65": 0.743813682678312,
  "66": 0.7467248908296948,
  "67": 0.7496360989810776,
  "68": 0.7569141193595347,
  "69": 0.7641921397379917,
  "70": 0.7656477438136832,
  "71": 0.7729257641921402,
  "72": 0.7787481804949059,
  "73": 0.7845705967976716,
  "74": 0.7860262008733631,
  "75": 0.7903930131004373,
  "76": 0.7918486171761288,
  "77": 0.7933042212518202,
  "78": 0.7947598253275117,
  "79": 0.7962154294032031,
  "80": 0.7991266375545859,
  "81": 0.806404657933043,
  "82": 0.8093158660844257,
  "83": 0.8107714701601172,
  "84": 0.8165938864628829,
  "86": 0.8180494905385743,
  "87": 0.8224163027656486,
  "89": 0.8253275109170314,
  "90": 0.8311499272197971,
  "91": 0.8340611353711799,
  "92": 0.8384279475982541,
  "93": 0.8427947598253284,
  "94": 0.8471615720524026,
  "95": 0.8529839883551683,
  "96": 0.8544395924308598,
  "98": 0.858806404657934,
  "101": 0.8617176128093168,
  "102": 0.866084425036391,
  "103": 0.8675400291120825,
  "104": 0.868995633187774,
  "105": 0.8719068413391567,
  "106": 0.8733624454148482,
  "109": 0.876273653566231,
  "112": 0.8777292576419224,
  "113": 0.8791848617176139,
  "115": 0.8835516739446881,
  "116": 0.8864628820960709,
  "118": 0.8893740902474537,
  "119": 0.8908296943231452,
  "121": 0.893740902474528,
  "122": 0.8981077147016022,
  "123": 0.8995633187772937,
  "124": 0.9024745269286765,
  "125": 0.9039301310043679,
  "128": 0.9082969432314422,
  "129": 0.9126637554585164,
  "130": 0.9141193595342079,
  "132": 0.9170305676855907,
  "133": 0.9184861717612821,
  "134": 0.9213973799126649,
  "135": 0.9243085880640477,
  "136": 0.9257641921397392,
  "141": 0.9286754002911219,
  "142": 0.9344978165938876,
  "143": 0.9359534206695791,
  "144": 0.9403202328966533,
  "146": 0.9432314410480361,
  "147": 0.9446870451237276,
  "149": 0.946142649199419,
  "152": 0.9475982532751105,
  "154": 0.9505094614264933,
  "155": 0.9519650655021847,
  "157": 0.9534206695778762,
  "160": 0.9592430858806419,
  "161": 0.9606986899563333,
  "164": 0.9621542940320248,
  "165": 0.9650655021834076,
  "166": 0.966521106259099,
  "173": 0.9694323144104818,
  "174": 0.9708879184861733,
  "175": 0.9737991266375561,
  "177": 0.9752547307132475,
  "178": 0.9781659388646303,
  "179": 0.9810771470160131,
  "181": 0.9825327510917046,
  "186": 0.983988355167396,
  "189": 0.9854439592430875,
  "190": 0.9868995633187789,
  "191": 0.9883551673944704,
  "192": 0.9898107714701618,
  "193": 0.9927219796215446,
  "194": 0.9956331877729274,
  "196": 0.9970887918486189,
  "200": 1.0000000000000018
}