{
  "2": 0.029455081001472753,
  "3": 0.06480117820324005,
  "4": 0.09131075110456553,
  "5": 0.12076583210603828,
  "6": 0.14138438880706922,
  "7": 0.1561119293078056,
  "8": 0.17673048600883653,
  "9": 0.19293078055964655,
  "10": 0.20913107511045656,
  "11": 0.22533136966126657,
  "12": 0.24447717231222388,
  "13": 0.2650957290132548,
  "14": 0.28718703976435933,
  "15": 0.30338733431516934,
  "16": 0.321060382916053,
  "17": 0.34315169366715753,
  "18": 0.3578792341678939,
  "19": 0.37555228276877756,
  "20": 0.3932253313696612,
  "21": 0.4123711340206185,
  "22": 0.42120765832106033,
  "23": 0.4315169366715758,
  "24": 0.44477172312223856,
  "25": 0.4521354933726067,
  "26": 0.4594992636229749,
  "27": 0.47275405007363763,
  "28": 0.47864506627393216,
  "29": 0.4815905743740794,
  "30": 0.4904270986745213,
  "31": 0.49337260677466854,
  "32": 0.49779086892488944,
  "33": 0.5095729013254785,
  "34": 0.5213549337260676,
  "35": 0.5272459499263621,
  "36": 0.5346097201767303,
  "37": 0.5463917525773193,
  "38": 0.559646539027982,
  "39": 0.5684830633284238,
  "40": 0.5787923416789392,
  "41": 0.5846833578792338,
  "42": 0.5949926362297492,
  "43": 0.5964653902798228,
  "44": 0.5994108983799701,
  "45": 0.6067746686303382,
  "46": 0.6141384388807064,
  "47": 0.6200294550810009,
  "48": 0.6229749631811482,
  "49": 0.6288659793814427,
  "50": 0.6362297496318109,
  "51": 0.6450662739322527,
  "52": 0.6553755522827681,
  "53": 0.6627393225331363,
  "54": 0.6701030927835044,
  "55": 0.6774668630338726,
  "56": 0.6892488954344617,
  "57": 0.6936671575846826,
  "58": 0.6995581737849771,
  "59": 0.7025036818851244,
  "60": 0.7054491899852716,
  "61": 0.7083946980854189,
  "62": 0.7172312223858607,
  "63": 0.7187039764359343,
  "64": 0.7245949926362288,
  "65": 0.7275405007363761,
  "67": 0.7349042709867443,
  "68": 0.7407952871870388,
  "69": 0.7466863033873333,
  "70": 0.7540500736377015,
  "71": 0.759941089837996,
  "72": 0.7643593519882169,
  "73": 0.7687776141384378,
  "74": 0.7731958762886587,
  "75": 0.776141384388806,
  "76": 0.7776141384388796,
  "77": 0.7805596465390269,
  "78": 0.787923416789395,
  "79": 0.7923416789396159,
  "80": 0.7967599410898368,
  "81": 0.7982326951399105,
  "82": 0.8026509572901314,
  "83": 0.8055964653902786,
  "84": 0.8070692194403523,
  "86": 0.8114874815905732,
  "87": 0.8129602356406468,
  "88": 0.8144329896907204,
  "90": 0.8173784977908677,
  "91": 0.8247422680412358,
  "92": 0.8276877761413831,
  "93": 0.8306332842415304,
  "94": 0.832106038291604,
  "95": 0.8379970544918985,
  "96": 0.8394698085419722,
  "97": 0.8453608247422667,
  "98": 0.848306332842414,
  "99": 0.8541973490427085,
  "100": 0.8556701030927821,
  "102": 0.8615611192930767,
  "103": 0.8645066273932239,
  "104": 0.8659793814432976,
  "105": 0.8689248895434448,
  "106": 0.8703976435935185,
  "107": 0.8733431516936657,
  "108": 0.8748159057437394,
  "109": 0.876288659793813,
  "110": 0.8807069219440339,
  "112": 0.8821796759941075,
  "113": 0.8851251840942548,
  "114": 0.8865979381443284,
  "115": 0.888070692194402,
  "116": 0.8910162002945493,
  "117": 0.8939617083946966,
  "118": 0.8969072164948438,
  "119": 0.8998527245949911,
  "120": 0.9027982326951384,
  "121": 0.9057437407952856,
  "122": 0.9101620029455065,
  "123": 0.9116347569955802,
  "124": 0.9131075110456538,
  "127": 0.9145802650957274,
  "128": 0.9160530191458011,
  "132": 0.9175257731958747,
  "133": 0.9189985272459483,
  "135": 0.920471281296022,
  "136": 0.9234167893961692,
  "137": 0.9248895434462429,
  "138": 0.9263622974963165,
  "139": 0.9278350515463901,
  "140": 0.9293078055964638,
  "141": 0.9307805596465374,
  "142": 0.932253313696611,
  "143": 0.9351988217967583,
  "144": 0.9366715758468319,
  "145": 0.9396170839469792,
  "147": 0.9425625920471264,
  "149": 0.9469808541973473,
  "151": 0.948453608247421,
  "153": 0.9513991163475682,
  "154": 0.9543446244477155,
  "156": 0.9617083946980837,
  "157": 0.9646539027982309,
  "159": 0.9661266568483046,
  "162": 0.9690721649484518,
  "164": 0.9705449189985255,
  "165": 0.9720176730485991,
  "166": 0.97643593519882,
  "167": 0.9793814432989673,
  "169": 0.9837997054491882,
  "170": 0.9852724594992618,
  "171": 0.9867452135493354,
  "174": 0.988217967599409,
  "176": 0.9896907216494827,
  "177": 0.9911634756995563,
  "178": 0.99263622974963,
  "180": 0.9941089837997036,
  "182": 0.9955817378497772,
  "185": 0.9970544918998508,
  "187": 0.9985272459499245,
  "195": 0.9999999999999981
}