{
  "2": 0.009817671809256662,
  "3": 0.0546984572230014,
  "4": 0.08835904628330996,
  "5": 0.1276297335203366,
  "6": 0.1570827489481066,
  "7": 0.18653576437587657,
  "8": 0.21037868162692847,
  "9": 0.23422159887798036,
  "10": 0.270687237026648,
  "11": 0.2805049088359046,
  "12": 0.28751753155680226,
  "13": 0.302945301542777,
  "14": 0.3155680224403927,
  "15": 0.32959326788218796,
  "16": 0.34782608695652173,
  "17": 0.3590462833099579,
  "18": 0.3702664796633941,
  "19": 0.38288920056100983,
  "20": 0.391304347826087,
  "21": 0.4053295932678822,
  "22": 0.41374474053295934,
  "23": 0.426367461430575,
  "24": 0.43618513323983166,
  "25": 0.4446002805049088,
  "26": 0.4614305750350631,
  "27": 0.46844319775596066,
  "28": 0.4726507713884992,
  "29": 0.47685834502103774,
  "30": 0.493688639551192,
  "31": 0.5077138849929872,
  "32": 0.525946704067321,
  "33": 0.5315568022440391,
  "34": 0.5427769985974753,
  "35": 0.5525946704067319,
  "36": 0.561009817671809,
  "37": 0.5638148667601681,
  "38": 0.5708274894810658,
  "39": 0.5806451612903224,
  "40": 0.5862552594670405,
  "41": 0.5932678821879381,
  "42": 0.6002805049088358,
  "43": 0.6058906030855539,
  "44": 0.6100981767180924,
  "45": 0.6185133239831695,
  "46": 0.6241234221598876,
  "47": 0.6297335203366057,
  "48": 0.6339410939691442,
  "49": 0.6423562412342214,
  "50": 0.6493688639551191,
  "51": 0.6563814866760167,
  "52": 0.6591865357643758,
  "53": 0.6633941093969143,
  "54": 0.6746143057503505,
  "55": 0.6816269284712482,
  "56": 0.6858345021037867,
  "57": 0.6872370266479663,
  "58": 0.6886395511921458,
  "59": 0.697054698457223,
  "60": 0.7054698457223001,
  "61": 0.7082748948106592,
  "62": 0.7096774193548387,
  "63": 0.7124824684431978,
  "64": 0.7138849929873774,
  "65": 0.7180925666199159,
  "66": 0.7208976157082749,
  "67": 0.723702664796634,
  "68": 0.7265077138849931,
  "69": 0.7349228611500702,
  "70": 0.7377279102384293,
  "71": 0.7405329593267884,
  "72": 0.744740532959327,
  "73": 0.747545582047686,
  "74": 0.7517531556802245,
  "76": 0.7545582047685835,
  "77": 0.755960729312763,
  "78": 0.7587657784011221,
  "79": 0.7629733520336607,
  "80": 0.7643758765778402,
  "82": 0.7671809256661992,
  "83": 0.7713884992987378,
  "84": 0.7741935483870968,
  "85": 0.7769985974754559,
  "86": 0.7784011220196354,
  "87": 0.782608695652174,
  "88": 0.788218793828892,
  "89": 0.7896213183730716,
  "90": 0.7924263674614307,
  "91": 0.7938288920056102,
  "93": 0.7952314165497898,
  "94": 0.7994389901823283,
  "95": 0.8022440392706873,
  "96": 0.8036465638148669,
  "97": 0.806451612903226,
  "98": 0.8106591865357645,
  "99": 0.8120617110799441,
  "102": 0.8148667601683031,
  "103": 0.8162692847124826,
  "104": 0.8190743338008417,
  "105": 0.8232819074333803,
  "106": 0.8260869565217392,
  "107": 0.8316970546984573,
  "108": 0.8330995792426369,
  "109": 0.8345021037868164,
  "110": 0.838709677419355,
  "111": 0.8401122019635345,
  "112": 0.8429172510518936,
  "114": 0.8443197755960732,
  "115": 0.8471248246844323,
  "116": 0.8485273492286118,
  "117": 0.8541374474053299,
  "118": 0.8583450210378685,
  "120": 0.859747545582048,
  "121": 0.8639551192145866,
  "122": 0.8667601683029456,
  "123": 0.8681626928471251,
  "125": 0.8695652173913047,
  "126": 0.8737727910238432,
  "127": 0.8751753155680227,
  "128": 0.8779803646563817,
  "129": 0.8793828892005613,
  "130": 0.8821879382889204,
  "131": 0.8835904628330999,
  "132": 0.889200561009818,
  "133": 0.8906030855539976,
  "134": 0.8934081346423566,
  "138": 0.8948106591865361,
  "139": 0.8976157082748952,
  "140": 0.9004207573632543,
  "143": 0.9032258064516134,
  "144": 0.9060308555399725,
  "146": 0.9102384291725111,
  "147": 0.9144460028050496,
  "153": 0.9186535764375882,
  "154": 0.9214586255259472,
  "155": 0.9228611500701267,
  "156": 0.9242636746143063,
  "158": 0.9270687237026654,
  "159": 0.9284712482468449,
  "160": 0.9298737727910245,
  "161": 0.931276297335204,
  "164": 0.9354838709677425,
  "165": 0.9382889200561015,
  "166": 0.9396914446002811,
  "168": 0.9424964936886402,
  "169": 0.9453015427769993,
  "171": 0.9481065918653584,
  "172": 0.949509116409538,
  "175": 0.9509116409537175,
  "176": 0.9537166900420766,
  "177": 0.9579242636746151,
  "178": 0.9649368863955128,
  "179": 0.9663394109396923,
  "180": 0.9677419354838719,
  "181": 0.970546984572231,
  "184": 0.9719495091164105,
  "185": 0.9761570827489491,
  "186": 0.9775596072931286,
  "191": 0.9803646563814876,
  "192": 0.9817671809256672,
  "193": 0.9887798036465648,
  "195": 0.9929873772791034,
  "196": 0.9943899018232829,
  "198": 0.9957924263674625,
  "199": 1.000000000000001
}