{
  "2": 0.032552083333333336,
  "3": 0.10677083333333334,
  "4": 0.1484375,
  "5": 0.1796875,
  "6": 0.20833333333333334,
  "7": 0.23567708333333334,
  "8": 0.26171875,
  "9": 0.2890625,
  "10": 0.3046875,
  "11": 0.328125,
  "12": 0.3450520833333333,
  "13": 0.359375,
  "14": 0.3776041666666667,
  "15": 0.3893229166666667,
  "16": 0.40234375,
  "17": 0.4166666666666667,
  "18": 0.43098958333333337,
  "19": 0.43880208333333337,
  "20": 0.45442708333333337,
  "21": 0.46484375000000006,
  "22": 0.46875000000000006,
  "23": 0.47265625000000006,
  "24": 0.47916666666666674,
  "25": 0.48437500000000006,
  "26": 0.5026041666666667,
  "27": 0.5091145833333334,
  "28": 0.515625,
  "29": 0.5234375,
  "30": 0.5299479166666666,
  "31": 0.5416666666666666,
  "32": 0.5520833333333333,
  "33": 0.5546874999999999,
  "34": 0.5664062499999999,
  "35": 0.5716145833333333,
  "36": 0.5781249999999999,
  "37": 0.5859374999999999,
  "38": 0.5911458333333333,
  "39": 0.5989583333333333,
  "40": 0.6067708333333333,
  "41": 0.6158854166666666,
  "42": 0.6223958333333333,
  "43": 0.6276041666666666,
  "44": 0.6302083333333333,
  "45": 0.6419270833333333,
  "46": 0.6432291666666666,
  "47": 0.6458333333333333,
  "48": 0.6549479166666666,
  "49": 0.6666666666666666,
  "50": 0.6731770833333333,
  "51": 0.6744791666666666,
  "52": 0.6796875,
  "53": 0.68359375,
  "54": 0.6861979166666666,
  "55": 0.6927083333333333,
  "56": 0.6953124999999999,
  "57": 0.6979166666666665,
  "58": 0.7018229166666665,
  "59": 0.7031249999999999,
  "60": 0.7070312499999999,
  "61": 0.7096354166666665,
  "62": 0.7109374999999999,
  "63": 0.7174479166666665,
  "64": 0.7187499999999999,
  "65": 0.7239583333333333,
  "66": 0.7304687499999999,
  "67": 0.7317708333333333,
  "68": 0.7356770833333333,
  "69": 0.7369791666666666,
  "70": 0.7408854166666666,
  "71": 0.7421875,
  "73": 0.7434895833333334,
  "74": 0.7447916666666667,
  "75": 0.7460937500000001,
  "76": 0.7500000000000001,
  "77": 0.7526041666666667,
  "78": 0.7591145833333334,
  "79": 0.76171875,
  "80": 0.7669270833333334,
  "81": 0.7708333333333334,
  "82": 0.7747395833333334,
  "83": 0.7760416666666667,
  "85": 0.7812500000000001,
  "86": 0.7851562500000001,
  "87": 0.7903645833333335,
  "88": 0.7981770833333335,
  "89": 0.8033854166666669,
  "90": 0.8085937500000002,
  "91": 0.8111979166666669,
  "92": 0.8190104166666669,
  "93": 0.8216145833333335,
  "94": 0.8281250000000001,
  "95": 0.8307291666666667,
  "96": 0.8346354166666667,
  "97": 0.8359375000000001,
  "98": 0.8372395833333335,
  "99": 0.8385416666666669,
  "100": 0.8398437500000002,
  "101": 0.8411458333333336,
  "103": 0.8450520833333336,
  "104": 0.8515625000000002,
  "105": 0.8528645833333336,
  "106": 0.8567708333333336,
  "107": 0.858072916666667,
  "112": 0.8593750000000003,
  "113": 0.8645833333333337,
  "114": 0.8658854166666671,
  "115": 0.8671875000000004,
  "116": 0.8684895833333338,
  "117": 0.8750000000000004,
  "118": 0.8763020833333338,
  "119": 0.8802083333333338,
  "120": 0.8841145833333338,
  "121": 0.8854166666666672,
  "123": 0.8867187500000006,
  "124": 0.8893229166666672,
  "125": 0.8906250000000006,
  "126": 0.8919270833333339,
  "127": 0.8945312500000006,
  "128": 0.8971354166666672,
  "130": 0.8997395833333338,
  "131": 0.9010416666666672,
  "132": 0.9062500000000006,
  "133": 0.9088541666666672,
  "135": 0.9127604166666672,
  "136": 0.9153645833333338,
  "137": 0.9192708333333338,
  "138": 0.9205729166666672,
  "139": 0.9218750000000006,
  "140": 0.9257812500000006,
  "142": 0.9270833333333339,
  "143": 0.9283854166666673,
  "144": 0.9296875000000007,
  "146": 0.930989583333334,
  "147": 0.9322916666666674,
  "148": 0.9335937500000008,
  "149": 0.9375000000000008,
  "150": 0.9401041666666674,
  "151": 0.942708333333334,
  "154": 0.9453125000000007,
  "155": 0.946614583333334,
  "156": 0.9479166666666674,
  "157": 0.9492187500000008,
  "160": 0.9518229166666674,
  "161": 0.958333333333334,
  "163": 0.9596354166666674,
  "164": 0.962239583333334,
  "166": 0.9635416666666674,
  "169": 0.9648437500000008,
  "170": 0.9661458333333341,
  "172": 0.9687500000000008,
  "174": 0.9700520833333341,
  "175": 0.9713541666666675,
  "176": 0.9739583333333341,
  "177": 0.9752604166666675,
  "178": 0.9765625000000009,
  "180": 0.9778645833333343,
  "181": 0.9791666666666676,
  "184": 0.9817708333333343,
  "185": 0.9830729166666676,
  "186": 0.984375000000001,
  "187": 0.9856770833333344,
  "189": 0.9869791666666677,
  "191": 0.9882812500000011,
  "192": 0.9895833333333345,
  "193": 0.9908854166666679,
  "195": 0.9921875000000012,
  "196": 0.9947916666666679,
  "197": 0.9973958333333345,
  "199": 0.9986979166666679,
  "200": 1.000000000000001
}