{
  "2": 0.027227722772277228,
  "3": 0.07549504950495049,
  "4": 0.12004950495049505,
  "5": 0.15717821782178218,
  "6": 0.19554455445544555,
  "7": 0.2264851485148515,
  "8": 0.24504950495049505,
  "9": 0.27103960396039606,
  "10": 0.2846534653465347,
  "11": 0.3007425742574258,
  "12": 0.3143564356435644,
  "13": 0.3267326732673268,
  "14": 0.3403465346534654,
  "15": 0.358910891089109,
  "16": 0.3688118811881189,
  "17": 0.37995049504950507,
  "18": 0.40222772277227736,
  "19": 0.4232673267326734,
  "20": 0.43688118811881205,
  "21": 0.44306930693069324,
  "22": 0.4517326732673269,
  "23": 0.4616336633663368,
  "24": 0.47277227722772297,
  "25": 0.4863861386138616,
  "26": 0.4962871287128715,
  "27": 0.5061881188118814,
  "28": 0.5222772277227725,
  "29": 0.5334158415841587,
  "30": 0.5482673267326735,
  "31": 0.555693069306931,
  "32": 0.5618811881188122,
  "33": 0.5754950495049508,
  "34": 0.5853960396039607,
  "35": 0.5891089108910894,
  "36": 0.5990099009900993,
  "37": 0.6188118811881191,
  "38": 0.6225247524752479,
  "39": 0.6311881188118815,
  "40": 0.6423267326732677,
  "41": 0.6509900990099013,
  "42": 0.6571782178217825,
  "43": 0.6608910891089113,
  "44": 0.6707920792079212,
  "45": 0.6769801980198024,
  "46": 0.6831683168316836,
  "47": 0.6881188118811885,
  "48": 0.7004950495049509,
  "49": 0.7017326732673271,
  "50": 0.7054455445544559,
  "51": 0.7103960396039608,
  "52": 0.7128712871287133,
  "53": 0.7227722772277232,
  "54": 0.7314356435643569,
  "55": 0.7413366336633668,
  "56": 0.7438118811881193,
  "57": 0.7512376237623767,
  "58": 0.7561881188118816,
  "59": 0.7599009900990104,
  "60": 0.7660891089108915,
  "61": 0.7710396039603965,
  "62": 0.7747524752475252,
  "63": 0.7797029702970302,
  "64": 0.7883663366336638,
  "66": 0.794554455445545,
  "67": 0.7957920792079213,
  "68": 0.8019801980198025,
  "69": 0.8032178217821787,
  "70": 0.8094059405940599,
  "71": 0.8143564356435649,
  "72": 0.8168316831683173,
  "73": 0.8180693069306936,
  "74": 0.8230198019801985,
  "75": 0.825495049504951,
  "76": 0.8279702970297035,
  "77": 0.8292079207920797,
  "78": 0.8329207920792084,
  "79": 0.8403465346534659,
  "80": 0.8415841584158421,
  "81": 0.8440594059405946,
  "82": 0.8477722772277233,
  "83": 0.851485148514852,
  "84": 0.8539603960396045,
  "86": 0.8551980198019807,
  "87": 0.8576732673267332,
  "88": 0.8601485148514857,
  "90": 0.8650990099009906,
  "91": 0.8675742574257431,
  "92": 0.8712871287128718,
  "94": 0.8725247524752481,
  "95": 0.8750000000000006,
  "96": 0.8787128712871293,
  "97": 0.8811881188118817,
  "98": 0.882425742574258,
  "99": 0.8849009900990105,
  "102": 0.8861386138613867,
  "103": 0.8873762376237629,
  "104": 0.8886138613861392,
  "105": 0.8898514851485154,
  "106": 0.8935643564356441,
  "107": 0.8960396039603966,
  "108": 0.8997524752475253,
  "109": 0.9022277227722778,
  "110": 0.9059405940594065,
  "111": 0.9071782178217828,
  "112": 0.913366336633664,
  "114": 0.9146039603960402,
  "115": 0.9170792079207927,
  "116": 0.9183168316831689,
  "117": 0.9207920792079214,
  "118": 0.9232673267326739,
  "120": 0.9257425742574263,
  "121": 0.9269801980198026,
  "122": 0.9306930693069313,
  "123": 0.9319306930693075,
  "126": 0.93440594059406,
  "127": 0.9368811881188125,
  "128": 0.9405940594059412,
  "129": 0.9418316831683174,
  "130": 0.9430693069306937,
  "132": 0.9443069306930699,
  "133": 0.9455445544554462,
  "135": 0.9467821782178224,
  "139": 0.9492574257425749,
  "140": 0.9517326732673274,
  "142": 0.9542079207920798,
  "143": 0.9554455445544561,
  "144": 0.9566831683168323,
  "145": 0.9579207920792085,
  "147": 0.9591584158415848,
  "148": 0.9628712871287135,
  "151": 0.9641089108910897,
  "154": 0.965346534653466,
  "162": 0.9665841584158422,
  "163": 0.9690594059405947,
  "164": 0.9702970297029709,
  "165": 0.9740099009900997,
  "166": 0.9752475247524759,
  "169": 0.9764851485148521,
  "170": 0.9801980198019808,
  "171": 0.9814356435643571,
  "173": 0.9839108910891096,
  "175": 0.9851485148514858,
  "178": 0.9876237623762383,
  "183": 0.9888613861386145,
  "185": 0.991336633663367,
  "186": 0.9925742574257432,
  "187": 0.9938118811881195,
  "190": 0.9950495049504957,
  "194": 0.996287128712872,
  "195": 0.9975247524752482,
  "197": 0.9987623762376244,
  "200": 1.0000000000000007
}