{
  "2": 0.027190332326283987,
  "3": 0.07250755287009063,
  "4": 0.11480362537764349,
  "5": 0.14652567975830816,
  "6": 0.18126888217522658,
  "7": 0.21148036253776434,
  "8": 0.22960725075528698,
  "9": 0.2552870090634441,
  "10": 0.27492447129909364,
  "11": 0.2945619335347432,
  "12": 0.31117824773413894,
  "13": 0.32779456193353473,
  "14": 0.34894259818731116,
  "15": 0.3655589123867069,
  "16": 0.38519637462235645,
  "17": 0.4003021148036253,
  "18": 0.4154078549848942,
  "19": 0.4274924471299093,
  "20": 0.43051359516616305,
  "21": 0.43957703927492436,
  "22": 0.4607250755287008,
  "23": 0.4728096676737159,
  "24": 0.48338368580060415,
  "25": 0.49546827794561926,
  "26": 0.5075528700906343,
  "27": 0.512084592145015,
  "28": 0.5241691842900301,
  "29": 0.5317220543806646,
  "30": 0.5407854984894259,
  "31": 0.552870090634441,
  "32": 0.5589123867069485,
  "33": 0.5725075528700906,
  "34": 0.5845921450151057,
  "35": 0.5966767371601208,
  "36": 0.6057401812688822,
  "37": 0.6178247734138973,
  "38": 0.6238670694864048,
  "39": 0.6359516616314199,
  "40": 0.649546827794562,
  "41": 0.6555891238670695,
  "42": 0.6646525679758308,
  "43": 0.6737160120845922,
  "44": 0.6812688821752266,
  "45": 0.6993957703927492,
  "46": 0.702416918429003,
  "47": 0.7069486404833837,
  "48": 0.7190332326283988,
  "50": 0.7265861027190332,
  "51": 0.7311178247734139,
  "52": 0.7326283987915408,
  "53": 0.7401812688821753,
  "54": 0.7416918429003022,
  "55": 0.744712990936556,
  "56": 0.7492447129909366,
  "57": 0.7567975830815711,
  "58": 0.7598187311178248,
  "59": 0.7628398791540786,
  "60": 0.7688821752265861,
  "61": 0.770392749244713,
  "63": 0.7764350453172205,
  "64": 0.782477341389728,
  "65": 0.7915407854984894,
  "66": 0.7975830815709969,
  "67": 0.8006042296072506,
  "68": 0.8051359516616313,
  "69": 0.809667673716012,
  "70": 0.8157099697885195,
  "72": 0.821752265861027,
  "73": 0.8247734138972808,
  "74": 0.8323262839879152,
  "75": 0.8338368580060421,
  "76": 0.8353474320241691,
  "77": 0.8398791540785497,
  "78": 0.8413897280966767,
  "79": 0.8459214501510574,
  "81": 0.8519637462235649,
  "83": 0.8564954682779455,
  "84": 0.8595166163141993,
  "85": 0.8610271903323262,
  "86": 0.86404833836858,
  "87": 0.8670694864048337,
  "88": 0.8685800604229607,
  "89": 0.8746223564954682,
  "90": 0.8761329305135951,
  "91": 0.8791540785498488,
  "92": 0.8806646525679758,
  "93": 0.8867069486404833,
  "94": 0.8882175226586102,
  "95": 0.8897280966767371,
  "98": 0.8912386706948641,
  "99": 0.892749244712991,
  "101": 0.8957703927492447,
  "102": 0.9003021148036254,
  "103": 0.9063444108761329,
  "104": 0.9078549848942599,
  "105": 0.9093655589123868,
  "106": 0.9138972809667675,
  "108": 0.9169184290030212,
  "110": 0.9229607250755287,
  "111": 0.9259818731117825,
  "112": 0.9274924471299094,
  "113": 0.9290030211480363,
  "114": 0.9305135951661633,
  "115": 0.933534743202417,
  "117": 0.935045317220544,
  "120": 0.9380664652567977,
  "124": 0.9410876132930515,
  "125": 0.9425981873111784,
  "126": 0.9441087613293053,
  "129": 0.948640483383686,
  "132": 0.9501510574018129,
  "134": 0.9531722054380667,
  "135": 0.9561933534743204,
  "137": 0.9577039274924474,
  "139": 0.9592145015105743,
  "142": 0.9607250755287012,
  "146": 0.963746223564955,
  "147": 0.9652567975830819,
  "149": 0.9667673716012088,
  "158": 0.9682779456193358,
  "159": 0.9697885196374627,
  "168": 0.9712990936555896,
  "169": 0.9728096676737166,
  "174": 0.9758308157099703,
  "182": 0.9773413897280973,
  "183": 0.9788519637462242,
  "194": 0.9803625377643511,
  "195": 0.9848942598187318,
  "197": 0.9864048338368587,
  "199": 0.9879154078549857,
  "206": 0.9894259818731126,
  "217": 0.9909365558912395,
  "221": 0.9924471299093665,
  "245": 0.9954682779456202,
  "256": 0.9969788519637471,
  "281": 0.9984894259818741,
  "288": 1.0000000000000009
}