{
  "2": 0.07561436672967864,
  "3": 0.1285444234404537,
  "4": 0.19281663516068054,
  "5": 0.2381852551984877,
  "6": 0.2873345935727788,
  "7": 0.32703213610586007,
  "8": 0.35160680529300564,
  "9": 0.3818525519848771,
  "10": 0.4083175803402646,
  "11": 0.4291115311909262,
  "12": 0.4461247637051039,
  "13": 0.4555765595463137,
  "14": 0.4612476370510396,
  "15": 0.4706994328922494,
  "16": 0.4877126654064271,
  "17": 0.491493383742911,
  "18": 0.5009451795841209,
  "19": 0.5066162570888468,
  "20": 0.5160680529300566,
  "22": 0.5255198487712665,
  "23": 0.5330812854442343,
  "24": 0.5406427221172021,
  "25": 0.5425330812854441,
  "26": 0.54820415879017,
  "27": 0.553875236294896,
  "28": 0.5633270321361058,
  "29": 0.5746691871455576,
  "30": 0.5765595463137996,
  "31": 0.5803402646502835,
  "32": 0.5822306238185255,
  "33": 0.5879017013232515,
  "34": 0.5954631379962193,
  "35": 0.5992438563327033,
  "36": 0.6011342155009453,
  "37": 0.6105860113421551,
  "38": 0.6181474480151229,
  "39": 0.6238185255198488,
  "40": 0.6294896030245748,
  "41": 0.6332703213610588,
  "42": 0.6427221172022686,
  "43": 0.6502835538752364,
  "44": 0.6635160680529302,
  "45": 0.671077504725898,
  "46": 0.674858223062382,
  "47": 0.6843100189035918,
  "48": 0.6899810964083177,
  "49": 0.6975425330812856,
  "50": 0.6994328922495275,
  "51": 0.7164461247637053,
  "53": 0.7183364839319473,
  "54": 0.7202268431001893,
  "55": 0.731568998109641,
  "56": 0.737240075614367,
  "57": 0.7466918714555768,
  "58": 0.7504725897920608,
  "59": 0.7542533081285447,
  "60": 0.7618147448015126,
  "61": 0.7637051039697546,
  "62": 0.7693761814744805,
  "63": 0.7769376181474483,
  "64": 0.7826086956521743,
  "65": 0.7844990548204163,
  "66": 0.7882797731569002,
  "67": 0.7958412098298681,
  "68": 0.8109640831758038,
  "69": 0.8223062381852556,
  "70": 0.8279773156899816,
  "71": 0.8355387523629494,
  "72": 0.8393194706994334,
  "73": 0.8412098298676753,
  "74": 0.8468809073724013,
  "75": 0.8506616257088853,
  "76": 0.8544423440453692,
  "77": 0.8582230623818532,
  "78": 0.865784499054821,
  "79": 0.8733459357277888,
  "80": 0.8752362948960308,
  "81": 0.8809073724007568,
  "82": 0.8903591682419666,
  "83": 0.8979206049149344,
  "84": 0.9073724007561442,
  "85": 0.9092627599243862,
  "87": 0.9149338374291122,
  "88": 0.9187145557655961,
  "89": 0.9281663516068059,
  "90": 0.9376181474480157,
  "91": 0.9432892249527417,
  "92": 0.9470699432892257,
  "93": 0.9546313799621935,
  "94": 0.9584120982986775,
  "95": 0.9621928166351614,
  "96": 0.9659735349716454,
  "97": 0.9678638941398874,
  "99": 0.9716446124763713,
  "100": 0.9754253308128553,
  "101": 0.9810964083175813,
  "102": 0.9867674858223072,
  "105": 0.9886578449905492,
  "106": 0.9905482041587912,
  "109": 0.9924385633270332,
  "114": 0.9962192816635171,
  "115": 0.9981096408317591,
  "140": 1.000000000000001
}