{
  "2": 0.051839464882943144,
  "3": 0.1505016722408027,
  "4": 0.23076923076923078,
  "5": 0.29264214046822745,
  "6": 0.33277591973244147,
  "7": 0.38127090301003347,
  "8": 0.41638795986622074,
  "9": 0.46488294314381273,
  "10": 0.4983277591973244,
  "11": 0.5234113712374582,
  "12": 0.5518394648829431,
  "13": 0.5769230769230769,
  "14": 0.6070234113712374,
  "15": 0.6337792642140467,
  "16": 0.6538461538461537,
  "17": 0.6705685618729096,
  "18": 0.6806020066889631,
  "19": 0.7023411371237457,
  "20": 0.7257525083612039,
  "21": 0.749163879598662,
  "22": 0.7642140468227423,
  "23": 0.7792642140468226,
  "24": 0.7943143812709028,
  "25": 0.797658862876254,
  "26": 0.8043478260869563,
  "27": 0.8110367892976587,
  "28": 0.8210702341137122,
  "29": 0.8294314381270901,
  "30": 0.8411371237458192,
  "31": 0.8478260869565215,
  "32": 0.8545150501672238,
  "33": 0.8612040133779262,
  "34": 0.8678929765886285,
  "35": 0.8745819397993309,
  "36": 0.8862876254180599,
  "37": 0.8929765886287623,
  "38": 0.9013377926421402,
  "40": 0.9096989966555181,
  "41": 0.9113712374581937,
  "42": 0.9130434782608693,
  "43": 0.9230769230769228,
  "45": 0.9297658862876251,
  "47": 0.9314381270903007,
  "49": 0.9347826086956519,
  "50": 0.9431438127090298,
  "51": 0.9448160535117054,
  "52": 0.946488294314381,
  "53": 0.9531772575250833,
  "54": 0.9565217391304345,
  "55": 0.9598662207357856,
  "58": 0.9615384615384612,
  "59": 0.9648829431438124,
  "62": 0.9682274247491636,
  "63": 0.9698996655518392,
  "64": 0.9732441471571903,
  "66": 0.9749163879598659,
  "67": 0.9799331103678927,
  "69": 0.9816053511705682,
  "72": 0.9832775919732438,
  "78": 0.986622073578595,
  "80": 0.9882943143812706,
  "95": 0.9899665551839462,
  "96": 0.9916387959866217,
  "98": 0.9933110367892973,
  "99": 0.9949832775919729,
  "110": 0.9983277591973241,
  "113": 0.9999999999999997
}