{
  "2": 0.04509283819628647,
  "3": 0.09681697612732096,
  "4": 0.14721485411140584,
  "5": 0.1896551724137931,
  "6": 0.22281167108753314,
  "7": 0.24668435013262596,
  "8": 0.2705570291777188,
  "9": 0.286472148541114,
  "10": 0.30106100795755963,
  "11": 0.31299734748010605,
  "12": 0.3262599469496021,
  "13": 0.3395225464190981,
  "14": 0.36339522546419095,
  "15": 0.3872679045092838,
  "16": 0.396551724137931,
  "17": 0.40716180371352784,
  "18": 0.4230769230769231,
  "19": 0.4336870026525199,
  "20": 0.45225464190981435,
  "21": 0.45755968169761274,
  "22": 0.46949602122015915,
  "23": 0.48143236074270557,
  "24": 0.4920424403183024,
  "25": 0.5,
  "26": 0.513262599469496,
  "27": 0.5185676392572944,
  "28": 0.5265251989389921,
  "29": 0.5358090185676393,
  "30": 0.5450928381962865,
  "31": 0.5543766578249337,
  "32": 0.5702917771883289,
  "33": 0.5795755968169761,
  "34": 0.5862068965517241,
  "35": 0.5968169761273209,
  "36": 0.5994694960212201,
  "38": 0.6100795755968169,
  "39": 0.6153846153846153,
  "40": 0.6167108753315649,
  "41": 0.6233421750663128,
  "42": 0.6312997347480105,
  "43": 0.6326259946949601,
  "44": 0.6419098143236073,
  "45": 0.6498673740053049,
  "46": 0.6551724137931033,
  "47": 0.6671087533156498,
  "48": 0.6750663129973474,
  "49": 0.6790450928381963,
  "50": 0.6923076923076923,
  "51": 0.6962864721485411,
  "52": 0.7029177718832891,
  "53": 0.7175066312997347,
  "54": 0.7241379310344827,
  "55": 0.7320954907161803,
  "56": 0.7413793103448275,
  "57": 0.7453580901856763,
  "58": 0.7480106100795756,
  "59": 0.753315649867374,
  "60": 0.7586206896551724,
  "61": 0.7612732095490716,
  "62": 0.7692307692307693,
  "63": 0.7732095490716181,
  "64": 0.7758620689655173,
  "65": 0.7771883289124669,
  "66": 0.7864721485411141,
  "67": 0.7931034482758621,
  "68": 0.7944297082228117,
  "69": 0.7957559681697612,
  "70": 0.8023872679045092,
  "71": 0.8050397877984085,
  "72": 0.806366047745358,
  "73": 0.8103448275862069,
  "75": 0.8143236074270557,
  "76": 0.8169761273209549,
  "77": 0.8196286472148542,
  "79": 0.8209549071618037,
  "80": 0.8222811671087533,
  "81": 0.8236074270557029,
  "83": 0.8249336870026525,
  "84": 0.826259946949602,
  "85": 0.8302387267904509,
  "86": 0.8328912466843501,
  "87": 0.8355437665782494,
  "88": 0.8368700265251989,
  "89": 0.8381962864721485,
  "91": 0.8408488063660478,
  "93": 0.8421750663129973,
  "94": 0.8435013262599469,
  "95": 0.8461538461538461,
  "97": 0.850132625994695,
  "98": 0.8514588859416445,
  "99": 0.8541114058355438,
  "100": 0.856763925729443,
  "101": 0.8607427055702919,
  "102": 0.8633952254641911,
  "103": 0.8660477453580904,
  "104": 0.8726790450928383,
  "106": 0.8753315649867376,
  "107": 0.8766578249336872,
  "108": 0.8779840848806367,
  "109": 0.8793103448275863,
  "110": 0.8832891246684351,
  "111": 0.8846153846153847,
  "112": 0.887267904509284,
  "113": 0.8899204244031832,
  "114": 0.8925729442970824,
  "115": 0.8952254641909817,
  "116": 0.8965517241379313,
  "117": 0.8992042440318305,
  "118": 0.9018567639257298,
  "119": 0.904509283819629,
  "120": 0.9098143236074274,
  "121": 0.9124668435013267,
  "123": 0.9137931034482762,
  "124": 0.9151193633952258,
  "126": 0.9177718832891251,
  "127": 0.9204244031830243,
  "129": 0.9217506631299739,
  "130": 0.9230769230769235,
  "131": 0.9270557029177723,
  "132": 0.9283819628647219,
  "134": 0.9297082228116714,
  "135": 0.9350132625994698,
  "136": 0.9376657824933691,
  "137": 0.9416445623342179,
  "138": 0.9442970822281171,
  "139": 0.9456233421750667,
  "140": 0.9496021220159155,
  "142": 0.9522546419098148,
  "144": 0.9535809018567644,
  "145": 0.9549071618037139,
  "146": 0.9575596816976132,
  "147": 0.9602122015915124,
  "149": 0.961538461538462,
  "150": 0.9655172413793108,
  "151": 0.9668435013262604,
  "153": 0.96816976127321,
  "155": 0.9708222811671092,
  "156": 0.974801061007958,
  "157": 0.9761273209549076,
  "159": 0.9787798408488069,
  "160": 0.9801061007957564,
  "161": 0.9827586206896557,
  "162": 0.9840848806366053,
  "164": 0.9854111405835548,
  "165": 0.9867374005305044,
  "169": 0.988063660477454,
  "171": 0.9893899204244035,
  "173": 0.9907161803713531,
  "189": 0.9920424403183027,
  "190": 0.9946949602122019,
  "191": 0.9960212201591515,
  "192": 0.9973474801061011,
  "194": 0.9986737400530507,
  "198": 1.0000000000000002
}