{
  "2": 0.04040404040404041,
  "3": 0.13131313131313133,
  "4": 0.16161616161616163,
  "5": 0.20202020202020204,
  "6": 0.2272727272727273,
  "7": 0.25252525252525254,
  "8": 0.27272727272727276,
  "9": 0.31818181818181823,
  "10": 0.3636363636363637,
  "11": 0.37878787878787884,
  "12": 0.42929292929292934,
  "13": 0.4444444444444445,
  "14": 0.4696969696969697,
  "15": 0.47979797979797983,
  "16": 0.5101010101010102,
  "17": 0.5252525252525253,
  "18": 0.5353535353535354,
  "19": 0.5707070707070707,
  "20": 0.5858585858585859,
  "21": 0.6111111111111112,
  "22": 0.6161616161616162,
  "23": 0.6363636363636365,
  "24": 0.6717171717171718,
  "26": 0.686868686868687,
  "28": 0.691919191919192,
  "29": 0.7121212121212123,
  "30": 0.7222222222222223,
  "31": 0.7323232323232324,
  "32": 0.7424242424242424,
  "33": 0.7474747474747475,
  "35": 0.7525252525252526,
  "36": 0.7676767676767677,
  "37": 0.7828282828282829,
  "38": 0.787878787878788,
  "39": 0.792929292929293,
  "40": 0.8080808080808082,
  "41": 0.8181818181818182,
  "42": 0.8282828282828283,
  "43": 0.8333333333333334,
  "44": 0.8535353535353536,
  "45": 0.8585858585858587,
  "46": 0.8636363636363638,
  "47": 0.8737373737373738,
  "49": 0.8787878787878789,
  "50": 0.883838383838384,
  "51": 0.8989898989898991,
  "52": 0.9090909090909092,
  "53": 0.9191919191919192,
  "54": 0.9242424242424243,
  "56": 0.9292929292929294,
  "64": 0.9343434343434345,
  "66": 0.9444444444444445,
  "68": 0.9494949494949496,
  "70": 0.9545454545454547,
  "74": 0.9595959595959598,
  "78": 0.9646464646464649,
  "79": 0.96969696969697,
  "83": 0.974747474747475,
  "87": 0.9797979797979801,
  "88": 0.9848484848484852,
  "90": 0.9898989898989903,
  "99": 0.9949494949494954,
  "112": 1.0000000000000004
}