{
  "2": 0.332,
  "3": 0.553,
  "4": 0.656,
  "5": 0.739,
  "6": 0.781,
  "7": 0.811,
  "8": 0.8200000000000001,
  "9": 0.8440000000000001,
  "10": 0.8580000000000001,
  "11": 0.8840000000000001,
  "12": 0.9060000000000001,
  "13": 0.9240000000000002,
  "14": 0.9450000000000002,
  "15": 0.9630000000000002,
  "16": 0.9890000000000002,
  "17": 0.9970000000000002,
  "18": 1.0000000000000002
}