{
  "2": 0.037383177570093455,
  "3": 0.1308411214953271,
  "4": 0.1921079958463136,
  "5": 0.23468328141225336,
  "6": 0.27414330218068533,
  "7": 0.3073727933541017,
  "8": 0.3447559709241952,
  "9": 0.36033229491173413,
  "10": 0.38317757009345793,
  "11": 0.4143302180685358,
  "12": 0.4434060228452752,
  "13": 0.48286604361370716,
  "14": 0.505711318795431,
  "15": 0.5244029075804777,
  "16": 0.5482866043613708,
  "17": 0.5607476635514019,
  "18": 0.5784008307372794,
  "19": 0.5939771547248184,
  "20": 0.6116303219106959,
  "21": 0.6220145379023885,
  "22": 0.6313603322949118,
  "23": 0.6427829698857738,
  "24": 0.6542056074766357,
  "25": 0.6614745586708205,
  "26": 0.6728971962616824,
  "27": 0.6760124610591902,
  "28": 0.6822429906542058,
  "29": 0.6905503634475599,
  "30": 0.6915887850467292,
  "31": 0.6957424714434062,
  "32": 0.7071651090342681,
  "33": 0.7102803738317759,
  "34": 0.7123572170301145,
  "35": 0.7175493250259608,
  "36": 0.7217030114226378,
  "37": 0.7248182762201456,
  "38": 0.738317757009346,
  "39": 0.7414330218068538,
  "40": 0.7466251298027001,
  "41": 0.7476635514018694,
  "42": 0.7528556593977157,
  "43": 0.7549325025960543,
  "44": 0.7601246105919006,
  "46": 0.7622014537902392,
  "47": 0.7673935617860855,
  "48": 0.7715472481827625,
  "49": 0.7736240913811011,
  "50": 0.7746625129802703,
  "51": 0.7757009345794396,
  "53": 0.7788161993769473,
  "54": 0.7798546209761166,
  "55": 0.7829698857736244,
  "56": 0.7850467289719629,
  "58": 0.7860851505711322,
  "59": 0.7881619937694707,
  "60": 0.7902388369678093,
  "61": 0.7923156801661478,
  "62": 0.7954309449636556,
  "63": 0.7964693665628249,
  "64": 0.7975077881619941,
  "65": 0.7995846313603326,
  "66": 0.804776739356179,
  "67": 0.8078920041536868,
  "68": 0.8110072689511946,
  "69": 0.8151609553478716,
  "70": 0.8161993769470408,
  "72": 0.81723779854621,
  "73": 0.8182762201453793,
  "74": 0.8203530633437178,
  "75": 0.8224299065420564,
  "76": 0.8276220145379027,
  "77": 0.8317757009345798,
  "78": 0.832814122533749,
  "79": 0.8348909657320875,
  "80": 0.8359293873312568,
  "81": 0.8380062305295953,
  "83": 0.8390446521287646,
  "84": 0.8411214953271031,
  "85": 0.8431983385254417,
  "86": 0.8442367601246109,
  "87": 0.8452751817237801,
  "88": 0.8463136033229494,
  "89": 0.8504672897196264,
  "90": 0.8515057113187956,
  "91": 0.8535825545171342,
  "94": 0.856697819314642,
  "96": 0.8598130841121497,
  "97": 0.860851505711319,
  "98": 0.8618899273104882,
  "100": 0.8629283489096574,
  "101": 0.865005192107996,
  "102": 0.8681204569055038,
  "104": 0.8722741433021808,
  "105": 0.8743509865005193,
  "106": 0.8753894080996886,
  "107": 0.8785046728971964,
  "108": 0.8805815160955349,
  "109": 0.8816199376947041,
  "111": 0.8826583592938734,
  "112": 0.8836967808930426,
  "114": 0.8847352024922118,
  "115": 0.8878504672897196,
  "116": 0.8909657320872274,
  "117": 0.8920041536863966,
  "118": 0.8961578400830736,
  "119": 0.9003115264797507,
  "120": 0.9013499480789199,
  "121": 0.9075804776739355,
  "122": 0.9086188992731047,
  "123": 0.9127725856697817,
  "125": 0.9148494288681203,
  "127": 0.9169262720664588,
  "129": 0.917964693665628,
  "130": 0.9210799584631358,
  "132": 0.9252336448598129,
  "133": 0.9262720664589821,
  "134": 0.9283489096573206,
  "135": 0.9293873312564899,
  "137": 0.9304257528556591,
  "138": 0.9335410176531669,
  "141": 0.9356178608515054,
  "142": 0.9366562824506747,
  "143": 0.9387331256490132,
  "144": 0.9408099688473518,
  "145": 0.941848390446521,
  "146": 0.9428868120456902,
  "147": 0.9449636552440288,
  "148": 0.946002076843198,
  "149": 0.9480789200415366,
  "153": 0.9511941848390444,
  "154": 0.9543094496365522,
  "155": 0.9595015576323985,
  "156": 0.9605399792315678,
  "157": 0.9626168224299063,
  "158": 0.9646936656282449,
  "159": 0.9667705088265834,
  "160": 0.9678089304257527,
  "163": 0.9698857736240912,
  "164": 0.9709241952232605,
  "166": 0.973001038421599,
  "168": 0.9740394600207682,
  "169": 0.9761163032191068,
  "170": 0.9781931464174454,
  "172": 0.9792315680166146,
  "177": 0.9813084112149532,
  "178": 0.9823468328141224,
  "180": 0.984423676012461,
  "181": 0.9865005192107995,
  "182": 0.9896157840083073,
  "183": 0.9906542056074765,
  "184": 0.9916926272066457,
  "185": 0.992731048805815,
  "187": 0.9937694704049842,
  "188": 0.9958463136033228,
  "190": 0.996884735202492,
  "194": 0.9979231568016612,
  "198": 0.9989615784008304,
  "199": 0.9999999999999997
}