{
  "2": 0.305,
  "3": 0.5660000000000001,
  "4": 0.6880000000000001,
  "5": 0.791,
  "6": 0.8380000000000001,
  "7": 0.8600000000000001,
  "8": 0.8840000000000001,
  "9": 0.9050000000000001,
  "10": 0.9220000000000002,
  "11": 0.9320000000000002,
  "12": 0.9450000000000002,
  "13": 0.9520000000000002,
  "14": 0.9560000000000002,
  "15": 0.9620000000000002,
  "16": 0.9630000000000002,
  "17": 0.9660000000000002,
  "18": 0.9690000000000002,
  "19": 0.9710000000000002,
  "20": 0.9750000000000002,
  "21": 0.9760000000000002,
  "22": 0.9770000000000002,
  "23": 0.9820000000000002,
  "24": 0.9850000000000002,
  "25": 0.9870000000000002,
  "27": 0.9900000000000002,
  "28": 0.9920000000000002,
  "29": 0.9930000000000002,
  "30": 0.9970000000000002,
  "31": 0.9980000000000002,
  "36": 0.9990000000000002,
  "37": 1.0000000000000002
}