{
  "2": 0.287,
  "3": 0.475,
  "4": 0.5609999999999999,
  "5": 0.611,
  "6": 0.661,
  "7": 0.6920000000000001,
  "8": 0.7280000000000001,
  "9": 0.7540000000000001,
  "10": 0.7790000000000001,
  "11": 0.8010000000000002,
  "12": 0.8210000000000002,
  "13": 0.8430000000000002,
  "14": 0.8590000000000002,
  "15": 0.8780000000000002,
  "16": 0.8960000000000002,
  "17": 0.9100000000000003,
  "18": 0.9190000000000003,
  "19": 0.9250000000000003,
  "20": 0.9310000000000003,
  "21": 0.9380000000000003,
  "22": 0.9440000000000003,
  "23": 0.9510000000000003,
  "24": 0.9540000000000003,
  "25": 0.9550000000000003,
  "27": 0.9570000000000003,
  "28": 0.9610000000000003,
  "29": 0.9630000000000003,
  "30": 0.9650000000000003,
  "31": 0.9690000000000003,
  "32": 0.9720000000000003,
  "34": 0.9740000000000003,
  "36": 0.9750000000000003,
  "38": 0.9770000000000003,
  "39": 0.9790000000000003,
  "40": 0.9800000000000003,
  "42": 0.9810000000000003,
  "43": 0.9820000000000003,
  "44": 0.9830000000000003,
  "45": 0.9860000000000003,
  "46": 0.9870000000000003,
  "47": 0.9890000000000003,
  "49": 0.9900000000000003,
  "53": 0.9910000000000003,
  "54": 0.9920000000000003,
  "55": 0.9930000000000003,
  "57": 0.9940000000000003,
  "59": 0.9950000000000003,
  "67": 0.9960000000000003,
  "76": 0.9970000000000003,
  "78": 0.9980000000000003,
  "89": 0.9990000000000003,
  "96": 1.0000000000000002
}