{
  "2": 0.048370136698212406,
  "3": 0.1882229232386961,
  "4": 0.2386961093585699,
  "5": 0.31650893796004204,
  "6": 0.34384858044164035,
  "7": 0.3669821240799159,
  "8": 0.3943217665615142,
  "9": 0.41640378548895896,
  "10": 0.4258675078864353,
  "11": 0.4405888538380652,
  "12": 0.4658254468980021,
  "13": 0.47423764458464773,
  "14": 0.491062039957939,
  "15": 0.5068349106203995,
  "16": 0.5268138801261829,
  "17": 0.5394321766561514,
  "18": 0.5499474237644585,
  "19": 0.555205047318612,
  "20": 0.5783385909568874,
  "21": 0.5951629863301787,
  "22": 0.6140904311251314,
  "23": 0.6193480546792849,
  "24": 0.6235541535226077,
  "25": 0.6309148264984226,
  "26": 0.640378548895899,
  "27": 0.6624605678233437,
  "28": 0.6740273396424815,
  "29": 0.6845425867507886,
  "30": 0.6876971608832807,
  "31": 0.6898002103049421,
  "32": 0.6919032597266035,
  "33": 0.697160883280757,
  "34": 0.6982124079915877,
  "36": 0.7003154574132491,
  "38": 0.7024185068349105,
  "39": 0.7045215562565719,
  "40": 0.7055730809674026,
  "41": 0.7139852786540481,
  "42": 0.7245005257623552,
  "43": 0.7276550998948473,
  "44": 0.7350157728706622,
  "45": 0.7371188222923236,
  "46": 0.7455310199789692,
  "47": 0.7476340694006306,
  "48": 0.7507886435331227,
  "49": 0.7602523659305991,
  "50": 0.7655099894847526,
  "51": 0.7770767613038904,
  "52": 0.7844374342797052,
  "53": 0.7917981072555201,
  "54": 0.7949526813880122,
  "55": 0.8012618296529964,
  "56": 0.8033648790746578,
  "57": 0.8065194532071499,
  "58": 0.8075709779179806,
  "60": 0.8128286014721341,
  "61": 0.8254468980021026,
  "62": 0.8307045215562561,
  "63": 0.8359621451104096,
  "64": 0.8443743427970551,
  "65": 0.8611987381703464,
  "66": 0.8643533123028385,
  "67": 0.869610935856992,
  "68": 0.8717139852786534,
  "69": 0.8811777076761298,
  "70": 0.8895899053627754,
  "71": 0.8916929547844368,
  "72": 0.8937960042060982,
  "73": 0.8948475289169289,
  "75": 0.8958990536277596,
  "76": 0.8969505783385903,
  "77": 0.898002103049421,
  "78": 0.8990536277602517,
  "79": 0.9001051524710824,
  "80": 0.9011566771819131,
  "82": 0.9032597266035745,
  "83": 0.9043112513144052,
  "84": 0.9064143007360665,
  "87": 0.9074658254468972,
  "88": 0.9085173501577279,
  "89": 0.9095688748685586,
  "90": 0.91167192429022,
  "91": 0.9127234490010507,
  "93": 0.9158780231335428,
  "94": 0.9190325972660349,
  "95": 0.9200841219768656,
  "97": 0.9263932702418498,
  "98": 0.9284963196635112,
  "100": 0.9316508937960033,
  "101": 0.932702418506834,
  "102": 0.9337539432176647,
  "103": 0.9358569926393261,
  "106": 0.9369085173501568,
  "107": 0.9379600420609875,
  "110": 0.943217665615141,
  "111": 0.9442691903259717,
  "112": 0.9453207150368024,
  "113": 0.9463722397476331,
  "124": 0.9474237644584638,
  "125": 0.9484752891692945,
  "128": 0.9495268138801252,
  "131": 0.953732912723448,
  "132": 0.9547844374342787,
  "134": 0.95688748685594,
  "135": 0.9579390115667707,
  "136": 0.9589905362776014,
  "137": 0.9610935856992628,
  "138": 0.9621451104100935,
  "139": 0.9642481598317549,
  "140": 0.9652996845425856,
  "141": 0.967402733964247,
  "142": 0.9705573080967391,
  "143": 0.9726603575184005,
  "144": 0.9747634069400619,
  "146": 0.9758149316508926,
  "148": 0.9768664563617233,
  "152": 0.9789695057833847,
  "153": 0.9821240799158768,
  "156": 0.9831756046267075,
  "157": 0.9842271293375382,
  "160": 0.9863301787591996,
  "161": 0.9873817034700303,
  "162": 0.988433228180861,
  "168": 0.9894847528916917,
  "170": 0.9905362776025224,
  "178": 0.9915878023133531,
  "182": 0.9926393270241838,
  "187": 0.9947423764458452,
  "188": 0.9968454258675066,
  "192": 0.9978969505783373,
  "193": 0.998948475289168,
  "196": 0.9999999999999987
}