{
  "2": 0.026239067055393587,
  "3": 0.059766763848396506,
  "4": 0.10787172011661808,
  "5": 0.141399416909621,
  "6": 0.17784256559766765,
  "7": 0.20408163265306123,
  "8": 0.23615160349854228,
  "9": 0.2594752186588921,
  "10": 0.282798833819242,
  "11": 0.3119533527696793,
  "12": 0.3323615160349854,
  "13": 0.34839650145772594,
  "14": 0.358600583090379,
  "15": 0.3760932944606414,
  "16": 0.3921282798833819,
  "17": 0.40670553935860054,
  "18": 0.4256559766763848,
  "19": 0.44314868804664714,
  "20": 0.4577259475218658,
  "21": 0.47230320699708445,
  "22": 0.4795918367346938,
  "23": 0.48979591836734687,
  "24": 0.5058309037900874,
  "25": 0.5204081632653061,
  "26": 0.5349854227405249,
  "27": 0.5481049562682216,
  "28": 0.5568513119533528,
  "29": 0.565597667638484,
  "30": 0.5801749271137027,
  "31": 0.5889212827988338,
  "32": 0.6020408163265306,
  "33": 0.6064139941690962,
  "34": 0.6107871720116619,
  "35": 0.620991253644315,
  "36": 0.6297376093294461,
  "37": 0.6341107871720117,
  "38": 0.6413994169096211,
  "39": 0.6501457725947523,
  "40": 0.653061224489796,
  "41": 0.6574344023323616,
  "42": 0.6618075801749272,
  "43": 0.6676384839650147,
  "44": 0.6720116618075803,
  "45": 0.6822157434402334,
  "46": 0.6880466472303208,
  "47": 0.696793002915452,
  "48": 0.6982507288629739,
  "49": 0.6997084548104958,
  "50": 0.7128279883381926,
  "51": 0.7172011661807582,
  "52": 0.7186588921282802,
  "53": 0.7201166180758021,
  "54": 0.7274052478134114,
  "55": 0.7332361516034989,
  "56": 0.7376093294460645,
  "57": 0.7492711370262394,
  "58": 0.7580174927113705,
  "60": 0.763848396501458,
  "61": 0.7682215743440236,
  "62": 0.7711370262390673,
  "63": 0.775510204081633,
  "64": 0.7813411078717204,
  "65": 0.7871720116618078,
  "66": 0.7930029154518953,
  "67": 0.7988338192419827,
  "68": 0.8075801749271139,
  "69": 0.816326530612245,
  "70": 0.8221574344023325,
  "72": 0.8279883381924199,
  "73": 0.8323615160349855,
  "74": 0.8352769679300293,
  "76": 0.838192419825073,
  "77": 0.8411078717201167,
  "78": 0.8440233236151604,
  "79": 0.8454810495626823,
  "80": 0.849854227405248,
  "81": 0.8513119533527699,
  "82": 0.8556851311953355,
  "83": 0.8600583090379011,
  "84": 0.8629737609329449,
  "86": 0.8644314868804668,
  "87": 0.8658892128279887,
  "88": 0.8717201166180761,
  "89": 0.8746355685131199,
  "90": 0.8775510204081636,
  "92": 0.8804664723032073,
  "93": 0.883381924198251,
  "94": 0.8862973760932947,
  "97": 0.8877551020408166,
  "98": 0.8892128279883386,
  "99": 0.8906705539358605,
  "101": 0.8921282798833824,
  "102": 0.8935860058309043,
  "103": 0.8979591836734699,
  "105": 0.9008746355685137,
  "106": 0.9052478134110793,
  "107": 0.908163265306123,
  "109": 0.9096209912536449,
  "112": 0.9110787172011668,
  "113": 0.9154518950437325,
  "114": 0.9169096209912544,
  "115": 0.9227405247813418,
  "116": 0.9256559766763856,
  "117": 0.9271137026239075,
  "118": 0.9314868804664731,
  "120": 0.932944606413995,
  "121": 0.9373177842565606,
  "122": 0.9402332361516044,
  "123": 0.9416909620991263,
  "124": 0.9431486880466482,
  "125": 0.9446064139941701,
  "129": 0.9489795918367357,
  "130": 0.9504373177842577,
  "131": 0.9533527696793014,
  "132": 0.9548104956268233,
  "134": 0.957725947521867,
  "135": 0.9606413994169107,
  "137": 0.9620991253644327,
  "140": 0.9650145772594764,
  "142": 0.9664723032069983,
  "143": 0.9679300291545202,
  "147": 0.9693877551020421,
  "148": 0.970845481049564,
  "149": 0.972303206997086,
  "150": 0.9737609329446079,
  "155": 0.9752186588921298,
  "157": 0.9766763848396517,
  "158": 0.9781341107871736,
  "160": 0.9795918367346955,
  "161": 0.9825072886297392,
  "167": 0.9839650145772612,
  "168": 0.9868804664723049,
  "169": 0.9883381924198268,
  "174": 0.9897959183673487,
  "179": 0.9912536443148706,
  "181": 0.9927113702623925,
  "182": 0.9941690962099144,
  "186": 0.9956268221574364,
  "193": 0.9970845481049583,
  "194": 0.9985422740524802,
  "197": 1.000000000000002
}