{
  "2": 0.10483870967741936,
  "3": 0.2600806451612903,
  "4": 0.35080645161290325,
  "5": 0.41229838709677424,
  "6": 0.4516129032258065,
  "7": 0.46975806451612906,
  "8": 0.48588709677419356,
  "9": 0.498991935483871,
  "10": 0.5282258064516129,
  "11": 0.5554435483870968,
  "12": 0.5685483870967741,
  "13": 0.5826612903225806,
  "14": 0.6028225806451613,
  "15": 0.6088709677419355,
  "16": 0.6139112903225806,
  "17": 0.6199596774193549,
  "18": 0.622983870967742,
  "21": 0.6250000000000001,
  "22": 0.6330645161290324,
  "23": 0.6431451612903227,
  "24": 0.652217741935484,
  "25": 0.6612903225806452,
  "26": 0.684475806451613,
  "27": 0.6945564516129034,
  "28": 0.6985887096774195,
  "29": 0.7046370967741937,
  "30": 0.7157258064516131,
  "31": 0.7197580645161292,
  "32": 0.7308467741935486,
  "33": 0.741935483870968,
  "34": 0.7500000000000002,
  "35": 0.7540322580645163,
  "36": 0.7651209677419357,
  "37": 0.77116935483871,
  "38": 0.7792338709677422,
  "39": 0.7862903225806455,
  "40": 0.7883064516129036,
  "41": 0.7903225806451617,
  "42": 0.7943548387096778,
  "43": 0.8014112903225811,
  "44": 0.8054435483870972,
  "45": 0.8114919354838714,
  "46": 0.8175403225806457,
  "47": 0.8245967741935489,
  "48": 0.8286290322580651,
  "49": 0.8326612903225812,
  "50": 0.8417338709677424,
  "51": 0.8487903225806457,
  "52": 0.8568548387096779,
  "53": 0.8598790322580651,
  "54": 0.8709677419354844,
  "55": 0.8800403225806457,
  "56": 0.8820564516129038,
  "57": 0.8830645161290328,
  "58": 0.8840725806451618,
  "59": 0.8860887096774199,
  "61": 0.889112903225807,
  "62": 0.8921370967741942,
  "63": 0.8931451612903232,
  "64": 0.8971774193548393,
  "65": 0.8991935483870974,
  "66": 0.9022177419354845,
  "67": 0.9032258064516135,
  "68": 0.9042338709677425,
  "69": 0.9062500000000007,
  "70": 0.9112903225806458,
  "71": 0.9133064516129039,
  "72": 0.9203629032258072,
  "73": 0.9243951612903233,
  "74": 0.9324596774193555,
  "75": 0.9425403225806459,
  "76": 0.9435483870967749,
  "77": 0.94858870967742,
  "78": 0.9506048387096782,
  "79": 0.9556451612903233,
  "80": 0.9586693548387104,
  "81": 0.9677419354838717,
  "83": 0.9687500000000007,
  "85": 0.9697580645161297,
  "87": 0.9717741935483878,
  "89": 0.9737903225806459,
  "90": 0.976814516129033,
  "91": 0.977822580645162,
  "92": 0.978830645161291,
  "93": 0.97983870967742,
  "95": 0.9818548387096782,
  "98": 0.9838709677419363,
  "99": 0.9848790322580653,
  "102": 0.9858870967741943,
  "120": 0.9868951612903233,
  "123": 0.9879032258064523,
  "126": 0.9889112903225813,
  "127": 0.9899193548387103,
  "128": 0.9909274193548393,
  "131": 0.9919354838709683,
  "132": 0.9929435483870973,
  "134": 0.9939516129032263,
  "135": 0.9949596774193553,
  "141": 0.9959677419354843,
  "157": 0.9979838709677424,
  "169": 0.9989919354838714,
  "185": 1.0000000000000004
}