{
  "2": 0.02250351617440225,
  "3": 0.05063291139240506,
  "4": 0.0759493670886076,
  "5": 0.10829817158931083,
  "6": 0.1420534458509142,
  "7": 0.16174402250351616,
  "8": 0.1842475386779184,
  "9": 0.20956399437412093,
  "10": 0.22784810126582275,
  "11": 0.2475386779184247,
  "12": 0.25597749648382556,
  "13": 0.28270042194092826,
  "14": 0.30520393811533053,
  "15": 0.3178621659634318,
  "16": 0.3347398030942335,
  "17": 0.34599156118143465,
  "18": 0.36286919831223635,
  "19": 0.3741209563994375,
  "20": 0.38677918424753877,
  "21": 0.3980309423347399,
  "22": 0.4106891701828412,
  "23": 0.4177215189873419,
  "24": 0.428973277074543,
  "25": 0.44585091420534473,
  "26": 0.4556962025316457,
  "27": 0.4641350210970466,
  "28": 0.468354430379747,
  "29": 0.47960618846694814,
  "30": 0.488045007032349,
  "31": 0.4950773558368497,
  "32": 0.49789029535865,
  "33": 0.5021097046413504,
  "34": 0.5091420534458511,
  "35": 0.5147679324894516,
  "36": 0.5274261603375529,
  "37": 0.538677918424754,
  "38": 0.5457102672292546,
  "39": 0.5513361462728552,
  "40": 0.5597749648382561,
  "41": 0.5639943741209564,
  "42": 0.5668073136427567,
  "43": 0.5682137834036568,
  "44": 0.5794655414908579,
  "45": 0.5893108298171589,
  "46": 0.5991561181434598,
  "47": 0.6033755274261602,
  "48": 0.6090014064697608,
  "49": 0.6146272855133613,
  "50": 0.621659634317862,
  "51": 0.6244725738396623,
  "52": 0.6315049226441629,
  "53": 0.6343178621659632,
  "54": 0.6413502109704639,
  "55": 0.6497890295358647,
  "56": 0.6568213783403654,
  "58": 0.6596343178621656,
  "59": 0.6680731364275665,
  "60": 0.6708860759493668,
  "61": 0.6736990154711671,
  "62": 0.6751054852320671,
  "63": 0.6821378340365678,
  "64": 0.6877637130801684,
  "65": 0.6933895921237689,
  "66": 0.6990154711673695,
  "67": 0.7004219409282696,
  "68": 0.7032348804500699,
  "69": 0.70464135021097,
  "70": 0.7074542897327702,
  "71": 0.7130801687763708,
  "72": 0.7158931082981711,
  "73": 0.7172995780590712,
  "74": 0.7215189873417716,
  "75": 0.7257383966244719,
  "76": 0.7341772151898728,
  "77": 0.7355836849507729,
  "79": 0.7482419127988741,
  "80": 0.7496483825597742,
  "81": 0.7566807313642748,
  "82": 0.7609001406469752,
  "83": 0.7637130801687755,
  "84": 0.7665260196905758,
  "85": 0.7679324894514759,
  "86": 0.7707454289732761,
  "87": 0.7749648382559765,
  "88": 0.7819971870604772,
  "89": 0.7848101265822774,
  "90": 0.7876230661040777,
  "91": 0.7890295358649778,
  "92": 0.7960618846694785,
  "93": 0.7974683544303786,
  "94": 0.8016877637130789,
  "95": 0.8045007032348792,
  "96": 0.8073136427566795,
  "97": 0.8101265822784798,
  "98": 0.8143459915611801,
  "99": 0.8171589310829804,
  "100": 0.8185654008438805,
  "101": 0.8213783403656808,
  "102": 0.8270042194092814,
  "103": 0.8284106891701815,
  "104": 0.834036568213782,
  "106": 0.8368495077355823,
  "107": 0.8382559774964824,
  "108": 0.8424753867791828,
  "113": 0.8438818565400829,
  "114": 0.8523206751054837,
  "115": 0.8565400843881841,
  "116": 0.8579465541490842,
  "117": 0.8607594936708844,
  "118": 0.8621659634317845,
  "119": 0.8635724331926846,
  "120": 0.867791842475385,
  "121": 0.8706047819971853,
  "122": 0.8734177215189856,
  "123": 0.8748241912798856,
  "124": 0.879043600562586,
  "125": 0.8804500703234861,
  "126": 0.8818565400843862,
  "127": 0.8832630098452863,
  "128": 0.8860759493670866,
  "130": 0.8888888888888868,
  "131": 0.8917018284106871,
  "132": 0.8931082981715872,
  "133": 0.8987341772151878,
  "134": 0.9029535864978881,
  "135": 0.9057665260196884,
  "136": 0.9071729957805885,
  "137": 0.9085794655414886,
  "138": 0.9099859353023887,
  "139": 0.9113924050632888,
  "140": 0.9156118143459892,
  "141": 0.9184247538677894,
  "142": 0.9198312236286895,
  "143": 0.9226441631504898,
  "144": 0.9268635724331902,
  "145": 0.9282700421940903,
  "146": 0.9296765119549903,
  "147": 0.9310829817158904,
  "148": 0.9324894514767905,
  "149": 0.9353023909985908,
  "150": 0.9367088607594909,
  "151": 0.938115330520391,
  "153": 0.9409282700421913,
  "154": 0.9437412095639915,
  "155": 0.9479606188466919,
  "158": 0.9507735583684922,
  "159": 0.9535864978902925,
  "160": 0.9549929676511926,
  "161": 0.9578059071729929,
  "164": 0.9606188466947931,
  "165": 0.9634317862165934,
  "167": 0.9648382559774935,
  "168": 0.9704641350210941,
  "171": 0.9732770745428944,
  "172": 0.9746835443037944,
  "173": 0.9760900140646945,
  "179": 0.9789029535864948,
  "180": 0.9817158931082951,
  "181": 0.9831223628691952,
  "182": 0.9845288326300953,
  "183": 0.9873417721518956,
  "184": 0.9887482419127956,
  "187": 0.9915611814345959,
  "188": 0.992967651195496,
  "195": 0.9957805907172963,
  "197": 0.9971870604781964,
  "198": 0.9985935302390965,
  "200": 0.9999999999999966
}