{
  "2": 0.015727391874180863,
  "3": 0.05242463958060288,
  "4": 0.09305373525557012,
  "5": 0.13237221494102228,
  "6": 0.1690694626474443,
  "7": 0.20707732634338138,
  "8": 0.22804718217562253,
  "9": 0.25557011795543905,
  "10": 0.28178243774574047,
  "11": 0.2988204456094364,
  "12": 0.3158584534731323,
  "13": 0.3328964613368282,
  "14": 0.3486238532110091,
  "15": 0.36304062909567486,
  "16": 0.38663171690694614,
  "17": 0.40366972477064206,
  "18": 0.42070773263433797,
  "19": 0.43643512450851885,
  "20": 0.44560943643512435,
  "21": 0.45740498034076,
  "22": 0.47182175622542577,
  "23": 0.4809960681520313,
  "24": 0.4914809960681519,
  "25": 0.494102228047182,
  "26": 0.4993446920052423,
  "27": 0.5045871559633026,
  "28": 0.5190039318479684,
  "29": 0.529488859764089,
  "30": 0.5412844036697246,
  "31": 0.5517693315858452,
  "32": 0.5609436435124506,
  "33": 0.5701179554390561,
  "34": 0.5766710353866314,
  "35": 0.587155963302752,
  "36": 0.5963302752293576,
  "37": 0.604193971166448,
  "38": 0.6120576671035385,
  "39": 0.6159895150720837,
  "40": 0.6264744429882042,
  "41": 0.6304062909567494,
  "42": 0.6330275229357796,
  "43": 0.6395806028833549,
  "44": 0.6474442988204454,
  "45": 0.659239842726081,
  "46": 0.6618610747051112,
  "47": 0.6671035386631715,
  "48": 0.6723460026212318,
  "49": 0.6828309305373523,
  "50": 0.6920052424639578,
  "51": 0.697247706422018,
  "52": 0.7024901703800783,
  "53": 0.7064220183486235,
  "54": 0.7155963302752291,
  "55": 0.7169069462647442,
  "56": 0.7182175622542593,
  "57": 0.7208387942332894,
  "58": 0.7260812581913497,
  "59": 0.7287024901703799,
  "60": 0.730013106159895,
  "61": 0.7352555701179553,
  "62": 0.7431192660550457,
  "63": 0.7457404980340759,
  "64": 0.7496723460026211,
  "65": 0.7509829619921362,
  "66": 0.7575360419397116,
  "67": 0.7601572739187418,
  "68": 0.7667103538663171,
  "71": 0.7693315858453473,
  "72": 0.7732634338138925,
  "73": 0.7771952817824377,
  "74": 0.7785058977719528,
  "75": 0.7798165137614679,
  "76": 0.7824377457404981,
  "77": 0.7863695937090432,
  "78": 0.7929226736566186,
  "79": 0.7942332896461337,
  "80": 0.7955439056356488,
  "81": 0.799475753604194,
  "82": 0.8020969855832242,
  "83": 0.8060288335517694,
  "84": 0.8099606815203145,
  "85": 0.8112712975098296,
  "87": 0.8152031454783748,
  "88": 0.817824377457405,
  "90": 0.8191349934469201,
  "91": 0.8217562254259503,
  "92": 0.8283093053735257,
  "93": 0.8322411533420708,
  "94": 0.834862385321101,
  "95": 0.8361730013106161,
  "96": 0.8401048492791613,
  "100": 0.8427260812581915,
  "101": 0.8440366972477066,
  "102": 0.8453473132372217,
  "103": 0.8479685452162519,
  "104": 0.851900393184797,
  "105": 0.8558322411533422,
  "106": 0.8584534731323724,
  "107": 0.8636959370904327,
  "108": 0.8663171690694629,
  "109": 0.867627785058978,
  "110": 0.8702490170380082,
  "111": 0.8741808650065533,
  "112": 0.8768020969855835,
  "113": 0.8781127129750986,
  "114": 0.8820445609436438,
  "115": 0.8833551769331589,
  "118": 0.884665792922674,
  "120": 0.8859764089121891,
  "121": 0.8899082568807343,
  "122": 0.8912188728702494,
  "123": 0.8964613368283096,
  "124": 0.9017038007863699,
  "125": 0.9056356487549151,
  "126": 0.9082568807339453,
  "129": 0.9121887287024905,
  "130": 0.9134993446920056,
  "133": 0.9161205766710357,
  "135": 0.9200524246395809,
  "136": 0.921363040629096,
  "139": 0.9226736566186111,
  "140": 0.9252948885976413,
  "142": 0.9266055045871564,
  "144": 0.9279161205766715,
  "147": 0.9305373525557017,
  "149": 0.9331585845347319,
  "151": 0.934469200524247,
  "152": 0.9357798165137621,
  "153": 0.9370904325032772,
  "154": 0.9384010484927923,
  "155": 0.9397116644823074,
  "156": 0.9423328964613376,
  "157": 0.9449541284403677,
  "158": 0.9462647444298828,
  "161": 0.950196592398428,
  "162": 0.9541284403669732,
  "166": 0.9554390563564883,
  "169": 0.9580602883355185,
  "170": 0.9593709043250336,
  "171": 0.9606815203145487,
  "172": 0.9619921363040638,
  "173": 0.9633027522935789,
  "174": 0.964613368283094,
  "175": 0.9659239842726091,
  "178": 0.9672346002621242,
  "180": 0.9698558322411543,
  "183": 0.9711664482306694,
  "184": 0.9724770642201845,
  "185": 0.9737876802096996,
  "186": 0.9750982961992147,
  "187": 0.9777195281782449,
  "189": 0.9803407601572751,
  "192": 0.9829619921363053,
  "193": 0.9842726081258204,
  "194": 0.9882044560943656,
  "195": 0.9908256880733958,
  "197": 0.994757536041941,
  "198": 0.996068152031456,
  "199": 0.9973787680209711,
  "200": 1.0000000000000013
}