{
  "64": 0.9999999999999997,
  "2": 0.3493810178817056,
  "3": 0.452544704264099,
  "4": 0.5392022008253095,
  "5": 0.5832187070151307,
  "6": 0.6176066024759285,
  "7": 0.6657496561210454,
  "8": 0.6973865199449794,
  "9": 0.734525447042641,
  "10": 0.7675378266850069,
  "11": 0.8088033012379643,
  "12": 0.8418156808803302,
  "13": 0.8651994497936727,
  "14": 0.8927097661623109,
  "15": 0.9023383768913343,
  "16": 0.9133425034387896,
  "17": 0.9229711141678131,
  "18": 0.9339752407152684,
  "19": 0.9422283356258598,
  "20": 0.9532324621733151,
  "21": 0.9614855570839066,
  "22": 0.9656121045392023,
  "23": 0.9669876203576342,
  "24": 0.9724896836313618,
  "26": 0.9738651994497937,
  "27": 0.9766162310866575,
  "28": 0.9793672627235214,
  "29": 0.9821182943603852,
  "30": 0.9834938101788171,
  "32": 0.984869325997249,
  "33": 0.9862448418156808,
  "34": 0.9876203576341127,
  "39": 0.9889958734525446,
  "40": 0.9903713892709765,
  "41": 0.9931224209078403,
  "46": 0.9944979367262722,
  "47": 0.995873452544704,
  "51": 0.9972489683631359,
  "60": 0.9986244841815678
}