{
  "2": 0.04231166150670795,
  "3": 0.13622291021671826,
  "4": 0.2022703818369453,
  "5": 0.2569659442724458,
  "6": 0.2941176470588235,
  "7": 0.33023735810113514,
  "8": 0.3642930856553147,
  "9": 0.3983488132094943,
  "10": 0.43446852425180593,
  "11": 0.45510835913312686,
  "12": 0.4901960784313725,
  "13": 0.5098039215686274,
  "14": 0.5345717234262125,
  "15": 0.5562435500515995,
  "16": 0.5779153766769866,
  "17": 0.5944272445820433,
  "18": 0.6078431372549019,
  "19": 0.6212590299277605,
  "20": 0.6305469556243549,
  "21": 0.6460268317853456,
  "22": 0.6511867905056758,
  "23": 0.6563467492260061,
  "24": 0.6625386996904024,
  "25": 0.6697626418988647,
  "26": 0.674922600619195,
  "27": 0.6790505675954591,
  "28": 0.6924664602683177,
  "29": 0.6965944272445819,
  "30": 0.69969040247678,
  "31": 0.7038183694530442,
  "32": 0.7089783281733745,
  "33": 0.7131062951496386,
  "34": 0.7151702786377707,
  "35": 0.7192982456140349,
  "36": 0.7254901960784311,
  "37": 0.7275541795665632,
  "38": 0.7306501547987614,
  "39": 0.7316821465428275,
  "40": 0.7347781217750257,
  "41": 0.7389060887512898,
  "42": 0.7409700722394219,
  "43": 0.7471620227038182,
  "44": 0.7492260061919502,
  "45": 0.7533539731682144,
  "46": 0.7564499484004126,
  "47": 0.7574819401444787,
  "48": 0.7595459236326108,
  "49": 0.7636738906088749,
  "50": 0.764705882352941,
  "51": 0.7667698658410731,
  "52": 0.7678018575851392,
  "54": 0.7688338493292053,
  "55": 0.7698658410732714,
  "56": 0.7729618163054696,
  "57": 0.7739938080495357,
  "58": 0.7791537667698659,
  "59": 0.781217750257998,
  "60": 0.7853457172342622,
  "61": 0.7874097007223942,
  "62": 0.7905056759545924,
  "63": 0.7915376676986585,
  "66": 0.7966976264189888,
  "67": 0.799793601651187,
  "68": 0.801857585139319,
  "69": 0.8028895768833851,
  "70": 0.8070175438596493,
  "71": 0.8090815273477814,
  "72": 0.8101135190918475,
  "73": 0.8121775025799796,
  "74": 0.8173374613003098,
  "77": 0.8194014447884419,
  "78": 0.821465428276574,
  "79": 0.8245614035087722,
  "80": 0.8286893704850363,
  "81": 0.8317853457172345,
  "82": 0.8328173374613006,
  "83": 0.8338493292053667,
  "84": 0.8359133126934988,
  "86": 0.8379772961816309,
  "87": 0.839009287925697,
  "89": 0.841073271413829,
  "90": 0.8431372549019611,
  "91": 0.8462332301341593,
  "92": 0.8472652218782254,
  "94": 0.8493292053663575,
  "96": 0.8524251805985557,
  "97": 0.8555211558307538,
  "98": 0.858617131062952,
  "99": 0.8596491228070181,
  "100": 0.8606811145510842,
  "101": 0.8648090815273484,
  "102": 0.8668730650154804,
  "103": 0.8710010319917446,
  "105": 0.8720330237358107,
  "106": 0.8751289989680089,
  "108": 0.876160990712075,
  "109": 0.8771929824561411,
  "110": 0.8782249742002072,
  "111": 0.8792569659442733,
  "112": 0.8813209494324054,
  "113": 0.8844169246646035,
  "114": 0.8854489164086696,
  "115": 0.8864809081527357,
  "117": 0.8885448916408678,
  "118": 0.8895768833849339,
  "119": 0.890608875129,
  "120": 0.8968008255933962,
  "121": 0.8978328173374623,
  "122": 0.8988648090815284,
  "123": 0.8998968008255945,
  "124": 0.9009287925696606,
  "125": 0.9040247678018588,
  "126": 0.9050567595459249,
  "127": 0.9081527347781231,
  "128": 0.9091847265221892,
  "129": 0.9102167182662553,
  "131": 0.9122807017543874,
  "132": 0.9133126934984535,
  "133": 0.9153766769865855,
  "134": 0.9164086687306516,
  "135": 0.9174406604747177,
  "136": 0.9184726522187838,
  "137": 0.9205366357069159,
  "138": 0.9236326109391141,
  "139": 0.9246646026831802,
  "140": 0.9256965944272463,
  "141": 0.9267285861713124,
  "143": 0.9277605779153785,
  "144": 0.9287925696594446,
  "145": 0.9318885448916427,
  "146": 0.9339525283797748,
  "147": 0.9349845201238409,
  "148": 0.937048503611973,
  "149": 0.9391124871001051,
  "150": 0.9411764705882372,
  "152": 0.9432404540763693,
  "154": 0.9453044375645013,
  "155": 0.9484004127966995,
  "157": 0.9504643962848316,
  "158": 0.9514963880288977,
  "159": 0.9525283797729638,
  "160": 0.9535603715170299,
  "162": 0.954592363261096,
  "163": 0.9556243550051621,
  "164": 0.9566563467492282,
  "165": 0.9576883384932943,
  "166": 0.9587203302373604,
  "167": 0.9597523219814265,
  "168": 0.9628482972136246,
  "169": 0.9649122807017567,
  "170": 0.9659442724458228,
  "171": 0.969040247678021,
  "172": 0.9700722394220871,
  "174": 0.9711042311661532,
  "175": 0.9731682146542853,
  "176": 0.9742002063983514,
  "178": 0.9752321981424175,
  "179": 0.9783281733746156,
  "181": 0.9793601651186817,
  "182": 0.9803921568627478,
  "183": 0.983488132094946,
  "185": 0.9855521155830781,
  "186": 0.9865841073271442,
  "187": 0.9876160990712103,
  "188": 0.9896800825593424,
  "191": 0.9917440660474744,
  "192": 0.9938080495356065,
  "195": 0.9948400412796726,
  "196": 0.9958720330237387,
  "197": 0.9989680082559369,
  "200": 1.0000000000000029
}