{
  "2": 0.023287671232876714,
  "3": 0.06164383561643836,
  "4": 0.09452054794520548,
  "5": 0.14657534246575343,
  "6": 0.17397260273972603,
  "7": 0.20273972602739726,
  "8": 0.22465753424657534,
  "9": 0.25616438356164384,
  "10": 0.2821917808219178,
  "11": 0.29726027397260274,
  "12": 0.3136986301369863,
  "13": 0.3342465753424657,
  "14": 0.34931506849315064,
  "15": 0.3671232876712328,
  "16": 0.38356164383561636,
  "17": 0.3986301369863013,
  "18": 0.4068493150684931,
  "19": 0.42328767123287664,
  "20": 0.4273972602739725,
  "21": 0.44246575342465744,
  "22": 0.44794520547945194,
  "23": 0.46712328767123273,
  "24": 0.48082191780821903,
  "25": 0.5013698630136985,
  "26": 0.5164383561643834,
  "27": 0.5260273972602738,
  "28": 0.532876712328767,
  "29": 0.5479452054794519,
  "30": 0.5547945205479451,
  "31": 0.5602739726027396,
  "32": 0.5630136986301368,
  "33": 0.56986301369863,
  "34": 0.5890410958904109,
  "35": 0.5945205479452054,
  "36": 0.5986301369863013,
  "37": 0.610958904109589,
  "38": 0.6178082191780822,
  "39": 0.6246575342465753,
  "40": 0.6301369863013698,
  "41": 0.6356164383561643,
  "42": 0.6383561643835616,
  "43": 0.6520547945205479,
  "44": 0.6630136986301369,
  "45": 0.6657534246575342,
  "46": 0.6698630136986301,
  "47": 0.673972602739726,
  "48": 0.6767123287671233,
  "49": 0.6794520547945205,
  "50": 0.689041095890411,
  "51": 0.6945205479452055,
  "52": 0.6986301369863014,
  "53": 0.7041095890410959,
  "54": 0.7095890410958904,
  "55": 0.7136986301369863,
  "56": 0.7164383561643836,
  "57": 0.7191780821917808,
  "58": 0.726027397260274,
  "59": 0.7328767123287672,
  "60": 0.7356164383561644,
  "61": 0.7369863013698631,
  "62": 0.7452054794520548,
  "63": 0.7493150684931508,
  "64": 0.752054794520548,
  "65": 0.7575342465753425,
  "66": 0.763013698630137,
  "67": 0.7657534246575343,
  "69": 0.773972602739726,
  "70": 0.7753424657534247,
  "71": 0.7780821917808219,
  "72": 0.7821917808219179,
  "73": 0.7849315068493151,
  "75": 0.789041095890411,
  "76": 0.7945205479452055,
  "78": 0.7972602739726028,
  "79": 0.8,
  "80": 0.804109589041096,
  "81": 0.8095890410958905,
  "82": 0.8123287671232877,
  "84": 0.8164383561643836,
  "85": 0.8205479452054796,
  "86": 0.8260273972602741,
  "87": 0.8315068493150686,
  "88": 0.8356164383561645,
  "89": 0.841095890410959,
  "91": 0.8424657534246577,
  "92": 0.8452054794520549,
  "93": 0.8465753424657536,
  "94": 0.8534246575342468,
  "95": 0.8616438356164385,
  "96": 0.8630136986301372,
  "98": 0.8643835616438359,
  "100": 0.8657534246575346,
  "102": 0.8671232876712333,
  "103": 0.8698630136986305,
  "105": 0.8712328767123292,
  "107": 0.8726027397260279,
  "108": 0.879452054794521,
  "109": 0.8821917808219183,
  "110": 0.883561643835617,
  "111": 0.8849315068493157,
  "115": 0.8890410958904116,
  "116": 0.8917808219178088,
  "117": 0.8945205479452061,
  "120": 0.8958904109589048,
  "122": 0.8972602739726034,
  "124": 0.9013698630136994,
  "126": 0.902739726027398,
  "127": 0.9041095890410967,
  "128": 0.9054794520547954,
  "129": 0.9068493150684941,
  "131": 0.9082191780821928,
  "132": 0.9136986301369873,
  "134": 0.915068493150686,
  "135": 0.9205479452054804,
  "136": 0.9219178082191791,
  "138": 0.9232876712328778,
  "140": 0.9287671232876723,
  "142": 0.930136986301371,
  "143": 0.9328767123287682,
  "144": 0.9342465753424669,
  "145": 0.9369863013698642,
  "146": 0.9383561643835628,
  "148": 0.9424657534246588,
  "150": 0.9438356164383574,
  "153": 0.9452054794520561,
  "154": 0.9465753424657548,
  "156": 0.9479452054794535,
  "157": 0.9506849315068507,
  "159": 0.953424657534248,
  "160": 0.9561643835616452,
  "162": 0.9575342465753439,
  "163": 0.9589041095890426,
  "166": 0.9616438356164398,
  "167": 0.9643835616438371,
  "168": 0.9657534246575358,
  "170": 0.9671232876712345,
  "171": 0.9684931506849331,
  "172": 0.9698630136986318,
  "175": 0.9726027397260291,
  "176": 0.9739726027397277,
  "178": 0.9753424657534264,
  "181": 0.9767123287671251,
  "182": 0.980821917808221,
  "185": 0.9821917808219197,
  "187": 0.984931506849317,
  "188": 0.9890410958904129,
  "191": 0.9904109589041116,
  "192": 0.9931506849315088,
  "193": 0.9972602739726047,
  "194": 0.9986301369863034,
  "199": 1.000000000000002
}