{
  "2": 0.03733955659276546,
  "3": 0.07817969661610269,
  "4": 0.12602100350058343,
  "5": 0.17036172695449242,
  "6": 0.20536756126021005,
  "7": 0.235705950991832,
  "8": 0.26604434072345395,
  "9": 0.2847141190198367,
  "10": 0.2975495915985998,
  "11": 0.30221703617269546,
  "12": 0.3138856476079347,
  "13": 0.32438739789965,
  "14": 0.3360560093348892,
  "15": 0.3453908984830806,
  "16": 0.3512252042007002,
  "17": 0.3628938156359394,
  "18": 0.37572928821470253,
  "19": 0.38389731621936996,
  "20": 0.40023337222870486,
  "21": 0.4095682613768962,
  "22": 0.41540256709451584,
  "23": 0.42590431738623113,
  "24": 0.4399066511085182,
  "25": 0.44924154025670954,
  "26": 0.4562427071178531,
  "27": 0.4620770128354727,
  "28": 0.472578763127188,
  "29": 0.4830805134189033,
  "30": 0.49241540256709465,
  "31": 0.4959159859976664,
  "32": 0.501750291715286,
  "33": 0.5099183197199534,
  "34": 0.5145857642940491,
  "35": 0.5239206534422405,
  "36": 0.5274212368728123,
  "37": 0.5355892648774797,
  "38": 0.5390898483080515,
  "39": 0.5449241540256711,
  "40": 0.5472578763127189,
  "41": 0.5507584597432907,
  "42": 0.5589264877479582,
  "43": 0.5659276546091017,
  "44": 0.5717619603267212,
  "45": 0.575262543757293,
  "47": 0.5810968494749126,
  "48": 0.5834305717619604,
  "49": 0.5880980163360562,
  "51": 0.591598599766628,
  "52": 0.5962660443407237,
  "53": 0.5985997666277716,
  "54": 0.6032672112018673,
  "55": 0.6056009334889152,
  "56": 0.6079346557759631,
  "57": 0.6102683780630109,
  "58": 0.6172695449241544,
  "59": 0.623103850641774,
  "60": 0.6289381563593935,
  "62": 0.6336056009334893,
  "63": 0.6371061843640611,
  "64": 0.638273045507585,
  "65": 0.6417736289381568,
  "66": 0.6476079346557764,
  "67": 0.6522753792298721,
  "68": 0.6557759626604439,
  "69": 0.6627771295215874,
  "70": 0.6662777129521592,
  "71": 0.6686114352392071,
  "72": 0.6744457409568266,
  "73": 0.6791131855309224,
  "74": 0.6849474912485419,
  "75": 0.6884480746791137,
  "76": 0.6931155192532095,
  "77": 0.6954492415402573,
  "78": 0.6989498249708291,
  "79": 0.7024504084014009,
  "80": 0.7036172695449249,
  "81": 0.7094515752625444,
  "82": 0.7117852975495923,
  "83": 0.7199533255542597,
  "84": 0.7211201866977837,
  "85": 0.7269544924154032,
  "86": 0.730455075845975,
  "87": 0.7374562427071185,
  "88": 0.7397899649941664,
  "89": 0.7456242707117859,
  "91": 0.7479579929988338,
  "92": 0.7514585764294056,
  "93": 0.7549591598599774,
  "94": 0.7561260210035013,
  "95": 0.7596266044340731,
  "96": 0.7642940490081689,
  "97": 0.7677946324387407,
  "98": 0.7724620770128364,
  "99": 0.7771295215869322,
  "100": 0.7782963827304561,
  "102": 0.780630105017504,
  "103": 0.7841306884480758,
  "104": 0.7852975495915997,
  "105": 0.7864644107351236,
  "106": 0.7922987164527432,
  "107": 0.7934655775962671,
  "108": 0.7981330221703629,
  "109": 0.8028004667444586,
  "110": 0.8039673278879825,
  "111": 0.8086347724620783,
  "112": 0.8109684947491261,
  "113": 0.8144690781796979,
  "114": 0.8191365227537937,
  "115": 0.8203033838973176,
  "116": 0.8249708284714133,
  "117": 0.8261376896149373,
  "118": 0.8273045507584612,
  "120": 0.831971995332557,
  "121": 0.8331388564760809,
  "122": 0.8366394399066527,
  "123": 0.8389731621937006,
  "124": 0.8413068844807484,
  "126": 0.8436406067677963,
  "127": 0.8448074679113202,
  "128": 0.8471411901983681,
  "129": 0.848308051341892,
  "130": 0.8529754959159878,
  "131": 0.8553092182030356,
  "132": 0.8599766627771314,
  "133": 0.8623103850641792,
  "134": 0.8634772462077032,
  "135": 0.866977829638275,
  "136": 0.8716452742123707,
  "137": 0.8739789964994186,
  "138": 0.8774795799299904,
  "139": 0.8786464410735143,
  "140": 0.8821470245040861,
  "141": 0.8856476079346579,
  "142": 0.8891481913652297,
  "143": 0.8914819136522776,
  "144": 0.8938156359393254,
  "145": 0.8961493582263733,
  "146": 0.8984830805134212,
  "147": 0.900816802800469,
  "148": 0.9043173862310409,
  "149": 0.9054842473745648,
  "150": 0.9078179696616127,
  "151": 0.9113185530921845,
  "152": 0.9124854142357084,
  "153": 0.9136522753792323,
  "154": 0.9171528588098041,
  "155": 0.919486581096852,
  "156": 0.9218203033838999,
  "157": 0.9264877479579956,
  "158": 0.9299883313885674,
  "159": 0.9334889148191392,
  "161": 0.9358226371061871,
  "162": 0.936989498249711,
  "164": 0.9381563593932349,
  "167": 0.9393232205367589,
  "168": 0.9416569428238067,
  "169": 0.9474912485414263,
  "170": 0.9486581096849502,
  "171": 0.9509918319719981,
  "173": 0.953325554259046,
  "174": 0.9568261376896178,
  "175": 0.9603267211201896,
  "176": 0.9638273045507614,
  "177": 0.9731621936989527,
  "179": 0.9754959159860006,
  "180": 0.9801633605600963,
  "181": 0.9836639439906681,
  "183": 0.9848308051341921,
  "185": 0.98716452742124,
  "187": 0.9894982497082878,
  "189": 0.9906651108518117,
  "191": 0.9941656942823835,
  "192": 0.9976662777129554,
  "194": 0.9988331388564793,
  "196": 1.000000000000003
}