{
  "2": 0.02788339670468948,
  "3": 0.057034220532319393,
  "4": 0.10646387832699619,
  "5": 0.14068441064638781,
  "6": 0.17870722433460073,
  "7": 0.21292775665399238,
  "8": 0.23574144486692014,
  "9": 0.2598225602027883,
  "10": 0.2826362484157161,
  "11": 0.3041825095057034,
  "12": 0.3282636248415716,
  "13": 0.3472750316856781,
  "14": 0.3700887198986058,
  "15": 0.385297845373891,
  "16": 0.39923954372623577,
  "17": 0.40684410646387836,
  "18": 0.4157160963244614,
  "19": 0.43092522179974657,
  "20": 0.44613434727503176,
  "21": 0.46007604562737653,
  "22": 0.47782002534854257,
  "23": 0.49049429657794685,
  "24": 0.5031685678073512,
  "25": 0.5158428390367555,
  "26": 0.525982256020279,
  "27": 0.5386565272496834,
  "28": 0.5589353612167303,
  "29": 0.5741444866920155,
  "30": 0.5855513307984793,
  "31": 0.5956907477820028,
  "32": 0.6045627376425858,
  "33": 0.6134347275031689,
  "34": 0.619771863117871,
  "35": 0.6273764258555136,
  "36": 0.6349809885931561,
  "37": 0.6438529784537391,
  "38": 0.6527249683143221,
  "39": 0.6615969581749052,
  "40": 0.6653992395437265,
  "41": 0.6717363751584287,
  "42": 0.6793409378960712,
  "43": 0.6844106463878329,
  "44": 0.6945500633713564,
  "45": 0.6996197718631181,
  "46": 0.7084917617237011,
  "47": 0.7160963244613436,
  "48": 0.7211660329531053,
  "49": 0.7249683143219267,
  "50": 0.7325728770595692,
  "51": 0.7363751584283905,
  "52": 0.737642585551331,
  "53": 0.7427122940430927,
  "54": 0.7503168567807352,
  "55": 0.7566539923954374,
  "56": 0.7591888466413182,
  "57": 0.7667934093789608,
  "58": 0.7743979721166033,
  "59": 0.7756653992395438,
  "60": 0.7794676806083651,
  "61": 0.7832699619771865,
  "62": 0.7845373891001269,
  "63": 0.7908745247148291,
  "64": 0.7972116603295313,
  "65": 0.7984790874524718,
  "66": 0.7997465145754122,
  "67": 0.8022813688212931,
  "68": 0.8048162230671739,
  "69": 0.8060836501901144,
  "70": 0.8086185044359953,
  "71": 0.8111533586818761,
  "72": 0.813688212927757,
  "73": 0.8162230671736378,
  "74": 0.8174904942965783,
  "76": 0.82256020278834,
  "77": 0.8250950570342208,
  "78": 0.8263624841571613,
  "79": 0.8276299112801018,
  "80": 0.8288973384030422,
  "81": 0.8301647655259827,
  "82": 0.8326996197718636,
  "83": 0.8352344740177444,
  "84": 0.8403041825095061,
  "85": 0.842839036755387,
  "87": 0.8479087452471487,
  "88": 0.8504435994930295,
  "90": 0.85171102661597,
  "91": 0.8542458808618508,
  "92": 0.8567807351077317,
  "93": 0.8580481622306722,
  "94": 0.860583016476553,
  "95": 0.8656527249683147,
  "96": 0.8669201520912552,
  "97": 0.869455006337136,
  "98": 0.8719898605830169,
  "99": 0.8732572877059573,
  "100": 0.8745247148288978,
  "101": 0.8783269961977191,
  "102": 0.8795944233206596,
  "103": 0.8821292775665405,
  "105": 0.8859315589353618,
  "107": 0.8884664131812426,
  "108": 0.892268694550064,
  "109": 0.8935361216730044,
  "110": 0.8948035487959449,
  "112": 0.8986058301647663,
  "113": 0.8998732572877067,
  "114": 0.9049429657794684,
  "116": 0.9062103929024089,
  "117": 0.9087452471482897,
  "118": 0.9112801013941706,
  "120": 0.9138149556400514,
  "123": 0.9150823827629919,
  "125": 0.9176172370088728,
  "126": 0.9214195183776941,
  "127": 0.9226869455006346,
  "128": 0.9252217997465154,
  "129": 0.9264892268694559,
  "130": 0.9277566539923964,
  "131": 0.9302915082382772,
  "133": 0.9328263624841581,
  "134": 0.9340937896070985,
  "135": 0.935361216730039,
  "136": 0.9378960709759199,
  "137": 0.9391634980988603,
  "138": 0.9404309252218008,
  "139": 0.9429657794676817,
  "140": 0.9442332065906222,
  "141": 0.9455006337135626,
  "143": 0.9467680608365031,
  "144": 0.9480354879594436,
  "145": 0.9493029150823841,
  "147": 0.9518377693282649,
  "149": 0.9543726235741458,
  "151": 0.9594423320659075,
  "152": 0.9607097591888479,
  "154": 0.9632446134347288,
  "156": 0.9645120405576693,
  "157": 0.9657794676806097,
  "159": 0.9683143219264906,
  "160": 0.9708491761723714,
  "161": 0.9721166032953119,
  "162": 0.9733840304182524,
  "164": 0.9746514575411929,
  "165": 0.9784537389100142,
  "166": 0.9797211660329547,
  "168": 0.9809885931558951,
  "169": 0.9822560202788356,
  "172": 0.9835234474017761,
  "174": 0.986058301647657,
  "176": 0.9885931558935378,
  "179": 0.9911280101394186,
  "182": 0.9923954372623591,
  "185": 0.99493029150824,
  "189": 0.9961977186311805,
  "192": 0.9974651457541209,
  "195": 0.9987325728770614,
  "200": 1.0000000000000018
}