{
  "2": 0.03177004538577912,
  "3": 0.057488653555219364,
  "4": 0.09531013615733737,
  "5": 0.12859304084720122,
  "6": 0.16036308623298035,
  "7": 0.19213313161875947,
  "8": 0.21633888048411498,
  "9": 0.24205748865355523,
  "10": 0.2617246596066566,
  "11": 0.2844175491679274,
  "12": 0.30559757942511345,
  "13": 0.31921331316187596,
  "14": 0.340393343419062,
  "15": 0.3585476550680787,
  "16": 0.3767019667170953,
  "17": 0.39334341906202724,
  "18": 0.41301059001512863,
  "19": 0.4251134644478064,
  "20": 0.44326777609682305,
  "21": 0.45839636913767023,
  "22": 0.46596066565809385,
  "23": 0.48108925869894104,
  "24": 0.49167927382753407,
  "25": 0.5007564296520424,
  "26": 0.5113464447806354,
  "27": 0.5173978819969742,
  "28": 0.5370650529500756,
  "29": 0.5491679273827533,
  "30": 0.5582450832072616,
  "31": 0.5794251134644477,
  "32": 0.5930408472012102,
  "33": 0.6021180030257185,
  "34": 0.6081694402420573,
  "35": 0.6111951588502268,
  "36": 0.6202723146747351,
  "37": 0.6323751891074129,
  "38": 0.6354009077155823,
  "39": 0.6414523449319212,
  "40": 0.6444780635400906,
  "41": 0.6535552193645989,
  "42": 0.6550680786686837,
  "43": 0.6596066565809379,
  "44": 0.6656580937972767,
  "45": 0.6762481089258697,
  "46": 0.6838124054462933,
  "47": 0.6944024205748863,
  "48": 0.7004538577912252,
  "49": 0.706505295007564,
  "50": 0.7125567322239028,
  "51": 0.7155824508320723,
  "52": 0.7216338880484111,
  "53": 0.7261724659606653,
  "54": 0.7322239031770041,
  "55": 0.7397881996974277,
  "56": 0.7473524962178513,
  "57": 0.748865355521936,
  "58": 0.7549167927382748,
  "59": 0.7609682299546137,
  "60": 0.7655068078668679,
  "61": 0.7685325264750373,
  "62": 0.7730711043872915,
  "64": 0.7745839636913763,
  "65": 0.776096822995461,
  "67": 0.7791225416036305,
  "68": 0.7851739788199693,
  "69": 0.7881996974281388,
  "70": 0.7912254160363082,
  "71": 0.7987897125567318,
  "72": 0.8078668683812401,
  "73": 0.8139183055975789,
  "74": 0.8199697428139178,
  "75": 0.8229954614220872,
  "77": 0.824508320726172,
  "80": 0.8260211800302567,
  "82": 0.8305597579425109,
  "83": 0.8350983358547651,
  "84": 0.8396369137670193,
  "86": 0.8441754916792735,
  "87": 0.8517397881996971,
  "89": 0.8547655068078666,
  "90": 0.8562783661119513,
  "91": 0.8623298033282901,
  "93": 0.8668683812405443,
  "94": 0.8683812405446291,
  "96": 0.8698940998487138,
  "97": 0.8714069591527985,
  "98": 0.8729198184568833,
  "99": 0.8759455370650527,
  "100": 0.8789712556732222,
  "101": 0.8804841149773069,
  "102": 0.8819969742813917,
  "103": 0.8850226928895611,
  "104": 0.8880484114977306,
  "105": 0.8910741301059001,
  "106": 0.8940998487140696,
  "107": 0.8956127080181543,
  "108": 0.897125567322239,
  "109": 0.9001512859304085,
  "110": 0.9016641452344932,
  "111": 0.9046898638426627,
  "112": 0.9062027231467474,
  "114": 0.9077155824508322,
  "115": 0.9092284417549169,
  "117": 0.9122541603630864,
  "119": 0.9167927382753406,
  "120": 0.91981845688351,
  "121": 0.9243570347957643,
  "122": 0.9288956127080185,
  "123": 0.9319213313161879,
  "125": 0.9334341906202727,
  "126": 0.9364599092284421,
  "127": 0.9394856278366116,
  "129": 0.9409984871406963,
  "131": 0.9425113464447811,
  "133": 0.9440242057488658,
  "135": 0.9470499243570353,
  "136": 0.94856278366112,
  "137": 0.9515885022692895,
  "138": 0.9561270801815437,
  "139": 0.9576399394856284,
  "140": 0.9591527987897132,
  "144": 0.9606656580937979,
  "145": 0.9621785173978826,
  "148": 0.9636913767019674,
  "149": 0.9652042360060521,
  "150": 0.9667170953101368,
  "151": 0.9682299546142216,
  "152": 0.971255673222391,
  "153": 0.9727685325264758,
  "155": 0.9742813918305605,
  "156": 0.9757942511346452,
  "161": 0.9788199697428147,
  "163": 0.9803328290468994,
  "167": 0.9833585476550689,
  "171": 0.9848714069591537,
  "173": 0.9863842662632384,
  "176": 0.9878971255673231,
  "177": 0.9909228441754926,
  "186": 0.9924357034795773,
  "189": 0.9939485627836621,
  "193": 0.9954614220877468,
  "196": 0.9969742813918315,
  "197": 0.9984871406959163,
  "198": 1.0000000000000009
}