{
  "2": 0.05398457583547558,
  "3": 0.17994858611825193,
  "4": 0.2634961439588689,
  "5": 0.3226221079691517,
  "6": 0.35989717223650386,
  "7": 0.38303341902313626,
  "8": 0.4023136246786633,
  "9": 0.43059125964010286,
  "10": 0.43958868894601544,
  "11": 0.45244215938303345,
  "12": 0.4665809768637532,
  "13": 0.493573264781491,
  "14": 0.5218508997429305,
  "15": 0.5411311053984575,
  "16": 0.5526992287917737,
  "17": 0.5591259640102827,
  "18": 0.5629820051413881,
  "19": 0.5835475578406168,
  "20": 0.5976863753213366,
  "21": 0.6105398457583546,
  "22": 0.627249357326478,
  "23": 0.6311053984575834,
  "24": 0.6362467866323906,
  "25": 0.6478149100257068,
  "26": 0.652956298200514,
  "27": 0.6619537275064267,
  "28": 0.6696658097686374,
  "29": 0.6735218508997428,
  "30": 0.6773778920308482,
  "31": 0.6812339331619536,
  "32": 0.6863753213367608,
  "33": 0.6902313624678662,
  "34": 0.691516709511568,
  "35": 0.6966580976863752,
  "37": 0.7056555269922878,
  "38": 0.7107969151670951,
  "39": 0.7120822622107968,
  "40": 0.7197943444730076,
  "41": 0.7223650385604112,
  "42": 0.723650385604113,
  "43": 0.7326478149100256,
  "44": 0.7352185089974292,
  "45": 0.74293059125964,
  "46": 0.749357326478149,
  "47": 0.7532133676092544,
  "48": 0.755784061696658,
  "49": 0.762210796915167,
  "50": 0.7634961439588688,
  "51": 0.7647814910025705,
  "52": 0.7686375321336759,
  "53": 0.7712082262210795,
  "54": 0.7776349614395885,
  "55": 0.7892030848329047,
  "56": 0.7994858611825191,
  "57": 0.8084832904884317,
  "59": 0.8110539845758353,
  "60": 0.8149100257069407,
  "61": 0.8161953727506425,
  "62": 0.8174807197943442,
  "63": 0.818766066838046,
  "64": 0.8213367609254496,
  "65": 0.8226221079691514,
  "66": 0.825192802056555,
  "67": 0.8277634961439586,
  "68": 0.831619537275064,
  "69": 0.8367609254498712,
  "70": 0.8393316195372749,
  "71": 0.8419023136246785,
  "72": 0.8444730077120821,
  "74": 0.8483290488431875,
  "75": 0.8496143958868893,
  "76": 0.8521850899742929,
  "77": 0.8534704370179946,
  "78": 0.8598971722365036,
  "79": 0.8611825192802054,
  "80": 0.8650385604113108,
  "81": 0.8688946015424162,
  "83": 0.8714652956298198,
  "84": 0.8727506426735215,
  "85": 0.8753213367609252,
  "86": 0.8778920308483288,
  "87": 0.8791773778920305,
  "88": 0.8804627249357323,
  "89": 0.8830334190231359,
  "90": 0.8868894601542413,
  "91": 0.8894601542416449,
  "92": 0.8907455012853467,
  "93": 0.8920308483290484,
  "94": 0.8933161953727502,
  "95": 0.894601542416452,
  "96": 0.8958868894601537,
  "97": 0.8997429305912591,
  "98": 0.9010282776349609,
  "99": 0.9023136246786626,
  "101": 0.9048843187660662,
  "102": 0.906169665809768,
  "104": 0.9087403598971716,
  "105": 0.9100257069408734,
  "107": 0.912596401028277,
  "108": 0.9138817480719788,
  "110": 0.9151670951156805,
  "111": 0.9177377892030841,
  "113": 0.9203084832904878,
  "114": 0.9228791773778914,
  "115": 0.925449871465295,
  "116": 0.9267352185089968,
  "118": 0.9280205655526985,
  "119": 0.9305912596401021,
  "120": 0.9344473007712075,
  "121": 0.9395886889460148,
  "122": 0.9434447300771202,
  "123": 0.9447300771208219,
  "125": 0.9498714652956292,
  "126": 0.9511568123393309,
  "127": 0.9537275064267345,
  "128": 0.9562982005141382,
  "129": 0.9575835475578399,
  "130": 0.9588688946015417,
  "132": 0.9601542416452434,
  "133": 0.9652956298200507,
  "137": 0.9665809768637524,
  "140": 0.9678663239074542,
  "142": 0.969151670951156,
  "143": 0.9717223650385596,
  "146": 0.9742930591259632,
  "147": 0.975578406169665,
  "149": 0.9768637532133667,
  "151": 0.9794344473007703,
  "153": 0.9807197943444721,
  "157": 0.9820051413881739,
  "158": 0.9832904884318756,
  "160": 0.9858611825192792,
  "161": 0.987146529562981,
  "164": 0.9884318766066827,
  "166": 0.9897172236503845,
  "168": 0.9910025706940863,
  "169": 0.992287917737788,
  "173": 0.9935732647814898,
  "186": 0.9948586118251915,
  "188": 0.9961439588688933,
  "192": 0.997429305912595,
  "198": 0.9999999999999987
}