{
  "2": 0.024390243902439025,
  "3": 0.05595408895265423,
  "4": 0.09469153515064563,
  "5": 0.133428981348637,
  "6": 0.1721664275466284,
  "7": 0.19799139167862265,
  "8": 0.22668579626972737,
  "9": 0.25394548063127687,
  "10": 0.27259684361549497,
  "11": 0.29124820659971307,
  "12": 0.3084648493543759,
  "13": 0.327116212338594,
  "14": 0.35150645624103305,
  "15": 0.37876614060258257,
  "16": 0.3945480631276902,
  "17": 0.4103299856527978,
  "18": 0.4218077474892397,
  "19": 0.4318507890961264,
  "20": 0.447632711621234,
  "21": 0.4576757532281207,
  "22": 0.47202295552367307,
  "23": 0.48206599713055975,
  "24": 0.4849354375896702,
  "25": 0.4949784791965569,
  "26": 0.5021520803443331,
  "27": 0.5121951219512197,
  "28": 0.5265423242467722,
  "29": 0.5337159253945484,
  "30": 0.538020086083214,
  "31": 0.5523672883787665,
  "32": 0.5566714490674322,
  "33": 0.5652797704447636,
  "35": 0.5753228120516503,
  "36": 0.5896700143472027,
  "37": 0.5911047345767579,
  "38": 0.5997130559540894,
  "39": 0.609756097560976,
  "40": 0.615494978479197,
  "41": 0.6197991391678627,
  "42": 0.6212338593974179,
  "43": 0.6284074605451941,
  "44": 0.6327116212338598,
  "45": 0.6370157819225255,
  "46": 0.6441893830703017,
  "47": 0.6556671449067436,
  "48": 0.6657101865136302,
  "49": 0.6771879483500721,
  "50": 0.6786226685796274,
  "51": 0.6814921090387379,
  "53": 0.6843615494978484,
  "54": 0.6857962697274037,
  "55": 0.6901004304160694,
  "56": 0.7015781922525113,
  "57": 0.7130559540889532,
  "58": 0.7144906743185084,
  "59": 0.7216642754662846,
  "60": 0.7274031563845056,
  "61": 0.7288378766140609,
  "62": 0.7374461979913923,
  "63": 0.7403156384505029,
  "64": 0.7446197991391685,
  "65": 0.7489239598278342,
  "66": 0.7532281205164999,
  "67": 0.7589670014347208,
  "68": 0.7618364418938314,
  "69": 0.7675753228120523,
  "70": 0.771879483500718,
  "72": 0.7733142037302733,
  "73": 0.7747489239598285,
  "74": 0.7862266857962704,
  "75": 0.7919655667144914,
  "76": 0.7934002869440466,
  "77": 0.7962697274031572,
  "78": 0.7977044476327124,
  "79": 0.800573888091823,
  "80": 0.8048780487804886,
  "81": 0.8063127690100439,
  "82": 0.8120516499282648,
  "83": 0.8149210903873754,
  "84": 0.8206599713055963,
  "85": 0.8220946915351516,
  "86": 0.8235294117647068,
  "87": 0.8263988522238174,
  "88": 0.8292682926829279,
  "89": 0.8321377331420384,
  "90": 0.835007173601149,
  "91": 0.8378766140602595,
  "92": 0.8393113342898147,
  "93": 0.84074605451937,
  "94": 0.8436154949784805,
  "95": 0.8479196556671462,
  "96": 0.8507890961262567,
  "97": 0.852223816355812,
  "98": 0.8608321377331435,
  "99": 0.8622668579626988,
  "101": 0.8651362984218093,
  "102": 0.869440459110475,
  "103": 0.8708751793400302,
  "104": 0.8766140602582512,
  "105": 0.8780487804878064,
  "106": 0.8794835007173617,
  "107": 0.880918220946917,
  "109": 0.8823529411764722,
  "111": 0.8866571018651379,
  "112": 0.8895265423242484,
  "113": 0.8938307030129141,
  "114": 0.8952654232424694,
  "115": 0.8981348637015799,
  "116": 0.8995695839311352,
  "118": 0.9010043041606904,
  "119": 0.9024390243902457,
  "121": 0.903873744619801,
  "122": 0.9067431850789115,
  "123": 0.909612625538022,
  "125": 0.9139167862266877,
  "127": 0.9196556671449087,
  "129": 0.9225251076040192,
  "132": 0.9253945480631297,
  "133": 0.926829268292685,
  "134": 0.9311334289813507,
  "135": 0.9325681492109059,
  "137": 0.9340028694404612,
  "139": 0.9354375896700164,
  "141": 0.9368723098995717,
  "142": 0.9397417503586822,
  "144": 0.9411764705882375,
  "147": 0.9426111908177928,
  "148": 0.944045911047348,
  "151": 0.9469153515064586,
  "152": 0.9497847919655691,
  "153": 0.95552367288379,
  "155": 0.9569583931133453,
  "156": 0.9583931133429006,
  "157": 0.9598278335724558,
  "158": 0.9612625538020111,
  "163": 0.9626972740315664,
  "164": 0.9641319942611216,
  "166": 0.9655667144906769,
  "167": 0.9713055954088978,
  "169": 0.9756097560975635,
  "171": 0.9770444763271188,
  "172": 0.978479196556674,
  "174": 0.9813486370157846,
  "176": 0.9827833572453398,
  "177": 0.9842180774748951,
  "178": 0.9856527977044504,
  "179": 0.9870875179340056,
  "180": 0.9885222381635609,
  "187": 0.9899569583931161,
  "189": 0.9928263988522267,
  "190": 0.9956958393113372,
  "192": 0.9971305595408925,
  "193": 0.9985652797704477,
  "197": 1.0000000000000029
}