{
  "2": 0.021156558533145273,
  "3": 0.06205923836389281,
  "4": 0.08885754583921016,
  "5": 0.11706629055007052,
  "6": 0.14386459802538787,
  "7": 0.16361071932299012,
  "8": 0.1847672778561354,
  "9": 0.21156558533145275,
  "10": 0.23272214386459802,
  "11": 0.24259520451339917,
  "12": 0.27221438645980256,
  "13": 0.29055007052186177,
  "14": 0.3004231311706629,
  "15": 0.31593794076163606,
  "16": 0.33427362482369527,
  "17": 0.35119887165021146,
  "18": 0.3737658674188998,
  "19": 0.3949224259520451,
  "20": 0.4062059238363892,
  "21": 0.41748942172073333,
  "22": 0.4315937940761635,
  "23": 0.44569816643159366,
  "24": 0.46121297602256683,
  "25": 0.4668547249647389,
  "26": 0.473906911142454,
  "27": 0.478138222849083,
  "28": 0.4837799717912551,
  "29": 0.4922425952045132,
  "30": 0.49929478138222827,
  "31": 0.5091678420310294,
  "32": 0.5148095909732014,
  "33": 0.5275035260930886,
  "34": 0.5373765867418897,
  "35": 0.5444287729196048,
  "36": 0.5571227080394919,
  "37": 0.56558533145275,
  "38": 0.5768688293370942,
  "39": 0.5839210155148092,
  "40": 0.5923836389280673,
  "41": 0.5966149506346964,
  "42": 0.6008462623413254,
  "43": 0.6121297602256696,
  "44": 0.6163610719322986,
  "45": 0.6177715091678416,
  "46": 0.6234132581100137,
  "47": 0.6304654442877288,
  "48": 0.6361071932299008,
  "49": 0.6445698166431589,
  "50": 0.6558533145275031,
  "51": 0.6657263751763042,
  "52": 0.6699576868829332,
  "53": 0.6741889985895623,
  "54": 0.6784203102961913,
  "55": 0.6840620592383634,
  "56": 0.6897038081805354,
  "57": 0.6925246826516215,
  "58": 0.6981664315937935,
  "59": 0.7038081805359656,
  "60": 0.7066290550070516,
  "61": 0.7108603667136807,
  "62": 0.7165021156558528,
  "63": 0.7193229901269388,
  "64": 0.7291960507757399,
  "65": 0.736248236953455,
  "66": 0.737658674188998,
  "67": 0.7447108603667131,
  "68": 0.7489421720733421,
  "69": 0.7545839210155142,
  "70": 0.7588152327221432,
  "71": 0.7630465444287723,
  "72": 0.7686882933709444,
  "73": 0.7715091678420304,
  "74": 0.7771509167842025,
  "75": 0.7842031029619175,
  "76": 0.7898448519040896,
  "77": 0.7926657263751756,
  "78": 0.7954866008462617,
  "79": 0.7983074753173477,
  "80": 0.8067700987306058,
  "81": 0.8095909732016918,
  "82": 0.8166431593794069,
  "83": 0.822284908321579,
  "84": 0.826516220028208,
  "85": 0.8307475317348371,
  "86": 0.8349788434414661,
  "87": 0.8377997179125521,
  "88": 0.8406205923836382,
  "89": 0.8434414668547242,
  "90": 0.8476727785613533,
  "92": 0.8533145275035253,
  "93": 0.8589562764456974,
  "95": 0.8674188998589555,
  "96": 0.8688293370944985,
  "97": 0.8702397743300415,
  "98": 0.8716502115655845,
  "99": 0.8758815232722136,
  "100": 0.8787023977432996,
  "101": 0.8815232722143856,
  "102": 0.8857545839210147,
  "103": 0.8899858956276437,
  "106": 0.8913963328631868,
  "107": 0.8928067700987298,
  "109": 0.8956276445698158,
  "110": 0.8970380818053588,
  "111": 0.8984485190409018,
  "112": 0.9012693935119879,
  "113": 0.9040902679830739,
  "115": 0.9055007052186169,
  "116": 0.9069111424541599,
  "117": 0.909732016925246,
  "118": 0.912552891396332,
  "119": 0.913963328631875,
  "120": 0.916784203102961,
  "121": 0.9196050775740471,
  "122": 0.9210155148095901,
  "123": 0.9224259520451331,
  "125": 0.9238363892806761,
  "126": 0.9252468265162191,
  "129": 0.9266572637517622,
  "130": 0.9308885754583912,
  "132": 0.9322990126939342,
  "134": 0.9337094499294772,
  "136": 0.9379407616361063,
  "139": 0.9407616361071923,
  "141": 0.9435825105782784,
  "142": 0.9449929478138214,
  "146": 0.9492242595204504,
  "149": 0.9534555712270795,
  "150": 0.9548660084626225,
  "151": 0.9562764456981655,
  "152": 0.9576868829337085,
  "155": 0.9605077574047945,
  "156": 0.9619181946403376,
  "157": 0.9633286318758806,
  "159": 0.9647390691114236,
  "160": 0.9661495063469666,
  "161": 0.9675599435825096,
  "163": 0.9689703808180526,
  "164": 0.9717912552891387,
  "166": 0.9732016925246817,
  "167": 0.9746121297602247,
  "169": 0.9760225669957677,
  "170": 0.9774330042313107,
  "171": 0.9802538787023968,
  "172": 0.9816643159379398,
  "173": 0.9844851904090258,
  "174": 0.9858956276445688,
  "176": 0.9873060648801119,
  "177": 0.9887165021156549,
  "178": 0.9901269393511979,
  "179": 0.9915373765867409,
  "184": 0.9929478138222839,
  "186": 0.9943582510578269,
  "187": 0.99576868829337,
  "189": 0.997179125528913,
  "198": 0.998589562764456,
  "199": 0.999999999999999
}