{
  "2": 0.349,
  "3": 0.6319999999999999,
  "4": 0.7289999999999999,
  "5": 0.7609999999999999,
  "6": 0.8009999999999999,
  "7": 0.828,
  "8": 0.839,
  "9": 0.872,
  "10": 0.92,
  "11": 0.934,
  "12": 0.9410000000000001,
  "16": 0.9420000000000001,
  "17": 0.9570000000000001,
  "18": 0.9650000000000001,
  "19": 0.9870000000000001,
  "20": 0.9950000000000001,
  "22": 0.9970000000000001,
  "23": 1.0
}