{
  "2": 0.04094488188976378,
  "3": 0.06299212598425197,
  "4": 0.11181102362204724,
  "5": 0.14488188976377953,
  "6": 0.1700787401574803,
  "7": 0.2047244094488189,
  "8": 0.231496062992126,
  "9": 0.2503937007874016,
  "10": 0.28818897637795277,
  "11": 0.31181102362204727,
  "12": 0.33543307086614177,
  "13": 0.35433070866141736,
  "14": 0.37952755905511815,
  "15": 0.38897637795275597,
  "16": 0.40944881889763785,
  "17": 0.42204724409448824,
  "18": 0.43937007874015754,
  "19": 0.4535433070866142,
  "20": 0.478740157480315,
  "21": 0.4992125984251969,
  "22": 0.5086614173228347,
  "23": 0.521259842519685,
  "24": 0.5275590551181102,
  "25": 0.5433070866141732,
  "26": 0.552755905511811,
  "27": 0.5559055118110235,
  "28": 0.563779527559055,
  "29": 0.5732283464566928,
  "30": 0.5779527559055118,
  "31": 0.5842519685039369,
  "32": 0.5874015748031495,
  "33": 0.6047244094488188,
  "34": 0.6157480314960628,
  "35": 0.6346456692913385,
  "36": 0.637795275590551,
  "37": 0.6409448818897636,
  "38": 0.6551181102362204,
  "39": 0.6692913385826771,
  "40": 0.6771653543307086,
  "41": 0.68503937007874,
  "42": 0.689763779527559,
  "43": 0.6913385826771653,
  "44": 0.6976377952755906,
  "45": 0.7039370078740157,
  "46": 0.7165354330708661,
  "47": 0.7181102362204724,
  "48": 0.7228346456692913,
  "49": 0.7322834645669292,
  "50": 0.7385826771653543,
  "51": 0.7480314960629921,
  "52": 0.75748031496063,
  "53": 0.7637795275590551,
  "54": 0.7653543307086614,
  "55": 0.7732283464566929,
  "56": 0.7763779527559055,
  "57": 0.7811023622047244,
  "59": 0.784251968503937,
  "60": 0.7905511811023622,
  "61": 0.7937007874015748,
  "63": 0.7968503937007874,
  "64": 0.7984251968503937,
  "65": 0.8031496062992126,
  "66": 0.8094488188976379,
  "67": 0.8125984251968504,
  "68": 0.8141732283464568,
  "69": 0.8220472440944883,
  "70": 0.8267716535433072,
  "72": 0.8314960629921261,
  "73": 0.836220472440945,
  "74": 0.8393700787401576,
  "76": 0.8425196850393701,
  "77": 0.8440944881889765,
  "78": 0.847244094488189,
  "79": 0.8535433070866143,
  "80": 0.8551181102362206,
  "81": 0.856692913385827,
  "82": 0.8582677165354333,
  "83": 0.8598425196850397,
  "84": 0.8629921259842522,
  "86": 0.8692913385826775,
  "87": 0.8708661417322838,
  "88": 0.8724409448818902,
  "89": 0.8740157480314965,
  "91": 0.8787401574803154,
  "92": 0.8803149606299218,
  "93": 0.886614173228347,
  "94": 0.8897637795275596,
  "95": 0.8913385826771659,
  "97": 0.8929133858267723,
  "99": 0.8976377952755912,
  "100": 0.9023622047244101,
  "101": 0.9039370078740164,
  "103": 0.9055118110236228,
  "104": 0.9070866141732291,
  "106": 0.9102362204724417,
  "109": 0.911811023622048,
  "110": 0.9133858267716544,
  "111": 0.9149606299212607,
  "112": 0.916535433070867,
  "113": 0.9181102362204734,
  "114": 0.9196850393700797,
  "115": 0.9212598425196861,
  "118": 0.9244094488188986,
  "120": 0.925984251968505,
  "122": 0.9291338582677175,
  "123": 0.9307086614173239,
  "126": 0.9322834645669302,
  "128": 0.9338582677165366,
  "129": 0.9354330708661429,
  "131": 0.9370078740157493,
  "132": 0.9401574803149618,
  "134": 0.9433070866141744,
  "135": 0.946456692913387,
  "136": 0.9480314960629933,
  "137": 0.9496062992125996,
  "138": 0.9527559055118122,
  "141": 0.9543307086614186,
  "142": 0.9559055118110249,
  "146": 0.9574803149606312,
  "149": 0.9590551181102376,
  "151": 0.9606299212598439,
  "152": 0.9622047244094503,
  "153": 0.9637795275590566,
  "154": 0.9653543307086629,
  "158": 0.9669291338582693,
  "159": 0.9700787401574819,
  "164": 0.9716535433070882,
  "165": 0.9748031496063008,
  "168": 0.9763779527559071,
  "171": 0.9779527559055134,
  "174": 0.9795275590551198,
  "177": 0.9811023622047261,
  "180": 0.9826771653543325,
  "183": 0.9842519685039388,
  "184": 0.9874015748031514,
  "185": 0.990551181102364,
  "189": 0.9921259842519703,
  "191": 0.9937007874015766,
  "195": 0.995275590551183,
  "196": 0.9968503937007893,
  "198": 0.9984251968503957,
  "199": 1.000000000000002
}