{
  "2": 0.1314878892733564,
  "3": 0.25951557093425603,
  "4": 0.3356401384083045,
  "5": 0.4083044982698962,
  "6": 0.5155709342560554,
  "7": 0.5743944636678201,
  "8": 0.6228373702422145,
  "9": 0.6678200692041523,
  "10": 0.685121107266436,
  "11": 0.6920415224913495,
  "12": 0.726643598615917,
  "13": 0.7508650519031143,
  "14": 0.7993079584775087,
  "15": 0.8442906574394464,
  "16": 0.8754325259515572,
  "17": 0.8961937716262977,
  "18": 0.9065743944636679,
  "19": 0.9307958477508652,
  "20": 0.9377162629757787,
  "21": 0.948096885813149,
  "22": 0.9515570934256058,
  "23": 0.9584775086505193,
  "27": 0.9619377162629761,
  "28": 0.9653979238754329,
  "29": 0.9688581314878897,
  "30": 0.9757785467128032,
  "31": 0.97923875432526,
  "32": 0.993079584775087,
  "33": 0.9965397923875438,
  "50": 1.0000000000000004
}