{
  "2": 0.024277456647398842,
  "3": 0.06358381502890173,
  "4": 0.10635838150289018,
  "5": 0.14104046242774565,
  "6": 0.18034682080924855,
  "7": 0.2069364161849711,
  "8": 0.23583815028901733,
  "9": 0.25549132947976877,
  "10": 0.2797687861271676,
  "11": 0.29942196531791904,
  "12": 0.32369942196531787,
  "13": 0.3387283236994219,
  "14": 0.35375722543352595,
  "15": 0.3618497109826589,
  "16": 0.3734104046242774,
  "17": 0.3815028901734103,
  "18": 0.4023121387283236,
  "19": 0.40809248554913286,
  "20": 0.4208092485549132,
  "21": 0.42890173410404614,
  "22": 0.445086705202312,
  "23": 0.45549132947976867,
  "24": 0.46705202312138716,
  "25": 0.47630057803468195,
  "26": 0.4867052023121386,
  "27": 0.4936416184971097,
  "28": 0.5052023121387282,
  "29": 0.514450867052023,
  "30": 0.522543352601156,
  "31": 0.5271676300578034,
  "32": 0.5329479768786127,
  "33": 0.5352601156069364,
  "34": 0.5398843930635838,
  "35": 0.5479768786127168,
  "36": 0.5606936416184972,
  "37": 0.569942196531792,
  "38": 0.5815028901734105,
  "39": 0.5861271676300579,
  "40": 0.5965317919075146,
  "41": 0.601156069364162,
  "42": 0.6034682080924857,
  "43": 0.6161849710982661,
  "44": 0.6208092485549135,
  "45": 0.6254335260115609,
  "46": 0.6289017341040465,
  "47": 0.6323699421965321,
  "48": 0.6358381502890177,
  "49": 0.6404624277456651,
  "50": 0.6473988439306362,
  "51": 0.6508670520231218,
  "52": 0.6635838150289022,
  "53": 0.6763005780346826,
  "54": 0.6936416184971104,
  "55": 0.7028901734104052,
  "56": 0.7063583815028908,
  "57": 0.7156069364161856,
  "58": 0.7225433526011567,
  "59": 0.728323699421966,
  "60": 0.7317919075144516,
  "61": 0.7352601156069372,
  "62": 0.7387283236994228,
  "63": 0.7456647398843939,
  "64": 0.7502890173410413,
  "65": 0.7549132947976886,
  "66": 0.760693641618498,
  "67": 0.775722543352602,
  "68": 0.7815028901734113,
  "69": 0.7930635838150298,
  "70": 0.8023121387283246,
  "71": 0.8115606936416194,
  "72": 0.8161849710982668,
  "73": 0.8208092485549142,
  "74": 0.8242774566473998,
  "75": 0.8323699421965328,
  "76": 0.8358381502890184,
  "77": 0.8404624277456658,
  "78": 0.8439306358381514,
  "79": 0.847398843930637,
  "80": 0.8497109826589607,
  "81": 0.8566473988439318,
  "82": 0.8601156069364174,
  "83": 0.8624277456647411,
  "84": 0.8647398843930648,
  "85": 0.8682080924855504,
  "86": 0.8693641618497123,
  "87": 0.871676300578036,
  "88": 0.8751445086705216,
  "89": 0.8774566473988453,
  "90": 0.8786127167630072,
  "91": 0.8809248554913309,
  "93": 0.8832369942196546,
  "94": 0.8843930635838165,
  "95": 0.8855491329479784,
  "96": 0.8867052023121403,
  "97": 0.889017341040464,
  "100": 0.8913294797687877,
  "103": 0.8936416184971114,
  "104": 0.8947976878612733,
  "105": 0.8982658959537589,
  "106": 0.9005780346820826,
  "107": 0.90520231213873,
  "108": 0.9098265895953774,
  "109": 0.9121387283237011,
  "110": 0.9167630057803485,
  "111": 0.9179190751445104,
  "112": 0.921387283236996,
  "114": 0.9236994219653197,
  "115": 0.9260115606936434,
  "118": 0.9271676300578053,
  "119": 0.9283236994219672,
  "120": 0.9294797687861291,
  "121": 0.9317919075144528,
  "122": 0.9329479768786147,
  "123": 0.9341040462427767,
  "124": 0.9352601156069386,
  "126": 0.9387283236994242,
  "127": 0.9398843930635861,
  "130": 0.9421965317919098,
  "132": 0.9445086705202335,
  "134": 0.9456647398843954,
  "135": 0.9468208092485573,
  "137": 0.949132947976881,
  "138": 0.9502890173410429,
  "140": 0.9514450867052048,
  "142": 0.9537572254335285,
  "143": 0.9549132947976904,
  "145": 0.9572254335260141,
  "151": 0.9606936416184997,
  "153": 0.9618497109826616,
  "154": 0.9641618497109853,
  "155": 0.9653179190751472,
  "156": 0.9676300578034709,
  "157": 0.9699421965317946,
  "158": 0.9710982658959565,
  "161": 0.9722543352601184,
  "163": 0.9734104046242803,
  "164": 0.975722543352604,
  "166": 0.9780346820809277,
  "169": 0.9791907514450896,
  "170": 0.9803468208092515,
  "173": 0.9815028901734134,
  "179": 0.9838150289017371,
  "182": 0.984971098265899,
  "183": 0.9861271676300609,
  "187": 0.9895953757225465,
  "188": 0.9907514450867084,
  "194": 0.9919075144508703,
  "195": 0.994219653179194,
  "196": 0.9953757225433559,
  "197": 0.9965317919075178,
  "199": 0.9976878612716797,
  "200": 1.0000000000000036
}