{
  "1025": 0.9959758551307762,
  "2": 0.02414486921529175,
  "3": 0.07645875251509054,
  "4": 0.11267605633802817,
  "5": 0.14386317907444668,
  "6": 0.1659959758551308,
  "7": 0.1971830985915493,
  "8": 0.21730382293762576,
  "9": 0.23843058350100604,
  "10": 0.24748490945674045,
  "11": 0.2575452716297787,
  "12": 0.2716297786720322,
  "13": 0.2837022132796781,
  "14": 0.2987927565392354,
  "15": 0.3098591549295775,
  "16": 0.31991951710261574,
  "17": 0.3279678068410463,
  "18": 0.3370221327967807,
  "19": 0.3490945674044266,
  "20": 0.35915492957746487,
  "21": 0.37323943661971837,
  "22": 0.3832997987927566,
  "23": 0.39034205231388336,
  "24": 0.40140845070422543,
  "25": 0.40744466800804835,
  "26": 0.41348088531187127,
  "27": 0.4235412474849095,
  "28": 0.4325955734406439,
  "29": 0.4346076458752516,
  "30": 0.44164989939637833,
  "31": 0.44567404426559365,
  "32": 0.45372233400402423,
  "33": 0.4587525150905433,
  "34": 0.4617706237424548,
  "35": 0.4647887323943663,
  "36": 0.47183098591549305,
  "37": 0.4738430583501007,
  "38": 0.4788732394366198,
  "39": 0.4839034205231389,
  "40": 0.4879275653923542,
  "41": 0.48993963782696187,
  "42": 0.4939637826961772,
  "43": 0.4989939637826963,
  "44": 0.5050301810865192,
  "45": 0.5130784708249498,
  "46": 0.5171026156941652,
  "47": 0.5221327967806842,
  "48": 0.5271629778672033,
  "49": 0.5281690140845071,
  "50": 0.5311871227364185,
  "51": 0.5321931589537223,
  "52": 0.53420523138833,
  "53": 0.5382293762575453,
  "54": 0.5412474849094567,
  "55": 0.5432595573440644,
  "56": 0.5462776659959758,
  "57": 0.5482897384305835,
  "58": 0.5492957746478873,
  "60": 0.5513078470824949,
  "61": 0.5523138832997987,
  "62": 0.556338028169014,
  "63": 0.5613682092555331,
  "64": 0.5653923541247484,
  "65": 0.5684104627766599,
  "66": 0.5694164989939636,
  "67": 0.5744466800804827,
  "68": 0.5764587525150904,
  "69": 0.5804828973843057,
  "70": 0.5824949698189134,
  "71": 0.5835010060362171,
  "72": 0.5845070422535209,
  "73": 0.5865191146881286,
  "74": 0.5905432595573439,
  "75": 0.5935613682092553,
  "76": 0.5965794768611667,
  "77": 0.5975855130784705,
  "78": 0.600603621730382,
  "79": 0.6016096579476857,
  "80": 0.605633802816901,
  "81": 0.6076458752515087,
  "83": 0.6086519114688125,
  "84": 0.6096579476861163,
  "85": 0.61066398390342,
  "86": 0.6116700201207238,
  "87": 0.6136820925553315,
  "88": 0.6146881287726352,
  "89": 0.6167002012072429,
  "90": 0.6177062374245467,
  "91": 0.6187122736418504,
  "92": 0.6197183098591542,
  "94": 0.6257545271629772,
  "95": 0.6277665995975849,
  "96": 0.6287726358148886,
  "97": 0.6307847082494963,
  "99": 0.6327967806841039,
  "100": 0.6338028169014077,
  "102": 0.6358148893360154,
  "103": 0.637826961770623,
  "104": 0.6388329979879268,
  "105": 0.6428571428571421,
  "106": 0.6448692152917498,
  "107": 0.6478873239436612,
  "108": 0.6509054325955727,
  "109": 0.6529175050301803,
  "110": 0.6569416498993956,
  "111": 0.6589537223340033,
  "112": 0.6639839034205224,
  "113": 0.6649899396378262,
  "114": 0.6659959758551299,
  "115": 0.6670020120724337,
  "116": 0.6690140845070414,
  "117": 0.671026156941649,
  "118": 0.6720321931589528,
  "119": 0.6730382293762566,
  "120": 0.6790744466800795,
  "121": 0.6800804828973833,
  "122": 0.6810865191146871,
  "123": 0.6830985915492948,
  "124": 0.6851106639839024,
  "125": 0.6861167002012062,
  "126": 0.6891348088531176,
  "127": 0.692152917505029,
  "129": 0.6931589537223328,
  "130": 0.6951710261569405,
  "131": 0.6961770623742443,
  "132": 0.697183098591548,
  "133": 0.7002012072434595,
  "134": 0.7032193158953709,
  "135": 0.7042253521126747,
  "137": 0.7062374245472823,
  "138": 0.7072434607645861,
  "140": 0.7082494969818899,
  "1165": 0.9979879275653838,
  "142": 0.7102615694164975,
  "143": 0.7122736418511052,
  "145": 0.713279678068409,
  "146": 0.7152917505030166,
  "147": 0.7162977867203204,
  "148": 0.7173038229376242,
  "149": 0.718309859154928,
  "150": 0.7203219315895356,
  "151": 0.7213279678068394,
  "153": 0.7243460764587508,
  "155": 0.7273641851106623,
  "156": 0.7293762575452699,
  "157": 0.7303822937625737,
  "158": 0.7323943661971813,
  "159": 0.7334004024144851,
  "160": 0.7354124748490928,
  "161": 0.7374245472837004,
  "164": 0.7384305835010042,
  "165": 0.739436619718308,
  "166": 0.7404426559356118,
  "167": 0.7424547283702194,
  "169": 0.7444668008048271,
  "170": 0.7454728370221309,
  "171": 0.7484909456740423,
  "172": 0.7505030181086499,
  "173": 0.7535211267605614,
  "175": 0.7545271629778652,
  "176": 0.7565392354124728,
  "177": 0.7615694164989919,
  "178": 0.7635814889335996,
  "179": 0.7655935613682072,
  "181": 0.7686116700201187,
  "182": 0.7716297786720301,
  "183": 0.7736418511066377,
  "184": 0.7746478873239415,
  "185": 0.7756539235412453,
  "188": 0.777665995975853,
  "189": 0.7786720321931567,
  "190": 0.7796780684104605,
  "191": 0.7806841046277643,
  "192": 0.781690140845068,
  "194": 0.7826961770623718,
  "196": 0.7847082494969795,
  "198": 0.7857142857142833,
  "199": 0.786720321931587,
  "200": 0.7877263581488908,
  "201": 0.7887323943661946,
  "203": 0.7907444668008022,
  "204": 0.7927565392354099,
  "205": 0.7947686116700176,
  "206": 0.7957746478873213,
  "207": 0.7967806841046251,
  "209": 0.7977867203219289,
  "210": 0.7987927565392327,
  "211": 0.7997987927565364,
  "212": 0.8008048289738402,
  "215": 0.801810865191144,
  "216": 0.8028169014084477,
  "218": 0.8058350100603592,
  "220": 0.8078470824949668,
  "223": 0.8088531187122706,
  "225": 0.8098591549295744,
  "229": 0.8108651911468782,
  "231": 0.8118712273641819,
  "232": 0.8128772635814857,
  "234": 0.8138832997987895,
  "235": 0.8148893360160933,
  "237": 0.8169014084507009,
  "238": 0.8179074446680047,
  "239": 0.8199195171026123,
  "240": 0.82193158953722,
  "243": 0.8229376257545238,
  "245": 0.8249496981891314,
  "250": 0.8259557344064352,
  "251": 0.826961770623739,
  "252": 0.8279678068410428,
  "254": 0.8299798792756504,
  "255": 0.8309859154929542,
  "256": 0.831991951710258,
  "258": 0.8329979879275617,
  "259": 0.8350100603621694,
  "260": 0.8360160965794732,
  "261": 0.837022132796777,
  "262": 0.8400402414486884,
  "265": 0.8410462776659922,
  "267": 0.8420523138832959,
  "269": 0.8460764587525113,
  "270": 0.8480885311871189,
  "271": 0.8501006036217266,
  "277": 0.8521126760563342,
  "281": 0.8541247484909419,
  "282": 0.8551307847082457,
  "283": 0.8571428571428533,
  "284": 0.8581488933601571,
  "288": 0.8591549295774609,
  "291": 0.8611670020120685,
  "292": 0.8621730382293723,
  "294": 0.8631790744466761,
  "298": 0.8641851106639798,
  "300": 0.8661971830985875,
  "303": 0.8672032193158913,
  "304": 0.8682092555331951,
  "306": 0.8702213279678027,
  "307": 0.8732394366197141,
  "310": 0.8742454728370179,
  "311": 0.8752515090543217,
  "312": 0.8772635814889294,
  "316": 0.8782696177062331,
  "317": 0.8812877263581446,
  "318": 0.8822937625754483,
  "321": 0.8832997987927521,
  "326": 0.8843058350100559,
  "331": 0.8853118712273597,
  "332": 0.8863179074446634,
  "334": 0.8873239436619672,
  "335": 0.888329979879271,
  "337": 0.8893360160965748,
  "342": 0.8903420523138785,
  "344": 0.8913480885311823,
  "346": 0.8923541247484861,
  "348": 0.8943661971830937,
  "350": 0.8953722334003975,
  "355": 0.8963782696177013,
  "356": 0.8973843058350051,
  "359": 0.8983903420523088,
  "362": 0.8993963782696126,
  "364": 0.9014084507042203,
  "365": 0.902414486921524,
  "367": 0.9034205231388278,
  "368": 0.9044265593561316,
  "370": 0.9054325955734354,
  "372": 0.9064386317907391,
  "374": 0.9074446680080429,
  "377": 0.9084507042253467,
  "388": 0.9114688128772581,
  "390": 0.9134808853118658,
  "395": 0.9154929577464734,
  "398": 0.9175050301810811,
  "400": 0.9185110663983849,
  "403": 0.9195171026156886,
  "405": 0.9215291750502963,
  "410": 0.9225352112676001,
  "411": 0.9235412474849038,
  "412": 0.9255533199195115,
  "414": 0.9265593561368153,
  "415": 0.9275653923541191,