{
  "2": 0.04963805584281282,
  "3": 0.12306101344364012,
  "4": 0.17166494312306102,
  "5": 0.2254395036194416,
  "6": 0.26990692864529475,
  "7": 0.31230610134436404,
  "8": 0.3453981385729059,
  "9": 0.38366080661840746,
  "10": 0.4239917269906929,
  "11": 0.44881075491209926,
  "12": 0.47673216132368146,
  "13": 0.4963805584281282,
  "14": 0.5232678386763185,
  "15": 0.5377456049638056,
  "16": 0.5553257497414685,
  "17": 0.5708376421923476,
  "18": 0.5884177869700105,
  "19": 0.6070320579110653,
  "20": 0.6204756980351605,
  "21": 0.6246122026887282,
  "22": 0.6349534643226475,
  "23": 0.6473629782833508,
  "24": 0.6514994829369185,
  "25": 0.6608066184074459,
  "26": 0.6639089968976217,
  "27": 0.6701137538779733,
  "28": 0.6804550155118927,
  "29": 0.6928645294725959,
  "30": 0.6970010341261637,
  "31": 0.7032057911065153,
  "32": 0.7114788004136507,
  "33": 0.7156153050672185,
  "34": 0.7207859358841782,
  "36": 0.723888314374354,
  "37": 0.7311271975180975,
  "38": 0.7331954498448814,
  "39": 0.7362978283350572,
  "40": 0.7425025853154088,
  "41": 0.7466390899689765,
  "42": 0.7487073422957604,
  "43": 0.7507755946225443,
  "44": 0.754912099276112,
  "45": 0.7600827300930717,
  "46": 0.7631851085832475,
  "47": 0.7642192347466394,
  "48": 0.7673216132368152,
  "49": 0.770423991726991,
  "50": 0.771458117890383,
  "51": 0.7745604963805588,
  "52": 0.7755946225439507,
  "53": 0.7766287487073427,
  "54": 0.7828335056876943,
  "55": 0.786970010341262,
  "56": 0.7900723888314378,
  "57": 0.7931747673216136,
  "58": 0.7973112719751814,
  "59": 0.8004136504653572,
  "60": 0.803516028955533,
  "61": 0.8045501551189249,
  "62": 0.8066184074457088,
  "64": 0.8107549120992765,
  "65": 0.8138572905894523,
  "66": 0.8148914167528443,
  "67": 0.8159255429162362,
  "69": 0.8221302998965878,
  "70": 0.8241985522233717,
  "71": 0.8273009307135475,
  "72": 0.8283350568769394,
  "73": 0.8293691830403314,
  "74": 0.8304033092037233,
  "76": 0.8324715615305072,
  "77": 0.834539813857291,
  "78": 0.8386763185108588,
  "79": 0.8407445708376426,
  "80": 0.8428128231644265,
  "83": 0.8448810754912104,
  "85": 0.8500517063081701,
  "86": 0.851085832471562,
  "87": 0.8552223371251297,
  "88": 0.8583247156153055,
  "89": 0.8603929679420894,
  "90": 0.8634953464322652,
  "91": 0.8645294725956572,
  "92": 0.8707342295760088,
  "93": 0.8717683557394007,
  "94": 0.8738366080661846,
  "95": 0.8748707342295765,
  "96": 0.8759048603929684,
  "97": 0.8800413650465362,
  "98": 0.8810754912099281,
  "99": 0.883143743536712,
  "100": 0.8872802481902797,
  "101": 0.8903826266804555,
  "102": 0.8924508790072394,
  "103": 0.8955532574974152,
  "104": 0.898655635987591,
  "105": 0.899689762150983,
  "106": 0.9007238883143749,
  "107": 0.9017580144777668,
  "108": 0.9038262668045507,
  "110": 0.9069286452947265,
  "111": 0.9079627714581184,
  "112": 0.9089968976215104,
  "113": 0.9110651499482942,
  "115": 0.9120992761116862,
  "119": 0.9131334022750781,
  "121": 0.91416752843847,
  "122": 0.915201654601862,
  "123": 0.9162357807652539,
  "124": 0.9183040330920378,
  "125": 0.9234746639089975,
  "127": 0.9255429162357813,
  "129": 0.9265770423991733,
  "133": 0.9276111685625652,
  "134": 0.9296794208893491,
  "136": 0.930713547052741,
  "137": 0.9327817993795249,
  "138": 0.9348500517063087,
  "139": 0.9358841778697007,
  "140": 0.9379524301964846,
  "142": 0.9389865563598765,
  "144": 0.9400206825232684,
  "145": 0.9410548086866604,
  "147": 0.9431230610134442,
  "149": 0.9441571871768362,
  "151": 0.94622543950362,
  "152": 0.9493278179937958,
  "153": 0.9503619441571878,
  "154": 0.9513960703205797,
  "155": 0.9524301964839716,
  "157": 0.9534643226473636,
  "158": 0.9565667011375394,
  "161": 0.9586349534643233,
  "162": 0.962771458117891,
  "163": 0.9638055842812829,
  "164": 0.9648397104446749,
  "165": 0.9669079627714587,
  "166": 0.9679420889348507,
  "167": 0.9689762150982426,
  "168": 0.9700103412616345,
  "169": 0.9720785935884184,
  "171": 0.9731127197518104,
  "172": 0.9741468459152023,
  "173": 0.9751809720785942,
  "175": 0.9762150982419862,
  "177": 0.9772492244053781,
  "178": 0.97828335056877,
  "181": 0.9813857290589458,
  "182": 0.9834539813857297,
  "183": 0.9844881075491216,
  "188": 0.9855222337125136,
  "189": 0.9875904860392974,
  "191": 0.9886246122026894,
  "193": 0.9906928645294732,
  "194": 0.9927611168562571,
  "196": 0.994829369183041,
  "197": 0.9958634953464329,
  "198": 0.9968976215098249,
  "199": 0.9979317476732168,
  "200": 1.0000000000000007
}