{
  "2": 0.02094972067039106,
  "3": 0.06564245810055866,
  "4": 0.10754189944134078,
  "5": 0.14804469273743015,
  "6": 0.17737430167597765,
  "7": 0.20251396648044692,
  "8": 0.2346368715083799,
  "9": 0.25977653631284914,
  "10": 0.2695530726256983,
  "11": 0.28351955307262566,
  "12": 0.303072625698324,
  "13": 0.3198324022346368,
  "14": 0.34357541899441335,
  "15": 0.35474860335195524,
  "16": 0.3659217877094971,
  "17": 0.38128491620111726,
  "18": 0.3938547486033519,
  "19": 0.4008379888268156,
  "20": 0.40921787709497204,
  "21": 0.4217877094972067,
  "22": 0.43575418994413406,
  "23": 0.43994413407821226,
  "24": 0.44692737430167595,
  "25": 0.4594972067039106,
  "26": 0.4664804469273743,
  "27": 0.4832402234636871,
  "28": 0.4902234636871508,
  "29": 0.5013966480446927,
  "30": 0.5153631284916201,
  "31": 0.526536312849162,
  "32": 0.532122905027933,
  "33": 0.5446927374301677,
  "34": 0.5502793296089387,
  "35": 0.5600558659217878,
  "36": 0.564245810055866,
  "37": 0.5740223463687152,
  "38": 0.5824022346368716,
  "39": 0.590782122905028,
  "40": 0.5935754189944135,
  "41": 0.596368715083799,
  "42": 0.6075418994413408,
  "43": 0.6159217877094972,
  "44": 0.6201117318435755,
  "45": 0.6243016759776537,
  "46": 0.628491620111732,
  "47": 0.634078212290503,
  "48": 0.6452513966480449,
  "49": 0.6508379888268159,
  "50": 0.6578212290502795,
  "51": 0.6620111731843578,
  "52": 0.6745810055865924,
  "53": 0.6773743016759779,
  "54": 0.6801675977653634,
  "55": 0.6885474860335198,
  "56": 0.692737430167598,
  "57": 0.6969273743016763,
  "58": 0.6997206703910618,
  "59": 0.7025139664804473,
  "60": 0.7067039106145255,
  "61": 0.7108938547486038,
  "62": 0.7192737430167602,
  "63": 0.7234636871508384,
  "64": 0.7262569832402239,
  "65": 0.7290502793296094,
  "66": 0.7318435754189949,
  "67": 0.7346368715083804,
  "68": 0.7360335195530732,
  "69": 0.7402234636871514,
  "70": 0.7444134078212297,
  "71": 0.7486033519553079,
  "72": 0.7500000000000007,
  "73": 0.7555865921787717,
  "74": 0.7569832402234644,
  "75": 0.7611731843575427,
  "76": 0.7653631284916209,
  "77": 0.7709497206703919,
  "78": 0.7737430167597774,
  "79": 0.7765363128491629,
  "81": 0.7807262569832412,
  "82": 0.7863128491620122,
  "83": 0.7891061452513977,
  "84": 0.7905027932960904,
  "85": 0.7946927374301687,
  "86": 0.8016759776536323,
  "87": 0.8058659217877105,
  "88": 0.808659217877096,
  "89": 0.8128491620111743,
  "90": 0.8184357541899453,
  "91": 0.8254189944134089,
  "92": 0.8296089385474872,
  "93": 0.8310055865921799,
  "94": 0.8337988826815654,
  "95": 0.8365921787709509,
  "97": 0.8393854748603364,
  "98": 0.8407821229050292,
  "99": 0.8421787709497219,
  "100": 0.8449720670391074,
  "101": 0.8491620111731857,
  "102": 0.8533519553072639,
  "104": 0.8561452513966494,
  "105": 0.8575418994413422,
  "106": 0.8589385474860349,
  "108": 0.8603351955307277,
  "109": 0.8645251396648059,
  "110": 0.8673184357541914,
  "111": 0.8715083798882697,
  "113": 0.8743016759776552,
  "114": 0.8756983240223479,
  "115": 0.8770949720670407,
  "116": 0.8798882681564262,
  "117": 0.8840782122905044,
  "118": 0.8854748603351972,
  "119": 0.8882681564245827,
  "120": 0.8896648044692754,
  "122": 0.8910614525139682,
  "126": 0.8924581005586609,
  "127": 0.8952513966480464,
  "129": 0.8980446927374319,
  "130": 0.8994413407821247,
  "131": 0.9022346368715102,
  "132": 0.9050279329608957,
  "133": 0.9064245810055884,
  "134": 0.9092178770949739,
  "137": 0.9106145251396667,
  "138": 0.9120111731843594,
  "139": 0.9134078212290522,
  "140": 0.9148044692737449,
  "141": 0.9162011173184377,
  "142": 0.9189944134078232,
  "144": 0.9217877094972087,
  "146": 0.9231843575419014,
  "148": 0.9259776536312869,
  "150": 0.9273743016759797,
  "151": 0.9301675977653652,
  "154": 0.9329608938547507,
  "155": 0.9371508379888289,
  "156": 0.9399441340782144,
  "157": 0.9441340782122927,
  "158": 0.9469273743016782,
  "160": 0.9497206703910637,
  "161": 0.9511173184357564,
  "162": 0.9539106145251419,
  "165": 0.9567039106145274,
  "166": 0.9594972067039129,
  "167": 0.9608938547486057,
  "168": 0.9664804469273767,
  "170": 0.9678770949720694,
  "171": 0.9692737430167622,
  "172": 0.9706703910614549,
  "173": 0.9720670391061477,
  "174": 0.9748603351955332,
  "175": 0.9762569832402259,
  "176": 0.9776536312849187,
  "177": 0.9790502793296114,
  "178": 0.9804469273743042,
  "179": 0.9832402234636897,
  "184": 0.9846368715083824,
  "187": 0.9874301675977679,
  "189": 0.9888268156424607,
  "191": 0.9902234636871534,
  "192": 0.9916201117318462,
  "194": 0.9930167597765389,
  "195": 0.9944134078212317,
  "196": 0.9958100558659244,
  "197": 0.9972067039106172,
  "198": 0.9986033519553099,
  "200": 1.0000000000000027
}