{
  "2": 0.050742574257425746,
  "3": 0.12623762376237624,
  "4": 0.18316831683168316,
  "5": 0.23514851485148514,
  "6": 0.26732673267326734,
  "7": 0.29331683168316836,
  "8": 0.3230198019801981,
  "9": 0.36262376237623767,
  "10": 0.3972772277227723,
  "11": 0.41831683168316836,
  "12": 0.4294554455445545,
  "13": 0.44059405940594065,
  "14": 0.45297029702970304,
  "15": 0.4715346534653466,
  "16": 0.48143564356435653,
  "17": 0.48886138613861396,
  "18": 0.5123762376237625,
  "19": 0.5297029702970298,
  "20": 0.5396039603960398,
  "21": 0.5482673267326734,
  "22": 0.5495049504950497,
  "23": 0.5569306930693071,
  "24": 0.561881188118812,
  "25": 0.5754950495049507,
  "26": 0.5952970297029705,
  "27": 0.6076732673267329,
  "28": 0.6150990099009903,
  "29": 0.6299504950495052,
  "30": 0.6410891089108913,
  "31": 0.6534653465346537,
  "32": 0.6658415841584161,
  "33": 0.6794554455445547,
  "34": 0.6856435643564359,
  "35": 0.6893564356435646,
  "36": 0.6930693069306934,
  "37": 0.6967821782178221,
  "38": 0.7079207920792082,
  "39": 0.7178217821782181,
  "40": 0.7215346534653468,
  "41": 0.727722772277228,
  "42": 0.732673267326733,
  "43": 0.7339108910891092,
  "44": 0.7351485148514855,
  "45": 0.737623762376238,
  "46": 0.7425742574257429,
  "47": 0.7438118811881191,
  "48": 0.7475247524752479,
  "49": 0.753712871287129,
  "50": 0.7561881188118815,
  "51": 0.7574257425742578,
  "54": 0.7611386138613865,
  "55": 0.7648514851485152,
  "56": 0.7660891089108914,
  "57": 0.7685643564356439,
  "58": 0.7722772277227726,
  "59": 0.7784653465346538,
  "60": 0.7834158415841588,
  "61": 0.7883663366336637,
  "62": 0.7908415841584162,
  "63": 0.7957920792079212,
  "64": 0.8032178217821786,
  "65": 0.8143564356435647,
  "66": 0.8217821782178222,
  "67": 0.8267326732673271,
  "68": 0.8292079207920796,
  "69": 0.8341584158415846,
  "71": 0.8353960396039608,
  "72": 0.8378712871287133,
  "73": 0.8391089108910895,
  "74": 0.841584158415842,
  "75": 0.8428217821782182,
  "76": 0.8440594059405945,
  "77": 0.8452970297029707,
  "81": 0.8477722772277232,
  "82": 0.8502475247524757,
  "83": 0.8564356435643569,
  "84": 0.8650990099009905,
  "85": 0.8700495049504955,
  "86": 0.8712871287128717,
  "87": 0.8737623762376242,
  "89": 0.8774752475247529,
  "90": 0.8799504950495054,
  "92": 0.8886138613861391,
  "93": 0.8898514851485153,
  "96": 0.8910891089108915,
  "97": 0.893564356435644,
  "98": 0.8997524752475252,
  "99": 0.9009900990099015,
  "104": 0.9034653465346539,
  "107": 0.9059405940594064,
  "110": 0.9084158415841589,
  "111": 0.9096534653465351,
  "112": 0.9121287128712876,
  "113": 0.9158415841584163,
  "114": 0.9170792079207926,
  "115": 0.9207920792079213,
  "116": 0.9269801980198025,
  "117": 0.929455445544555,
  "118": 0.9344059405940599,
  "119": 0.9368811881188124,
  "120": 0.9381188118811886,
  "121": 0.9393564356435649,
  "122": 0.9418316831683173,
  "123": 0.9430693069306936,
  "125": 0.9443069306930698,
  "127": 0.945544554455446,
  "134": 0.9480198019801985,
  "135": 0.9492574257425748,
  "137": 0.950495049504951,
  "138": 0.9529702970297035,
  "139": 0.955445544554456,
  "140": 0.9579207920792084,
  "141": 0.9616336633663372,
  "142": 0.9665841584158421,
  "144": 0.9678217821782183,
  "147": 0.9702970297029708,
  "148": 0.9715346534653471,
  "149": 0.9740099009900995,
  "151": 0.9752475247524758,
  "152": 0.976485148514852,
  "154": 0.9789603960396045,
  "155": 0.9801980198019807,
  "157": 0.981435643564357,
  "158": 0.9826732673267332,
  "159": 0.9839108910891095,
  "160": 0.9863861386138619,
  "165": 0.9876237623762382,
  "166": 0.9888613861386144,
  "177": 0.9900990099009906,
  "178": 0.9913366336633669,
  "179": 0.9925742574257431,
  "182": 0.9938118811881194,
  "183": 0.9962871287128718,
  "185": 0.9975247524752481,
  "186": 0.9987623762376243,
  "187": 1.0000000000000004
}