{
  "2": 0.03827751196172249,
  "3": 0.09090909090909091,
  "4": 0.1291866028708134,
  "5": 0.15311004784688997,
  "6": 0.19138755980861247,
  "7": 0.22488038277511965,
  "8": 0.2488038277511962,
  "9": 0.26315789473684215,
  "10": 0.2822966507177034,
  "11": 0.3014354066985646,
  "12": 0.32057416267942584,
  "13": 0.3492822966507177,
  "14": 0.35406698564593303,
  "15": 0.3827751196172249,
  "16": 0.3923444976076555,
  "17": 0.4019138755980861,
  "18": 0.4258373205741627,
  "19": 0.4449760765550239,
  "20": 0.4832535885167464,
  "21": 0.5023923444976076,
  "22": 0.5263157894736842,
  "23": 0.5550239234449761,
  "24": 0.569377990430622,
  "25": 0.5933014354066986,
  "26": 0.6124401913875598,
  "27": 0.6267942583732057,
  "28": 0.6411483253588516,
  "29": 0.6459330143540669,
  "30": 0.6555023923444976,
  "31": 0.6698564593301435,
  "32": 0.6985645933014354,
  "33": 0.7033492822966507,
  "34": 0.722488038277512,
  "35": 0.7320574162679426,
  "36": 0.7559808612440192,
  "37": 0.7655502392344499,
  "38": 0.7846889952153111,
  "39": 0.8038277511961723,
  "40": 0.8229665071770336,
  "41": 0.8277511961722489,
  "42": 0.8325358851674642,
  "43": 0.8421052631578949,
  "44": 0.8468899521531102,
  "45": 0.8803827751196174,
  "47": 0.889952153110048,
  "48": 0.9090909090909093,
  "50": 0.91866028708134,
  "51": 0.9282296650717706,
  "52": 0.9473684210526319,
  "54": 0.9665071770334931,
  "58": 0.980861244019139,
  "59": 0.9856459330143543,
  "60": 0.9904306220095697,
  "62": 0.995215311004785,
  "68": 1.0000000000000002
}