{
  "2": 0.349,
  "3": 0.61,
  "4": 0.729,
  "5": 0.818,
  "6": 0.851,
  "7": 0.865,
  "9": 0.882,
  "10": 0.904,
  "11": 0.917,
  "12": 0.93,
  "13": 0.9410000000000001,
  "14": 0.9510000000000001,
  "15": 0.9550000000000001,
  "16": 0.9610000000000001,
  "17": 0.9720000000000001,
  "18": 0.9840000000000001,
  "19": 0.9960000000000001,
  "20": 1.0
}