{
  "2": 0.06815020862308763,
  "3": 0.19749652294853964,
  "4": 0.2614742698191933,
  "5": 0.34492350486787204,
  "6": 0.38803894297635605,
  "7": 0.41307371349095967,
  "8": 0.4381084840055633,
  "9": 0.45479833101529904,
  "10": 0.4867872044506259,
  "11": 0.5104311543810849,
  "12": 0.5396383866481225,
  "13": 0.5785813630041725,
  "14": 0.6133518776077886,
  "15": 0.6578581363004173,
  "16": 0.7204450625869264,
  "17": 0.7413073713490961,
  "18": 0.769123783031989,
  "19": 0.788595271210014,
  "20": 0.8011126564673159,
  "21": 0.8122392211404731,
  "22": 0.8178025034770516,
  "23": 0.8303198887343535,
  "24": 0.8386648122392213,
  "25": 0.8414464534075106,
  "26": 0.8442280945757998,
  "27": 0.8525730180806677,
  "28": 0.8595271210013908,
  "29": 0.8636995827538247,
  "30": 0.8692628650904033,
  "31": 0.8817802503477051,
  "32": 0.885952712100139,
  "33": 0.8970792767732962,
  "34": 0.8998609179415855,
  "35": 0.9082058414464533,
  "36": 0.9109874826147426,
  "37": 0.9165507649513212,
  "38": 0.9179415855354658,
  "39": 0.9207232267037551,
  "41": 0.9221140472878997,
  "42": 0.9262865090403336,
  "44": 0.9318497913769122,
  "46": 0.9374130737134907,
  "47": 0.9415855354659246,
  "49": 0.9457579972183585,
  "50": 0.9485396383866478,
  "51": 0.9499304589707924,
  "52": 0.9541029207232263,
  "54": 0.955493741307371,
  "55": 0.9624478442280942,
  "56": 0.9652294853963834,
  "57": 0.9694019471488173,
  "58": 0.970792767732962,
  "59": 0.9749652294853959,
  "60": 0.9791376912378298,
  "61": 0.9805285118219744,
  "62": 0.9874826147426976,
  "63": 0.9888734353268422,
  "64": 0.9902642559109869,
  "65": 0.9972183588317101,
  "66": 0.9986091794158547,
  "69": 0.9999999999999993
}