{
  "2": 0.045310853530031614,
  "3": 0.12328767123287672,
  "4": 0.17597471022128558,
  "5": 0.21917808219178084,
  "6": 0.2571127502634352,
  "7": 0.2961011591148578,
  "8": 0.33825079030558486,
  "9": 0.36354056902002113,
  "10": 0.38566912539515286,
  "11": 0.4056902002107482,
  "12": 0.4330874604847208,
  "13": 0.4562697576396207,
  "14": 0.48682824025289784,
  "15": 0.5079030558482613,
  "16": 0.530031612223393,
  "17": 0.5489989462592202,
  "18": 0.5648050579557429,
  "19": 0.5816649104320337,
  "20": 0.5858798735511064,
  "21": 0.6059009483667017,
  "22": 0.6143308746048471,
  "23": 0.6259220231822971,
  "24": 0.6364594309799788,
  "25": 0.6438356164383561,
  "26": 0.6512118018967333,
  "27": 0.6649104320337196,
  "28": 0.6743940990516332,
  "29": 0.6796628029504741,
  "30": 0.6870389884088514,
  "31": 0.6933614330874605,
  "32": 0.6986301369863014,
  "33": 0.7038988408851423,
  "34": 0.7049525816649105,
  "35": 0.7123287671232877,
  "36": 0.719704952581665,
  "37": 0.7239199157007377,
  "38": 0.7291886195995786,
  "39": 0.7355110642781877,
  "40": 0.7418335089567968,
  "41": 0.7481559536354059,
  "42": 0.754478398314015,
  "43": 0.7555321390937831,
  "44": 0.7586933614330876,
  "45": 0.7629083245521603,
  "46": 0.7681770284510012,
  "47": 0.7713382507903057,
  "48": 0.773445732349842,
  "49": 0.778714436248683,
  "50": 0.7797681770284511,
  "51": 0.7818756585879875,
  "52": 0.7860906217070601,
  "53": 0.7871443624868283,
  "54": 0.7892518440463646,
  "56": 0.7913593256059009,
  "58": 0.7924130663856691,
  "59": 0.7945205479452054,
  "60": 0.7976817702845099,
  "61": 0.7997892518440463,
  "62": 0.8018967334035826,
  "63": 0.8050579557428871,
  "64": 0.8071654373024234,
  "65": 0.8092729188619597,
  "69": 0.8103266596417279,
  "70": 0.8124341412012642,
  "71": 0.8145416227608006,
  "72": 0.8155953635405687,
  "74": 0.8166491043203369,
  "75": 0.8198103266596414,
  "76": 0.8208640674394095,
  "78": 0.8219178082191777,
  "79": 0.8250790305584822,
  "80": 0.8271865121180185,
  "81": 0.830347734457323,
  "82": 0.8314014752370912,
  "83": 0.8345626975763957,
  "84": 0.8356164383561638,
  "85": 0.836670179135932,
  "86": 0.8429926238145411,
  "87": 0.8440463645943093,
  "88": 0.8472075869336138,
  "90": 0.8503688092729182,
  "91": 0.8514225500526864,
  "92": 0.8535300316122227,
  "93": 0.8556375131717591,
  "94": 0.8587987355110636,
  "95": 0.8609062170705999,
  "97": 0.8640674394099044,
  "98": 0.8651211801896725,
  "99": 0.868282402528977,
  "100": 0.8724973656480497,
  "101": 0.8735511064278179,
  "102": 0.8767123287671224,
  "103": 0.8788198103266587,
  "104": 0.880927291886195,
  "105": 0.8851422550052677,
  "106": 0.8883034773445722,
  "107": 0.8893572181243403,
  "109": 0.8904109589041085,
  "110": 0.8914646996838766,
  "111": 0.8925184404636448,
  "113": 0.8956796628029493,
  "114": 0.8988408851422538,
  "115": 0.899894625922022,
  "116": 0.9009483667017901,
  "117": 0.9020021074815583,
  "118": 0.9041095890410946,
  "119": 0.9051633298208628,
  "120": 0.9072708113803991,
  "122": 0.9083245521601673,
  "124": 0.9093782929399354,
  "125": 0.9104320337197036,
  "126": 0.9114857744994718,
  "128": 0.9125395152792399,
  "130": 0.9146469968387763,
  "132": 0.9157007376185444,
  "133": 0.9167544783983126,
  "135": 0.9209694415173852,
  "136": 0.9241306638566897,
  "137": 0.9272918861959942,
  "138": 0.9293993677555306,
  "139": 0.9346680716543715,
  "141": 0.9367755532139078,
  "144": 0.937829293993676,
  "145": 0.9399367755532123,
  "146": 0.9430979978925168,
  "147": 0.944151738672285,
  "148": 0.9452054794520531,
  "149": 0.9462592202318213,
  "150": 0.9483667017913576,
  "151": 0.950474183350894,
  "152": 0.9515279241306621,
  "155": 0.9536354056901984,
  "156": 0.9546891464699666,
  "157": 0.9589041095890393,
  "158": 0.9599578503688074,
  "159": 0.9620653319283438,
  "160": 0.9641728134878801,
  "161": 0.9652265542676483,
  "162": 0.9683877766069527,
  "163": 0.9704952581664891,
  "164": 0.9726027397260254,
  "165": 0.9736564805057936,
  "167": 0.9747102212855617,
  "168": 0.9757639620653299,
  "171": 0.9768177028450981,
  "174": 0.9778714436248662,
  "177": 0.9789251844046344,
  "178": 0.9810326659641707,
  "180": 0.983140147523707,
  "181": 0.9852476290832434,
  "182": 0.9863013698630115,
  "187": 0.989462592202316,
  "189": 0.9905163329820842,
  "190": 0.9915700737618524,
  "192": 0.9926238145416205,
  "193": 0.9947312961011568,
  "194": 0.995785036880925,
  "195": 0.9968387776606932,
  "197": 0.9978925184404613,
  "198": 0.9989462592202295,
  "200": 0.9999999999999977
}