{
  "2": 0.060459492140266025,
  "3": 0.10761789600967353,
  "4": 0.1487303506650544,
  "5": 0.20193470374848851,
  "6": 0.22974607013301088,
  "7": 0.2623941958887545,
  "8": 0.282950423216445,
  "9": 0.30713422007255137,
  "10": 0.3337363966142684,
  "11": 0.3579201934703748,
  "12": 0.37847642079806526,
  "13": 0.39903264812575573,
  "14": 0.4159613059250302,
  "15": 0.42563482466747277,
  "16": 0.45465538089480045,
  "17": 0.4703748488512696,
  "18": 0.4860943168077388,
  "19": 0.5066505441354292,
  "20": 0.5175332527206771,
  "21": 0.5344619105199515,
  "22": 0.5380894800483674,
  "23": 0.5501813784764207,
  "24": 0.5646916565900846,
  "25": 0.581620314389359,
  "26": 0.5961305925030229,
  "27": 0.6058041112454655,
  "28": 0.6118500604594921,
  "29": 0.6178960096735187,
  "30": 0.6239419588875452,
  "31": 0.6348246674727931,
  "32": 0.6396614268440144,
  "33": 0.6481257557436516,
  "34": 0.6553808948004836,
  "35": 0.6698911729141475,
  "36": 0.6783555018137847,
  "37": 0.6928657799274486,
  "38": 0.6977025392986699,
  "39": 0.7037484885126964,
  "40": 0.7085852478839177,
  "41": 0.717049576783555,
  "42": 0.7267230955259976,
  "43": 0.7376058041112454,
  "44": 0.7484885126964933,
  "45": 0.7521160822249092,
  "46": 0.7557436517533251,
  "47": 0.7581620314389358,
  "48": 0.7617896009673517,
  "49": 0.766626360338573,
  "50": 0.773881499395405,
  "51": 0.7799274486094315,
  "52": 0.7823458282950422,
  "53": 0.7847642079806528,
  "54": 0.7956469165659007,
  "55": 0.800483675937122,
  "56": 0.8029020556227326,
  "57": 0.8053204353083433,
  "58": 0.8089480048367592,
  "59": 0.8125755743651751,
  "60": 0.8186215235792017,
  "61": 0.8210399032648124,
  "62": 0.8222490931076176,
  "63": 0.8331318016928655,
  "64": 0.8379685610640868,
  "65": 0.8391777509068921,
  "66": 0.8415961305925027,
  "67": 0.8452237001209186,
  "69": 0.8500604594921399,
  "70": 0.8524788391777506,
  "71": 0.8536880290205558,
  "72": 0.8561064087061665,
  "74": 0.8633615477629984,
  "75": 0.8669891172914144,
  "76": 0.869407496977025,
  "78": 0.8706166868198303,
  "79": 0.8730350665054409,
  "80": 0.8754534461910516,
  "81": 0.8766626360338569,
  "83": 0.8778718258766621,
  "84": 0.8790810157194674,
  "85": 0.8802902055622727,
  "86": 0.8814993954050779,
  "87": 0.8851269649334939,
  "88": 0.8863361547762991,
  "89": 0.8911729141475204,
  "90": 0.8948004836759363,
  "94": 0.8996372430471576,
  "95": 0.9020556227327683,
  "97": 0.9044740024183789,
  "99": 0.9068923821039896,
  "100": 0.9105199516324055,
  "101": 0.9141475211608214,
  "102": 0.9153567110036267,
  "104": 0.9177750906892373,
  "105": 0.9189842805320426,
  "107": 0.9201934703748479,
  "108": 0.9226118500604585,
  "109": 0.9250302297460692,
  "113": 0.9262394195888745,
  "114": 0.9286577992744851,
  "115": 0.9298669891172904,
  "117": 0.9310761789600956,
  "119": 0.9322853688029009,
  "121": 0.9383313180169275,
  "123": 0.9407496977025381,
  "124": 0.9431680773881488,
  "125": 0.9467956469165647,
  "126": 0.94800483675937,
  "128": 0.9516324062877859,
  "129": 0.9528415961305912,
  "130": 0.9552599758162018,
  "131": 0.9564691656590071,
  "134": 0.9576783555018124,
  "137": 0.9588875453446176,
  "138": 0.9613059250302283,
  "139": 0.9625151148730335,
  "140": 0.9661426844014495,
  "149": 0.9673518742442547,
  "150": 0.96856106408706,
  "154": 0.9697702539298653,
  "157": 0.9721886336154759,
  "159": 0.9746070133010866,
  "161": 0.9758162031438918,
  "163": 0.9770253929866971,
  "171": 0.9782345828295024,
  "174": 0.9794437726723076,
  "175": 0.9806529625151129,
  "177": 0.9830713422007236,
  "181": 0.9866989117291395,
  "182": 0.9879081015719448,
  "183": 0.98911729141475,
  "184": 0.9915356711003607,
  "186": 0.9927448609431659,
  "189": 0.9939540507859712,
  "190": 0.9951632406287765,
  "195": 0.9999999999999978
}