{
  "2": 0.023154848046309694,
  "3": 0.06367583212735166,
  "4": 0.09985528219971056,
  "5": 0.12735166425470332,
  "6": 0.15340086830680172,
  "7": 0.17945007235890012,
  "8": 0.21562952243125902,
  "9": 0.2387843704775687,
  "10": 0.2532561505065123,
  "11": 0.2821997105643994,
  "12": 0.3053545586107091,
  "13": 0.3285094066570188,
  "14": 0.3444283646888567,
  "15": 0.35600578871201155,
  "16": 0.37626628075253254,
  "17": 0.3950795947901592,
  "18": 0.41244573082489144,
  "19": 0.42547033285094066,
  "20": 0.4370477568740955,
  "21": 0.4486251808972504,
  "22": 0.46599131693198265,
  "23": 0.47901591895803186,
  "24": 0.4920405209840811,
  "25": 0.5094066570188134,
  "26": 0.5224312590448625,
  "27": 0.5296671490593343,
  "28": 0.5412445730824892,
  "29": 0.5470332850940666,
  "30": 0.5586107091172214,
  "31": 0.5701881331403763,
  "32": 0.5788712011577425,
  "33": 0.5875542691751087,
  "34": 0.5918958031837918,
  "35": 0.5976845151953691,
  "36": 0.6107091172214183,
  "37": 0.6150506512301014,
  "38": 0.6280752532561505,
  "39": 0.6324167872648336,
  "40": 0.6410998552821998,
  "41": 0.6439942112879885,
  "42": 0.6483357452966716,
  "43": 0.654124457308249,
  "44": 0.6613603473227208,
  "45": 0.6642547033285094,
  "46": 0.6685962373371925,
  "47": 0.6758321273516643,
  "48": 0.6816208393632417,
  "49": 0.6830680173661361,
  "50": 0.6903039073806079,
  "51": 0.6960926193921853,
  "52": 0.7047756874095514,
  "53": 0.7076700434153401,
  "54": 0.719247467438495,
  "55": 0.7221418234442837,
  "56": 0.7250361794500724,
  "57": 0.7337192474674386,
  "58": 0.7395079594790159,
  "59": 0.743849493487699,
  "60": 0.7467438494934877,
  "61": 0.7539797395079595,
  "62": 0.76410998552822,
  "63": 0.768451519536903,
  "64": 0.7713458755426917,
  "65": 0.7742402315484804,
  "66": 0.7785817655571635,
  "67": 0.7829232995658466,
  "68": 0.7872648335745297,
  "69": 0.7887120115774241,
  "70": 0.7901591895803185,
  "71": 0.7930535455861072,
  "72": 0.7959479015918959,
  "73": 0.800289435600579,
  "74": 0.8017366136034734,
  "76": 0.8031837916063678,
  "77": 0.8060781476121565,
  "78": 0.8075253256150509,
  "79": 0.811866859623734,
  "80": 0.816208393632417,
  "81": 0.8176555716353114,
  "82": 0.8205499276411001,
  "83": 0.8219971056439945,
  "85": 0.8248914616497832,
  "86": 0.832127351664255,
  "87": 0.8364688856729381,
  "88": 0.8393632416787268,
  "89": 0.8437047756874099,
  "91": 0.848046309696093,
  "93": 0.8494934876989874,
  "94": 0.852387843704776,
  "95": 0.8552821997105647,
  "96": 0.8567293777134591,
  "97": 0.8625180897250365,
  "99": 0.8639652677279309,
  "100": 0.8668596237337196,
  "101": 0.872648335745297,
  "102": 0.8784370477568744,
  "105": 0.8798842257597688,
  "106": 0.8813314037626632,
  "107": 0.8871201157742405,
  "108": 0.888567293777135,
  "109": 0.892908827785818,
  "111": 0.8943560057887124,
  "112": 0.8986975397973955,
  "113": 0.9030390738060786,
  "114": 0.9059334298118673,
  "115": 0.9073806078147617,
  "117": 0.9088277858176561,
  "119": 0.9117221418234448,
  "120": 0.9175108538350222,
  "122": 0.9218523878437053,
  "124": 0.929088277858177,
  "125": 0.9334298118668601,
  "126": 0.9348769898697545,
  "128": 0.9363241678726489,
  "129": 0.9377713458755433,
  "130": 0.9392185238784377,
  "131": 0.9406657018813321,
  "132": 0.9421128798842265,
  "133": 0.9450072358900152,
  "135": 0.9464544138929096,
  "136": 0.947901591895804,
  "137": 0.9493487698986984,
  "138": 0.9522431259044871,
  "140": 0.9536903039073815,
  "141": 0.9551374819102759,
  "145": 0.9565846599131703,
  "146": 0.9580318379160647,
  "147": 0.9609261939218534,
  "148": 0.9638205499276421,
  "149": 0.9652677279305365,
  "151": 0.9667149059334309,
  "152": 0.9696092619392196,
  "153": 0.971056439942114,
  "155": 0.9725036179450084,
  "156": 0.9753979739507971,
  "157": 0.9782923299565858,
  "160": 0.9797395079594802,
  "164": 0.9811866859623746,
  "166": 0.9840810419681633,
  "167": 0.986975397973952,
  "169": 0.9898697539797406,
  "170": 0.991316931982635,
  "175": 0.9927641099855294,
  "178": 0.9942112879884238,
  "179": 0.9956584659913182,
  "182": 0.9971056439942126,
  "188": 0.998552821997107,
  "193": 1.0000000000000013
}