{
  "2": 0.030656934306569343,
  "3": 0.08029197080291971,
  "4": 0.12408759124087591,
  "5": 0.1635036496350365,
  "6": 0.19708029197080293,
  "7": 0.23065693430656936,
  "8": 0.2569343065693431,
  "9": 0.27445255474452557,
  "10": 0.2978102189781022,
  "11": 0.3197080291970803,
  "12": 0.33284671532846716,
  "13": 0.3605839416058394,
  "14": 0.38102189781021895,
  "15": 0.4043795620437956,
  "16": 0.42481751824817515,
  "17": 0.44233576642335765,
  "18": 0.4583941605839416,
  "19": 0.472992700729927,
  "20": 0.48613138686131385,
  "21": 0.4992700729927007,
  "22": 0.5124087591240876,
  "23": 0.5255474452554745,
  "24": 0.5416058394160584,
  "25": 0.5547445255474454,
  "26": 0.5664233576642337,
  "27": 0.578102189781022,
  "28": 0.5854014598540147,
  "29": 0.5956204379562045,
  "30": 0.6058394160583942,
  "31": 0.6189781021897811,
  "32": 0.6262773722627738,
  "33": 0.6394160583941607,
  "34": 0.6467153284671534,
  "35": 0.6496350364963505,
  "36": 0.6540145985401461,
  "37": 0.6656934306569344,
  "38": 0.6759124087591242,
  "39": 0.6846715328467154,
  "40": 0.6919708029197081,
  "41": 0.7007299270072994,
  "42": 0.7109489051094892,
  "43": 0.7138686131386862,
  "44": 0.7182481751824819,
  "45": 0.724087591240876,
  "46": 0.7328467153284672,
  "47": 0.743065693430657,
  "48": 0.7503649635036497,
  "49": 0.7605839416058394,
  "50": 0.7635036496350365,
  "51": 0.7664233576642335,
  "52": 0.7708029197080292,
  "53": 0.7751824817518248,
  "54": 0.7781021897810219,
  "55": 0.7810218978102189,
  "56": 0.783941605839416,
  "57": 0.7897810218978101,
  "58": 0.7941605839416057,
  "59": 0.7999999999999998,
  "60": 0.8029197080291969,
  "61": 0.8072992700729925,
  "62": 0.8102189781021896,
  "63": 0.8116788321167882,
  "64": 0.8131386861313867,
  "66": 0.8160583941605838,
  "67": 0.8204379562043794,
  "68": 0.821897810218978,
  "69": 0.8262773722627736,
  "70": 0.8291970802919707,
  "72": 0.8335766423357663,
  "75": 0.8364963503649634,
  "76": 0.8394160583941604,
  "77": 0.8437956204379561,
  "78": 0.8467153284671531,
  "79": 0.8496350364963502,
  "81": 0.8525547445255472,
  "82": 0.8540145985401458,
  "83": 0.8598540145985399,
  "84": 0.8613138686131385,
  "86": 0.8642335766423356,
  "87": 0.8671532846715326,
  "88": 0.8686131386861312,
  "89": 0.8715328467153283,
  "91": 0.8744525547445253,
  "92": 0.8759124087591239,
  "93": 0.878832116788321,
  "94": 0.881751824817518,
  "95": 0.8861313868613137,
  "96": 0.8875912408759122,
  "97": 0.8890510948905108,
  "98": 0.8919708029197079,
  "99": 0.8948905109489049,
  "101": 0.9036496350364962,
  "103": 0.9080291970802918,
  "104": 0.9124087591240875,
  "105": 0.9182481751824816,
  "107": 0.9211678832116786,
  "108": 0.9226277372262772,
  "109": 0.9240875912408758,
  "111": 0.9313868613138685,
  "112": 0.9328467153284671,
  "113": 0.9343065693430657,
  "114": 0.9372262773722627,
  "115": 0.9401459854014598,
  "117": 0.9416058394160584,
  "119": 0.9430656934306569,
  "120": 0.9445255474452555,
  "121": 0.9459854014598541,
  "124": 0.9474452554744527,
  "125": 0.9489051094890513,
  "127": 0.9503649635036499,
  "131": 0.9518248175182484,
  "134": 0.953284671532847,
  "136": 0.9562043795620441,
  "137": 0.9576642335766427,
  "138": 0.9591240875912412,
  "139": 0.9605839416058398,
  "142": 0.9620437956204384,
  "143": 0.963503649635037,
  "146": 0.9649635036496356,
  "149": 0.9693430656934312,
  "150": 0.9722627737226283,
  "152": 0.9737226277372268,
  "155": 0.9751824817518254,
  "158": 0.976642335766424,
  "159": 0.9781021897810226,
  "164": 0.9795620437956212,
  "166": 0.9810218978102198,
  "173": 0.9824817518248183,
  "174": 0.9839416058394169,
  "179": 0.9854014598540155,
  "182": 0.9868613138686141,
  "185": 0.9883211678832127,
  "188": 0.9897810218978113,
  "191": 0.9912408759124098,
  "194": 0.9927007299270084,
  "195": 0.9970802919708041,
  "196": 0.9985401459854026,
  "200": 1.000000000000001
}