{
  "2": 0.327,
  "3": 0.595,
  "4": 0.7,
  "5": 0.7939999999999999,
  "6": 0.845,
  "7": 0.876,
  "8": 0.89,
  "9": 0.902,
  "10": 0.914,
  "11": 0.935,
  "12": 0.9500000000000001,
  "13": 0.9580000000000001,
  "14": 0.9610000000000001,
  "15": 0.9690000000000001,
  "16": 0.9710000000000001,
  "17": 0.9760000000000001,
  "18": 0.9800000000000001,
  "19": 0.9810000000000001,
  "20": 0.9840000000000001,
  "21": 0.9880000000000001,
  "22": 0.9900000000000001,
  "23": 0.9920000000000001,
  "24": 0.9930000000000001,
  "26": 0.9940000000000001,
  "27": 0.9960000000000001,
  "28": 0.9970000000000001,
  "30": 0.9980000000000001,
  "31": 0.9990000000000001,
  "34": 1.0
}