{
  "2": 0.027777777777777776,
  "3": 0.08333333333333333,
  "4": 0.11956521739130435,
  "5": 0.15821256038647344,
  "6": 0.19082125603864736,
  "7": 0.22342995169082128,
  "8": 0.25120772946859904,
  "9": 0.26811594202898553,
  "10": 0.285024154589372,
  "11": 0.3007246376811595,
  "12": 0.31642512077294693,
  "13": 0.32729468599033823,
  "14": 0.3369565217391305,
  "15": 0.35265700483091794,
  "16": 0.3683574879227054,
  "17": 0.3756038647342996,
  "18": 0.3876811594202899,
  "19": 0.4009661835748793,
  "20": 0.41062801932367154,
  "21": 0.42512077294685996,
  "22": 0.43599033816425126,
  "23": 0.45048309178743967,
  "24": 0.4649758454106281,
  "25": 0.4770531400966184,
  "26": 0.4842995169082126,
  "27": 0.4915458937198068,
  "28": 0.5,
  "29": 0.5157004830917874,
  "30": 0.5301932367149758,
  "31": 0.5434782608695651,
  "32": 0.5531400966183574,
  "33": 0.5664251207729467,
  "34": 0.576086956521739,
  "35": 0.5905797101449274,
  "36": 0.5990338164251207,
  "37": 0.6062801932367149,
  "38": 0.6147342995169082,
  "39": 0.6183574879227053,
  "40": 0.6231884057971014,
  "41": 0.6316425120772947,
  "42": 0.640096618357488,
  "43": 0.6497584541062803,
  "44": 0.6545893719806765,
  "45": 0.6642512077294688,
  "46": 0.671497584541063,
  "47": 0.6739130434782611,
  "48": 0.6799516908212563,
  "49": 0.6884057971014496,
  "50": 0.6908212560386476,
  "51": 0.6968599033816428,
  "52": 0.7053140096618361,
  "53": 0.7113526570048313,
  "54": 0.7149758454106284,
  "55": 0.7198067632850246,
  "56": 0.7234299516908217,
  "57": 0.731884057971015,
  "58": 0.7379227053140102,
  "59": 0.7415458937198073,
  "60": 0.7439613526570054,
  "61": 0.7463768115942034,
  "62": 0.7524154589371986,
  "63": 0.7608695652173919,
  "64": 0.762077294685991,
  "65": 0.7657004830917881,
  "66": 0.7705314009661842,
  "67": 0.7753623188405804,
  "68": 0.7801932367149765,
  "69": 0.7826086956521746,
  "70": 0.7850241545893727,
  "71": 0.7874396135265708,
  "72": 0.7922705314009669,
  "73": 0.7971014492753631,
  "74": 0.7995169082125612,
  "75": 0.8031400966183583,
  "76": 0.8079710144927544,
  "77": 0.8140096618357496,
  "78": 0.8152173913043487,
  "79": 0.8164251207729477,
  "80": 0.8212560386473439,
  "81": 0.824879227053141,
  "82": 0.8309178743961362,
  "83": 0.8333333333333343,
  "84": 0.8345410628019333,
  "85": 0.8357487922705323,
  "86": 0.8369565217391314,
  "87": 0.8417874396135275,
  "88": 0.8466183574879237,
  "89": 0.8490338164251218,
  "91": 0.8526570048309189,
  "92": 0.855072463768117,
  "93": 0.856280193236716,
  "94": 0.8611111111111122,
  "95": 0.8635265700483102,
  "96": 0.8671497584541074,
  "97": 0.8707729468599045,
  "98": 0.8743961352657016,
  "99": 0.8768115942028997,
  "100": 0.8792270531400977,
  "101": 0.8804347826086968,
  "102": 0.8828502415458949,
  "103": 0.887681159420291,
  "104": 0.8913043478260881,
  "107": 0.8949275362318853,
  "108": 0.8973429951690833,
  "111": 0.9009661835748805,
  "114": 0.9033816425120785,
  "115": 0.9082125603864747,
  "116": 0.9094202898550737,
  "118": 0.9118357487922718,
  "119": 0.9130434782608708,
  "121": 0.916666666666668,
  "124": 0.919082125603866,
  "125": 0.9202898550724651,
  "126": 0.9214975845410641,
  "127": 0.9227053140096632,
  "128": 0.9251207729468612,
  "129": 0.9263285024154603,
  "130": 0.9275362318840593,
  "131": 0.9311594202898564,
  "132": 0.9323671497584555,
  "134": 0.9335748792270545,
  "135": 0.9347826086956535,
  "139": 0.9371980676328516,
  "141": 0.9384057971014507,
  "142": 0.9408212560386487,
  "144": 0.9420289855072478,
  "145": 0.9432367149758468,
  "147": 0.9456521739130449,
  "149": 0.9468599033816439,
  "150": 0.949275362318842,
  "151": 0.9504830917874411,
  "153": 0.9516908212560401,
  "154": 0.9528985507246391,
  "155": 0.9541062801932382,
  "156": 0.9553140096618372,
  "157": 0.9565217391304363,
  "159": 0.9577294685990353,
  "160": 0.9601449275362334,
  "163": 0.9613526570048324,
  "166": 0.9625603864734315,
  "167": 0.9637681159420305,
  "172": 0.9649758454106295,
  "173": 0.9661835748792286,
  "174": 0.9685990338164266,
  "175": 0.9698067632850257,
  "177": 0.9710144927536247,
  "178": 0.9722222222222238,
  "179": 0.9734299516908228,
  "180": 0.9746376811594218,
  "183": 0.9770531400966199,
  "184": 0.979468599033818,
  "187": 0.9830917874396151,
  "188": 0.9842995169082142,
  "189": 0.9867149758454122,
  "191": 0.9879227053140113,
  "193": 0.9903381642512094,
  "195": 0.9927536231884074,
  "197": 0.9963768115942045,
  "198": 0.9975845410628036,
  "199": 1.0000000000000016
}