{
  "2": 0.037383177570093455,
  "3": 0.11370716510903425,
  "4": 0.19003115264797504,
  "5": 0.22118380062305293,
  "6": 0.2570093457943925,
  "7": 0.29595015576323985,
  "8": 0.32087227414330216,
  "9": 0.3582554517133956,
  "10": 0.37850467289719625,
  "11": 0.3909657320872274,
  "12": 0.40965732087227413,
  "13": 0.43302180685358255,
  "14": 0.4470404984423676,
  "15": 0.45794392523364486,
  "16": 0.46417445482866043,
  "17": 0.4735202492211838,
  "18": 0.4781931464174455,
  "19": 0.48442367601246106,
  "20": 0.5015576323987538,
  "21": 0.5031152647975077,
  "22": 0.5093457943925233,
  "23": 0.5140186915887849,
  "24": 0.5249221183800621,
  "25": 0.5327102803738315,
  "26": 0.5404984423676009,
  "27": 0.5451713395638625,
  "28": 0.5498442367601242,
  "29": 0.552959501557632,
  "30": 0.5560747663551397,
  "31": 0.5576323987538936,
  "32": 0.5607476635514014,
  "33": 0.5685358255451708,
  "34": 0.579439252336448,
  "35": 0.5825545171339558,
  "36": 0.5872274143302174,
  "37": 0.591900311526479,
  "38": 0.5950155763239868,
  "39": 0.5981308411214946,
  "40": 0.6012461059190024,
  "43": 0.6028037383177562,
  "44": 0.6074766355140179,
  "45": 0.6168224299065412,
  "46": 0.6261682242990646,
  "47": 0.6292834890965724,
  "48": 0.635514018691588,
  "49": 0.6386292834890958,
  "50": 0.6464174454828652,
  "52": 0.647975077881619,
  "53": 0.6510903426791268,
  "54": 0.6526479750778806,
  "55": 0.6557632398753884,
  "56": 0.6573208722741423,
  "58": 0.6588785046728961,
  "59": 0.6604361370716499,
  "60": 0.6619937694704038,
  "61": 0.6651090342679116,
  "62": 0.6666666666666654,
  "63": 0.671339563862927,
  "64": 0.6744548286604348,
  "65": 0.6775700934579426,
  "68": 0.6791277258566965,
  "69": 0.6822429906542042,
  "70": 0.6869158878504659,
  "71": 0.6884735202492197,
  "72": 0.6947040498442353,
  "73": 0.7024922118380047,
  "74": 0.7087227414330203,
  "75": 0.7133956386292819,
  "76": 0.7196261682242975,
  "77": 0.7258566978193131,
  "78": 0.7274143302180669,
  "79": 0.7352024922118363,
  "80": 0.7414330218068519,
  "81": 0.7492211838006213,
  "82": 0.7523364485981291,
  "83": 0.7554517133956369,
  "84": 0.7616822429906525,
  "85": 0.7710280373831758,
  "86": 0.7772585669781914,
  "87": 0.7788161993769452,
  "88": 0.7881619937694686,
  "89": 0.7928348909657302,
  "90": 0.7943925233644841,
  "91": 0.8006230529594996,
  "92": 0.8037383177570074,
  "93": 0.8068535825545152,
  "94": 0.809968847352023,
  "95": 0.823987538940808,
  "96": 0.8317757009345774,
  "97": 0.8333333333333313,
  "98": 0.836448598130839,
  "99": 0.8395638629283468,
  "101": 0.8411214953271007,
  "102": 0.8457943925233623,
  "104": 0.8520249221183779,
  "108": 0.8535825545171317,
  "109": 0.8551401869158856,
  "110": 0.8566978193146394,
  "111": 0.8582554517133932,
  "113": 0.8598130841121471,
  "115": 0.8613707165109009,
  "116": 0.8644859813084087,
  "117": 0.8676012461059165,
  "118": 0.8707165109034243,
  "119": 0.8722741433021781,
  "120": 0.8753894080996859,
  "121": 0.8785046728971937,
  "123": 0.8831775700934553,
  "126": 0.8847352024922092,
  "127": 0.886292834890963,
  "128": 0.8878504672897168,
  "129": 0.8894080996884707,
  "132": 0.8940809968847323,
  "133": 0.8956386292834861,
  "134": 0.89719626168224,
  "137": 0.8987538940809938,
  "138": 0.9003115264797477,
  "139": 0.909657320872271,
  "141": 0.9127725856697788,
  "142": 0.9143302180685327,
  "146": 0.9190031152647943,
  "148": 0.9221183800623021,
  "149": 0.9236760124610559,
  "150": 0.9252336448598097,
  "151": 0.9267912772585636,
  "152": 0.9299065420560714,
  "153": 0.9376947040498408,
  "155": 0.9408099688473486,
  "157": 0.9423676012461024,
  "158": 0.9454828660436102,
  "159": 0.948598130841118,
  "160": 0.9501557632398718,
  "162": 0.9532710280373796,
  "163": 0.9563862928348874,
  "164": 0.9579439252336412,
  "165": 0.961059190031149,
  "167": 0.9626168224299029,
  "168": 0.9641744548286567,
  "173": 0.9657320872274106,
  "174": 0.9688473520249183,
  "175": 0.9719626168224261,
  "178": 0.97352024922118,
  "180": 0.9766355140186878,
  "182": 0.9797507788161955,
  "185": 0.9828660436137033,
  "188": 0.9859813084112111,
  "189": 0.9890965732087189,
  "191": 0.9906542056074727,
  "193": 0.9937694704049805,
  "194": 0.9953271028037344,
  "195": 0.9968847352024882,
  "196": 0.998442367601242,
  "200": 0.9999999999999959
}