{
  "2": 0.311,
  "3": 0.525,
  "4": 0.618,
  "5": 0.73,
  "6": 0.777,
  "7": 0.8210000000000001,
  "8": 0.8380000000000001,
  "9": 0.8740000000000001,
  "10": 0.8940000000000001,
  "11": 0.9050000000000001,
  "12": 0.9170000000000001,
  "13": 0.9300000000000002,
  "14": 0.9380000000000002,
  "15": 0.9440000000000002,
  "16": 0.9470000000000002,
  "17": 0.9510000000000002,
  "18": 0.9530000000000002,
  "19": 0.9570000000000002,
  "20": 0.9590000000000002,
  "21": 0.9650000000000002,
  "22": 0.9680000000000002,
  "23": 0.9700000000000002,
  "24": 0.9750000000000002,
  "25": 0.9800000000000002,
  "26": 0.9840000000000002,
  "28": 0.9870000000000002,
  "29": 0.9880000000000002,
  "30": 0.9890000000000002,
  "31": 0.9900000000000002,
  "32": 0.9920000000000002,
  "33": 0.9940000000000002,
  "37": 0.9950000000000002,
  "38": 0.9960000000000002,
  "39": 0.9970000000000002,
  "40": 0.9980000000000002,
  "41": 0.9990000000000002,
  "53": 1.0000000000000002
}