{
  "2": 0.04155495978552279,
  "3": 0.0871313672922252,
  "4": 0.13136729222520108,
  "5": 0.16890080428954424,
  "6": 0.21179624664879357,
  "7": 0.23994638069705093,
  "8": 0.25603217158176944,
  "9": 0.2868632707774799,
  "10": 0.2962466487935657,
  "11": 0.31903485254691694,
  "12": 0.3297587131367293,
  "13": 0.3471849865951743,
  "14": 0.3592493297587132,
  "15": 0.37667560321715826,
  "16": 0.3941018766756033,
  "17": 0.415549597855228,
  "18": 0.4276139410187669,
  "19": 0.4410187667560323,
  "20": 0.45576407506702427,
  "21": 0.46782841823056315,
  "22": 0.4812332439678286,
  "23": 0.4973190348525471,
  "24": 0.5107238605898125,
  "25": 0.5214477211796248,
  "26": 0.529490616621984,
  "27": 0.5348525469168902,
  "28": 0.5428954423592495,
  "29": 0.5509383378016087,
  "30": 0.5563002680965149,
  "31": 0.5656836461126007,
  "32": 0.57372654155496,
  "33": 0.5790884718498661,
  "34": 0.5884718498659519,
  "35": 0.5924932975871315,
  "36": 0.5978552278820377,
  "37": 0.6045576407506704,
  "38": 0.6099195710455766,
  "39": 0.6166219839142093,
  "40": 0.6260053619302951,
  "41": 0.6340482573726544,
  "42": 0.6407506702412871,
  "43": 0.6434316353887402,
  "44": 0.6514745308310994,
  "45": 0.6541554959785525,
  "46": 0.6568364611260056,
  "47": 0.6635388739946383,
  "48": 0.6715817694369975,
  "49": 0.6836461126005364,
  "50": 0.6890080428954426,
  "51": 0.6930294906166222,
  "52": 0.6983914209115284,
  "53": 0.7010723860589815,
  "54": 0.702412868632708,
  "55": 0.7077747989276142,
  "56": 0.7117962466487938,
  "57": 0.7171581769437,
  "58": 0.7211796246648796,
  "59": 0.7278820375335123,
  "60": 0.7332439678284185,
  "61": 0.7372654155495981,
  "62": 0.749329758713137,
  "63": 0.7533512064343166,
  "64": 0.7587131367292228,
  "65": 0.7600536193029493,
  "66": 0.7627345844504024,
  "67": 0.7654155495978555,
  "68": 0.7694369973190351,
  "69": 0.7707774798927617,
  "70": 0.7734584450402148,
  "71": 0.7761394101876679,
  "72": 0.7828418230563006,
  "73": 0.7882037533512067,
  "74": 0.796246648793566,
  "75": 0.8002680965147456,
  "76": 0.8042895442359252,
  "77": 0.8096514745308314,
  "78": 0.810991957104558,
  "79": 0.813672922252011,
  "80": 0.8176943699731907,
  "81": 0.8203753351206438,
  "86": 0.8230563002680968,
  "87": 0.8257372654155499,
  "89": 0.828418230563003,
  "90": 0.8324396782841826,
  "91": 0.8364611260053623,
  "92": 0.8404825737265419,
  "94": 0.843163538873995,
  "95": 0.8445040214477215,
  "97": 0.8512064343163542,
  "99": 0.8552278820375339,
  "100": 0.857908847184987,
  "101": 0.8619302949061666,
  "102": 0.8646112600536197,
  "103": 0.8672922252010727,
  "104": 0.8686327077747993,
  "106": 0.8699731903485258,
  "107": 0.8726541554959789,
  "108": 0.8739946380697055,
  "109": 0.875335120643432,
  "110": 0.8766756032171585,
  "112": 0.8833780160857913,
  "115": 0.8847184986595178,
  "116": 0.8873994638069709,
  "117": 0.8887399463806974,
  "118": 0.890080428954424,
  "119": 0.8914209115281505,
  "120": 0.892761394101877,
  "121": 0.8954423592493301,
  "122": 0.8981233243967832,
  "123": 0.8994638069705098,
  "125": 0.9034852546916894,
  "126": 0.9048257372654159,
  "129": 0.9061662198391425,
  "131": 0.907506702412869,
  "132": 0.9128686327077752,
  "133": 0.9155495978552283,
  "134": 0.9168900804289548,
  "136": 0.9209115281501344,
  "137": 0.922252010723861,
  "138": 0.9249329758713141,
  "139": 0.9262734584450406,
  "145": 0.9276139410187672,
  "149": 0.9289544235924937,
  "152": 0.9302949061662202,
  "153": 0.9329758713136733,
  "154": 0.9356568364611264,
  "155": 0.9383378016085795,
  "156": 0.939678284182306,
  "161": 0.9410187667560326,
  "162": 0.9423592493297591,
  "165": 0.9436997319034857,
  "166": 0.9450402144772122,
  "167": 0.9463806970509387,
  "170": 0.9477211796246653,
  "171": 0.9504021447721184,
  "172": 0.9517426273458449,
  "173": 0.9530831099195715,
  "174": 0.954423592493298,
  "175": 0.9557640750670245,
  "176": 0.9584450402144776,
  "177": 0.9624664879356573,
  "178": 0.9638069705093838,
  "179": 0.9664879356568369,
  "180": 0.9678284182305634,
  "182": 0.9705093833780165,
  "183": 0.971849865951743,
  "184": 0.9731903485254696,
  "185": 0.9772117962466492,
  "186": 0.9812332439678288,
  "187": 0.9839142091152819,
  "189": 0.9852546916890085,
  "191": 0.986595174262735,
  "192": 0.9906166219839146,
  "193": 0.9919571045576412,
  "196": 0.9932975871313677,
  "197": 0.9959785522788208,
  "199": 0.9973190348525474,
  "200": 1.0000000000000004
}