{
  "2": 0.042116630669546434,
  "3": 0.08531317494600432,
  "4": 0.12203023758099352,
  "5": 0.13930885529157666,
  "6": 0.17926565874730022,
  "7": 0.21922246220302377,
  "8": 0.2613390928725702,
  "9": 0.28509719222462204,
  "10": 0.3142548596112311,
  "11": 0.3412526997840173,
  "12": 0.367170626349892,
  "13": 0.38660907127429806,
  "14": 0.4017278617710583,
  "15": 0.4222462203023758,
  "16": 0.44168466522678185,
  "17": 0.4611231101511879,
  "18": 0.47300215982721383,
  "19": 0.490280777537797,
  "20": 0.5053995680345572,
  "21": 0.5129589632829373,
  "22": 0.531317494600432,
  "23": 0.5377969762419007,
  "24": 0.5475161987041037,
  "25": 0.5529157667386609,
  "26": 0.5604751619870411,
  "27": 0.5647948164146869,
  "28": 0.5691144708423327,
  "29": 0.572354211663067,
  "30": 0.5745140388768899,
  "31": 0.5799136069114471,
  "32": 0.58207343412527,
  "33": 0.5831533477321814,
  "34": 0.5863930885529157,
  "35": 0.5874730021598271,
  "36": 0.58963282937365,
  "37": 0.5971922246220301,
  "38": 0.6036717062634989,
  "39": 0.6101511879049676,
  "40": 0.6133909287257019,
  "41": 0.6220302375809935,
  "42": 0.6252699784017278,
  "43": 0.6295896328293736,
  "44": 0.6339092872570194,
  "45": 0.6360691144708424,
  "46": 0.6382289416846653,
  "48": 0.6403887688984882,
  "49": 0.6425485961123111,
  "50": 0.6468682505399569,
  "51": 0.6479481641468683,
  "52": 0.6511879049676026,
  "53": 0.6533477321814255,
  "54": 0.6565874730021598,
  "55": 0.6663066954643628,
  "56": 0.6781857451403888,
  "58": 0.6803455723542117,
  "59": 0.6846652267818575,
  "60": 0.6900647948164147,
  "61": 0.693304535637149,
  "62": 0.6997840172786177,
  "63": 0.7051835853131749,
  "64": 0.7073434125269978,
  "65": 0.7105831533477321,
  "66": 0.7170626349892009,
  "67": 0.7181425485961123,
  "68": 0.7192224622030237,
  "69": 0.7203023758099351,
  "70": 0.7235421166306694,
  "71": 0.7278617710583152,
  "72": 0.7332613390928724,
  "73": 0.7365010799136067,
  "74": 0.7429805615550754,
  "75": 0.7451403887688983,
  "76": 0.7473002159827212,
  "77": 0.75377969762419,
  "78": 0.7570194384449243,
  "79": 0.7580993520518357,
  "80": 0.7602591792656586,
  "81": 0.76133909287257,
  "82": 0.7667386609071272,
  "83": 0.7699784017278615,
  "84": 0.7721382289416844,
  "85": 0.7742980561555073,
  "86": 0.7764578833693302,
  "87": 0.7796976241900645,
  "88": 0.7818574514038874,
  "89": 0.7850971922246217,
  "90": 0.7872570194384446,
  "91": 0.7894168466522675,
  "92": 0.7926565874730018,
  "93": 0.7969762419006476,
  "94": 0.7991360691144705,
  "97": 0.8012958963282935,
  "98": 0.8045356371490278,
  "99": 0.8088552915766736,
  "100": 0.809935205183585,
  "101": 0.8120950323974079,
  "102": 0.8153347732181422,
  "103": 0.8164146868250536,
  "104": 0.8185745140388765,
  "105": 0.8218142548596108,
  "107": 0.8228941684665222,
  "108": 0.8250539956803451,
  "109": 0.8261339092872565,
  "110": 0.8272138228941679,
  "111": 0.8282937365010793,
  "112": 0.8326133909287251,
  "113": 0.8369330453563709,
  "114": 0.8390928725701938,
  "115": 0.8412526997840167,
  "116": 0.8434125269978396,
  "117": 0.8498920086393084,
  "118": 0.8520518358531313,
  "119": 0.8552915766738656,
  "120": 0.8574514038876885,
  "121": 0.8585313174945999,
  "122": 0.8606911447084228,
  "123": 0.8617710583153342,
  "124": 0.8682505399568029,
  "125": 0.8747300215982716,
  "126": 0.8790496760259174,
  "127": 0.8833693304535633,
  "128": 0.8866090712742976,
  "129": 0.8887688984881205,
  "130": 0.8952483801295892,
  "131": 0.9006479481641464,
  "132": 0.9028077753779693,
  "133": 0.9049676025917922,
  "134": 0.9071274298056151,
  "135": 0.9114470842332609,
  "136": 0.9136069114470838,
  "137": 0.9179265658747296,
  "138": 0.921166306695464,
  "139": 0.9244060475161983,
  "141": 0.9287257019438441,
  "142": 0.9298056155507555,
  "143": 0.9319654427645784,
  "144": 0.9341252699784013,
  "145": 0.9362850971922242,
  "146": 0.9384449244060471,
  "147": 0.9416846652267814,
  "148": 0.9427645788336928,
  "150": 0.9438444924406042,
  "151": 0.9449244060475156,
  "153": 0.9470842332613385,
  "154": 0.9535637149028072,
  "155": 0.9557235421166301,
  "156": 0.957883369330453,
  "159": 0.960043196544276,
  "160": 0.9622030237580989,
  "162": 0.9643628509719218,
  "163": 0.9654427645788332,
  "166": 0.9676025917926561,
  "167": 0.9686825053995675,
  "168": 0.9708423326133904,
  "169": 0.9740820734341247,
  "170": 0.9751619870410361,
  "171": 0.977321814254859,
  "176": 0.9784017278617704,
  "177": 0.9805615550755933,
  "179": 0.9827213822894162,
  "184": 0.9848812095032391,
  "185": 0.9859611231101505,
  "187": 0.9870410367170619,
  "189": 0.9892008639308848,
  "191": 0.9913606911447077,
  "192": 0.9935205183585306,
  "193": 0.994600431965442,
  "194": 0.9956803455723534,
  "196": 0.9967602591792648,
  "197": 0.9978401727861762,
  "198": 0.9989200863930876,
  "200": 0.999999999999999
}