{
  "2": 0.143,
  "3": 0.504,
  "4": 0.641,
  "5": 0.72,
  "6": 0.777,
  "7": 0.8250000000000001,
  "8": 0.8610000000000001,
  "9": 0.8990000000000001,
  "10": 0.9320000000000002,
  "11": 0.9540000000000002,
  "12": 0.9690000000000002,
  "13": 0.9750000000000002,
  "14": 0.9810000000000002,
  "15": 0.9850000000000002,
  "16": 0.9880000000000002,
  "17": 0.9910000000000002,
  "18": 0.9940000000000002,
  "19": 0.9950000000000002,
  "21": 0.9960000000000002,
  "22": 0.9970000000000002,
  "24": 0.9980000000000002,
  "27": 0.9990000000000002,
  "46": 1.0000000000000002
}