{
  "2": 0.021367521367521368,
  "3": 0.05270655270655271,
  "4": 0.08547008547008547,
  "5": 0.13675213675213677,
  "6": 0.16666666666666669,
  "7": 0.1908831908831909,
  "8": 0.2136752136752137,
  "9": 0.23361823361823364,
  "10": 0.2535612535612536,
  "11": 0.2720797720797721,
  "12": 0.28774928774928776,
  "13": 0.31196581196581197,
  "14": 0.3319088319088319,
  "15": 0.35327635327635326,
  "16": 0.37037037037037035,
  "17": 0.39316239316239315,
  "18": 0.4045584045584045,
  "19": 0.4216524216524216,
  "20": 0.43447293447293445,
  "21": 0.45014245014245013,
  "22": 0.4615384615384615,
  "23": 0.47435897435897434,
  "24": 0.4843304843304843,
  "25": 0.4943019943019943,
  "26": 0.5056980056980057,
  "27": 0.5185185185185185,
  "28": 0.5284900284900285,
  "29": 0.5384615384615384,
  "30": 0.5484330484330484,
  "31": 0.5541310541310541,
  "32": 0.5655270655270656,
  "33": 0.576923076923077,
  "34": 0.5854700854700855,
  "35": 0.5911680911680912,
  "36": 0.594017094017094,
  "37": 0.5997150997150997,
  "38": 0.6096866096866097,
  "39": 0.6111111111111112,
  "40": 0.613960113960114,
  "41": 0.6239316239316239,
  "42": 0.6296296296296297,
  "43": 0.6424501424501424,
  "44": 0.6467236467236467,
  "45": 0.6509971509971509,
  "46": 0.6524216524216524,
  "47": 0.6552706552706552,
  "48": 0.6595441595441595,
  "49": 0.6623931623931623,
  "50": 0.668091168091168,
  "51": 0.6695156695156694,
  "52": 0.6737891737891737,
  "53": 0.6794871794871794,
  "54": 0.6851851851851851,
  "55": 0.6908831908831908,
  "56": 0.6923076923076923,
  "57": 0.6965811965811965,
  "58": 0.7037037037037037,
  "59": 0.7108262108262109,
  "60": 0.7179487179487181,
  "61": 0.7236467236467238,
  "62": 0.727920227920228,
  "63": 0.7350427350427352,
  "64": 0.737891737891738,
  "65": 0.7393162393162395,
  "66": 0.7435897435897437,
  "67": 0.7507122507122509,
  "68": 0.7549857549857552,
  "69": 0.7606837606837609,
  "70": 0.7635327635327637,
  "71": 0.7649572649572651,
  "72": 0.7663817663817666,
  "73": 0.7692307692307694,
  "74": 0.7706552706552708,
  "75": 0.7749287749287751,
  "76": 0.7763532763532766,
  "77": 0.7792022792022794,
  "78": 0.7806267806267808,
  "79": 0.7849002849002851,
  "80": 0.7863247863247865,
  "81": 0.7934472934472937,
  "82": 0.7948717948717952,
  "83": 0.7991452991452994,
  "84": 0.8034188034188037,
  "85": 0.8062678062678065,
  "86": 0.8076923076923079,
  "87": 0.8119658119658122,
  "88": 0.814814814814815,
  "89": 0.8176638176638178,
  "90": 0.821937321937322,
  "91": 0.8262108262108263,
  "92": 0.831908831908832,
  "93": 0.8333333333333335,
  "94": 0.8376068376068377,
  "95": 0.8404558404558405,
  "96": 0.841880341880342,
  "97": 0.8433048433048435,
  "98": 0.8461538461538463,
  "99": 0.8504273504273505,
  "101": 0.8532763532763533,
  "102": 0.8603988603988605,
  "104": 0.8632478632478633,
  "105": 0.8646723646723647,
  "106": 0.8717948717948719,
  "107": 0.8746438746438747,
  "109": 0.8774928774928775,
  "110": 0.878917378917379,
  "111": 0.8803418803418804,
  "112": 0.8831908831908832,
  "113": 0.8846153846153847,
  "114": 0.8874643874643875,
  "115": 0.888888888888889,
  "116": 0.8903133903133904,
  "117": 0.8931623931623932,
  "118": 0.8945868945868947,
  "119": 0.8960113960113961,
  "121": 0.8988603988603989,
  "122": 0.9002849002849004,
  "124": 0.9017094017094018,
  "125": 0.9059829059829061,
  "126": 0.9074074074074076,
  "128": 0.908831908831909,
  "129": 0.9102564102564105,
  "130": 0.9116809116809119,
  "132": 0.9131054131054134,
  "133": 0.9173789173789176,
  "135": 0.9188034188034191,
  "137": 0.9202279202279205,
  "138": 0.9245014245014248,
  "139": 0.9259259259259263,
  "141": 0.9273504273504277,
  "143": 0.9287749287749292,
  "144": 0.9301994301994306,
  "145": 0.9330484330484334,
  "146": 0.9358974358974362,
  "147": 0.938746438746439,
  "149": 0.9415954415954418,
  "151": 0.9444444444444446,
  "152": 0.9501424501424504,
  "153": 0.9544159544159546,
  "154": 0.9558404558404561,
  "155": 0.9615384615384618,
  "156": 0.9643874643874646,
  "160": 0.965811965811966,
  "161": 0.9686609686609688,
  "162": 0.9715099715099716,
  "165": 0.9743589743589745,
  "167": 0.9757834757834759,
  "168": 0.9772079772079774,
  "172": 0.9786324786324788,
  "174": 0.9800569800569803,
  "175": 0.9814814814814817,
  "179": 0.9829059829059832,
  "180": 0.985754985754986,
  "181": 0.9900284900284902,
  "182": 0.9914529914529917,
  "186": 0.9928774928774932,
  "188": 0.995726495726496,
  "189": 0.9971509971509974,
  "192": 0.9985754985754989,
  "193": 1.0000000000000002
}