{
  "2": 0.309,
  "3": 0.575,
  "4": 0.6649999999999999,
  "5": 0.7439999999999999,
  "6": 0.7899999999999999,
  "7": 0.827,
  "8": 0.851,
  "9": 0.863,
  "10": 0.896,
  "11": 0.899,
  "12": 0.912,
  "13": 0.9390000000000001,
  "14": 0.9510000000000001,
  "15": 0.9650000000000001,
  "16": 0.9870000000000001,
  "17": 1.0
}