{
  "2": 0.020060180541624874,
  "3": 0.07221664994984955,
  "4": 0.10431293881644935,
  "5": 0.13640922768304914,
  "6": 0.15947843530591774,
  "7": 0.18054162487462386,
  "8": 0.20160481444332998,
  "9": 0.21664994984954863,
  "10": 0.22868605817452356,
  "11": 0.23971915747241723,
  "12": 0.2557673019057171,
  "13": 0.26780341023069204,
  "14": 0.275827482447342,
  "15": 0.283851554663992,
  "16": 0.29187562688064195,
  "17": 0.30190571715145437,
  "18": 0.31093279839518556,
  "19": 0.3229689067201605,
  "20": 0.33901705115346037,
  "21": 0.34603811434302906,
  "22": 0.3610832497492477,
  "23": 0.3681043129388164,
  "24": 0.3791374122367101,
  "25": 0.38716148445336007,
  "26": 0.39418254764292876,
  "27": 0.4002006018054162,
  "28": 0.4132397191574724,
  "29": 0.42126379137412234,
  "30": 0.4262788365095286,
  "31": 0.43029087261785354,
  "32": 0.4353059177532598,
  "33": 0.436308926780341,
  "34": 0.44032096288866596,
  "35": 0.4463390170511534,
  "36": 0.4543630892678034,
  "37": 0.45837512537612835,
  "38": 0.4613841524573721,
  "39": 0.47041123370110327,
  "40": 0.4744232698094282,
  "41": 0.4804413239719157,
  "42": 0.48445336008024065,
  "43": 0.4874623871614844,
  "44": 0.4904714142427281,
  "45": 0.49448345035105307,
  "46": 0.4974924774322968,
  "47": 0.4994984954864593,
  "48": 0.502507522567703,
  "49": 0.506519558676028,
  "50": 0.5085255767301905,
  "51": 0.5095285857572718,
  "52": 0.5115346038114342,
  "53": 0.514543630892678,
  "54": 0.5165496489468404,
  "55": 0.5215646940822466,
  "56": 0.5245737211634903,
  "57": 0.5285857572718153,
  "58": 0.5305917753259778,
  "59": 0.5325977933801402,
  "60": 0.5376128385155464,
  "61": 0.5396188565697089,
  "62": 0.5426278836509526,
  "63": 0.5466399197592776,
  "65": 0.5506519558676026,
  "66": 0.5516549648946839,
  "67": 0.5556670010030089,
  "68": 0.5576730190571714,
  "69": 0.5596790371113338,
  "70": 0.5616850551654963,
  "71": 0.5656970912738213,
  "72": 0.5677031093279837,
  "73": 0.5717151454363087,
  "74": 0.57271815446339,
  "75": 0.5747241725175525,
  "76": 0.5767301905717149,
  "77": 0.5777331995987962,
  "78": 0.5827482447342024,
  "79": 0.5877632898696086,
  "80": 0.5907723169508523,
  "81": 0.5947843530591773,
  "82": 0.597793380140421,
  "83": 0.5987963891675023,
  "84": 0.6038114343029085,
  "86": 0.6068204613841522,
  "87": 0.6078234704112335,
  "88": 0.6118355065195585,
  "89": 0.6128385155466398,
  "90": 0.6138415245737211,
  "92": 0.6168505516549648,
  "93": 0.6198595787362086,
  "94": 0.6208625877632898,
  "95": 0.6218655967903711,
  "96": 0.6228686058174524,
  "97": 0.6248746238716149,
  "98": 0.6258776328986961,
  "99": 0.6268806419257774,
  "100": 0.6278836509528587,
  "101": 0.6298896690070211,
  "102": 0.6308926780341024,
  "103": 0.6339017051153462,
  "104": 0.6349047141424274,
  "105": 0.6359077231695087,
  "106": 0.63691073219659,
  "107": 0.6379137412236713,
  "108": 0.640922768304915,
  "109": 0.64493480441324,
  "110": 0.648946840521565,
  "111": 0.6499498495486463,
  "113": 0.6519558676028088,
  "115": 0.65295887662989,
  "116": 0.6539618856569713,
  "117": 0.6579739217652963,
  "118": 0.6619859578736214,
  "119": 0.6639919759277838,
  "120": 0.6649949849548651,
  "121": 0.6670010030090275,
  "122": 0.66900702106319,
  "123": 0.6720160481444337,
  "124": 0.673019057171515,
  "125": 0.6780341023069212,
  "126": 0.6800401203610836,
  "128": 0.6810431293881649,
  "129": 0.6820461384152462,
  "130": 0.6840521564694086,
  "131": 0.6860581745235711,
  "132": 0.6870611835506524,
  "134": 0.6890672016048148,
  "135": 0.6910732196589773,
  "137": 0.6920762286860586,
  "138": 0.6950852557673023,
  "139": 0.698094282848546,
  "141": 0.6990972918756273,
  "142": 0.7001003009027086,
  "143": 0.7011033099297899,
  "145": 0.7021063189568711,
  "146": 0.7041123370110336,
  "148": 0.706118355065196,
  "150": 0.7071213640922773,
  "152": 0.7111334002006023,
  "153": 0.7121364092276836,
  "154": 0.7131394182547649,
  "155": 0.7141424272818462,
  "156": 0.7161484453360086,
  "158": 0.7171514543630899,
  "159": 0.7201604814443336,
  "160": 0.7221664994984961,
  "162": 0.7231695085255774,
  "163": 0.7241725175526587,
  "164": 0.7261785356068211,
  "165": 0.7281845536609836,
  "166": 0.730190571715146,
  "167": 0.7331995987963897,
  "168": 0.7352056168505522,
  "169": 0.7362086258776335,
  "171": 0.7392176529588772,
  "172": 0.7412236710130397,
  "173": 0.7432296890672021,
  "174": 0.7452357071213646,
  "175": 0.7462387161484458,
  "176": 0.7472417251755271,
  "177": 0.7492477432296896,
  "178": 0.7502507522567708,
  "180": 0.7532597793380146,
  "181": 0.7542627883650959,
  "183": 0.7572718154463396,
  "184": 0.7582748244734209,
  "185": 0.7612838515546646,
  "186": 0.7622868605817459,
  "187": 0.7642928786359083,
  "189": 0.7662988966900708,
  "190": 0.7683049147442332,
  "191": 0.7693079237713145,
  "192": 0.771313941825477,
  "193": 0.7733199598796394,
  "197": 0.7753259779338019,
  "198": 0.7783350050150456,
  "199": 0.780341023069208,
  "200": 0.7813440320962893,
  "201": 0.7843530591775331,
  "202": 0.7853560682046143,
  "203": 0.7863590772316956,
  "206": 0.7873620862587769,
  "208": 0.7893681043129394,
  "210": 0.7903711133400206,
  "212": 0.7913741223671019,
  "214": 0.7923771313941832,
  "215": 0.7933801404212645,
  "219": 0.7943831494483458,
  "221": 0.795386158475427,
  "222": 0.7963891675025083,
  "223": 0.7983951855566708,
  "224": 0.799398194583752,
  "225": 0.8004012036108333,
  "226": 0.8014042126379146,
  "227": 0.8024072216649959,
  "228": 0.8044132397191583,
  "229": 0.8084252758274834,
  "230": 0.8094282848545646,
  "235": 0.8114343029087271,
  "236": 0.8124373119358084,
  "239": 0.8134403209628897,
  "240": 0.8144433299899709,
  "241": 0.8164493480441334,
  "242": 0.8174523570712147,
  "244": 0.8194583751253771,
  "245": 0.8204613841524584,
  "250": 0.8214643931795397,
  "253": 0.822467402206621,
  "255": 0.8234704112337022,
  "256": 0.8244734202607835,
  "261": 0.8254764292878648,
  "265": 0.8274824473420272,
  "266": 0.8294884653961897,
  "268": 0.8324974924774334,
  "269": 0.8335005015045147,
  "271": 0.8375125376128397,
  "272": 0.838515546639921,
  "273": 0.8395185556670023,
  "274": 0.8415245737211647,
  "275": 0.842527582748246,
  "277": 0.8435305917753273,
  "286": 0.8445336008024086,
  "289": 0.8455366098294899,
  "290": 0.8465396188565711,
  "292": 0.8475426278836524,
  "293": 0.8505516549648962,
  "294": 0.8525576730190586,
  "296": 0.8535606820461399,
  "300": 0.8555667001003023,
  "301": 0.8565697091273836,
  "310": 0.8575727181544649,
  "313": 0.8595787362086273,
  "314": 0.8605817452357086,
  "317": 0.8615847542627899,
  "320": 0.8625877632898712,
  "323": 0.8635907723169525,
  "326": 0.8645937813440338,
  "327": 0.865596790371115,
  "328": 0.8665997993981963,
  "330": 0.8676028084252776,
  "332": 0.8686058174523589,
  "335": 0.8706118355065213,
  "338": 0.8716148445336026,
  "341": 0.8726178535606839,
  "343": 0.8736208625877652,
  "344": 0.8746238716148464,
  "349": 0.8756268806419277,
  "353": 0.8776328986960902,
  "356": 0.8786359077231715,
  "357": 0.8816449348044152,
  "359": 0.8826479438314965,
  "360": 0.8836509528585778,
  "361": 0.8856569709127402,
  "362": 0.8876629889669027,
  "364": 0.8896690070210651,
  "365": 0.8906720160481464,
  "367": 0.8916750250752277,
  "368": 0.892678034102309,
  "370": 0.8936810431293902,
  "372": 0.8946840521564715,
  "375": 0.8956870611835528,
  "376": 0.8966900702106341,
  "381": 0.8976930792377154,
  "388": 0.8986960882647966,
  "392": 0.8996990972918779,
  "393": 0.9027081243731216,
  "394": 0.9037111334002029,
  "400": 0.9047141424272842,
  "407": 0.9057171514543655,
  "408": 0.9067201604814468,
  "411": 0.907723169508528,
  "412": 0.9087261785356093,
  "415": 0.9097291875626906,
  "423": 0.9107321965897719,
  "424": 0.9117352056168532,
  "428": 0.9127382146439345,
  "433": 0.9137412236710157,
  "434": 0.914744232698097,
  "438": 0.9177532597793407,
  "439": 0.918756268806422,