{
  "2": 0.332,
  "3": 0.5760000000000001,
  "4": 0.668,
  "5": 0.752,
  "6": 0.788,
  "7": 0.8170000000000001,
  "8": 0.8380000000000001,
  "9": 0.8500000000000001,
  "10": 0.8630000000000001,
  "11": 0.8870000000000001,
  "12": 0.9140000000000001,
  "13": 0.9350000000000002,
  "15": 0.9400000000000002,
  "16": 0.9430000000000002,
  "17": 0.9540000000000002,
  "18": 0.9680000000000002,
  "19": 0.9850000000000002,
  "20": 0.9960000000000002,
  "21": 1.0000000000000002
}