{
  "2": 0.02197802197802198,
  "3": 0.07280219780219781,
  "4": 0.12225274725274726,
  "5": 0.15934065934065936,
  "6": 0.20604395604395606,
  "7": 0.23763736263736265,
  "8": 0.2651098901098901,
  "9": 0.29395604395604397,
  "10": 0.32142857142857145,
  "11": 0.34203296703296704,
  "12": 0.364010989010989,
  "13": 0.3846153846153846,
  "14": 0.39010989010989006,
  "15": 0.4079670329670329,
  "16": 0.43681318681318676,
  "17": 0.45329670329670324,
  "18": 0.467032967032967,
  "19": 0.48763736263736257,
  "20": 0.5013736263736263,
  "21": 0.5137362637362636,
  "22": 0.5288461538461536,
  "23": 0.5453296703296702,
  "24": 0.5604395604395602,
  "25": 0.5700549450549448,
  "26": 0.5879120879120877,
  "27": 0.5975274725274723,
  "28": 0.6057692307692305,
  "29": 0.611263736263736,
  "30": 0.6167582417582415,
  "31": 0.6208791208791206,
  "32": 0.6277472527472524,
  "33": 0.6346153846153842,
  "34": 0.6359890109890106,
  "35": 0.6414835164835161,
  "36": 0.6483516483516479,
  "37": 0.6510989010989007,
  "38": 0.652472527472527,
  "39": 0.663461538461538,
  "40": 0.6744505494505489,
  "41": 0.6771978021978017,
  "42": 0.6826923076923072,
  "43": 0.6868131868131863,
  "44": 0.6909340659340654,
  "45": 0.6936813186813181,
  "46": 0.6950549450549445,
  "47": 0.6991758241758236,
  "48": 0.704670329670329,
  "49": 0.7087912087912082,
  "50": 0.7142857142857136,
  "51": 0.7184065934065927,
  "52": 0.7211538461538455,
  "53": 0.7225274725274718,
  "54": 0.7280219780219773,
  "55": 0.7307692307692301,
  "56": 0.7362637362637355,
  "57": 0.7376373626373619,
  "58": 0.7390109890109883,
  "59": 0.7431318681318674,
  "60": 0.7458791208791201,
  "61": 0.7513736263736256,
  "62": 0.7541208791208783,
  "63": 0.7554945054945047,
  "64": 0.7609890109890102,
  "65": 0.7637362637362629,
  "66": 0.7664835164835156,
  "67": 0.7719780219780211,
  "68": 0.7747252747252739,
  "69": 0.7760989010989002,
  "70": 0.778846153846153,
  "71": 0.7802197802197793,
  "73": 0.7829670329670321,
  "74": 0.7884615384615375,
  "75": 0.7898351648351639,
  "76": 0.7925824175824167,
  "77": 0.793956043956043,
  "79": 0.7953296703296694,
  "80": 0.7980769230769221,
  "81": 0.8008241758241749,
  "85": 0.8021978021978012,
  "86": 0.8063186813186803,
  "87": 0.8104395604395594,
  "88": 0.8159340659340649,
  "89": 0.8186813186813177,
  "90": 0.820054945054944,
  "91": 0.8228021978021968,
  "92": 0.8255494505494495,
  "96": 0.8282967032967022,
  "97": 0.8324175824175813,
  "98": 0.8365384615384605,
  "99": 0.8379120879120868,
  "100": 0.8392857142857132,
  "101": 0.8420329670329659,
  "103": 0.8447802197802187,
  "104": 0.8475274725274714,
  "105": 0.8489010989010978,
  "106": 0.8502747252747241,
  "107": 0.8516483516483505,
  "108": 0.8530219780219769,
  "109": 0.857142857142856,
  "110": 0.8585164835164824,
  "112": 0.8598901098901087,
  "113": 0.8640109890109878,
  "116": 0.8681318681318669,
  "117": 0.8708791208791197,
  "119": 0.872252747252746,
  "120": 0.8736263736263724,
  "121": 0.8763736263736251,
  "122": 0.8804945054945043,
  "124": 0.8818681318681306,
  "127": 0.8859890109890097,
  "129": 0.8873626373626361,
  "130": 0.8887362637362625,
  "131": 0.8901098901098888,
  "132": 0.8928571428571416,
  "134": 0.8942307692307679,
  "135": 0.8997252747252734,
  "136": 0.9038461538461525,
  "137": 0.9065934065934053,
  "138": 0.909340659340658,
  "141": 0.9107142857142844,
  "142": 0.9148351648351635,
  "143": 0.9162087912087898,
  "147": 0.9175824175824162,
  "148": 0.920329670329669,
  "150": 0.9230769230769217,
  "152": 0.924450549450548,
  "153": 0.9258241758241744,
  "156": 0.9313186813186799,
  "158": 0.9340659340659326,
  "159": 0.935439560439559,
  "160": 0.9368131868131854,
  "162": 0.9381868131868117,
  "163": 0.9395604395604381,
  "164": 0.9423076923076908,
  "166": 0.9436813186813172,
  "168": 0.9450549450549436,
  "169": 0.9491758241758227,
  "170": 0.9505494505494491,
  "171": 0.9519230769230754,
  "172": 0.9532967032967018,
  "174": 0.9546703296703282,
  "175": 0.9560439560439545,
  "177": 0.9587912087912073,
  "178": 0.9601648351648336,
  "179": 0.9629120879120864,
  "180": 0.9656593406593391,
  "181": 0.9684065934065919,
  "182": 0.9697802197802182,
  "183": 0.972527472527471,
  "185": 0.9739010989010973,
  "186": 0.9752747252747237,
  "187": 0.9780219780219764,
  "188": 0.9793956043956028,
  "190": 0.9807692307692292,
  "191": 0.9862637362637346,
  "192": 0.9890109890109874,
  "195": 0.9917582417582401,
  "199": 0.9945054945054929,
  "200": 0.9999999999999983
}