{
  "2": 0.02510460251046025,
  "3": 0.058577405857740586,
  "4": 0.09344490934449093,
  "5": 0.1297071129707113,
  "6": 0.1589958158995816,
  "7": 0.19804741980474197,
  "8": 0.23570432357043236,
  "9": 0.26220362622036264,
  "10": 0.2887029288702929,
  "11": 0.3096234309623431,
  "12": 0.32357043235704325,
  "13": 0.34309623430962344,
  "14": 0.35564853556485354,
  "15": 0.36959553695955366,
  "16": 0.38214783821478376,
  "17": 0.38912133891213385,
  "18": 0.40027894002789394,
  "19": 0.4170153417015341,
  "20": 0.42259414225941416,
  "21": 0.42817294281729423,
  "22": 0.43096234309623427,
  "23": 0.44211994421199435,
  "24": 0.4560669456066945,
  "25": 0.4658298465829846,
  "26": 0.4769874476987447,
  "27": 0.48396094839609477,
  "28": 0.4993026499302649,
  "29": 0.513249651324965,
  "30": 0.5230125523012551,
  "31": 0.5299860529986051,
  "32": 0.5397489539748952,
  "33": 0.5453277545327753,
  "34": 0.5523012552301253,
  "35": 0.5564853556485353,
  "36": 0.5648535564853554,
  "37": 0.5718270571827054,
  "38": 0.5801952580195255,
  "39": 0.5885634588563456,
  "40": 0.5969316596931658,
  "41": 0.6108786610878659,
  "42": 0.616457461645746,
  "43": 0.620641562064156,
  "44": 0.6317991631799161,
  "45": 0.6359832635983261,
  "46": 0.6415620641562062,
  "47": 0.6457461645746162,
  "48": 0.6513249651324963,
  "49": 0.6569037656903763,
  "50": 0.6596931659693164,
  "51": 0.6652719665271964,
  "52": 0.6750348675034865,
  "53": 0.6834030683403066,
  "54": 0.6861924686192467,
  "55": 0.6903765690376567,
  "56": 0.6945606694560666,
  "57": 0.6973500697350067,
  "58": 0.7001394700139467,
  "59": 0.7029288702928868,
  "60": 0.7071129707112968,
  "61": 0.7085076708507667,
  "62": 0.7154811715481167,
  "63": 0.7182705718270568,
  "64": 0.7196652719665267,
  "65": 0.7266387726638768,
  "66": 0.7350069735006969,
  "67": 0.7391910739191069,
  "68": 0.7405857740585768,
  "69": 0.7461645746164569,
  "70": 0.7475592747559269,
  "71": 0.7517433751743369,
  "73": 0.7545327754532769,
  "74": 0.7573221757322169,
  "75": 0.7615062761506269,
  "76": 0.7629009762900969,
  "77": 0.768479776847977,
  "78": 0.775453277545327,
  "79": 0.778242677824267,
  "80": 0.7838214783821471,
  "81": 0.7935843793584372,
  "82": 0.7977684797768472,
  "83": 0.7991631799163171,
  "84": 0.8033472803347271,
  "85": 0.8061366806136672,
  "86": 0.8117154811715472,
  "87": 0.8145048814504873,
  "88": 0.8200836820083673,
  "89": 0.8256624825662474,
  "90": 0.8284518828451874,
  "93": 0.8354253835425375,
  "95": 0.8382147838214775,
  "97": 0.8410041841004176,
  "99": 0.8423988842398875,
  "101": 0.8465829846582975,
  "102": 0.8507670850767075,
  "103": 0.8549511854951175,
  "104": 0.8577405857740575,
  "105": 0.8591352859135275,
  "107": 0.8605299860529975,
  "108": 0.8633193863319375,
  "109": 0.8661087866108775,
  "110": 0.8688981868898176,
  "111": 0.8730822873082276,
  "113": 0.8744769874476975,
  "114": 0.8786610878661075,
  "116": 0.8814504881450476,
  "118": 0.8870292887029276,
  "119": 0.8912133891213376,
  "120": 0.8953974895397476,
  "121": 0.8967921896792176,
  "122": 0.9009762900976276,
  "123": 0.9051603905160376,
  "124": 0.9079497907949776,
  "128": 0.9093444909344476,
  "129": 0.9121338912133876,
  "132": 0.9149232914923277,
  "133": 0.9191073919107376,
  "134": 0.9205020920502076,
  "135": 0.9218967921896776,
  "136": 0.9232914923291475,
  "137": 0.9246861924686175,
  "138": 0.9274755927475575,
  "139": 0.9288702928870275,
  "143": 0.9302649930264975,
  "144": 0.9316596931659674,
  "145": 0.9344490934449075,
  "146": 0.9400278940027875,
  "149": 0.9414225941422575,
  "150": 0.9428172942817274,
  "151": 0.9442119944211974,
  "152": 0.9470013947001374,
  "154": 0.9483960948396074,
  "155": 0.9525801952580174,
  "157": 0.9539748953974874,
  "158": 0.9567642956764274,
  "159": 0.9581589958158974,
  "160": 0.9609483960948374,
  "161": 0.9623430962343074,
  "162": 0.9637377963737773,
  "164": 0.9665271966527174,
  "166": 0.9693165969316574,
  "167": 0.9707112970711274,
  "170": 0.9735006973500674,
  "171": 0.9762900976290074,
  "173": 0.9776847977684774,
  "174": 0.9804741980474174,
  "176": 0.9832635983263575,
  "177": 0.9846582984658274,
  "179": 0.9860529986052974,
  "185": 0.9888423988842374,
  "187": 0.9902370990237074,
  "190": 0.9916317991631773,
  "194": 0.9958158995815873,
  "197": 0.9972105997210573,
  "198": 0.9986052998605273,
  "199": 0.9999999999999972
}