{
  "2": 0.339,
  "3": 0.644,
  "4": 0.759,
  "5": 0.8,
  "6": 0.8280000000000001,
  "7": 0.8420000000000001,
  "8": 0.8540000000000001,
  "9": 0.8620000000000001,
  "10": 0.8670000000000001,
  "11": 0.8770000000000001,
  "12": 0.8870000000000001,
  "13": 0.8940000000000001,
  "14": 0.9000000000000001,
  "15": 0.9070000000000001,
  "16": 0.9150000000000001,
  "17": 0.9200000000000002,
  "18": 0.9220000000000002,
  "19": 0.9240000000000002,
  "20": 0.9420000000000002,
  "21": 0.9500000000000002,
  "23": 0.9540000000000002,
  "24": 0.9690000000000002,
  "25": 0.9770000000000002,
  "26": 0.9900000000000002,
  "27": 1.0000000000000002
}