{
  "2": 0.02750809061488673,
  "3": 0.07766990291262135,
  "4": 0.13915857605177992,
  "5": 0.16343042071197408,
  "6": 0.2006472491909385,
  "7": 0.22491909385113265,
  "8": 0.24433656957928798,
  "9": 0.2540453074433657,
  "10": 0.2686084142394822,
  "11": 0.29288025889967634,
  "12": 0.3171521035598705,
  "13": 0.331715210355987,
  "14": 0.3543689320388349,
  "15": 0.372168284789644,
  "16": 0.3915857605177993,
  "17": 0.41909385113268605,
  "18": 0.42718446601941745,
  "19": 0.44174757281553395,
  "20": 0.45631067961165045,
  "21": 0.47896440129449835,
  "22": 0.4919093851132686,
  "23": 0.4983818770226537,
  "24": 0.506472491909385,
  "25": 0.5145631067961164,
  "26": 0.524271844660194,
  "27": 0.535598705501618,
  "28": 0.546925566343042,
  "29": 0.5517799352750808,
  "30": 0.564724919093851,
  "31": 0.5744336569579287,
  "32": 0.5841423948220064,
  "33": 0.5889967637540452,
  "34": 0.5987055016181229,
  "35": 0.6035598705501617,
  "36": 0.6100323624595468,
  "37": 0.6132686084142394,
  "38": 0.6197411003236245,
  "39": 0.6262135922330097,
  "40": 0.627831715210356,
  "41": 0.6359223300970873,
  "42": 0.6407766990291262,
  "43": 0.6440129449838187,
  "44": 0.6488673139158575,
  "45": 0.663430420711974,
  "46": 0.6731391585760517,
  "47": 0.6763754045307442,
  "48": 0.6844660194174755,
  "49": 0.6957928802588995,
  "50": 0.6974110032362458,
  "51": 0.703883495145631,
  "53": 0.7087378640776698,
  "54": 0.715210355987055,
  "55": 0.7184466019417475,
  "56": 0.7233009708737863,
  "57": 0.733009708737864,
  "58": 0.7378640776699028,
  "59": 0.744336569579288,
  "60": 0.7540453074433656,
  "61": 0.7572815533980581,
  "63": 0.762135922330097,
  "64": 0.7686084142394821,
  "65": 0.7718446601941746,
  "66": 0.7766990291262135,
  "67": 0.7815533980582523,
  "68": 0.7847896440129448,
  "69": 0.7864077669902911,
  "70": 0.79126213592233,
  "71": 0.7928802588996763,
  "72": 0.7977346278317151,
  "73": 0.7993527508090614,
  "74": 0.8042071197411003,
  "75": 0.8090614886731391,
  "76": 0.8106796116504854,
  "77": 0.8122977346278317,
  "78": 0.813915857605178,
  "79": 0.8155339805825244,
  "80": 0.8187702265372169,
  "81": 0.8236245954692557,
  "82": 0.825242718446602,
  "83": 0.8284789644012945,
  "84": 0.8349514563106797,
  "85": 0.8414239482200648,
  "87": 0.8430420711974111,
  "89": 0.8446601941747575,
  "90": 0.8462783171521038,
  "91": 0.8478964401294501,
  "92": 0.8511326860841426,
  "93": 0.8543689320388351,
  "95": 0.8608414239482203,
  "97": 0.8656957928802591,
  "99": 0.8689320388349516,
  "100": 0.8737864077669905,
  "101": 0.8754045307443368,
  "102": 0.8770226537216831,
  "103": 0.8802588996763756,
  "105": 0.8818770226537219,
  "106": 0.8834951456310682,
  "107": 0.8851132686084145,
  "108": 0.8883495145631071,
  "109": 0.8932038834951459,
  "115": 0.8964401294498384,
  "116": 0.8980582524271847,
  "119": 0.899676375404531,
  "123": 0.9012944983818774,
  "124": 0.9045307443365699,
  "125": 0.9077669902912624,
  "127": 0.9093851132686087,
  "129": 0.9126213592233012,
  "130": 0.9142394822006475,
  "132": 0.9158576051779939,
  "135": 0.9190938511326864,
  "139": 0.9223300970873789,
  "140": 0.9255663430420714,
  "141": 0.9271844660194177,
  "142": 0.928802588996764,
  "143": 0.9304207119741104,
  "144": 0.9320388349514567,
  "147": 0.933656957928803,
  "148": 0.9352750809061493,
  "149": 0.9385113268608418,
  "150": 0.9401294498381881,
  "153": 0.944983818770227,
  "155": 0.9482200647249195,
  "157": 0.9498381877022658,
  "158": 0.9514563106796121,
  "159": 0.9530744336569584,
  "161": 0.9546925566343047,
  "164": 0.9563106796116511,
  "166": 0.9611650485436899,
  "168": 0.9644012944983824,
  "170": 0.9660194174757287,
  "173": 0.967637540453075,
  "174": 0.9692556634304214,
  "175": 0.9724919093851139,
  "177": 0.9741100323624602,
  "178": 0.9757281553398065,
  "181": 0.9773462783171528,
  "183": 0.9789644012944991,
  "184": 0.9805825242718454,
  "185": 0.983818770226538,
  "186": 0.9854368932038843,
  "188": 0.9886731391585768,
  "191": 0.9902912621359231,
  "192": 0.9935275080906156,
  "195": 0.9951456310679619,
  "196": 0.9967637540453083,
  "199": 0.9983818770226546,
  "200": 1.0000000000000009
}