{
  "2": 0.01906158357771261,
  "3": 0.05571847507331379,
  "4": 0.10263929618768329,
  "5": 0.12756598240469208,
  "6": 0.15689149560117302,
  "7": 0.18035190615835778,
  "8": 0.21114369501466276,
  "9": 0.23167155425219943,
  "10": 0.25513196480938416,
  "11": 0.27712609970674484,
  "12": 0.30351906158357767,
  "13": 0.3211143695014662,
  "14": 0.3431085043988269,
  "15": 0.3651026392961876,
  "16": 0.37390029325513185,
  "17": 0.3856304985337242,
  "18": 0.3973607038123166,
  "19": 0.42228739002932536,
  "20": 0.43548387096774177,
  "21": 0.45747800586510246,
  "22": 0.47360703812316696,
  "23": 0.47947214076246314,
  "24": 0.4882697947214074,
  "25": 0.4970674486803517,
  "26": 0.505865102639296,
  "27": 0.5146627565982402,
  "28": 0.5307917888563047,
  "29": 0.541055718475073,
  "30": 0.5469208211143692,
  "31": 0.5513196480938414,
  "32": 0.5615835777126097,
  "33": 0.570381231671554,
  "34": 0.5762463343108502,
  "35": 0.5850439882697944,
  "36": 0.5923753665689147,
  "37": 0.5982404692082108,
  "38": 0.602639296187683,
  "39": 0.6099706744868032,
  "40": 0.6158357771260994,
  "41": 0.6231671554252196,
  "42": 0.6319648093841639,
  "43": 0.636363636363636,
  "44": 0.6392961876832841,
  "45": 0.6436950146627562,
  "46": 0.6495601173020524,
  "47": 0.6554252199413486,
  "48": 0.6612903225806448,
  "49": 0.6656891495601169,
  "50": 0.6730205278592372,
  "51": 0.6788856304985333,
  "52": 0.6803519061583574,
  "53": 0.6832844574780055,
  "54": 0.6920821114369498,
  "55": 0.6979472140762459,
  "56": 0.7052785923753662,
  "58": 0.7067448680351902,
  "59": 0.7140762463343104,
  "60": 0.7184750733137826,
  "61": 0.7214076246334307,
  "62": 0.7258064516129028,
  "63": 0.7272727272727268,
  "64": 0.731671554252199,
  "65": 0.7390029325513192,
  "66": 0.7463343108504394,
  "67": 0.7521994134897356,
  "68": 0.7609970674486799,
  "69": 0.765395894428152,
  "70": 0.7712609970674482,
  "71": 0.7741935483870963,
  "72": 0.7800586510263925,
  "73": 0.7873900293255127,
  "74": 0.7888563049853368,
  "75": 0.796187683284457,
  "76": 0.8005865102639291,
  "77": 0.8020527859237532,
  "78": 0.8049853372434013,
  "79": 0.8079178885630494,
  "81": 0.8108504398826974,
  "82": 0.8211143695014658,
  "84": 0.8225806451612898,
  "85": 0.8255131964809379,
  "86": 0.828445747800586,
  "87": 0.8328445747800581,
  "88": 0.8401759530791784,
  "89": 0.8445747800586505,
  "90": 0.8460410557184745,
  "91": 0.8489736070381226,
  "93": 0.8533724340175948,
  "94": 0.8548387096774188,
  "95": 0.8563049853372429,
  "96": 0.8577712609970669,
  "97": 0.859237536656891,
  "98": 0.860703812316715,
  "99": 0.862170087976539,
  "100": 0.8651026392961871,
  "101": 0.8695014662756593,
  "102": 0.8724340175953074,
  "104": 0.8739002932551314,
  "105": 0.8768328445747795,
  "106": 0.8797653958944276,
  "107": 0.8826979472140757,
  "109": 0.8900293255131959,
  "110": 0.89149560117302,
  "111": 0.8958944281524921,
  "112": 0.8973607038123161,
  "115": 0.8988269794721402,
  "116": 0.9032258064516123,
  "117": 0.9046920821114364,
  "118": 0.9076246334310845,
  "119": 0.9090909090909085,
  "120": 0.9105571847507326,
  "121": 0.9120234604105566,
  "123": 0.9134897360703806,
  "125": 0.9149560117302047,
  "126": 0.9178885630498528,
  "128": 0.9193548387096768,
  "130": 0.9208211143695009,
  "131": 0.923753665689149,
  "132": 0.926686217008797,
  "133": 0.9296187683284451,
  "134": 0.9310850439882692,
  "136": 0.9325513196480932,
  "137": 0.9354838709677413,
  "138": 0.9369501466275654,
  "139": 0.9398826979472135,
  "140": 0.9413489736070375,
  "141": 0.9442815249266856,
  "142": 0.9457478005865096,
  "143": 0.9486803519061577,
  "146": 0.9501466275659818,
  "147": 0.9516129032258058,
  "150": 0.9530791788856299,
  "151": 0.956011730205278,
  "152": 0.9589442815249261,
  "153": 0.9604105571847501,
  "154": 0.9618768328445741,
  "156": 0.9633431085043982,
  "157": 0.9648093841642222,
  "159": 0.9662756598240463,
  "160": 0.9677419354838703,
  "161": 0.9706744868035184,
  "163": 0.9721407624633425,
  "165": 0.9736070381231665,
  "166": 0.9750733137829906,
  "167": 0.9765395894428146,
  "169": 0.9780058651026386,
  "171": 0.9794721407624627,
  "174": 0.9809384164222867,
  "178": 0.9824046920821108,
  "179": 0.9853372434017589,
  "186": 0.988269794721407,
  "187": 0.989736070381231,
  "188": 0.9912023460410551,
  "189": 0.9926686217008791,
  "190": 0.9941348973607032,
  "191": 0.9956011730205272,
  "198": 0.9970674486803512,
  "199": 0.9985337243401753,
  "200": 0.9999999999999993
}