{
  "2": 0.022658610271903322,
  "3": 0.0649546827794562,
  "4": 0.09063444108761329,
  "5": 0.1299093655589124,
  "6": 0.14803625377643503,
  "7": 0.17522658610271902,
  "8": 0.1918429003021148,
  "9": 0.20543806646525678,
  "10": 0.22054380664652568,
  "11": 0.22658610271903323,
  "12": 0.24018126888217523,
  "13": 0.25226586102719034,
  "14": 0.2583081570996979,
  "15": 0.26888217522658614,
  "16": 0.27794561933534745,
  "17": 0.2854984894259819,
  "18": 0.29154078549848944,
  "19": 0.30362537764350456,
  "20": 0.31722054380664655,
  "21": 0.32628398791540786,
  "22": 0.3368580060422961,
  "23": 0.34441087613293053,
  "25": 0.35196374622356497,
  "26": 0.3595166163141994,
  "27": 0.3640483383685801,
  "28": 0.3776435045317221,
  "29": 0.3851963746223565,
  "30": 0.3972809667673716,
  "31": 0.4018126888217523,
  "32": 0.40483383685800606,
  "33": 0.40936555891238674,
  "34": 0.42296072507552873,
  "35": 0.43202416918429004,
  "36": 0.4471299093655589,
  "37": 0.46374622356495465,
  "38": 0.4697885196374622,
  "39": 0.4788519637462235,
  "40": 0.4833836858006042,
  "41": 0.48942598187311176,
  "42": 0.4924471299093655,
  "43": 0.49848942598187307,
  "44": 0.5045317220543806,
  "45": 0.5090634441087613,
  "46": 0.5211480362537764,
  "47": 0.5271903323262839,
  "48": 0.5362537764350452,
  "49": 0.5377643504531722,
  "50": 0.5392749244712991,
  "51": 0.5422960725075529,
  "52": 0.5468277945619335,
  "53": 0.552870090634441,
  "54": 0.5558912386706948,
  "55": 0.5604229607250755,
  "56": 0.5755287009063443,
  "57": 0.5815709969788518,
  "58": 0.59214501510574,
  "59": 0.6012084592145014,
  "60": 0.6102719033232628,
  "61": 0.6148036253776434,
  "62": 0.6193353474320241,
  "63": 0.6253776435045316,
  "64": 0.6299093655589123,
  "65": 0.632930513595166,
  "66": 0.634441087613293,
  "67": 0.6419939577039274,
  "68": 0.6465256797583081,
  "69": 0.648036253776435,
  "70": 0.6525679758308157,
  "71": 0.6555891238670695,
  "72": 0.6570996978851964,
  "73": 0.6616314199395771,
  "74": 0.6661631419939578,
  "75": 0.6706948640483384,
  "76": 0.6722054380664654,
  "77": 0.6797583081570998,
  "79": 0.6873111782477342,
  "80": 0.6918429003021149,
  "81": 0.6933534743202419,
  "82": 0.6993957703927494,
  "83": 0.70392749244713,
  "84": 0.7099697885196375,
  "85": 0.717522658610272,
  "86": 0.7190332326283989,
  "87": 0.7205438066465258,
  "88": 0.7220543806646528,
  "89": 0.7265861027190335,
  "90": 0.7296072507552872,
  "91": 0.732628398791541,
  "92": 0.7401812688821754,
  "93": 0.7432024169184291,
  "95": 0.7507552870090636,
  "96": 0.7522658610271905,
  "98": 0.7567975830815712,
  "99": 0.7583081570996981,
  "101": 0.7628398791540788,
  "102": 0.7673716012084595,
  "103": 0.7703927492447132,
  "104": 0.7719033232628402,
  "106": 0.7734138972809671,
  "107": 0.7764350453172209,
  "108": 0.7809667673716015,
  "109": 0.7824773413897285,
  "110": 0.7839879154078554,
  "112": 0.7854984894259823,
  "113": 0.7870090634441093,
  "115": 0.7885196374622362,
  "116": 0.7900302114803631,
  "117": 0.7930513595166169,
  "118": 0.7945619335347438,
  "119": 0.7990936555891245,
  "121": 0.8006042296072514,
  "124": 0.8051359516616321,
  "125": 0.806646525679759,
  "126": 0.8096676737160128,
  "128": 0.8111782477341397,
  "129": 0.8126888217522666,
  "131": 0.8141993957703936,
  "132": 0.8157099697885205,
  "133": 0.8172205438066474,
  "134": 0.8217522658610281,
  "135": 0.823262839879155,
  "136": 0.8262839879154088,
  "137": 0.8323262839879163,
  "138": 0.8398791540785507,
  "139": 0.8413897280966777,
  "140": 0.8474320241691852,
  "141": 0.8504531722054389,
  "142": 0.8519637462235659,
  "143": 0.8580060422960734,
  "144": 0.8595166163142003,
  "145": 0.862537764350454,
  "146": 0.864048338368581,
  "147": 0.8685800604229617,
  "149": 0.8700906344410886,
  "150": 0.8716012084592155,
  "152": 0.8746223564954693,
  "153": 0.877643504531723,
  "154": 0.8806646525679768,
  "155": 0.8821752265861037,
  "156": 0.8867069486404844,
  "157": 0.8912386706948651,
  "158": 0.892749244712992,
  "160": 0.8942598187311189,
  "161": 0.8972809667673727,
  "163": 0.9018126888217534,
  "165": 0.9033232628398803,
  "167": 0.9048338368580072,
  "170": 0.9063444108761342,
  "173": 0.9123867069486417,
  "174": 0.9169184290030223,
  "177": 0.9184290030211493,
  "178": 0.92296072507553,
  "179": 0.9259818731117837,
  "180": 0.9305135951661644,
  "181": 0.9380664652567988,
  "182": 0.9441087613293063,
  "183": 0.9531722054380677,
  "184": 0.9546827794561946,
  "185": 0.962235649546829,
  "186": 0.9667673716012097,
  "187": 0.9697885196374635,
  "188": 0.9728096676737172,
  "189": 0.9788519637462247,
  "190": 0.9818731117824785,
  "191": 0.9833836858006054,
  "192": 0.9879154078549861,
  "193": 0.989425981873113,
  "195": 0.9939577039274937,
  "197": 0.9954682779456206,
  "199": 0.9969788519637476,
  "200": 1.0000000000000013
}