{
  "2": 0.03751465416178194,
  "3": 0.07737397420867526,
  "4": 0.11019929660023446,
  "5": 0.15240328253223914,
  "6": 0.1817116060961313,
  "7": 0.21453692848769051,
  "8": 0.2332942555685815,
  "9": 0.26025791324736225,
  "10": 0.2813599062133646,
  "11": 0.30363423212192264,
  "12": 0.32121922626025795,
  "13": 0.3423212192262603,
  "14": 0.3563892145369285,
  "15": 0.3692848769050411,
  "16": 0.38804220398593203,
  "17": 0.40562719812426734,
  "18": 0.4279015240328254,
  "19": 0.4431418522860493,
  "20": 0.45369284876905047,
  "21": 0.4595545134818289,
  "22": 0.47948417350527556,
  "23": 0.48886283704572103,
  "24": 0.49472450175849947,
  "25": 0.5064478311840563,
  "26": 0.5181711606096132,
  "27": 0.522860492379836,
  "28": 0.5322391559202815,
  "29": 0.545134818288394,
  "30": 0.5533411488862838,
  "31": 0.5603751465416179,
  "32": 0.5697538100820634,
  "33": 0.5744431418522862,
  "34": 0.582649472450176,
  "35": 0.5885111371629543,
  "36": 0.6002344665885112,
  "37": 0.604923798358734,
  "38": 0.6084407971864011,
  "39": 0.6178194607268466,
  "40": 0.627198124267292,
  "41": 0.6354044548651818,
  "42": 0.6389214536928489,
  "43": 0.6447831184056273,
  "44": 0.6506447831184057,
  "45": 0.6541617819460728,
  "46": 0.6600234466588512,
  "47": 0.6682297772567409,
  "48": 0.675263774912075,
  "49": 0.6811254396248534,
  "50": 0.6858147713950762,
  "51": 0.6987104337631888,
  "52": 0.7069167643610785,
  "53": 0.7092614302461899,
  "54": 0.7174677608440797,
  "55": 0.7256740914419695,
  "56": 0.7303634232121923,
  "57": 0.7350527549824151,
  "58": 0.7362250879249708,
  "59": 0.7373974208675265,
  "60": 0.7432590855803048,
  "61": 0.7456037514654162,
  "62": 0.7467760844079719,
  "63": 0.750293083235639,
  "64": 0.7538100820633061,
  "65": 0.7596717467760845,
  "67": 0.7620164126611959,
  "68": 0.7643610785463073,
  "69": 0.7725674091441971,
  "70": 0.7749120750293085,
  "71": 0.7784290738569756,
  "72": 0.780773739742087,
  "73": 0.7819460726846427,
  "74": 0.7854630715123098,
  "75": 0.7866354044548655,
  "76": 0.7901524032825326,
  "77": 0.7948417350527553,
  "78": 0.7971864009378667,
  "79": 0.8007033997655338,
  "81": 0.8065650644783122,
  "82": 0.8077373974208679,
  "83": 0.814771395076202,
  "84": 0.8171160609613134,
  "85": 0.8182883939038691,
  "86": 0.8206330597889805,
  "87": 0.8264947245017589,
  "88": 0.830011723329426,
  "89": 0.8335287221570931,
  "90": 0.8347010550996488,
  "91": 0.8382180539273159,
  "92": 0.8429073856975386,
  "93": 0.8464243845252057,
  "95": 0.8475967174677614,
  "97": 0.8499413833528728,
  "98": 0.8534583821805399,
  "99": 0.856975381008207,
  "100": 0.8604923798358741,
  "101": 0.8616647127784298,
  "102": 0.8628370457209855,
  "103": 0.8640093786635412,
  "104": 0.8651817116060969,
  "105": 0.8675263774912083,
  "106": 0.868698710433764,
  "107": 0.8722157092614311,
  "108": 0.8733880422039868,
  "109": 0.8757327080890982,
  "110": 0.8792497069167653,
  "111": 0.8827667057444324,
  "112": 0.8862837045720995,
  "113": 0.8874560375146552,
  "114": 0.8886283704572109,
  "115": 0.8909730363423223,
  "116": 0.8933177022274337,
  "117": 0.8968347010551008,
  "118": 0.9003516998827679,
  "119": 0.9015240328253236,
  "122": 0.9062133645955464,
  "123": 0.9132473622508804,
  "124": 0.9144196951934361,
  "125": 0.9155920281359918,
  "126": 0.9167643610785475,
  "128": 0.9191090269636589,
  "130": 0.9214536928487703,
  "133": 0.922626025791326,
  "134": 0.9261430246189931,
  "135": 0.9284876905041045,
  "136": 0.9296600234466602,
  "137": 0.9308323563892159,
  "140": 0.9320046893317716,
  "141": 0.9355216881594387,
  "142": 0.9390386869871058,
  "143": 0.9402110199296615,
  "144": 0.9425556858147729,
  "146": 0.9437280187573286,
  "147": 0.9449003516998843,
  "148": 0.9472450175849957,
  "149": 0.9484173505275514,
  "152": 0.9495896834701071,
  "153": 0.9507620164126628,
  "154": 0.9519343493552185,
  "156": 0.9542790152403299,
  "157": 0.9566236811254413,
  "158": 0.957796014067997,
  "159": 0.9613130128956641,
  "160": 0.9648300117233312,
  "161": 0.9660023446658869,
  "162": 0.9671746776084426,
  "163": 0.9683470105509983,
  "164": 0.969519343493554,
  "165": 0.9706916764361097,
  "167": 0.9718640093786653,
  "169": 0.973036342321221,
  "171": 0.9753810082063324,
  "173": 0.9765533411488881,
  "175": 0.9788980070339995,
  "176": 0.9800703399765552,
  "178": 0.9812426729191109,
  "179": 0.9824150058616666,
  "180": 0.9835873388042223,
  "182": 0.984759671746778,
  "183": 0.9871043376318894,
  "184": 0.9882766705744451,
  "190": 0.9906213364595565,
  "192": 0.9941383352872236,
  "196": 0.9953106682297793,
  "197": 0.996483001172335,
  "199": 0.9976553341148907,
  "200": 1.000000000000002
}