{
  "2": 0.020930232558139535,
  "3": 0.056976744186046514,
  "4": 0.0872093023255814,
  "5": 0.11395348837209303,
  "6": 0.1325581395348837,
  "7": 0.15232558139534882,
  "8": 0.16627906976744183,
  "9": 0.19418604651162788,
  "10": 0.21627906976744182,
  "11": 0.23604651162790694,
  "12": 0.24767441860465111,
  "13": 0.26162790697674415,
  "14": 0.27325581395348836,
  "15": 0.28488372093023256,
  "16": 0.30116279069767443,
  "17": 0.30697674418604654,
  "18": 0.31976744186046513,
  "19": 0.32906976744186045,
  "20": 0.3453488372093023,
  "21": 0.3523255813953488,
  "22": 0.3616279069767442,
  "23": 0.3709302325581395,
  "24": 0.3802325581395348,
  "25": 0.3930232558139534,
  "26": 0.4034883720930232,
  "27": 0.40697674418604646,
  "28": 0.4162790697674418,
  "29": 0.4220930232558139,
  "30": 0.4302325581395348,
  "31": 0.4430232558139534,
  "32": 0.4534883720930232,
  "33": 0.46395348837209294,
  "34": 0.4709302325581394,
  "35": 0.47906976744186036,
  "36": 0.48604651162790685,
  "37": 0.4906976744186045,
  "38": 0.4941860465116278,
  "39": 0.5011627906976743,
  "40": 0.5034883720930232,
  "41": 0.5081395348837209,
  "42": 0.5127906976744185,
  "43": 0.5162790697674418,
  "44": 0.5209302325581394,
  "45": 0.5232558139534883,
  "46": 0.5313953488372092,
  "47": 0.5372093023255813,
  "48": 0.5406976744186045,
  "49": 0.5465116279069766,
  "50": 0.5523255813953487,
  "51": 0.5604651162790696,
  "52": 0.561627906976744,
  "53": 0.5662790697674417,
  "54": 0.5686046511627906,
  "55": 0.5744186046511627,
  "56": 0.5755813953488371,
  "57": 0.5767441860465116,
  "58": 0.577906976744186,
  "59": 0.5872093023255813,
  "60": 0.5895348837209302,
  "61": 0.5906976744186047,
  "62": 0.5976744186046512,
  "63": 0.6000000000000001,
  "64": 0.6011627906976745,
  "65": 0.6069767441860466,
  "66": 0.6139534883720932,
  "67": 0.6174418604651164,
  "68": 0.6220930232558141,
  "69": 0.6279069767441862,
  "71": 0.6290697674418606,
  "72": 0.6337209302325583,
  "73": 0.6383720930232559,
  "74": 0.6395348837209304,
  "75": 0.644186046511628,
  "76": 0.6465116279069769,
  "77": 0.6511627906976746,
  "78": 0.6534883720930235,
  "79": 0.6558139534883723,
  "80": 0.6593023255813956,
  "81": 0.6616279069767445,
  "82": 0.6627906976744189,
  "83": 0.6662790697674421,
  "84": 0.668604651162791,
  "85": 0.6732558139534887,
  "86": 0.6779069767441863,
  "87": 0.6802325581395352,
  "88": 0.6848837209302329,
  "89": 0.6860465116279073,
  "91": 0.6895348837209305,
  "92": 0.6941860465116282,
  "93": 0.6965116279069771,
  "94": 0.6976744186046515,
  "95": 0.7023255813953492,
  "96": 0.7069767441860468,
  "97": 0.7081395348837213,
  "98": 0.7127906976744189,
  "99": 0.718604651162791,
  "100": 0.7197674418604655,
  "101": 0.7209302325581399,
  "614": 0.9825581395348878,
  "104": 0.7220930232558144,
  "105": 0.7244186046511633,
  "107": 0.7267441860465121,
  "108": 0.729069767441861,
  "109": 0.7337209302325587,
  "110": 0.7372093023255819,
  "111": 0.7383720930232563,
  "112": 0.7406976744186052,
  "113": 0.7441860465116285,
  "114": 0.7453488372093029,
  "116": 0.7465116279069773,
  "117": 0.7476744186046518,
  "118": 0.751162790697675,
  "119": 0.7546511627906982,
  "121": 0.7558139534883727,
  "122": 0.7569767441860471,
  "737": 0.9848837209302367,
  "124": 0.7581395348837215,
  "125": 0.7616279069767448,
  "126": 0.7639534883720936,
  "127": 0.7651162790697681,
  "128": 0.7662790697674425,
  "129": 0.7697674418604658,
  "130": 0.7720930232558146,
  "132": 0.7732558139534891,
  "134": 0.7767441860465123,
  "137": 0.7779069767441867,
  "138": 0.7790697674418612,
  "533": 0.9755813953488411,
  "143": 0.7825581395348844,
  "147": 0.7872093023255821,
  "148": 0.7906976744186053,
  "149": 0.7918604651162797,
  "151": 0.7930232558139542,
  "152": 0.7941860465116286,
  "154": 0.795348837209303,
  "155": 0.7976744186046519,
  "156": 0.8000000000000008,
  "157": 0.8023255813953497,
  "160": 0.8058139534883729,
  "161": 0.8081395348837218,
  "162": 0.8093023255813963,
  "163": 0.8104651162790707,
  "166": 0.8116279069767451,
  "167": 0.813953488372094,
  "169": 0.8151162790697685,
  "171": 0.8162790697674429,
  "172": 0.8186046511627918,
  "173": 0.8209302325581407,
  "174": 0.8220930232558151,
  "175": 0.8232558139534896,
  "176": 0.8255813953488385,
  "177": 0.8313953488372106,
  "178": 0.8348837209302338,
  "180": 0.8360465116279082,
  "181": 0.8383720930232571,
  "183": 0.840697674418606,
  "185": 0.8430232558139549,
  "698": 0.9837209302325622,
  "188": 0.8441860465116293,
  "190": 0.8465116279069782,
  "191": 0.8476744186046526,
  "192": 0.8488372093023271,
  "193": 0.851162790697676,
  "196": 0.8534883720930249,
  "197": 0.8558139534883737,
  "199": 0.8581395348837226,
  "200": 0.8604651162790715,
  "201": 0.861627906976746,
  "518": 0.9697674418604689,
  "203": 0.8639534883720948,
  "204": 0.8651162790697693,
  "207": 0.8662790697674437,
  "210": 0.869767441860467,
  "212": 0.8709302325581414,
  "213": 0.8720930232558158,
  "216": 0.8732558139534903,
  "218": 0.8744186046511647,
  "220": 0.8755813953488392,
  "221": 0.8767441860465136,
  "224": 0.877906976744188,
  "225": 0.8790697674418625,
  "229": 0.8802325581395369,
  "230": 0.8813953488372114,
  "234": 0.8825581395348858,
  "235": 0.8837209302325603,
  "239": 0.8848837209302347,
  "243": 0.8860465116279092,
  "245": 0.8872093023255836,
  "248": 0.888372093023258,
  "250": 0.8895348837209325,
  "253": 0.8906976744186069,
  "255": 0.8918604651162814,
  "256": 0.8941860465116303,
  "257": 0.8953488372093047,
  "770": 0.9872093023255856,
  "259": 0.8965116279069791,
  "520": 0.9709302325581434,
  "263": 0.8976744186046536,
  "270": 0.898837209302328,
  "272": 0.9000000000000025,
  "276": 0.9011627906976769,
  "279": 0.9023255813953514,
  "285": 0.9046511627907002,
  "287": 0.9058139534883747,
  "295": 0.9081395348837236,
  "296": 0.909302325581398,
  "297": 0.9104651162790725,
  "300": 0.9116279069767469,
  "301": 0.9127906976744213,
  "302": 0.9151162790697702,
  "304": 0.9162790697674447,
  "305": 0.9174418604651191,
  "818": 0.9895348837209345,
  "308": 0.9186046511627936,
  "316": 0.9220930232558168,
  "317": 0.9244186046511657,
  "319": 0.9255813953488401,
  "322": 0.9267441860465145,
  "838": 0.9906976744186089,
  "327": 0.927906976744189,
  "328": 0.9290697674418634,
  "332": 0.9302325581395379,
  "337": 0.9313953488372123,
  "341": 0.9325581395348868,
  "342": 0.9348837209302356,
  "348": 0.9360465116279101,
  "864": 0.9918604651162833,
  "353": 0.938372093023259,
  "355": 0.9395348837209334,
  "357": 0.9406976744186079,
  "572": 0.97790697674419,
  "369": 0.9418604651162823,
  "609": 0.9813953488372134,
  "376": 0.9430232558139567,
  "746": 0.9860465116279111,
  "524": 0.9720930232558178,
  "383": 0.9441860465116312,
  "385": 0.9453488372093056,
  "387": 0.9476744186046545,
  "392": 0.948837209302329,
  "393": 0.9500000000000034,
  "394": 0.9523255813953523,
  "913": 0.9953488372093067,
  "915": 0.9965116279069811,
  "406": 0.9534883720930267,
  "873": 0.9930232558139578,
  "416": 0.9546511627907012,
  "420": 0.9558139534883756,
  "933": 0.9976744186046556,
  "432": 0.95697674418605,
  "434": 0.9581395348837245,
  "440": 0.9593023255813989,
  "526": 0.9732558139534923,
  "586": 0.9790697674418645,
  "450": 0.9604651162790734,
  "964": 0.99883720930233,
  "460": 0.9616279069767478,
  "470": 0.9627906976744223,
  "544": 0.9767441860465156,
  "984": 1.0000000000000044,
  "476": 0.9639534883720967,
  "479": 0.9651162790697712,
  "893": 0.9941860465116322,
  "493": 0.9662790697674456,
  "497": 0.96744186046512,
  "595": 0.9802325581395389,
  "528": 0.9744186046511667,
  "782": 0.98837209302326,
  "505": 0.9686046511627945
}