{
  "2": 0.02531645569620253,
  "3": 0.05854430379746835,
  "4": 0.08386075949367088,
  "5": 0.12341772151898733,
  "6": 0.1582278481012658,
  "7": 0.18196202531645567,
  "8": 0.21993670886075947,
  "9": 0.24050632911392403,
  "10": 0.27848101265822783,
  "11": 0.2990506329113924,
  "12": 0.3212025316455696,
  "13": 0.3449367088607595,
  "14": 0.3623417721518987,
  "15": 0.3924050632911392,
  "16": 0.4113924050632911,
  "17": 0.42879746835443033,
  "18": 0.4430379746835443,
  "19": 0.4541139240506329,
  "20": 0.4651898734177215,
  "21": 0.4825949367088607,
  "22": 0.49683544303797467,
  "23": 0.5110759493670886,
  "24": 0.5284810126582278,
  "25": 0.5379746835443038,
  "26": 0.5490506329113923,
  "27": 0.5585443037974683,
  "28": 0.5664556962025317,
  "29": 0.5791139240506329,
  "30": 0.5806962025316456,
  "31": 0.6028481012658228,
  "32": 0.615506329113924,
  "33": 0.6313291139240506,
  "34": 0.6424050632911391,
  "35": 0.6518987341772151,
  "36": 0.6582278481012658,
  "37": 0.6598101265822784,
  "38": 0.6661392405063291,
  "39": 0.6772151898734177,
  "40": 0.6867088607594937,
  "41": 0.6962025316455697,
  "42": 0.699367088607595,
  "43": 0.7056962025316457,
  "44": 0.713607594936709,
  "46": 0.7167721518987343,
  "47": 0.7246835443037977,
  "48": 0.7294303797468357,
  "49": 0.737341772151899,
  "50": 0.7389240506329117,
  "51": 0.7405063291139243,
  "52": 0.7436708860759497,
  "53": 0.7452531645569623,
  "54": 0.7484177215189877,
  "55": 0.7531645569620257,
  "56": 0.761075949367089,
  "58": 0.765822784810127,
  "59": 0.7674050632911397,
  "60": 0.7721518987341777,
  "61": 0.7737341772151903,
  "62": 0.775316455696203,
  "63": 0.780063291139241,
  "64": 0.7816455696202537,
  "65": 0.7863924050632917,
  "66": 0.789556962025317,
  "67": 0.7958860759493677,
  "68": 0.8022151898734183,
  "69": 0.803797468354431,
  "70": 0.8069620253164563,
  "71": 0.8117088607594943,
  "72": 0.8196202531645577,
  "73": 0.8212025316455703,
  "74": 0.8243670886075957,
  "75": 0.827531645569621,
  "76": 0.8291139240506337,
  "77": 0.8306962025316463,
  "78": 0.8338607594936717,
  "79": 0.8386075949367097,
  "80": 0.8401898734177223,
  "82": 0.841772151898735,
  "83": 0.846518987341773,
  "84": 0.851265822784811,
  "85": 0.8544303797468363,
  "86": 0.856012658227849,
  "87": 0.8591772151898743,
  "88": 0.865506329113925,
  "91": 0.8670886075949377,
  "92": 0.8686708860759503,
  "93": 0.8718354430379757,
  "94": 0.8734177215189883,
  "95": 0.879746835443039,
  "99": 0.8813291139240517,
  "100": 0.884493670886077,
  "102": 0.8908227848101277,
  "104": 0.8924050632911403,
  "105": 0.8955696202531657,
  "107": 0.898734177215191,
  "108": 0.903481012658229,
  "109": 0.9066455696202543,
  "110": 0.908227848101267,
  "111": 0.9098101265822797,
  "112": 0.9113924050632923,
  "113": 0.912974683544305,
  "115": 0.917721518987343,
  "116": 0.9193037974683557,
  "117": 0.9208860759493683,
  "118": 0.9240506329113937,
  "119": 0.9256329113924063,
  "120": 0.927215189873419,
  "121": 0.9303797468354443,
  "123": 0.931962025316457,
  "124": 0.9335443037974697,
  "126": 0.9351265822784823,
  "128": 0.936708860759495,
  "131": 0.9398734177215203,
  "135": 0.9446202531645583,
  "136": 0.946202531645571,
  "137": 0.9477848101265837,
  "138": 0.9493670886075963,
  "139": 0.950949367088609,
  "140": 0.9541139240506343,
  "141": 0.9588607594936723,
  "142": 0.960443037974685,
  "143": 0.9620253164556977,
  "144": 0.9636075949367103,
  "146": 0.965189873417723,
  "147": 0.9667721518987357,
  "149": 0.9683544303797483,
  "151": 0.969936708860761,
  "152": 0.9715189873417737,
  "153": 0.9731012658227863,
  "158": 0.974683544303799,
  "165": 0.9762658227848117,
  "167": 0.979430379746837,
  "169": 0.9810126582278497,
  "170": 0.9825949367088623,
  "171": 0.984177215189875,
  "178": 0.9857594936708877,
  "180": 0.9873417721519003,
  "183": 0.988924050632913,
  "184": 0.9905063291139257,
  "187": 0.9920886075949383,
  "188": 0.9952531645569637,
  "190": 0.9968354430379763,
  "191": 0.998417721518989,
  "199": 1.0000000000000016
}