{
  "2": 0.02998696219035202,
  "3": 0.07301173402868318,
  "4": 0.1029986962190352,
  "5": 0.1408083441981747,
  "6": 0.17731421121251628,
  "7": 0.20469361147327247,
  "8": 0.23076923076923075,
  "9": 0.25945241199478486,
  "10": 0.2790091264667536,
  "11": 0.2998696219035202,
  "12": 0.32594524119947843,
  "13": 0.33637548891786173,
  "14": 0.34941329856584086,
  "15": 0.35984354628422416,
  "16": 0.36636245110821375,
  "17": 0.3794002607561929,
  "18": 0.3898305084745762,
  "19": 0.4002607561929595,
  "20": 0.4093872229465449,
  "21": 0.4185136897001303,
  "22": 0.4289439374185136,
  "23": 0.438070404172099,
  "24": 0.4419817470664928,
  "25": 0.4511082138200782,
  "26": 0.46284224250325945,
  "27": 0.46936114732724904,
  "28": 0.4771838331160365,
  "29": 0.4810951760104303,
  "30": 0.4941329856584094,
  "31": 0.5045632333767928,
  "32": 0.517601043024772,
  "33": 0.5241199478487615,
  "34": 0.5384615384615385,
  "35": 0.5436766623207302,
  "36": 0.5488917861799218,
  "37": 0.5554106910039114,
  "38": 0.5632333767926989,
  "39": 0.5671447196870927,
  "40": 0.577574967405476,
  "41": 0.5801825293350719,
  "42": 0.5867014341590614,
  "43": 0.5932203389830509,
  "44": 0.6049543676662321,
  "45": 0.6088657105606259,
  "46": 0.6127770534550196,
  "47": 0.6140808344198175,
  "49": 0.6205997392438071,
  "50": 0.6297262059973925,
  "51": 0.636245110821382,
  "52": 0.6388526727509779,
  "53": 0.6414602346805738,
  "54": 0.6440677966101697,
  "55": 0.6479791395045634,
  "56": 0.655801825293351,
  "57": 0.6649282920469364,
  "58": 0.6727509778357239,
  "59": 0.6753585397653198,
  "60": 0.6818774445893093,
  "61": 0.6844850065189052,
  "62": 0.6857887874837031,
  "63": 0.6897001303780969,
  "64": 0.6936114732724906,
  "65": 0.6949152542372885,
  "66": 0.702737940026076,
  "67": 0.7053455019556719,
  "68": 0.7092568448500657,
  "69": 0.7131681877444594,
  "70": 0.7157757496740553,
  "71": 0.7170795306388532,
  "72": 0.7183833116036511,
  "73": 0.7235984354628427,
  "74": 0.7249022164276406,
  "75": 0.7275097783572365,
  "76": 0.7288135593220344,
  "77": 0.7327249022164282,
  "78": 0.7366362451108219,
  "79": 0.7379400260756198,
  "80": 0.7431551499348115,
  "81": 0.7444589308996094,
  "82": 0.7522816166883969,
  "83": 0.7574967405475885,
  "84": 0.7627118644067802,
  "85": 0.7679269882659718,
  "86": 0.7692307692307697,
  "87": 0.7705345501955676,
  "88": 0.7757496740547593,
  "89": 0.7783572359843551,
  "90": 0.780964797913951,
  "91": 0.7835723598435469,
  "92": 0.7887874837027385,
  "93": 0.7913950456323344,
  "94": 0.7966101694915261,
  "95": 0.797913950456324,
  "97": 0.8031290743155156,
  "98": 0.8044328552803135,
  "99": 0.810951760104303,
  "100": 0.8161668839634947,
  "101": 0.8174706649282926,
  "102": 0.8239895697522821,
  "103": 0.826597131681878,
  "104": 0.8279009126466759,
  "105": 0.8344198174706654,
  "106": 0.8383311603650592,
  "107": 0.840938722294655,
  "108": 0.8435462842242509,
  "110": 0.8448500651890488,
  "112": 0.8461538461538467,
  "113": 0.8487614080834426,
  "115": 0.8500651890482405,
  "116": 0.8513689700130384,
  "117": 0.8526727509778362,
  "118": 0.8552803129074321,
  "119": 0.85658409387223,
  "121": 0.8604954367666238,
  "122": 0.8617992177314217,
  "123": 0.8657105606258154,
  "124": 0.8670143415906133,
  "125": 0.8696219035202092,
  "126": 0.8709256844850071,
  "127": 0.873533246414603,
  "128": 0.8761408083441988,
  "129": 0.8774445893089967,
  "130": 0.8787483702737946,
  "131": 0.8813559322033905,
  "133": 0.8839634941329864,
  "134": 0.8878748370273801,
  "135": 0.889178617992178,
  "136": 0.8917861799217739,
  "137": 0.8930899608865718,
  "138": 0.8943937418513697,
  "139": 0.8956975228161675,
  "141": 0.8970013037809654,
  "142": 0.8983050847457633,
  "143": 0.8996088657105612,
  "145": 0.9022164276401571,
  "147": 0.903520208604955,
  "148": 0.9048239895697529,
  "149": 0.9061277705345507,
  "150": 0.9087353324641466,
  "151": 0.9100391134289445,
  "152": 0.9113428943937424,
  "153": 0.9139504563233383,
  "154": 0.9152542372881362,
  "155": 0.917861799217732,
  "156": 0.9191655801825299,
  "157": 0.9217731421121258,
  "160": 0.9243807040417217,
  "161": 0.9256844850065196,
  "162": 0.9269882659713174,
  "163": 0.9282920469361153,
  "164": 0.9295958279009132,
  "166": 0.9308996088657111,
  "167": 0.9348109517601049,
  "169": 0.9361147327249028,
  "170": 0.9387222946544986,
  "171": 0.9439374185136903,
  "172": 0.9452411994784882,
  "173": 0.946544980443286,
  "174": 0.9491525423728819,
  "176": 0.9530638852672757,
  "177": 0.9543676662320736,
  "178": 0.9582790091264674,
  "179": 0.9595827900912652,
  "180": 0.9621903520208611,
  "181": 0.963494132985659,
  "182": 0.9661016949152549,
  "183": 0.9687092568448508,
  "185": 0.9726205997392445,
  "188": 0.9752281616688404,
  "189": 0.9791395045632342,
  "191": 0.9804432855280321,
  "192": 0.9843546284224258,
  "193": 0.9869621903520217,
  "195": 0.9895697522816176,
  "196": 0.9908735332464155,
  "197": 0.9921773142112134,
  "198": 0.9947848761408092,
  "199": 0.9960886571056071,
  "200": 1.0000000000000009
}