{
  "2": 0.35542168674698793,
  "3": 0.5060240963855421,
  "4": 0.5843373493975903,
  "5": 0.6596385542168675,
  "6": 0.7198795180722891,
  "7": 0.7640562248995983,
  "8": 0.8022088353413654,
  "9": 0.8242971887550201,
  "10": 0.8483935742971888,
  "11": 0.8704819277108434,
  "12": 0.889558232931727,
  "13": 0.9066265060240964,
  "14": 0.9216867469879518,
  "15": 0.929718875502008,
  "16": 0.9387550200803213,
  "17": 0.9447791164658634,
  "18": 0.9487951807228916,
  "19": 0.9558232931726908,
  "20": 0.9628514056224899,
  "21": 0.964859437751004,
  "22": 0.9718875502008032,
  "153": 1.0000000000000002,
  "24": 0.9728915662650602,
  "25": 0.9769076305220884,
  "26": 0.9799196787148595,
  "27": 0.9809236947791166,
  "30": 0.9829317269076306,
  "32": 0.9849397590361447,
  "33": 0.9859437751004018,
  "34": 0.9869477911646588,
  "37": 0.9879518072289158,
  "66": 0.9959839357429722,
  "39": 0.9899598393574299,
  "40": 0.991967871485944,
  "42": 0.992971887550201,
  "71": 0.9969879518072292,
  "82": 0.9979919678714863,
  "51": 0.9939759036144581,
  "55": 0.9949799196787151,
  "109": 0.9989959839357433
}