{
  "2": 0.05845511482254697,
  "3": 0.10960334029227557,
  "4": 0.151356993736952,
  "5": 0.17640918580375783,
  "6": 0.2056367432150313,
  "7": 0.21920668058455114,
  "8": 0.23382045929018788,
  "9": 0.24530271398747389,
  "10": 0.2578288100208768,
  "11": 0.2661795407098121,
  "12": 0.2776617954070981,
  "13": 0.2964509394572025,
  "14": 0.30897703549060546,
  "15": 0.31837160751565763,
  "16": 0.32985386221294366,
  "17": 0.34759916492693116,
  "18": 0.35699373695198333,
  "19": 0.36951983298538627,
  "20": 0.3810020876826723,
  "21": 0.39039665970772447,
  "22": 0.39457202505219213,
  "23": 0.40501043841336126,
  "24": 0.4175365344467642,
  "25": 0.4279749478079333,
  "26": 0.43841336116910246,
  "27": 0.4446764091858039,
  "29": 0.4457202505219208,
  "30": 0.4498956158663885,
  "31": 0.4624217118997914,
  "32": 0.4665970772442591,
  "33": 0.47390396659707745,
  "34": 0.4801670146137789,
  "35": 0.4895615866388311,
  "36": 0.49895615866388326,
  "37": 0.5083507306889354,
  "38": 0.51356993736952,
  "39": 0.5208768267223384,
  "40": 0.5292275574112737,
  "41": 0.5354906054279751,
  "42": 0.5396659707724427,
  "43": 0.5459290187891441,
  "44": 0.5511482254697286,
  "45": 0.5521920668058455,
  "46": 0.5563674321503131,
  "47": 0.5594989561586639,
  "48": 0.5668058455114823,
  "50": 0.5730688935281837,
  "51": 0.5751565762004175,
  "52": 0.5835073068893528,
  "53": 0.5908141962421712,
  "54": 0.592901878914405,
  "55": 0.5960334029227558,
  "56": 0.6033402922755742,
  "57": 0.6096033402922756,
  "58": 0.6127348643006263,
  "59": 0.6148225469728601,
  "60": 0.615866388308977,
  "61": 0.6169102296450939,
  "62": 0.6221294363256784,
  "63": 0.6346555323590813,
  "64": 0.6492693110647181,
  "65": 0.6524008350730688,
  "66": 0.6586638830897702,
  "67": 0.67223382045929,
  "68": 0.6784968684759914,
  "69": 0.6972860125260958,
  "70": 0.7139874739039663,
  "71": 0.7379958246346553,
  "72": 0.7567849686847596,
  "73": 0.7682672233820457,
  "74": 0.776617954070981,
  "75": 0.7797494780793317,
  "76": 0.788100208768267,
  "77": 0.7922755741127346,
  "78": 0.7974947807933191,
  "79": 0.8037578288100206,
  "80": 0.8048016701461375,
  "81": 0.810020876826722,
  "82": 0.8183716075156573,
  "83": 0.8246346555323587,
  "84": 0.8288100208768263,
  "85": 0.8350730688935277,
  "86": 0.8361169102296446,
  "88": 0.8392484342379953,
  "89": 0.8413361169102291,
  "90": 0.842379958246346,
  "91": 0.8455114822546967,
  "92": 0.8496868475991644,
  "96": 0.8517745302713982,
  "97": 0.8528183716075151,
  "98": 0.853862212943632,
  "99": 0.8559498956158658,
  "100": 0.8590814196242165,
  "101": 0.8601252609603334,
  "103": 0.8611691022964503,
  "105": 0.8663883089770348,
  "106": 0.8695198329853855,
  "107": 0.8705636743215024,
  "108": 0.8757828810020869,
  "109": 0.8768267223382038,
  "110": 0.8820459290187883,
  "111": 0.8841336116910221,
  "112": 0.8862212943632559,
  "114": 0.8893528183716066,
  "115": 0.8914405010438404,
  "116": 0.8924843423799573,
  "117": 0.895615866388308,
  "118": 0.8966597077244249,
  "120": 0.9008350730688925,
  "121": 0.9018789144050094,
  "122": 0.9029227557411263,
  "123": 0.906054279749477,
  "124": 0.9102296450939447,
  "125": 0.9112734864300616,
  "127": 0.9144050104384123,
  "128": 0.9185803757828799,
  "129": 0.9206680584551137,
  "130": 0.9217118997912306,
  "131": 0.9248434237995813,
  "132": 0.9269311064718151,
  "133": 0.927974947807932,
  "134": 0.9311064718162827,
  "135": 0.9321503131523996,
  "136": 0.9352818371607503,
  "137": 0.9363256784968672,
  "138": 0.9394572025052179,
  "140": 0.9405010438413348,
  "141": 0.9425887265135686,
  "142": 0.9457202505219193,
  "143": 0.9498956158663869,
  "146": 0.9519832985386207,
  "147": 0.9561586638830883,
  "148": 0.9572025052192052,
  "149": 0.9582463465553221,
  "150": 0.959290187891439,
  "151": 0.9624217118997898,
  "152": 0.9634655532359067,
  "153": 0.9655532359081405,
  "155": 0.9665970772442574,
  "156": 0.9676409185803743,
  "157": 0.9697286012526081,
  "158": 0.970772442588725,
  "159": 0.9718162839248419,
  "160": 0.9728601252609588,
  "161": 0.9739039665970757,
  "162": 0.9749478079331926,
  "164": 0.9759916492693095,
  "168": 0.9770354906054264,
  "170": 0.9780793319415433,
  "171": 0.9791231732776602,
  "177": 0.9801670146137771,
  "178": 0.981210855949894,
  "180": 0.9832985386221278,
  "182": 0.9853862212943616,
  "184": 0.9864300626304785,
  "185": 0.9885177453027123,
  "186": 0.9895615866388292,
  "190": 0.9906054279749461,
  "191": 0.991649269311063,
  "192": 0.9926931106471799,
  "194": 0.9937369519832968,
  "196": 0.9947807933194137,
  "197": 0.9968684759916475,
  "200": 0.9999999999999982
}