{
  "2": 0.040880503144654086,
  "3": 0.18972746331236898,
  "4": 0.22955974842767296,
  "5": 0.29769392033542974,
  "6": 0.32494758909853244,
  "7": 0.34171907756813413,
  "8": 0.37211740041928715,
  "9": 0.3878406708595387,
  "10": 0.39937106918238985,
  "11": 0.4150943396226414,
  "12": 0.4486373165618448,
  "13": 0.4654088050314465,
  "14": 0.4821802935010482,
  "15": 0.48951781970649894,
  "16": 0.49790356394129975,
  "17": 0.5115303983228511,
  "18": 0.5241090146750523,
  "19": 0.540880503144654,
  "20": 0.5628930817610062,
  "21": 0.5702306079664569,
  "22": 0.5870020964360585,
  "23": 0.5953878406708594,
  "24": 0.6069182389937106,
  "25": 0.6132075471698112,
  "26": 0.6236897274633122,
  "27": 0.651991614255765,
  "28": 0.6593291404612157,
  "29": 0.6635220125786161,
  "30": 0.672955974842767,
  "31": 0.6802935010482177,
  "32": 0.6844863731656181,
  "33": 0.6949685534591191,
  "34": 0.7012578616352197,
  "35": 0.7054507337526201,
  "36": 0.7148846960167711,
  "37": 0.7159329140461211,
  "38": 0.7222222222222218,
  "39": 0.7327044025157228,
  "40": 0.7337526205450728,
  "41": 0.7421383647798737,
  "42": 0.7484276729559743,
  "43": 0.7494758909853244,
  "44": 0.7568134171907751,
  "45": 0.7610062893081755,
  "46": 0.7651991614255759,
  "47": 0.7788259958071272,
  "48": 0.7819706498951775,
  "49": 0.7851153039832278,
  "50": 0.7924528301886785,
  "51": 0.7966457023060789,
  "52": 0.7997903563941292,
  "53": 0.8050314465408798,
  "55": 0.8102725366876303,
  "56": 0.8155136268343809,
  "58": 0.8176100628930811,
  "59": 0.8197064989517814,
  "60": 0.8218029350104816,
  "61": 0.825995807127882,
  "62": 0.8291404612159323,
  "63": 0.8343815513626829,
  "64": 0.8438155136268338,
  "65": 0.8469601677148841,
  "66": 0.8480083857442342,
  "67": 0.8501048218029345,
  "70": 0.8522012578616347,
  "71": 0.8542976939203349,
  "72": 0.8574423480083853,
  "73": 0.8584905660377353,
  "75": 0.8626834381551357,
  "76": 0.8637316561844858,
  "77": 0.8721174004192866,
  "78": 0.876310272536687,
  "80": 0.8805031446540874,
  "81": 0.8836477987421377,
  "82": 0.886792452830188,
  "83": 0.8951781970649889,
  "84": 0.8972746331236892,
  "85": 0.8993710691823894,
  "86": 0.9035639412997898,
  "87": 0.9067085953878401,
  "88": 0.9088050314465403,
  "89": 0.9109014675052406,
  "90": 0.9140461215932909,
  "91": 0.9171907756813412,
  "92": 0.9213836477987416,
  "93": 0.9266247379454922,
  "94": 0.9287211740041924,
  "95": 0.9318658280922427,
  "96": 0.9360587002096431,
  "97": 0.9371069182389932,
  "99": 0.9381551362683432,
  "100": 0.9423480083857436,
  "101": 0.9433962264150937,
  "109": 0.9444444444444438,
  "110": 0.9454926624737938,
  "118": 0.9475890985324941,
  "121": 0.9486373165618441,
  "122": 0.9517819706498944,
  "123": 0.9538784067085947,
  "128": 0.957023060796645,
  "129": 0.9591194968553453,
  "130": 0.9612159329140455,
  "131": 0.9622641509433956,
  "133": 0.9633123689727456,
  "134": 0.9643605870020957,
  "136": 0.9654088050314458,
  "139": 0.9685534591194961,
  "140": 0.9696016771488462,
  "141": 0.9706498951781962,
  "142": 0.9716981132075463,
  "143": 0.9727463312368964,
  "144": 0.9769392033542967,
  "145": 0.980083857442347,
  "147": 0.9811320754716971,
  "149": 0.9821802935010472,
  "150": 0.9842767295597474,
  "152": 0.9853249475890975,
  "154": 0.9863731656184476,
  "160": 0.9874213836477976,
  "161": 0.9884696016771477,
  "162": 0.9895178197064978,
  "164": 0.9905660377358478,
  "179": 0.9916142557651979,
  "181": 0.992662473794548,
  "186": 0.993710691823898,
  "188": 0.9947589098532481,
  "191": 0.9968553459119484,
  "192": 0.9979035639412984,
  "196": 0.9989517819706485,
  "200": 0.9999999999999986
}