{
  "2": 0.04770017035775128,
  "3": 0.1686541737649063,
  "4": 0.2504258943781942,
  "5": 0.32367972742759793,
  "6": 0.3884156729131175,
  "7": 0.4378194207836456,
  "8": 0.48381601362862003,
  "9": 0.524701873935264,
  "10": 0.5672913117546848,
  "11": 0.5894378194207837,
  "12": 0.6252129471890971,
  "13": 0.657580919931857,
  "14": 0.6712095400340716,
  "15": 0.6967632027257241,
  "16": 0.7206132879045998,
  "17": 0.7393526405451449,
  "18": 0.7546848381601364,
  "19": 0.7768313458262353,
  "20": 0.7870528109028962,
  "21": 0.8109028960817719,
  "22": 0.8177172061328792,
  "23": 0.8279386712095402,
  "24": 0.8398637137989781,
  "25": 0.8432708688245317,
  "26": 0.8483816013628622,
  "27": 0.8586030664395232,
  "28": 0.870528109028961,
  "29": 0.8790459965928452,
  "30": 0.8824531516183989,
  "31": 0.8875638841567294,
  "32": 0.8960817717206135,
  "33": 0.901192504258944,
  "34": 0.9028960817717209,
  "35": 0.9045996592844977,
  "36": 0.9148211243611587,
  "37": 0.9199318568994892,
  "38": 0.9233390119250429,
  "39": 0.9267461669505965,
  "40": 0.9284497444633734,
  "41": 0.9335604770017039,
  "42": 0.9386712095400344,
  "43": 0.942078364565588,
  "44": 0.9437819420783649,
  "45": 0.9471890971039185,
  "48": 0.9488926746166954,
  "49": 0.9505962521294722,
  "50": 0.952299829642249,
  "51": 0.9540034071550259,
  "52": 0.9574105621805795,
  "53": 0.9591141396933563,
  "55": 0.96252129471891,
  "56": 0.9659284497444637,
  "57": 0.9693356047700173,
  "59": 0.9710391822827942,
  "63": 0.9744463373083478,
  "65": 0.9761499148211247,
  "66": 0.9778534923339015,
  "69": 0.9812606473594552,
  "70": 0.9846678023850088,
  "74": 0.9863713798977857,
  "76": 0.9880749574105625,
  "81": 0.9897785349233393,
  "84": 0.9914821124361162,
  "85": 0.993185689948893,
  "90": 0.9948892674616698,
  "95": 0.9965928449744467,
  "142": 0.9982964224872235,
  "176": 1.0000000000000002
}