{
  "2": 0.10131712259371833,
  "3": 0.22391084093211752,
  "4": 0.3272543059777102,
  "5": 0.364741641337386,
  "6": 0.4204660587639311,
  "7": 0.45491388044579534,
  "8": 0.47315096251266464,
  "9": 0.49949341438703143,
  "10": 0.5177304964539007,
  "11": 0.5430597771023302,
  "12": 0.5724417426545085,
  "13": 0.5906788247213778,
  "14": 0.6119554204660587,
  "15": 0.6231003039513677,
  "16": 0.6362715298885511,
  "17": 0.6433637284701114,
  "18": 0.6555217831813576,
  "19": 0.6707193515704153,
  "20": 0.6818642350557244,
  "21": 0.690982776089159,
  "22": 0.6960486322188449,
  "23": 0.7041540020263424,
  "24": 0.7061803444782168,
  "25": 0.724417426545086,
  "26": 0.7507598784194528,
  "27": 0.768996960486322,
  "28": 0.7841945288753798,
  "29": 0.7933130699088144,
  "30": 0.8024316109422491,
  "31": 0.812563323201621,
  "32": 0.8196555217831812,
  "33": 0.8287740628166159,
  "34": 0.834853090172239,
  "35": 0.845997973657548,
  "36": 0.8611955420466058,
  "37": 0.8703140830800404,
  "38": 0.8784194528875379,
  "39": 0.8905775075987841,
  "40": 0.8926038500506585,
  "41": 0.8966565349544072,
  "42": 0.9027355623100303,
  "43": 0.9098277608915906,
  "44": 0.9108409321175277,
  "45": 0.9138804457953392,
  "46": 0.9209726443768995,
  "47": 0.9229989868287739,
  "48": 0.924012158054711,
  "49": 0.9300911854103341,
  "50": 0.9361702127659571,
  "51": 0.9371833839918943,
  "52": 0.9381965552178314,
  "53": 0.9402228976697058,
  "54": 0.9412360688956429,
  "55": 0.9432624113475173,
  "57": 0.9463019250253288,
  "58": 0.9483282674772032,
  "59": 0.9503546099290776,
  "64": 0.9513677811550147,
  "65": 0.9533941236068891,
  "66": 0.9544072948328263,
  "68": 0.9554204660587634,
  "69": 0.9564336372847005,
  "71": 0.9574468085106377,
  "74": 0.9584599797365748,
  "75": 0.9625126646403236,
  "76": 0.9665653495440724,
  "77": 0.9675785207700095,
  "78": 0.9716312056737583,
  "79": 0.9726443768996954,
  "81": 0.9756838905775069,
  "82": 0.9766970618034441,
  "83": 0.9797365754812556,
  "84": 0.9807497467071927,
  "85": 0.9848024316109415,
  "86": 0.987841945288753,
  "87": 0.9929078014184389,
  "88": 0.9939209726443761,
  "94": 0.9969604863221876,
  "96": 0.998986828774062,
  "97": 0.9999999999999991
}