{
  "2": 0.322,
  "3": 0.573,
  "4": 0.6589999999999999,
  "5": 0.714,
  "6": 0.7889999999999999,
  "7": 0.834,
  "8": 0.855,
  "9": 0.874,
  "10": 0.901,
  "11": 0.921,
  "12": 0.9420000000000001,
  "13": 0.9700000000000001,
  "14": 0.9810000000000001,
  "15": 0.9980000000000001,
  "16": 1.0
}