{
  "2": 0.353,
  "3": 0.5609999999999999,
  "4": 0.6439999999999999,
  "5": 0.7329999999999999,
  "6": 0.7809999999999999,
  "7": 0.824,
  "8": 0.841,
  "9": 0.861,
  "10": 0.886,
  "11": 0.9,
  "12": 0.906,
  "13": 0.918,
  "14": 0.928,
  "15": 0.936,
  "16": 0.9450000000000001,
  "17": 0.9470000000000001,
  "18": 0.9500000000000001,
  "19": 0.9530000000000001,
  "20": 0.9570000000000001,
  "21": 0.9590000000000001,
  "22": 0.9640000000000001,
  "23": 0.9690000000000001,
  "24": 0.9710000000000001,
  "25": 0.9770000000000001,
  "26": 0.9810000000000001,
  "27": 0.9850000000000001,
  "29": 0.9860000000000001,
  "30": 0.9880000000000001,
  "32": 0.9890000000000001,
  "33": 0.9910000000000001,
  "36": 0.9920000000000001,
  "37": 0.9930000000000001,
  "38": 0.9940000000000001,
  "40": 0.9950000000000001,
  "41": 0.9970000000000001,
  "46": 0.9980000000000001,
  "52": 0.9990000000000001,
  "61": 1.0
}