{
  "2": 0.5654952076677316,
  "3": 0.8924387646432375,
  "4": 1.0
}