{
  "2": 0.026239067055393587,
  "3": 0.05830903790087463,
  "4": 0.09037900874635568,
  "5": 0.12682215743440234,
  "6": 0.14285714285714285,
  "7": 0.1661807580174927,
  "8": 0.1836734693877551,
  "9": 0.1967930029154519,
  "10": 0.21865889212827988,
  "11": 0.239067055393586,
  "12": 0.26239067055393583,
  "13": 0.2755102040816326,
  "14": 0.29446064139941686,
  "15": 0.3134110787172011,
  "16": 0.32798833819241974,
  "17": 0.34110787172011653,
  "18": 0.3542274052478133,
  "19": 0.36880466472303197,
  "20": 0.3833819241982506,
  "21": 0.4067055393586005,
  "22": 0.4154518950437317,
  "23": 0.4314868804664722,
  "24": 0.4475218658892127,
  "25": 0.45918367346938765,
  "26": 0.47230320699708445,
  "27": 0.4795918367346938,
  "28": 0.48542274052478124,
  "29": 0.49416909620991245,
  "30": 0.5043731778425655,
  "31": 0.5131195335276967,
  "32": 0.520408163265306,
  "33": 0.5262390670553935,
  "34": 0.5335276967930028,
  "35": 0.5379008746355685,
  "36": 0.5510204081632653,
  "37": 0.5553935860058309,
  "38": 0.5699708454810496,
  "39": 0.577259475218659,
  "40": 0.5889212827988338,
  "41": 0.5962099125364432,
  "42": 0.6034985422740525,
  "43": 0.6049562682215744,
  "44": 0.6122448979591838,
  "45": 0.6166180758017494,
  "46": 0.6253644314868806,
  "47": 0.6282798833819243,
  "48": 0.6326530612244899,
  "49": 0.6399416909620993,
  "50": 0.6501457725947524,
  "51": 0.6530612244897961,
  "52": 0.6588921282798835,
  "53": 0.6632653061224492,
  "54": 0.6705539358600585,
  "55": 0.6734693877551022,
  "57": 0.6778425655976679,
  "58": 0.6836734693877553,
  "59": 0.6895043731778427,
  "60": 0.6953352769679302,
  "61": 0.6982507288629739,
  "62": 0.7026239067055395,
  "63": 0.7069970845481052,
  "64": 0.7128279883381926,
  "65": 0.7157434402332363,
  "66": 0.7215743440233238,
  "67": 0.7274052478134112,
  "68": 0.7317784256559768,
  "69": 0.7361516034985425,
  "70": 0.7419825072886299,
  "71": 0.7434402332361518,
  "72": 0.7478134110787175,
  "73": 0.7492711370262394,
  "74": 0.7507288629737613,
  "75": 0.7594752186588924,
  "76": 0.7653061224489799,
  "77": 0.7711370262390673,
  "78": 0.7725947521865892,
  "79": 0.7740524781341112,
  "80": 0.7784256559766768,
  "81": 0.7827988338192424,
  "82": 0.7871720116618081,
  "83": 0.78862973760933,
  "84": 0.7930029154518956,
  "85": 0.7959183673469393,
  "86": 0.7973760932944612,
  "87": 0.8032069970845487,
  "88": 0.8061224489795924,
  "89": 0.8090379008746361,
  "90": 0.810495626822158,
  "91": 0.8163265306122455,
  "93": 0.8192419825072892,
  "94": 0.8250728862973766,
  "95": 0.8265306122448985,
  "96": 0.8279883381924205,
  "97": 0.8309037900874642,
  "99": 0.8338192419825079,
  "100": 0.8411078717201173,
  "101": 0.8469387755102047,
  "102": 0.8498542274052484,
  "103": 0.8527696793002921,
  "104": 0.854227405247814,
  "105": 0.8571428571428578,
  "106": 0.8615160349854234,
  "107": 0.8629737609329453,
  "108": 0.8644314868804672,
  "109": 0.8688046647230329,
  "110": 0.8717201166180766,
  "111": 0.8731778425655985,
  "112": 0.8760932944606422,
  "115": 0.8848396501457734,
  "118": 0.8862973760932953,
  "119": 0.8877551020408172,
  "120": 0.8921282798833828,
  "121": 0.8935860058309048,
  "122": 0.8965014577259485,
  "123": 0.8979591836734704,
  "126": 0.8994169096209923,
  "127": 0.9008746355685142,
  "128": 0.9037900874635579,
  "129": 0.9067055393586017,
  "130": 0.9096209912536454,
  "131": 0.9125364431486891,
  "133": 0.9154518950437328,
  "134": 0.9212827988338202,
  "136": 0.9227405247813422,
  "139": 0.9256559766763859,
  "141": 0.9300291545189515,
  "142": 0.9344023323615172,
  "143": 0.9358600583090391,
  "144": 0.937317784256561,
  "149": 0.9387755102040829,
  "153": 0.9402332361516048,
  "154": 0.9416909620991267,
  "155": 0.9431486880466486,
  "156": 0.9460641399416924,
  "158": 0.9475218658892143,
  "160": 0.9489795918367362,
  "161": 0.9504373177842581,
  "162": 0.95189504373178,
  "164": 0.9548104956268237,
  "165": 0.9562682215743457,
  "166": 0.9577259475218676,
  "168": 0.9591836734693895,
  "169": 0.9620991253644332,
  "171": 0.9635568513119551,
  "172": 0.965014577259477,
  "173": 0.9693877551020427,
  "174": 0.9708454810495646,
  "178": 0.9723032069970865,
  "179": 0.9737609329446084,
  "180": 0.9766763848396521,
  "181": 0.978134110787174,
  "184": 0.9810495626822178,
  "185": 0.9825072886297397,
  "186": 0.9839650145772616,
  "188": 0.9854227405247835,
  "190": 0.991253644314871,
  "191": 0.9941690962099147,
  "193": 0.9956268221574366,
  "195": 0.9970845481049585,
  "196": 0.9985422740524804,
  "198": 1.0000000000000022
}