{
  "2": 0.054838709677419356,
  "3": 0.31129032258064515,
  "4": 0.5387096774193548,
  "5": 0.6096774193548387,
  "6": 0.6580645161290322,
  "7": 0.7032258064516128,
  "8": 0.729032258064516,
  "9": 0.7483870967741935,
  "10": 0.7758064516129032,
  "11": 0.8048387096774193,
  "12": 0.8274193548387097,
  "13": 0.8483870967741935,
  "14": 0.8564516129032258,
  "15": 0.8661290322580645,
  "16": 0.8806451612903226,
  "17": 0.882258064516129,
  "18": 0.8870967741935484,
  "19": 0.8951612903225806,
  "20": 0.8983870967741935,
  "21": 0.9032258064516129,
  "22": 0.9080645161290323,
  "23": 0.917741935483871,
  "24": 0.9225806451612903,
  "25": 0.932258064516129,
  "26": 0.9419354838709677,
  "27": 0.9467741935483871,
  "28": 0.9483870967741935,
  "29": 0.9548387096774194,
  "30": 0.9580645161290322,
  "31": 0.964516129032258,
  "33": 0.9661290322580645,
  "34": 0.9725806451612903,
  "37": 0.9806451612903225,
  "38": 0.982258064516129,
  "39": 0.9854838709677418,
  "40": 0.9870967741935482,
  "42": 0.9903225806451611,
  "43": 0.9919354838709675,
  "44": 0.993548387096774,
  "46": 0.9951612903225804,
  "48": 0.9967741935483868,
  "50": 0.9983870967741932,
  "53": 0.9999999999999997
}