{
  "2": 0.03925619834710744,
  "3": 0.10847107438016529,
  "4": 0.16735537190082644,
  "5": 0.21074380165289255,
  "6": 0.259297520661157,
  "7": 0.3006198347107438,
  "8": 0.34400826446280997,
  "9": 0.3770661157024794,
  "10": 0.4080578512396695,
  "11": 0.4328512396694215,
  "12": 0.4545454545454546,
  "13": 0.4772727272727273,
  "14": 0.49586776859504134,
  "15": 0.5134297520661157,
  "16": 0.5392561983471075,
  "17": 0.5557851239669422,
  "18": 0.5619834710743803,
  "19": 0.5795454545454547,
  "20": 0.5898760330578514,
  "21": 0.5981404958677687,
  "22": 0.6105371900826447,
  "23": 0.6146694214876034,
  "24": 0.6301652892561984,
  "25": 0.6353305785123967,
  "26": 0.6446280991735538,
  "27": 0.6528925619834711,
  "28": 0.6559917355371901,
  "29": 0.6621900826446282,
  "30": 0.6766528925619836,
  "31": 0.6797520661157026,
  "32": 0.6807851239669422,
  "33": 0.6890495867768596,
  "34": 0.6973140495867769,
  "35": 0.6993801652892563,
  "36": 0.7014462809917357,
  "37": 0.7086776859504134,
  "38": 0.7148760330578514,
  "39": 0.715909090909091,
  "40": 0.7200413223140497,
  "41": 0.725206611570248,
  "42": 0.728305785123967,
  "43": 0.7334710743801653,
  "44": 0.7355371900826447,
  "45": 0.7386363636363638,
  "46": 0.7417355371900828,
  "47": 0.7427685950413224,
  "48": 0.7458677685950414,
  "49": 0.7489669421487605,
  "50": 0.7572314049586778,
  "51": 0.7603305785123968,
  "52": 0.7634297520661159,
  "53": 0.7654958677685952,
  "54": 0.7665289256198349,
  "55": 0.7706611570247935,
  "56": 0.7737603305785126,
  "57": 0.775826446280992,
  "58": 0.778925619834711,
  "59": 0.7809917355371904,
  "60": 0.7840909090909094,
  "61": 0.7861570247933888,
  "62": 0.7882231404958682,
  "63": 0.7913223140495872,
  "64": 0.7923553719008268,
  "65": 0.7944214876033062,
  "66": 0.7964876033057856,
  "67": 0.7975206611570252,
  "68": 0.8037190082644633,
  "70": 0.8057851239669427,
  "71": 0.8078512396694221,
  "72": 0.8099173553719015,
  "73": 0.8109504132231411,
  "74": 0.8130165289256205,
  "75": 0.8171487603305791,
  "76": 0.8181818181818188,
  "78": 0.8202479338842982,
  "79": 0.8223140495867776,
  "81": 0.8254132231404966,
  "82": 0.8264462809917362,
  "83": 0.8285123966942156,
  "85": 0.830578512396695,
  "86": 0.8357438016528933,
  "87": 0.8378099173553727,
  "88": 0.8388429752066123,
  "90": 0.8409090909090917,
  "91": 0.8429752066115711,
  "94": 0.8440082644628107,
  "95": 0.8481404958677694,
  "96": 0.8502066115702488,
  "97": 0.8543388429752075,
  "98": 0.8574380165289265,
  "99": 0.8636363636363645,
  "101": 0.8657024793388439,
  "102": 0.8708677685950422,
  "103": 0.8719008264462819,
  "104": 0.8729338842975215,
  "106": 0.8770661157024802,
  "107": 0.8801652892561992,
  "108": 0.8822314049586786,
  "109": 0.884297520661158,
  "111": 0.8863636363636374,
  "112": 0.8894628099173564,
  "113": 0.890495867768596,
  "114": 0.893595041322315,
  "116": 0.8956611570247944,
  "117": 0.8966942148760341,
  "120": 0.8997933884297531,
  "122": 0.9018595041322325,
  "123": 0.9028925619834721,
  "124": 0.9059917355371911,
  "125": 0.9070247933884308,
  "126": 0.9090909090909102,
  "127": 0.9121900826446292,
  "129": 0.9142561983471086,
  "130": 0.9152892561983482,
  "132": 0.9183884297520672,
  "133": 0.9204545454545466,
  "135": 0.922520661157026,
  "136": 0.9235537190082657,
  "137": 0.925619834710745,
  "138": 0.9266528925619847,
  "141": 0.9287190082644641,
  "142": 0.9307851239669435,
  "143": 0.9328512396694228,
  "144": 0.9338842975206625,
  "145": 0.9369834710743815,
  "146": 0.9390495867768609,
  "147": 0.9400826446281005,
  "148": 0.9411157024793402,
  "149": 0.9431818181818196,
  "150": 0.9442148760330592,
  "151": 0.9462809917355386,
  "152": 0.9473140495867782,
  "153": 0.9493801652892576,
  "154": 0.951446280991737,
  "155": 0.9535123966942164,
  "156": 0.9555785123966958,
  "157": 0.9586776859504148,
  "159": 0.9597107438016544,
  "160": 0.9607438016528941,
  "161": 0.9617768595041337,
  "163": 0.9638429752066131,
  "166": 0.9648760330578527,
  "167": 0.9669421487603321,
  "168": 0.9690082644628115,
  "169": 0.9700413223140512,
  "170": 0.9721074380165305,
  "172": 0.9741735537190099,
  "173": 0.9752066115702496,
  "174": 0.977272727272729,
  "176": 0.9783057851239686,
  "179": 0.980371900826448,
  "183": 0.9824380165289274,
  "184": 0.9845041322314068,
  "185": 0.9865702479338861,
  "186": 0.9886363636363655,
  "188": 0.9907024793388449,
  "189": 0.9917355371900846,
  "190": 0.9927685950413242,
  "191": 0.9948347107438036,
  "192": 0.996900826446283,
  "196": 0.9979338842975226,
  "197": 0.9989669421487622,
  "199": 1.000000000000002
}