{
  "2": 0.04352678571428571,
  "3": 0.08035714285714285,
  "4": 0.11830357142857142,
  "5": 0.1450892857142857,
  "6": 0.18191964285714285,
  "7": 0.20535714285714285,
  "8": 0.23214285714285712,
  "9": 0.25669642857142855,
  "10": 0.2790178571428571,
  "11": 0.3102678571428571,
  "12": 0.3258928571428571,
  "13": 0.3448660714285714,
  "14": 0.3649553571428571,
  "15": 0.3805803571428571,
  "16": 0.4006696428571428,
  "17": 0.41852678571428564,
  "18": 0.4330357142857142,
  "19": 0.4441964285714285,
  "20": 0.4631696428571428,
  "21": 0.4832589285714285,
  "22": 0.4955357142857142,
  "23": 0.5089285714285713,
  "24": 0.5223214285714284,
  "25": 0.5334821428571427,
  "26": 0.5491071428571427,
  "27": 0.5569196428571427,
  "28": 0.5691964285714284,
  "29": 0.5770089285714284,
  "30": 0.5881696428571427,
  "31": 0.5948660714285713,
  "32": 0.6060267857142856,
  "33": 0.614955357142857,
  "34": 0.6261160714285713,
  "35": 0.6406249999999999,
  "36": 0.6473214285714285,
  "37": 0.6573660714285714,
  "38": 0.6618303571428571,
  "39": 0.6674107142857142,
  "40": 0.6763392857142856,
  "41": 0.6819196428571427,
  "42": 0.6886160714285713,
  "43": 0.6919642857142856,
  "44": 0.7020089285714285,
  "45": 0.7120535714285714,
  "46": 0.71875,
  "47": 0.7243303571428571,
  "48": 0.7310267857142857,
  "49": 0.7366071428571428,
  "50": 0.7388392857142857,
  "51": 0.7433035714285714,
  "52": 0.7444196428571428,
  "53": 0.7522321428571428,
  "54": 0.7622767857142857,
  "55": 0.7678571428571428,
  "56": 0.7712053571428571,
  "57": 0.7801339285714285,
  "58": 0.7834821428571428,
  "59": 0.7879464285714285,
  "60": 0.7957589285714285,
  "61": 0.8013392857142856,
  "62": 0.8046874999999999,
  "63": 0.810267857142857,
  "64": 0.8147321428571427,
  "65": 0.8191964285714284,
  "66": 0.825892857142857,
  "67": 0.8303571428571427,
  "68": 0.8314732142857141,
  "69": 0.8381696428571427,
  "70": 0.8426339285714284,
  "71": 0.8459821428571427,
  "72": 0.8482142857142856,
  "73": 0.8504464285714285,
  "74": 0.8537946428571428,
  "75": 0.8560267857142857,
  "76": 0.8571428571428571,
  "77": 0.8616071428571428,
  "78": 0.8649553571428571,
  "79": 0.8683035714285714,
  "80": 0.8705357142857143,
  "82": 0.8761160714285714,
  "83": 0.8772321428571428,
  "84": 0.8816964285714285,
  "85": 0.8839285714285714,
  "86": 0.8850446428571428,
  "87": 0.8861607142857142,
  "88": 0.8906249999999999,
  "89": 0.8939732142857142,
  "90": 0.8962053571428571,
  "92": 0.8984375,
  "93": 0.9029017857142857,
  "94": 0.90625,
  "96": 0.9095982142857143,
  "97": 0.9118303571428572,
  "98": 0.9174107142857143,
  "99": 0.9185267857142857,
  "100": 0.9207589285714286,
  "101": 0.9229910714285715,
  "102": 0.9252232142857144,
  "103": 0.9263392857142858,
  "104": 0.9274553571428572,
  "105": 0.9308035714285715,
  "106": 0.9319196428571429,
  "107": 0.9330357142857143,
  "108": 0.9352678571428572,
  "109": 0.9363839285714286,
  "110": 0.9375,
  "111": 0.9419642857142857,
  "112": 0.9430803571428571,
  "113": 0.9441964285714285,
  "114": 0.9464285714285714,
  "115": 0.9486607142857143,
  "116": 0.9508928571428572,
  "118": 0.9520089285714286,
  "119": 0.953125,
  "120": 0.9542410714285714,
  "121": 0.9553571428571428,
  "124": 0.9564732142857142,
  "126": 0.9575892857142856,
  "127": 0.958705357142857,
  "130": 0.9620535714285713,
  "131": 0.9631696428571427,
  "132": 0.966517857142857,
  "136": 0.9698660714285713,
  "139": 0.9709821428571427,
  "140": 0.9720982142857141,
  "141": 0.974330357142857,
  "142": 0.9765624999999999,
  "146": 0.9787946428571428,
  "152": 0.9799107142857142,
  "153": 0.9821428571428571,
  "157": 0.9832589285714285,
  "159": 0.9843749999999999,
  "160": 0.9854910714285713,
  "165": 0.9866071428571427,
  "166": 0.9877232142857141,
  "167": 0.989955357142857,
  "168": 0.9910714285714284,
  "172": 0.9921874999999998,
  "174": 0.9944196428571427,
  "184": 0.9966517857142856,
  "187": 0.997767857142857,
  "193": 0.9988839285714284,
  "196": 0.9999999999999998
}