{
  "2": 0.0446985446985447,
  "3": 0.1288981288981289,
  "4": 0.17775467775467776,
  "5": 0.23596673596673598,
  "6": 0.2806652806652807,
  "7": 0.32224532224532226,
  "8": 0.3503118503118503,
  "9": 0.38357588357588357,
  "10": 0.4126819126819127,
  "11": 0.4345114345114345,
  "12": 0.4501039501039501,
  "13": 0.4708939708939709,
  "14": 0.48336798336798337,
  "15": 0.498960498960499,
  "16": 0.5124740124740125,
  "17": 0.5311850311850312,
  "18": 0.5343035343035344,
  "19": 0.5467775467775469,
  "20": 0.5613305613305615,
  "21": 0.5696465696465698,
  "22": 0.5831600831600833,
  "23": 0.5945945945945947,
  "24": 0.600831600831601,
  "25": 0.6122661122661125,
  "26": 0.6153846153846156,
  "27": 0.6205821205821208,
  "28": 0.6278586278586281,
  "29": 0.6361746361746364,
  "30": 0.6424116424116426,
  "31": 0.6507276507276509,
  "32": 0.6538461538461541,
  "33": 0.6569646569646572,
  "34": 0.6611226611226614,
  "35": 0.6652806652806655,
  "36": 0.6735966735966739,
  "37": 0.6798336798336801,
  "38": 0.6881496881496885,
  "39": 0.6943866943866948,
  "40": 0.6975051975051979,
  "41": 0.7016632016632021,
  "42": 0.7079002079002084,
  "43": 0.7120582120582125,
  "44": 0.7162162162162167,
  "45": 0.7193347193347198,
  "46": 0.723492723492724,
  "47": 0.724532224532225,
  "48": 0.7286902286902291,
  "49": 0.7297297297297302,
  "50": 0.7338877338877343,
  "51": 0.7380457380457385,
  "52": 0.7390852390852395,
  "53": 0.7422037422037426,
  "54": 0.7442827442827447,
  "55": 0.7463617463617467,
  "56": 0.752598752598753,
  "57": 0.7557172557172561,
  "58": 0.7619542619542623,
  "59": 0.7702702702702706,
  "60": 0.7744282744282748,
  "61": 0.7785862785862789,
  "63": 0.7837837837837841,
  "64": 0.7879417879417883,
  "65": 0.7910602910602914,
  "67": 0.7920997920997924,
  "68": 0.7962577962577966,
  "69": 0.7983367983367986,
  "70": 0.8004158004158006,
  "71": 0.8035343035343038,
  "72": 0.8045738045738048,
  "73": 0.8056133056133058,
  "74": 0.8076923076923079,
  "75": 0.8087318087318089,
  "76": 0.8128898128898131,
  "77": 0.8139293139293141,
  "78": 0.8160083160083162,
  "79": 0.8191268191268194,
  "80": 0.8222453222453225,
  "81": 0.8253638253638257,
  "82": 0.8274428274428278,
  "83": 0.830561330561331,
  "84": 0.8326403326403331,
  "85": 0.8347193347193351,
  "86": 0.8367983367983372,
  "87": 0.8399168399168403,
  "88": 0.8440748440748445,
  "92": 0.8451143451143455,
  "93": 0.8461538461538465,
  "95": 0.8482328482328485,
  "96": 0.8513513513513516,
  "97": 0.8534303534303538,
  "98": 0.8555093555093558,
  "99": 0.8575883575883578,
  "100": 0.8586278586278588,
  "101": 0.8607068607068609,
  "103": 0.8627858627858629,
  "104": 0.8638253638253639,
  "105": 0.8648648648648649,
  "107": 0.8679833679833681,
  "108": 0.8711018711018712,
  "109": 0.8742203742203744,
  "110": 0.8762993762993765,
  "111": 0.8783783783783785,
  "112": 0.8825363825363827,
  "113": 0.8846153846153848,
  "114": 0.887733887733888,
  "115": 0.888773388773389,
  "116": 0.8908523908523911,
  "117": 0.8939708939708942,
  "118": 0.8981288981288984,
  "119": 0.9012474012474015,
  "120": 0.9043659043659047,
  "121": 0.9064449064449067,
  "122": 0.9074844074844077,
  "123": 0.9095634095634098,
  "124": 0.9106029106029108,
  "125": 0.9137214137214139,
  "126": 0.9147609147609149,
  "127": 0.9178794178794181,
  "128": 0.9199584199584201,
  "129": 0.9209979209979211,
  "130": 0.9220374220374221,
  "132": 0.9261954261954263,
  "134": 0.9272349272349273,
  "137": 0.9282744282744283,
  "138": 0.9303534303534304,
  "140": 0.9313929313929314,
  "141": 0.9334719334719335,
  "142": 0.9355509355509355,
  "144": 0.9386694386694386,
  "146": 0.9397089397089397,
  "148": 0.9407484407484407,
  "149": 0.9449064449064448,
  "151": 0.9469854469854468,
  "153": 0.9490644490644489,
  "154": 0.9501039501039499,
  "155": 0.9511434511434509,
  "156": 0.9532224532224529,
  "158": 0.9563409563409561,
  "159": 0.9573804573804571,
  "160": 0.9584199584199581,
  "162": 0.9594594594594591,
  "163": 0.9604989604989601,
  "164": 0.9636174636174633,
  "165": 0.9646569646569643,
  "166": 0.9677754677754674,
  "168": 0.9688149688149684,
  "169": 0.9698544698544694,
  "170": 0.9719334719334716,
  "171": 0.9740124740124736,
  "172": 0.9760914760914756,
  "174": 0.9781704781704776,
  "177": 0.9792099792099787,
  "178": 0.9802494802494797,
  "179": 0.9823284823284817,
  "180": 0.9833679833679827,
  "184": 0.9864864864864858,
  "188": 0.988565488565488,
  "191": 0.99064449064449,
  "192": 0.992723492723492,
  "193": 0.993762993762993,
  "196": 0.994802494802494,
  "198": 0.9958419958419951,
  "199": 0.9979209979209971,
  "200": 0.9999999999999991
}