{
  "2": 0.311,
  "3": 0.533,
  "4": 0.62,
  "5": 0.693,
  "6": 0.7829999999999999,
  "7": 0.843,
  "8": 0.846,
  "9": 0.875,
  "10": 0.906,
  "11": 0.916,
  "12": 0.9450000000000001,
  "13": 0.9670000000000001,
  "14": 0.9710000000000001,
  "15": 0.9880000000000001,
  "16": 0.9920000000000001,
  "17": 1.0
}