{
  "2": 0.01791044776119403,
  "3": 0.061194029850746276,
  "4": 0.13582089552238807,
  "5": 0.17910447761194032,
  "6": 0.23432835820895526,
  "7": 0.26716417910447765,
  "8": 0.29701492537313434,
  "9": 0.3238805970149254,
  "10": 0.34328358208955223,
  "11": 0.3656716417910448,
  "12": 0.39104477611940297,
  "13": 0.41492537313432837,
  "14": 0.43582089552238806,
  "15": 0.4537313432835821,
  "16": 0.47313432835820896,
  "17": 0.4925373134328358,
  "18": 0.5104477611940298,
  "19": 0.5253731343283582,
  "20": 0.5447761194029851,
  "21": 0.5567164179104478,
  "22": 0.5701492537313433,
  "23": 0.5850746268656717,
  "24": 0.5970149253731344,
  "25": 0.6059701492537314,
  "26": 0.6119402985074627,
  "27": 0.6208955223880597,
  "28": 0.6283582089552239,
  "29": 0.6373134328358209,
  "30": 0.6477611940298508,
  "31": 0.6507462686567165,
  "32": 0.6582089552238807,
  "33": 0.6656716417910449,
  "34": 0.6746268656716419,
  "35": 0.6805970149253732,
  "36": 0.6865671641791045,
  "37": 0.6925373134328358,
  "38": 0.698507462686567,
  "39": 0.7059701492537312,
  "40": 0.708955223880597,
  "41": 0.7164179104477612,
  "42": 0.7238805970149254,
  "43": 0.7313432835820896,
  "44": 0.735820895522388,
  "45": 0.7417910447761193,
  "46": 0.7462686567164178,
  "47": 0.7477611940298506,
  "48": 0.7492537313432834,
  "49": 0.7522388059701491,
  "50": 0.7597014925373133,
  "51": 0.7611940298507461,
  "52": 0.7671641791044774,
  "53": 0.7716417910447759,
  "54": 0.7761194029850744,
  "55": 0.7805970149253729,
  "56": 0.7835820895522386,
  "57": 0.7880597014925371,
  "58": 0.7895522388059699,
  "59": 0.7925373134328356,
  "60": 0.7970149253731341,
  "61": 0.7985074626865669,
  "62": 0.8014925373134326,
  "63": 0.8059701492537311,
  "64": 0.8104477611940296,
  "65": 0.8149253731343281,
  "66": 0.8164179104477609,
  "67": 0.8208955223880594,
  "68": 0.8238805970149251,
  "69": 0.8268656716417908,
  "71": 0.8283582089552236,
  "72": 0.8328358208955221,
  "73": 0.8373134328358206,
  "74": 0.8432835820895519,
  "75": 0.8492537313432832,
  "76": 0.850746268656716,
  "77": 0.8537313432835817,
  "78": 0.8552238805970145,
  "79": 0.8567164179104473,
  "80": 0.8582089552238801,
  "81": 0.8656716417910443,
  "82": 0.8701492537313428,
  "83": 0.8731343283582085,
  "84": 0.877611940298507,
  "87": 0.8820895522388055,
  "89": 0.8880597014925368,
  "90": 0.8925373134328353,
  "92": 0.8970149253731338,
  "93": 0.8999999999999995,
  "94": 0.9029850746268652,
  "96": 0.9059701492537309,
  "97": 0.9089552238805966,
  "99": 0.9104477611940294,
  "101": 0.9134328358208951,
  "102": 0.9149253731343279,
  "103": 0.9164179104477607,
  "104": 0.9179104477611935,
  "105": 0.9194029850746263,
  "107": 0.920895522388059,
  "108": 0.9223880597014918,
  "109": 0.9253731343283575,
  "113": 0.9268656716417903,
  "114": 0.929850746268656,
  "115": 0.9313432835820888,
  "119": 0.9328358208955216,
  "120": 0.9358208955223873,
  "121": 0.9373134328358201,
  "126": 0.9402985074626858,
  "127": 0.9432835820895515,
  "129": 0.94776119402985,
  "132": 0.9492537313432828,
  "135": 0.9507462686567156,
  "136": 0.9522388059701484,
  "140": 0.9537313432835812,
  "141": 0.955223880597014,
  "143": 0.9582089552238797,
  "144": 0.9597014925373125,
  "145": 0.9611940298507453,
  "146": 0.9656716417910438,
  "147": 0.9671641791044766,
  "150": 0.9686567164179094,
  "154": 0.9701492537313422,
  "158": 0.9731343283582079,
  "160": 0.9746268656716407,
  "163": 0.9761194029850735,
  "166": 0.9791044776119392,
  "169": 0.980597014925372,
  "171": 0.9820895522388048,
  "174": 0.9835820895522376,
  "177": 0.9865671641791033,
  "184": 0.9880597014925361,
  "188": 0.9895522388059689,
  "189": 0.9925373134328346,
  "191": 0.9940298507462674,
  "193": 0.9955223880597002,
  "196": 0.997014925373133,
  "197": 0.9985074626865658,
  "200": 0.9999999999999986
}