{
  "2": 0.05349182763744428,
  "3": 0.20208023774145617,
  "4": 0.2555720653789004,
  "5": 0.29123328380386326,
  "6": 0.32095096582466565,
  "7": 0.35215453194650814,
  "8": 0.3893016344725111,
  "9": 0.4234769687964338,
  "10": 0.4457652303120356,
  "11": 0.46805349182763734,
  "12": 0.48736998514115887,
  "13": 0.5022288261515601,
  "14": 0.5200594353640415,
  "15": 0.5408618127786032,
  "16": 0.5586924219910847,
  "17": 0.5676077265973254,
  "18": 0.5884101040118871,
  "19": 0.5973254086181278,
  "20": 0.6062407132243685,
  "21": 0.6151560178306091,
  "22": 0.62704309063893,
  "23": 0.6285289747399702,
  "24": 0.6344725111441306,
  "25": 0.6463595839524515,
  "26": 0.6552748885586922,
  "27": 0.665676077265973,
  "28": 0.6701337295690933,
  "29": 0.6775631500742939,
  "30": 0.6879643387815747,
  "31": 0.692421991084695,
  "32": 0.6953937592867753,
  "33": 0.6983655274888555,
  "34": 0.7028231797919758,
  "35": 0.7072808320950962,
  "36": 0.7147102526002967,
  "37": 0.7191679049034171,
  "38": 0.7265973254086177,
  "39": 0.7340267459138182,
  "40": 0.7384843982169386,
  "41": 0.7399702823179787,
  "42": 0.7429420505200589,
  "43": 0.7533432392273397,
  "44": 0.7548291233283798,
  "45": 0.7637444279346205,
  "46": 0.7667161961367007,
  "47": 0.7741456166419013,
  "48": 0.7786032689450216,
  "49": 0.783060921248142,
  "50": 0.7890044576523024,
  "51": 0.7949479940564629,
  "52": 0.8008915304606233,
  "53": 0.809806835066864,
  "54": 0.8172362555720646,
  "55": 0.8216939078751849,
  "56": 0.8276374442793454,
  "57": 0.8306092124814256,
  "58": 0.8335809806835058,
  "59": 0.8380386329866262,
  "60": 0.8439821693907866,
  "61": 0.8528974739970273,
  "62": 0.8558692421991075,
  "63": 0.8573551263001477,
  "64": 0.8603268945022279,
  "65": 0.8632986627043081,
  "66": 0.8647845468053482,
  "68": 0.8677563150074284,
  "69": 0.8692421991084686,
  "70": 0.8722139673105488,
  "71": 0.8796433878157494,
  "72": 0.8826151560178296,
  "73": 0.8855869242199098,
  "74": 0.8870728083209499,
  "75": 0.88855869242199,
  "76": 0.8959881129271906,
  "77": 0.8989598811292708,
  "78": 0.9019316493313511,
  "79": 0.9034175334323912,
  "80": 0.9093610698365516,
  "81": 0.9108469539375917,
  "82": 0.9153046062407121,
  "83": 0.9197622585438324,
  "84": 0.9212481426448725,
  "88": 0.9227340267459126,
  "89": 0.9242199108469528,
  "90": 0.9301634472511132,
  "91": 0.9390787518573539,
  "92": 0.940564635958394,
  "93": 0.9435364041604742,
  "95": 0.9450222882615144,
  "96": 0.9465081723625545,
  "97": 0.9494799405646347,
  "98": 0.9524517087667149,
  "99": 0.953937592867755,
  "101": 0.9583952451708754,
  "103": 0.9613670133729556,
  "104": 0.9628528974739957,
  "105": 0.9643387815750358,
  "106": 0.9658246656760759,
  "107": 0.9687964338781562,
  "109": 0.9702823179791963,
  "110": 0.9732540861812765,
  "113": 0.9747399702823166,
  "115": 0.9762258543833567,
  "116": 0.9777117384843969,
  "120": 0.979197622585437,
  "121": 0.9806835066864771,
  "125": 0.9821693907875172,
  "128": 0.9836552748885573,
  "131": 0.9851411589895974,
  "132": 0.9866270430906375,
  "139": 0.9881129271916776,
  "143": 0.9895988112927178,
  "145": 0.9910846953937579,
  "147": 0.992570579494798,
  "148": 0.9940564635958381,
  "153": 0.9955423476968782,
  "159": 0.9970282317979183,
  "165": 0.9985141158989584,
  "189": 0.9999999999999986
}