{
  "2": 0.338,
  "3": 0.6080000000000001,
  "4": 0.7050000000000001,
  "5": 0.7310000000000001,
  "6": 0.7550000000000001,
  "7": 0.7750000000000001,
  "8": 0.7790000000000001,
  "9": 0.7840000000000001,
  "10": 0.7880000000000001,
  "11": 0.8060000000000002,
  "12": 0.8170000000000002,
  "15": 0.8290000000000002,
  "16": 0.8540000000000002,
  "17": 0.8620000000000002,
  "18": 0.8990000000000002,
  "19": 0.9080000000000003,
  "20": 0.9150000000000003,
  "21": 0.9350000000000003,
  "22": 0.9470000000000003,
  "23": 0.9690000000000003,
  "24": 0.9770000000000003,
  "25": 0.9820000000000003,
  "26": 0.9850000000000003,
  "27": 0.9910000000000003,
  "28": 0.9950000000000003,
  "29": 0.9990000000000003,
  "30": 1.0000000000000002
}