{
  "2": 0.352,
  "3": 0.632,
  "4": 0.755,
  "5": 0.8130000000000001,
  "6": 0.8370000000000001,
  "7": 0.8550000000000001,
  "8": 0.8750000000000001,
  "9": 0.8920000000000001,
  "10": 0.9050000000000001,
  "11": 0.9370000000000002,
  "12": 0.9520000000000002,
  "13": 0.9640000000000002,
  "14": 0.9710000000000002,
  "15": 0.9760000000000002,
  "16": 0.9830000000000002,
  "17": 0.9860000000000002,
  "19": 0.9870000000000002,
  "20": 0.9880000000000002,
  "22": 0.9910000000000002,
  "23": 0.9930000000000002,
  "24": 0.9940000000000002,
  "25": 0.9950000000000002,
  "27": 0.9970000000000002,
  "30": 0.9980000000000002,
  "33": 0.9990000000000002,
  "40": 1.0000000000000002
}