{
  "2": 0.031088082901554404,
  "3": 0.19689119170984457,
  "4": 0.3616580310880829,
  "5": 0.4756476683937824,
  "6": 0.5274611398963731,
  "7": 0.5678756476683938,
  "8": 0.5958549222797928,
  "9": 0.6248704663212435,
  "10": 0.6487046632124353,
  "11": 0.6694300518134715,
  "12": 0.6797927461139897,
  "13": 0.6963730569948187,
  "14": 0.7098445595854922,
  "15": 0.7150259067357513,
  "16": 0.7181347150259068,
  "17": 0.7243523316062176,
  "18": 0.7284974093264248,
  "19": 0.732642487046632,
  "20": 0.7367875647668393,
  "21": 0.7409326424870465,
  "22": 0.75440414507772,
  "23": 0.7595854922279791,
  "24": 0.7689119170984454,
  "25": 0.7751295336787563,
  "26": 0.7813471502590671,
  "27": 0.7886010362694298,
  "28": 0.7948186528497406,
  "29": 0.7968911917098442,
  "30": 0.7989637305699478,
  "31": 0.8010362694300515,
  "32": 0.8082901554404142,
  "33": 0.8103626943005178,
  "34": 0.8134715025906732,
  "35": 0.8165803108808287,
  "36": 0.8196891191709842,
  "37": 0.820725388601036,
  "38": 0.8227979274611397,
  "39": 0.8248704663212433,
  "40": 0.8279792746113988,
  "41": 0.8393782383419687,
  "42": 0.8455958549222795,
  "43": 0.8497409326424867,
  "44": 0.8559585492227976,
  "46": 0.8580310880829012,
  "47": 0.8601036269430048,
  "48": 0.8632124352331603,
  "49": 0.8652849740932639,
  "50": 0.8673575129533675,
  "51": 0.8694300518134711,
  "52": 0.8715025906735747,
  "53": 0.8829015544041446,
  "54": 0.8880829015544037,
  "55": 0.8911917098445592,
  "56": 0.8932642487046628,
  "58": 0.8963730569948183,
  "59": 0.8984455958549219,
  "60": 0.9056994818652846,
  "61": 0.9098445595854918,
  "62": 0.913989637305699,
  "63": 0.9170984455958545,
  "64": 0.9191709844559581,
  "65": 0.9243523316062172,
  "66": 0.9274611398963727,
  "67": 0.9326424870466318,
  "68": 0.9378238341968909,
  "69": 0.9388601036269427,
  "70": 0.94300518134715,
  "71": 0.9440414507772018,
  "72": 0.9471502590673573,
  "73": 0.9481865284974091,
  "74": 0.95440414507772,
  "75": 0.9554404145077718,
  "77": 0.9585492227979273,
  "78": 0.9616580310880828,
  "79": 0.9626943005181346,
  "81": 0.9637305699481865,
  "82": 0.966839378238342,
  "83": 0.9678756476683938,
  "84": 0.9689119170984457,
  "86": 0.9720207253886012,
  "88": 0.973056994818653,
  "89": 0.9740932642487049,
  "91": 0.9751295336787568,
  "92": 0.9761658031088086,
  "94": 0.9772020725388605,
  "95": 0.9782383419689124,
  "96": 0.980310880829016,
  "97": 0.9813471502590678,
  "102": 0.9834196891191714,
  "116": 0.985492227979275,
  "125": 0.9865284974093269,
  "127": 0.9875647668393788,
  "132": 0.9886010362694306,
  "134": 0.9906735751295342,
  "136": 0.9917098445595861,
  "137": 0.992746113989638,
  "145": 0.9937823834196898,
  "147": 0.9948186528497417,
  "161": 0.9958549222797936,
  "162": 0.9968911917098454,
  "176": 0.9979274611398973,
  "183": 0.9989637305699491,
  "196": 1.0000000000000009
}