{
  "2": 0.03670886075949367,
  "3": 0.07215189873417721,
  "4": 0.11139240506329114,
  "5": 0.1430379746835443,
  "6": 0.17721518987341772,
  "7": 0.20759493670886076,
  "8": 0.23417721518987342,
  "9": 0.2645569620253165,
  "10": 0.279746835443038,
  "11": 0.3025316455696203,
  "12": 0.32405063291139247,
  "13": 0.35189873417721523,
  "14": 0.3734177215189874,
  "15": 0.3936708860759494,
  "16": 0.41012658227848103,
  "17": 0.4291139240506329,
  "18": 0.4417721518987342,
  "19": 0.4658227848101266,
  "20": 0.48101265822784817,
  "21": 0.4911392405063292,
  "22": 0.5012658227848102,
  "23": 0.5151898734177216,
  "24": 0.5265822784810127,
  "25": 0.5354430379746836,
  "26": 0.5443037974683546,
  "27": 0.5531645569620255,
  "28": 0.5544303797468356,
  "29": 0.5670886075949368,
  "30": 0.5759493670886078,
  "31": 0.5797468354430382,
  "32": 0.5848101265822787,
  "33": 0.5974683544303799,
  "34": 0.6063291139240509,
  "35": 0.6164556962025319,
  "36": 0.626582278481013,
  "37": 0.6303797468354434,
  "38": 0.6455696202531649,
  "39": 0.6518987341772156,
  "40": 0.6531645569620257,
  "41": 0.655696202531646,
  "42": 0.6620253164556966,
  "43": 0.6734177215189877,
  "44": 0.675949367088608,
  "45": 0.6810126582278485,
  "46": 0.6848101265822789,
  "47": 0.6911392405063296,
  "48": 0.6936708860759498,
  "49": 0.69493670886076,
  "50": 0.6987341772151904,
  "51": 0.7025316455696208,
  "52": 0.7113924050632917,
  "53": 0.7189873417721525,
  "54": 0.7253164556962032,
  "55": 0.7316455696202538,
  "56": 0.7341772151898741,
  "57": 0.7405063291139248,
  "58": 0.7468354430379754,
  "59": 0.7506329113924058,
  "60": 0.7531645569620261,
  "61": 0.7569620253164565,
  "62": 0.7632911392405072,
  "63": 0.7645569620253173,
  "64": 0.7696202531645578,
  "65": 0.7734177215189882,
  "66": 0.7873417721518996,
  "67": 0.7936708860759503,
  "68": 0.7949367088607604,
  "69": 0.8012658227848111,
  "70": 0.8113924050632921,
  "71": 0.8151898734177225,
  "72": 0.8177215189873428,
  "73": 0.8215189873417732,
  "74": 0.8227848101265833,
  "75": 0.8240506329113935,
  "76": 0.8303797468354441,
  "77": 0.8341772151898745,
  "78": 0.8392405063291151,
  "79": 0.8417721518987353,
  "80": 0.8430379746835455,
  "82": 0.8443037974683556,
  "83": 0.8455696202531657,
  "84": 0.848101265822786,
  "85": 0.8506329113924063,
  "86": 0.8518987341772164,
  "87": 0.8594936708860772,
  "88": 0.8658227848101279,
  "89": 0.8683544303797481,
  "90": 0.8708860759493684,
  "91": 0.8734177215189887,
  "92": 0.8772151898734191,
  "93": 0.8784810126582292,
  "94": 0.8797468354430393,
  "95": 0.8810126582278495,
  "96": 0.8822784810126596,
  "97": 0.8848101265822799,
  "99": 0.8873417721519001,
  "100": 0.8886075949367103,
  "101": 0.8911392405063305,
  "103": 0.8949367088607609,
  "105": 0.8974683544303812,
  "106": 0.9000000000000015,
  "107": 0.9037974683544319,
  "108": 0.9063291139240521,
  "110": 0.9101265822784825,
  "111": 0.9126582278481028,
  "113": 0.9139240506329129,
  "115": 0.9164556962025332,
  "117": 0.9189873417721535,
  "118": 0.9215189873417737,
  "119": 0.9227848101265839,
  "120": 0.9278481012658244,
  "121": 0.9303797468354447,
  "124": 0.9316455696202548,
  "126": 0.9329113924050649,
  "127": 0.9341772151898751,
  "128": 0.9367088607594953,
  "129": 0.9392405063291156,
  "131": 0.9417721518987359,
  "132": 0.9455696202531663,
  "133": 0.9506329113924068,
  "138": 0.9531645569620271,
  "140": 0.9544303797468372,
  "141": 0.9556962025316473,
  "142": 0.9569620253164575,
  "144": 0.9582278481012676,
  "147": 0.962025316455698,
  "148": 0.9645569620253183,
  "150": 0.9658227848101284,
  "151": 0.9670886075949385,
  "152": 0.9683544303797487,
  "153": 0.9708860759493689,
  "154": 0.9734177215189892,
  "156": 0.9759493670886095,
  "158": 0.9772151898734196,
  "159": 0.9797468354430399,
  "161": 0.98101265822785,
  "163": 0.9822784810126601,
  "172": 0.9835443037974703,
  "174": 0.9848101265822804,
  "182": 0.9860759493670905,
  "184": 0.9873417721519007,
  "185": 0.9886075949367108,
  "187": 0.9898734177215209,
  "188": 0.9911392405063311,
  "190": 0.9924050632911412,
  "191": 0.9936708860759513,
  "192": 0.9949367088607615,
  "194": 0.9962025316455716,
  "199": 1.000000000000002
}