{
  "2": 0.02276176024279211,
  "3": 0.06069802731411229,
  "4": 0.10925644916540213,
  "5": 0.13201820940819423,
  "6": 0.15477996965098634,
  "7": 0.18664643399089528,
  "8": 0.20637329286798178,
  "9": 0.22306525037936267,
  "10": 0.2503793626707132,
  "11": 0.26100151745068284,
  "12": 0.2852807283763278,
  "13": 0.30804248861911987,
  "14": 0.3186646433990895,
  "15": 0.34749620637329287,
  "16": 0.36570561456752654,
  "17": 0.3839150227617602,
  "18": 0.4051593323216995,
  "19": 0.42033383915022754,
  "20": 0.440060698027314,
  "21": 0.4567526555386949,
  "22": 0.4643399089529589,
  "23": 0.47799696509863415,
  "24": 0.48254931714719257,
  "25": 0.4916540212443094,
  "26": 0.5053110773899847,
  "27": 0.5174506828528072,
  "28": 0.5250379362670712,
  "29": 0.5326251896813352,
  "30": 0.5447647951441577,
  "31": 0.5493171471927161,
  "32": 0.5675265553869497,
  "33": 0.581183611532625,
  "34": 0.5872534142640362,
  "35": 0.5902883156297418,
  "36": 0.6024279210925643,
  "37": 0.6100151745068283,
  "38": 0.6206373292867979,
  "39": 0.6312594840667676,
  "40": 0.6373292867981788,
  "41": 0.6449165402124428,
  "42": 0.6494688922610012,
  "43": 0.6525037936267069,
  "44": 0.6555386949924125,
  "45": 0.6631259484066765,
  "46": 0.6691957511380877,
  "47": 0.6722306525037933,
  "48": 0.6783004552352045,
  "49": 0.6798179059180574,
  "50": 0.6813353566009102,
  "51": 0.6889226100151742,
  "52": 0.690440060698027,
  "53": 0.698027314112291,
  "54": 0.7040971168437022,
  "55": 0.7086494688922607,
  "56": 0.7162367223065247,
  "57": 0.7192716236722303,
  "58": 0.7238239757207887,
  "59": 0.7283763277693471,
  "60": 0.7329286798179055,
  "61": 0.7405159332321696,
  "62": 0.7435508345978752,
  "63": 0.7481031866464336,
  "64": 0.7541729893778448,
  "65": 0.7587253414264032,
  "66": 0.7647951441578145,
  "67": 0.7663125948406673,
  "68": 0.7678300455235201,
  "69": 0.7784522003034897,
  "70": 0.7799696509863425,
  "71": 0.7860394537177537,
  "72": 0.7890743550834594,
  "73": 0.7951441578148706,
  "74": 0.8012139605462818,
  "76": 0.8042488619119874,
  "77": 0.807283763277693,
  "78": 0.814871016691957,
  "80": 0.8179059180576627,
  "81": 0.8224582701062211,
  "82": 0.8239757207890739,
  "84": 0.8300455235204851,
  "85": 0.8315629742033379,
  "87": 0.8345978755690435,
  "88": 0.8391502276176019,
  "89": 0.8421851289833076,
  "91": 0.8437025796661604,
  "92": 0.8452200303490132,
  "93": 0.8497723823975716,
  "94": 0.85432473444613,
  "95": 0.8588770864946884,
  "96": 0.8603945371775412,
  "97": 0.861911987860394,
  "98": 0.8679817905918052,
  "99": 0.869499241274658,
  "100": 0.8770864946889221,
  "101": 0.8786039453717749,
  "102": 0.8816388467374805,
  "104": 0.8846737481031861,
  "105": 0.8861911987860389,
  "108": 0.8907435508345973,
  "109": 0.8952959028831557,
  "110": 0.8983308042488614,
  "112": 0.901365705614567,
  "113": 0.9028831562974198,
  "114": 0.9104704097116838,
  "115": 0.9119878603945366,
  "117": 0.9135053110773894,
  "118": 0.916540212443095,
  "119": 0.9180576631259478,
  "121": 0.9195751138088006,
  "122": 0.9210925644916534,
  "123": 0.9226100151745062,
  "124": 0.924127465857359,
  "125": 0.9271623672230647,
  "128": 0.9301972685887703,
  "131": 0.9347496206373287,
  "132": 0.9377845220030343,
  "133": 0.9393019726858871,
  "134": 0.9423368740515927,
  "135": 0.9438543247344455,
  "136": 0.9453717754172983,
  "137": 0.9468892261001511,
  "140": 0.9514415781487096,
  "141": 0.9544764795144152,
  "142": 0.9590288315629736,
  "143": 0.9605462822458264,
  "144": 0.9620637329286792,
  "147": 0.9650986342943848,
  "149": 0.9681335356600904,
  "150": 0.9696509863429432,
  "152": 0.9726858877086488,
  "153": 0.9742033383915016,
  "154": 0.9772382397572072,
  "156": 0.97875569044006,
  "158": 0.9802731411229129,
  "161": 0.9817905918057657,
  "163": 0.9833080424886185,
  "164": 0.9848254931714713,
  "167": 0.9863429438543241,
  "178": 0.9878603945371769,
  "179": 0.9893778452200297,
  "180": 0.9908952959028825,
  "182": 0.9924127465857353,
  "186": 0.9939301972685881,
  "191": 0.9954476479514409,
  "192": 0.9969650986342937,
  "196": 0.9984825493171465,
  "198": 0.9999999999999993
}