{
  "2": 0.04310344827586207,
  "3": 0.09482758620689655,
  "4": 0.14655172413793102,
  "5": 0.16379310344827586,
  "6": 0.19827586206896552,
  "7": 0.2327586206896552,
  "8": 0.27586206896551724,
  "9": 0.3017241379310345,
  "10": 0.3275862068965517,
  "11": 0.3448275862068965,
  "12": 0.37068965517241376,
  "13": 0.4051724137931034,
  "14": 0.42241379310344823,
  "15": 0.4568965517241379,
  "16": 0.4741379310344827,
  "17": 0.5258620689655172,
  "18": 0.5431034482758621,
  "19": 0.5517241379310345,
  "20": 0.5603448275862069,
  "21": 0.5862068965517241,
  "22": 0.5948275862068965,
  "23": 0.6120689655172413,
  "24": 0.6379310344827586,
  "25": 0.6551724137931034,
  "26": 0.6810344827586207,
  "28": 0.6982758620689655,
  "29": 0.7241379310344828,
  "30": 0.7413793103448276,
  "33": 0.7586206896551725,
  "35": 0.7672413793103449,
  "37": 0.7844827586206897,
  "39": 0.7931034482758621,
  "41": 0.8017241379310345,
  "42": 0.8103448275862069,
  "44": 0.8189655172413792,
  "46": 0.8362068965517241,
  "48": 0.8448275862068965,
  "49": 0.8620689655172413,
  "57": 0.8793103448275862,
  "58": 0.8879310344827586,
  "59": 0.8965517241379309,
  "60": 0.9137931034482758,
  "67": 0.9310344827586207,
  "73": 0.939655172413793,
  "80": 0.9568965517241379,
  "85": 0.9655172413793103,
  "86": 0.9741379310344827,
  "92": 0.982758620689655,
  "95": 0.9913793103448274,
  "102": 0.9999999999999998
}