{
  "2": 0.010309278350515464,
  "3": 0.030927835051546393,
  "4": 0.042709867452135494,
  "5": 0.054491899852724596,
  "6": 0.06921944035346098,
  "7": 0.08689248895434462,
  "8": 0.10603829160530191,
  "9": 0.12665684830633284,
  "10": 0.1369661266568483,
  "11": 0.15169366715758467,
  "12": 0.17525773195876287,
  "13": 0.187039764359352,
  "14": 0.1958762886597938,
  "15": 0.21354933726067746,
  "16": 0.22533136966126655,
  "17": 0.24005891016200293,
  "18": 0.25184094256259204,
  "19": 0.2650957290132548,
  "20": 0.28424153166421207,
  "21": 0.29455081001472755,
  "22": 0.3004418262150221,
  "23": 0.304860088365243,
  "24": 0.321060382916053,
  "25": 0.33873343151693663,
  "26": 0.3460972017673048,
  "27": 0.3578792341678939,
  "28": 0.3681885125184094,
  "29": 0.3784977908689249,
  "30": 0.38586156111929304,
  "31": 0.3961708394698085,
  "32": 0.4035346097201767,
  "33": 0.4079528718703976,
  "34": 0.41531664212076574,
  "35": 0.4241531664212076,
  "36": 0.4300441826215021,
  "37": 0.43593519882179665,
  "38": 0.44035346097201755,
  "39": 0.4536082474226803,
  "40": 0.46097201767304846,
  "41": 0.466863033873343,
  "42": 0.4771723122238585,
  "43": 0.483063328424153,
  "44": 0.49042709867452117,
  "45": 0.4963181148748157,
  "47": 0.5051546391752575,
  "48": 0.511045655375552,
  "49": 0.5213549337260674,
  "50": 0.5287187039764356,
  "51": 0.5331369661266565,
  "52": 0.539027982326951,
  "53": 0.5522827687776137,
  "54": 0.5596465390279819,
  "55": 0.5655375552282764,
  "56": 0.56701030927835,
  "57": 0.5729013254786446,
  "58": 0.5758468335787919,
  "59": 0.5817378497790864,
  "60": 0.5891016200294545,
  "61": 0.5935198821796754,
  "62": 0.5979381443298963,
  "63": 0.6038291605301909,
  "64": 0.6082474226804118,
  "65": 0.6170839469808536,
  "66": 0.6229749631811481,
  "67": 0.6303387334315163,
  "68": 0.6347569955817371,
  "69": 0.639175257731958,
  "70": 0.6435935198821789,
  "71": 0.6509572901325471,
  "72": 0.6539027982326944,
  "73": 0.6597938144329889,
  "74": 0.6642120765832098,
  "75": 0.6686303387334307,
  "77": 0.671575846833578,
  "78": 0.6745213549337252,
  "79": 0.6848306332842407,
  "80": 0.6907216494845352,
  "81": 0.6980854197349033,
  "82": 0.7054491899852715,
  "83": 0.7069219440353451,
  "84": 0.7083946980854188,
  "85": 0.711340206185566,
  "86": 0.7231222385861551,
  "87": 0.7304860088365233,
  "88": 0.7334315169366705,
  "89": 0.7363770250368178,
  "90": 0.7422680412371123,
  "91": 0.7481590574374068,
  "92": 0.7511045655375541,
  "93": 0.755522827687775,
  "94": 0.7569955817378486,
  "95": 0.7614138438880695,
  "96": 0.7628865979381432,
  "97": 0.7643593519882168,
  "98": 0.7658321060382904,
  "99": 0.771723122238585,
  "100": 0.7776141384388795,
  "101": 0.7805596465390268,
  "102": 0.7849779086892477,
  "104": 0.7938144329896895,
  "105": 0.7967599410898367,
  "106": 0.7982326951399104,
  "107": 0.799705449189984,
  "108": 0.8055964653902785,
  "109": 0.8070692194403521,
  "110": 0.8085419734904258,
  "111": 0.8100147275404994,
  "112": 0.8129602356406467,
  "113": 0.8159057437407939,
  "114": 0.8203240058910148,
  "115": 0.8232695139911621,
  "116": 0.8262150220913094,
  "117": 0.827687776141383,
  "118": 0.8291605301914566,
  "119": 0.8321060382916039,
  "121": 0.8379970544918984,
  "122": 0.8394698085419721,
  "124": 0.8424153166421193,
  "125": 0.843888070692193,
  "126": 0.8453608247422666,
  "127": 0.8483063328424139,
  "128": 0.8512518409425611,
  "129": 0.8541973490427084,
  "130": 0.8586156111929293,
  "131": 0.8615611192930765,
  "132": 0.8645066273932238,
  "133": 0.8674521354933711,
  "134": 0.8703976435935183,
  "135": 0.871870397643592,
  "136": 0.8733431516936656,
  "137": 0.8748159057437392,
  "139": 0.8777614138438865,
  "140": 0.8807069219440338,
  "141": 0.8821796759941074,
  "143": 0.8880706921944019,
  "144": 0.8969072164948437,
  "145": 0.899852724594991,
  "146": 0.9013254786450646,
  "147": 0.9057437407952855,
  "148": 0.9072164948453592,
  "149": 0.9086892488954328,
  "151": 0.91163475699558,
  "153": 0.9131075110456537,
  "154": 0.9204712812960218,
  "155": 0.9219440353460955,
  "157": 0.92783505154639,
  "160": 0.9381443298969054,
  "161": 0.9425625920471263,
  "162": 0.9440353460972,
  "163": 0.9469808541973472,
  "164": 0.9499263622974945,
  "165": 0.9513991163475681,
  "166": 0.9528718703976418,
  "169": 0.955817378497789,
  "170": 0.9617083946980836,
  "171": 0.9646539027982308,
  "172": 0.9675994108983781,
  "173": 0.9690721649484517,
  "174": 0.972017673048599,
  "175": 0.9749631811487462,
  "182": 0.9764359351988199,
  "184": 0.9779086892488935,
  "186": 0.9793814432989671,
  "187": 0.9823269513991144,
  "189": 0.983799705449188,
  "190": 0.9867452135493353,
  "192": 0.9882179675994089,
  "194": 0.9896907216494826,
  "195": 0.9911634756995562,
  "197": 0.9941089837997035,
  "199": 0.9985272459499244,
  "200": 0.999999999999998
}