{
  "2": 0.295,
  "3": 0.54,
  "4": 0.623,
  "5": 0.681,
  "6": 0.77,
  "7": 0.8230000000000001,
  "8": 0.8350000000000001,
  "9": 0.8620000000000001,
  "10": 0.9050000000000001,
  "11": 0.9260000000000002,
  "12": 0.9320000000000002,
  "13": 0.9390000000000002,
  "14": 0.9540000000000002,
  "15": 0.9680000000000002,
  "16": 0.9880000000000002,
  "17": 1.0000000000000002
}