{
  "2": 0.03442879499217527,
  "3": 0.06572769953051644,
  "4": 0.1048513302034429,
  "5": 0.15805946791862285,
  "6": 0.20187793427230047,
  "7": 0.23161189358372458,
  "8": 0.24726134585289516,
  "9": 0.27386541471048514,
  "10": 0.3004694835680751,
  "11": 0.3380281690140845,
  "12": 0.35524256651017216,
  "13": 0.3724569640062598,
  "14": 0.3928012519561816,
  "15": 0.41627543035993747,
  "16": 0.4334898278560251,
  "17": 0.44913928012519566,
  "18": 0.47104851330203446,
  "19": 0.4913928012519562,
  "20": 0.5054773082942098,
  "21": 0.5226917057902974,
  "22": 0.5399061032863851,
  "23": 0.5555555555555557,
  "24": 0.5696400625978092,
  "25": 0.5774647887323945,
  "26": 0.5978090766823162,
  "27": 0.6040688575899844,
  "28": 0.6150234741784039,
  "29": 0.6384976525821597,
  "30": 0.6494522691705792,
  "31": 0.6557120500782474,
  "32": 0.6635367762128327,
  "33": 0.6729264475743351,
  "34": 0.6854460093896715,
  "35": 0.6948356807511739,
  "36": 0.7010954616588421,
  "37": 0.7104851330203444,
  "38": 0.7183098591549297,
  "39": 0.726134585289515,
  "40": 0.7386541471048514,
  "41": 0.7402190923317685,
  "42": 0.754303599374022,
  "43": 0.7668231611893584,
  "44": 0.7715179968701096,
  "45": 0.7746478873239437,
  "46": 0.7840375586854461,
  "47": 0.7887323943661972,
  "48": 0.7902973395931143,
  "49": 0.7918622848200314,
  "50": 0.7996870109546167,
  "51": 0.8043818466353678,
  "52": 0.809076682316119,
  "53": 0.8137715179968701,
  "54": 0.8247261345852895,
  "55": 0.8294209702660407,
  "56": 0.8341158059467918,
  "57": 0.8388106416275429,
  "58": 0.8419405320813771,
  "59": 0.8435054773082942,
  "60": 0.8450704225352113,
  "61": 0.8513302034428795,
  "62": 0.8575899843505477,
  "63": 0.8607198748043818,
  "64": 0.8622848200312989,
  "65": 0.863849765258216,
  "66": 0.8685446009389671,
  "67": 0.8716744913928013,
  "68": 0.8748043818466354,
  "69": 0.8794992175273866,
  "70": 0.8810641627543037,
  "72": 0.8857589984350548,
  "73": 0.8873239436619719,
  "74": 0.8935837245696401,
  "76": 0.8951486697965572,
  "77": 0.8967136150234742,
  "78": 0.8998435054773084,
  "79": 0.9029733959311426,
  "80": 0.9076682316118937,
  "81": 0.9107981220657279,
  "82": 0.9123630672926449,
  "83": 0.913928012519562,
  "84": 0.9186228482003131,
  "85": 0.9233176838810643,
  "86": 0.9264475743348984,
  "87": 0.9295774647887326,
  "88": 0.9311424100156497,
  "89": 0.9327073552425668,
  "90": 0.9342723004694838,
  "92": 0.938967136150235,
  "93": 0.940532081377152,
  "94": 0.9420970266040691,
  "95": 0.9436619718309862,
  "96": 0.9467918622848204,
  "98": 0.9499217527386545,
  "100": 0.9530516431924887,
  "101": 0.9561815336463229,
  "102": 0.9577464788732399,
  "103": 0.959311424100157,
  "105": 0.9608763693270741,
  "106": 0.9624413145539912,
  "107": 0.9640062597809083,
  "110": 0.9671361502347424,
  "111": 0.9687010954616595,
  "112": 0.9702660406885766,
  "115": 0.9718309859154937,
  "116": 0.9733959311424107,
  "119": 0.9780907668231619,
  "128": 0.979655712050079,
  "131": 0.981220657276996,
  "132": 0.9827856025039131,
  "143": 0.9843505477308302,
  "149": 0.9874804381846644,
  "152": 0.9890453834115814,
  "157": 0.9906103286384985,
  "161": 0.9921752738654156,
  "165": 0.9937402190923327,
  "166": 0.9953051643192498,
  "171": 0.9968701095461668,
  "177": 0.9984350547730839,
  "199": 1.0000000000000009
}