{
  "2": 0.099,
  "3": 0.524,
  "4": 0.8069999999999999,
  "5": 0.8899999999999999,
  "6": 0.9269999999999999,
  "7": 0.955,
  "8": 0.965,
  "9": 0.966,
  "10": 0.976,
  "11": 0.982,
  "12": 0.985,
  "13": 0.988,
  "14": 0.992,
  "15": 0.994,
  "16": 0.997,
  "17": 0.998,
  "29": 1.0
}