{
  "2": 0.09438775510204081,
  "3": 0.18367346938775508,
  "4": 0.23724489795918366,
  "5": 0.30357142857142855,
  "6": 0.33928571428571425,
  "7": 0.3928571428571428,
  "8": 0.4540816326530612,
  "9": 0.47704081632653056,
  "10": 0.5331632653061223,
  "11": 0.5612244897959182,
  "12": 0.6045918367346937,
  "13": 0.6607142857142856,
  "14": 0.693877551020408,
  "15": 0.7372448979591836,
  "16": 0.7882653061224489,
  "17": 0.8035714285714285,
  "18": 0.8163265306122448,
  "19": 0.8316326530612244,
  "20": 0.8367346938775508,
  "21": 0.8545918367346937,
  "22": 0.8698979591836733,
  "23": 0.8749999999999998,
  "24": 0.877551020408163,
  "25": 0.8801020408163263,
  "26": 0.8928571428571426,
  "28": 0.9005102040816324,
  "29": 0.9030612244897956,
  "30": 0.9081632653061221,
  "31": 0.9183673469387752,
  "33": 0.9234693877551017,
  "35": 0.9285714285714282,
  "36": 0.9311224489795914,
  "37": 0.9387755102040812,
  "38": 0.9438775510204077,
  "39": 0.9515306122448975,
  "40": 0.9591836734693874,
  "41": 0.9668367346938772,
  "43": 0.9719387755102037,
  "44": 0.9923469387755098,
  "45": 0.9948979591836731,
  "47": 0.9999999999999996
}