{
  "2": 0.036101083032490974,
  "3": 0.10589651022864019,
  "4": 0.16606498194945848,
  "5": 0.20577617328519857,
  "6": 0.25270758122743686,
  "7": 0.28399518652226236,
  "8": 0.31648616125150425,
  "9": 0.3345367027677497,
  "10": 0.3525872442839952,
  "11": 0.36341756919374246,
  "12": 0.371841155234657,
  "13": 0.3754512635379061,
  "14": 0.39350180505415155,
  "15": 0.40433212996389883,
  "16": 0.4103489771359807,
  "17": 0.42238267148014436,
  "18": 0.43321299638989164,
  "19": 0.45006016847172076,
  "20": 0.4693140794223826,
  "21": 0.483754512635379,
  "22": 0.4909747292418772,
  "23": 0.5054151624548736,
  "24": 0.5150421179302045,
  "25": 0.53309265944645,
  "26": 0.5415162454873645,
  "27": 0.5511432009626954,
  "28": 0.5667870036101081,
  "29": 0.58604091456077,
  "30": 0.5956678700361009,
  "31": 0.61251504211793,
  "32": 0.6221419975932608,
  "33": 0.6341756919374245,
  "34": 0.6413959085439227,
  "35": 0.6486161251504209,
  "36": 0.6570397111913354,
  "37": 0.6630565583634173,
  "38": 0.6690734055354991,
  "39": 0.6750902527075809,
  "40": 0.6774969915764136,
  "41": 0.6871239470517445,
  "42": 0.6907340553549937,
  "43": 0.6967509025270755,
  "44": 0.701564380264741,
  "45": 0.7051744885679901,
  "46": 0.714801444043321,
  "47": 0.7184115523465702,
  "48": 0.7220216606498193,
  "49": 0.724428399518652,
  "50": 0.7340553549939829,
  "51": 0.7448856799037302,
  "52": 0.7509025270758121,
  "53": 0.7581227436823103,
  "54": 0.7617328519855594,
  "55": 0.7677496991576412,
  "56": 0.7713598074608904,
  "57": 0.7749699157641395,
  "58": 0.7833935018050541,
  "59": 0.7882069795427196,
  "60": 0.7954271961492178,
  "61": 0.7990373044524669,
  "62": 0.8074608904933814,
  "63": 0.8146811070998796,
  "64": 0.8194945848375451,
  "65": 0.8231046931407943,
  "66": 0.825511432009627,
  "67": 0.8267148014440433,
  "68": 0.8339350180505415,
  "69": 0.8399518652226233,
  "70": 0.8435619735258725,
  "71": 0.8447653429602888,
  "72": 0.8471720818291215,
  "73": 0.8483754512635379,
  "74": 0.8495788206979542,
  "77": 0.8531889290012034,
  "78": 0.855595667870036,
  "79": 0.8592057761732852,
  "80": 0.8640192539109507,
  "81": 0.865222623345367,
  "83": 0.8688327316486162,
  "84": 0.8712394705174489,
  "86": 0.8724428399518652,
  "89": 0.8736462093862816,
  "90": 0.8748495788206979,
  "91": 0.8772563176895306,
  "92": 0.8796630565583633,
  "94": 0.8808664259927796,
  "97": 0.8832731648616123,
  "99": 0.8844765342960287,
  "101": 0.885679903730445,
  "102": 0.8868832731648614,
  "103": 0.8904933814681105,
  "104": 0.8916967509025269,
  "105": 0.8941034897713596,
  "107": 0.8953068592057759,
  "108": 0.8965102286401923,
  "111": 0.898916967509025,
  "112": 0.9013237063778576,
  "113": 0.9097472924187722,
  "114": 0.9145607701564377,
  "115": 0.9181708784596868,
  "117": 0.9193742478941032,
  "118": 0.9205776173285195,
  "119": 0.9217809867629359,
  "120": 0.9229843561973522,
  "122": 0.9241877256317685,
  "123": 0.9253910950661849,
  "124": 0.929001203369434,
  "125": 0.9302045728038504,
  "126": 0.9314079422382667,
  "127": 0.9326113116726831,
  "129": 0.9350180505415158,
  "132": 0.9386281588447649,
  "136": 0.9434416365824304,
  "137": 0.9494584837545123,
  "140": 0.9506618531889286,
  "143": 0.9518652226233449,
  "145": 0.9530685920577613,
  "146": 0.9542719614921776,
  "149": 0.955475330926594,
  "150": 0.9566787003610103,
  "151": 0.9578820697954267,
  "153": 0.959085439229843,
  "154": 0.9602888086642594,
  "157": 0.962695547533092,
  "159": 0.9651022864019247,
  "161": 0.9675090252707574,
  "163": 0.9687123947051738,
  "165": 0.9723225030084229,
  "169": 0.9735258724428393,
  "170": 0.9747292418772556,
  "173": 0.9783393501805048,
  "174": 0.9795427196149211,
  "177": 0.9807460890493375,
  "178": 0.9819494584837538,
  "179": 0.9831528279181702,
  "180": 0.9843561973525865,
  "182": 0.9855595667870028,
  "185": 0.9867629362214192,
  "186": 0.9879663056558355,
  "187": 0.9903730445246682,
  "188": 0.9927797833935009,
  "190": 0.9939831528279173,
  "191": 0.9951865222623336,
  "193": 0.99638989169675,
  "194": 0.9987966305655827,
  "199": 0.999999999999999
}