{
  "2": 0.010856453558504222,
  "3": 0.11218335343787696,
  "4": 0.19903498190591074,
  "5": 0.26537997587454765,
  "6": 0.3027744270205066,
  "7": 0.3281061519903498,
  "8": 0.35946924004825087,
  "9": 0.3835946924004825,
  "10": 0.4149577804583836,
  "11": 0.4330518697225573,
  "12": 0.44993968636911946,
  "13": 0.4740651387213511,
  "14": 0.48974668275030164,
  "15": 0.4981905910735827,
  "16": 0.5102533172496985,
  "17": 0.5247285886610374,
  "18": 0.5392038600723764,
  "19": 0.5476477683956574,
  "20": 0.5597104945717732,
  "21": 0.5693606755126659,
  "22": 0.5850422195416164,
  "23": 0.5934861278648974,
  "24": 0.6055488540410132,
  "25": 0.6151990349819059,
  "26": 0.6212303980699637,
  "27": 0.62605548854041,
  "28": 0.6344993968636911,
  "29": 0.6453558504221952,
  "30": 0.6525934861278647,
  "32": 0.6658624849215921,
  "33": 0.6706875753920384,
  "34": 0.6755126658624847,
  "35": 0.680337756332931,
  "36": 0.6936067551266584,
  "37": 0.6972255729794931,
  "38": 0.7068757539203857,
  "39": 0.7129071170084436,
  "40": 0.7189384800965014,
  "41": 0.7273823884197824,
  "42": 0.7334137515078403,
  "43": 0.7442702050663444,
  "44": 0.7515078407720139,
  "45": 0.7623642943305181,
  "46": 0.768395657418576,
  "47": 0.7720144752714106,
  "48": 0.7816646562123033,
  "49": 0.785283474065138,
  "50": 0.7876960193003611,
  "51": 0.7913148371531958,
  "52": 0.8021712907117,
  "53": 0.8094089264173695,
  "54": 0.810615199034981,
  "55": 0.8154402895054274,
  "56": 0.8214716525934852,
  "57": 0.8238841978287084,
  "58": 0.8287092882991547,
  "59": 0.8359469240048242,
  "60": 0.8407720144752705,
  "61": 0.8455971049457168,
  "62": 0.8528347406513863,
  "63": 0.856453558504221,
  "64": 0.8612786489746673,
  "65": 0.8636911942098905,
  "66": 0.8685162846803368,
  "67": 0.8733413751507831,
  "68": 0.8745476477683947,
  "69": 0.8757539203860062,
  "70": 0.8793727382388409,
  "71": 0.8829915560916756,
  "72": 0.8878166465621219,
  "73": 0.890229191797345,
  "74": 0.8926417370325682,
  "75": 0.8950542822677914,
  "76": 0.8962605548854029,
  "77": 0.9010856453558492,
  "78": 0.9047044632086839,
  "80": 0.9083232810615186,
  "81": 0.9119420989143533,
  "82": 0.9143546441495765,
  "83": 0.9167671893847996,
  "84": 0.9179734620024111,
  "85": 0.9191797346200227,
  "86": 0.9203860072376342,
  "88": 0.9215922798552457,
  "89": 0.926417370325692,
  "90": 0.9288299155609152,
  "91": 0.9300361881785267,
  "92": 0.9336550060313614,
  "93": 0.9360675512665846,
  "94": 0.9372738238841961,
  "95": 0.9408926417370308,
  "97": 0.9420989143546423,
  "98": 0.9433051869722539,
  "99": 0.9469240048250885,
  "102": 0.9493365500603117,
  "103": 0.9505428226779232,
  "104": 0.9529553679131464,
  "105": 0.9541616405307579,
  "106": 0.9565741857659811,
  "108": 0.9577804583835926,
  "111": 0.9589867310012041,
  "115": 0.9601930036188157,
  "117": 0.9626055488540388,
  "118": 0.965018094089262,
  "121": 0.9662243667068735,
  "122": 0.967430639324485,
  "123": 0.9698431845597082,
  "127": 0.9722557297949314,
  "129": 0.9734620024125429,
  "130": 0.9746682750301544,
  "134": 0.9758745476477659,
  "139": 0.9782870928829891,
  "141": 0.9794933655006006,
  "142": 0.9806996381182121,
  "144": 0.9819059107358237,
  "147": 0.9831121833534352,
  "148": 0.9843184559710467,
  "149": 0.9867310012062699,
  "151": 0.989143546441493,
  "164": 0.9903498190591046,
  "165": 0.9915560916767161,
  "168": 0.9927623642943276,
  "170": 0.9939686369119392,
  "179": 0.9951749095295507,
  "181": 0.9963811821471622,
  "185": 0.9975874547647737,
  "186": 0.9987937273823853,
  "199": 0.9999999999999968
}