{
  "2": 0.04248704663212435,
  "3": 0.1450777202072539,
  "4": 0.20310880829015546,
  "5": 0.24870466321243526,
  "6": 0.2880829015544042,
  "7": 0.317098445595855,
  "8": 0.3523316062176166,
  "9": 0.3803108808290156,
  "10": 0.4062176165803109,
  "11": 0.4300518134715026,
  "12": 0.45595854922279794,
  "13": 0.46735751295336786,
  "14": 0.49015544041450776,
  "15": 0.510880829015544,
  "16": 0.5212435233160622,
  "17": 0.5347150259067357,
  "18": 0.5523316062176166,
  "19": 0.566839378238342,
  "20": 0.5730569948186528,
  "21": 0.583419689119171,
  "22": 0.5906735751295337,
  "23": 0.5979274611398964,
  "24": 0.6051813471502591,
  "25": 0.6124352331606218,
  "26": 0.6227979274611399,
  "27": 0.6341968911917099,
  "28": 0.6435233160621762,
  "29": 0.649740932642487,
  "30": 0.6569948186528497,
  "31": 0.6632124352331605,
  "32": 0.6704663212435232,
  "33": 0.6756476683937823,
  "34": 0.6797927461139895,
  "35": 0.6808290155440414,
  "36": 0.6849740932642486,
  "37": 0.6880829015544041,
  "38": 0.6911917098445596,
  "39": 0.6932642487046632,
  "40": 0.6974093264248704,
  "41": 0.6984455958549223,
  "42": 0.7025906735751295,
  "43": 0.705699481865285,
  "44": 0.7098445595854922,
  "45": 0.7139896373056994,
  "46": 0.7181347150259066,
  "47": 0.7233160621761657,
  "48": 0.727461139896373,
  "49": 0.7305699481865284,
  "50": 0.7347150259067357,
  "51": 0.7378238341968911,
  "52": 0.738860103626943,
  "53": 0.7461139896373057,
  "54": 0.7471502590673575,
  "55": 0.7492227979274612,
  "56": 0.7533678756476684,
  "57": 0.7544041450777202,
  "58": 0.7564766839378239,
  "59": 0.7575129533678757,
  "61": 0.7616580310880829,
  "62": 0.7647668393782384,
  "63": 0.7689119170984456,
  "64": 0.7730569948186529,
  "65": 0.7761658031088083,
  "66": 0.7803108808290156,
  "67": 0.783419689119171,
  "69": 0.7854922279792746,
  "70": 0.7865284974093265,
  "71": 0.7875647668393784,
  "72": 0.789637305699482,
  "73": 0.7927461139896375,
  "75": 0.7948186528497411,
  "77": 0.7958549222797929,
  "78": 0.7968911917098448,
  "79": 0.7989637305699484,
  "80": 0.8000000000000003,
  "81": 0.8010362694300521,
  "82": 0.8051813471502594,
  "83": 0.8093264248704666,
  "84": 0.8113989637305702,
  "85": 0.8145077720207257,
  "86": 0.8155440414507775,
  "87": 0.8176165803108811,
  "88": 0.8207253886010366,
  "89": 0.8279792746113993,
  "90": 0.8300518134715029,
  "92": 0.8341968911917101,
  "93": 0.8362694300518138,
  "94": 0.8393782383419692,
  "95": 0.8404145077720211,
  "96": 0.8455958549222802,
  "97": 0.8487046632124357,
  "98": 0.8507772020725393,
  "99": 0.8518134715025911,
  "100": 0.8559585492227983,
  "101": 0.858031088082902,
  "102": 0.863212435233161,
  "104": 0.8683937823834201,
  "105": 0.8715025906735756,
  "107": 0.8725388601036275,
  "108": 0.8746113989637311,
  "109": 0.8756476683937829,
  "110": 0.8787564766839384,
  "111": 0.8818652849740939,
  "112": 0.8839378238341975,
  "113": 0.8849740932642494,
  "115": 0.8880829015544048,
  "117": 0.8911917098445603,
  "118": 0.8932642487046639,
  "120": 0.898445595854923,
  "121": 0.9005181347150266,
  "123": 0.9046632124352338,
  "124": 0.9056994818652857,
  "126": 0.9067357512953376,
  "127": 0.9077720207253894,
  "129": 0.9088082901554413,
  "131": 0.9119170984455968,
  "132": 0.916062176165804,
  "133": 0.9202072538860112,
  "134": 0.9222797927461148,
  "135": 0.9233160621761667,
  "137": 0.9284974093264258,
  "139": 0.9305699481865294,
  "140": 0.932642487046633,
  "141": 0.9336787564766849,
  "142": 0.9347150259067367,
  "143": 0.9388601036269439,
  "144": 0.9419689119170994,
  "145": 0.9450777202072549,
  "147": 0.9471502590673585,
  "149": 0.950259067357514,
  "151": 0.9533678756476694,
  "153": 0.9544041450777213,
  "154": 0.9564766839378249,
  "155": 0.9585492227979285,
  "156": 0.9606217616580321,
  "157": 0.9626943005181358,
  "159": 0.9658031088082912,
  "160": 0.9689119170984467,
  "162": 0.9699481865284986,
  "163": 0.9720207253886022,
  "164": 0.973056994818654,
  "165": 0.9751295336787577,
  "167": 0.9772020725388613,
  "168": 0.9792746113989649,
  "170": 0.9803108808290167,
  "173": 0.9813471502590686,
  "174": 0.9823834196891205,
  "177": 0.9844559585492241,
  "178": 0.9865284974093277,
  "179": 0.9886010362694313,
  "182": 0.9896373056994832,
  "186": 0.9917098445595868,
  "188": 0.9937823834196904,
  "192": 0.9948186528497422,
  "194": 0.9979274611398977,
  "196": 0.9989637305699496,
  "200": 1.0000000000000013
}