{
  "2": 0.03329864724245578,
  "3": 0.15192507804370448,
  "4": 0.19458896982310092,
  "5": 0.25078043704474506,
  "6": 0.2851196670135276,
  "7": 0.3100936524453694,
  "8": 0.33714880332986474,
  "9": 0.3558792924037461,
  "10": 0.37356919875130074,
  "11": 0.3891779396462019,
  "12": 0.42872008324661814,
  "13": 0.44120707596253905,
  "14": 0.4599375650364204,
  "15": 0.4724245577523413,
  "16": 0.48283038501560877,
  "17": 0.4921956295525495,
  "18": 0.49947970863683666,
  "19": 0.5046826222684704,
  "20": 0.5202913631633715,
  "21": 0.5296566077003122,
  "22": 0.5473465140478668,
  "23": 0.5619146722164412,
  "24": 0.562955254942768,
  "25": 0.5775234131113424,
  "26": 0.5931321540062435,
  "27": 0.6285119667013528,
  "28": 0.6337148803329865,
  "29": 0.6451612903225806,
  "30": 0.6514047866805411,
  "31": 0.6597294484911551,
  "32": 0.6670135275754423,
  "33": 0.6680541103017691,
  "34": 0.6690946930280959,
  "35": 0.6763787721123831,
  "36": 0.684703433922997,
  "37": 0.6909469302809575,
  "38": 0.6992715920915715,
  "39": 0.7065556711758587,
  "40": 0.7138397502601459,
  "41": 0.7190426638917796,
  "42": 0.7221644120707599,
  "43": 0.7242455775234133,
  "44": 0.7252861602497401,
  "46": 0.7273673257023936,
  "47": 0.7315296566077005,
  "48": 0.737773152965661,
  "49": 0.750260145681582,
  "50": 0.7533818938605622,
  "51": 0.7565036420395425,
  "52": 0.7596253902185227,
  "53": 0.7648283038501564,
  "54": 0.7669094693028099,
  "56": 0.7700312174817902,
  "58": 0.7710718002081169,
  "59": 0.7721123829344437,
  "60": 0.7731529656607705,
  "61": 0.7741935483870973,
  "63": 0.7804370447450578,
  "64": 0.7856399583766915,
  "65": 0.7929240374609787,
  "66": 0.796045785639959,
  "67": 0.8064516129032264,
  "68": 0.8085327783558799,
  "69": 0.8106139438085334,
  "70": 0.8189386056191473,
  "71": 0.8272632674297613,
  "72": 0.8335067637877218,
  "73": 0.8397502601456823,
  "75": 0.8428720083246626,
  "76": 0.844953173777316,
  "77": 0.8480749219562963,
  "78": 0.8491155046826231,
  "79": 0.8522372528616033,
  "80": 0.8532778355879301,
  "81": 0.8584807492195639,
  "82": 0.8616024973985441,
  "83": 0.865764828303851,
  "84": 0.8668054110301778,
  "85": 0.8678459937565046,
  "86": 0.8709677419354849,
  "87": 0.8761706555671186,
  "88": 0.8834547346514058,
  "89": 0.890738813735693,
  "90": 0.8969823100936535,
  "91": 0.9053069719042675,
  "92": 0.9084287200832477,
  "93": 0.9136316337148814,
  "94": 0.9157127991675349,
  "95": 0.9177939646201884,
  "96": 0.9188345473465152,
  "97": 0.9219562955254954,
  "99": 0.9240374609781489,
  "100": 0.9250780437044757,
  "101": 0.9271592091571291,
  "102": 0.9313215400624361,
  "104": 0.9334027055150895,
  "105": 0.9344432882414163,
  "106": 0.9354838709677431,
  "109": 0.9365244536940699,
  "115": 0.9375650364203967,
  "116": 0.9406867845993769,
  "117": 0.9417273673257037,
  "122": 0.9427679500520305,
  "124": 0.9438085327783573,
  "125": 0.9448491155046841,
  "127": 0.9469302809573376,
  "129": 0.949011446409991,
  "131": 0.9510926118626445,
  "132": 0.953173777315298,
  "134": 0.9562955254942782,
  "135": 0.957336108220605,
  "136": 0.9594172736732585,
  "137": 0.9635796045785654,
  "138": 0.9646201873048922,
  "140": 0.965660770031219,
  "141": 0.9698231009365259,
  "142": 0.9719042663891794,
  "143": 0.9739854318418328,
  "144": 0.9781477627471398,
  "146": 0.9791883454734666,
  "147": 0.9802289281997933,
  "148": 0.9812695109261201,
  "149": 0.9833506763787736,
  "153": 0.9854318418314271,
  "154": 0.9875130072840805,
  "157": 0.9885535900104073,
  "161": 0.9916753381893876,
  "162": 0.9927159209157144,
  "183": 0.9937565036420412,
  "185": 0.9947970863683679,
  "187": 0.9958376690946947,
  "189": 0.9968782518210215,
  "192": 0.9979188345473483,
  "198": 0.9989594172736751,
  "199": 1.0000000000000018
}