{
  "2": 0.4193154034229829,
  "3": 0.715158924205379,
  "4": 0.8276283618581907,
  "5": 0.9058679706601467,
  "6": 0.9352078239608802,
  "7": 0.980440097799511,
  "8": 0.9902200488997556,
  "9": 1.0
}