{
  "2": 0.11358574610244988,
  "3": 0.18930957683741648,
  "4": 0.24053452115812918,
  "5": 0.2739420935412027,
  "6": 0.32516703786191536,
  "7": 0.3897550111358575,
  "8": 0.42761692650334077,
  "9": 0.46770601336302897,
  "10": 0.49665924276169265,
  "11": 0.5233853006681515,
  "12": 0.5367483296213809,
  "13": 0.5879732739420935,
  "14": 0.6102449888641426,
  "15": 0.6481069042316259,
  "16": 0.6681514476614699,
  "17": 0.6792873051224945,
  "18": 0.7060133630289532,
  "19": 0.7282850779510023,
  "20": 0.7527839643652562,
  "21": 0.7661469933184856,
  "22": 0.7728285077951003,
  "23": 0.7839643652561248,
  "24": 0.7906458797327395,
  "25": 0.8129175946547885,
  "26": 0.8374164810690424,
  "27": 0.8574610244988865,
  "28": 0.8775055679287306,
  "29": 0.8864142538975501,
  "30": 0.89086859688196,
  "31": 0.8953229398663698,
  "32": 0.9020044543429845,
  "33": 0.9086859688195992,
  "34": 0.9220489977728286,
  "35": 0.9242761692650334,
  "36": 0.9287305122494433,
  "37": 0.9354120267260579,
  "39": 0.9376391982182628,
  "40": 0.9443207126948775,
  "41": 0.9487750556792873,
  "42": 0.955456570155902,
  "43": 0.9576837416481069,
  "44": 0.9621380846325167,
  "46": 0.9643652561247216,
  "47": 0.9688195991091314,
  "48": 0.977728285077951,
  "49": 0.9799554565701558,
  "50": 0.9910913140311803,
  "51": 0.997772828507795,
  "182": 0.9999999999999999
}