{
  "2": 0.013318534961154272,
  "3": 0.1420643729189789,
  "4": 0.30521642619311873,
  "5": 0.3773584905660377,
  "6": 0.44617092119866814,
  "7": 0.48501664816870144,
  "8": 0.5127635960044395,
  "9": 0.5316315205327414,
  "10": 0.5593784683684795,
  "11": 0.5804661487236404,
  "12": 0.6026637069922309,
  "13": 0.6170921198668147,
  "14": 0.630410654827969,
  "15": 0.6459489456159823,
  "16": 0.6637069922308546,
  "17": 0.6803551609322974,
  "18": 0.6925638179800222,
  "19": 0.7069922308546059,
  "20": 0.713651498335183,
  "21": 0.7247502774694783,
  "22": 0.7314095449500554,
  "23": 0.7358490566037735,
  "24": 0.7436182019977802,
  "25": 0.7491675915649277,
  "26": 0.7591564927857934,
  "27": 0.7669256381798001,
  "28": 0.7713651498335182,
  "29": 0.7735849056603773,
  "30": 0.7791342952275249,
  "31": 0.788013318534961,
  "32": 0.7946725860155381,
  "33": 0.8035516093229743,
  "34": 0.8091009988901219,
  "35": 0.8168701442841285,
  "36": 0.8235294117647056,
  "37": 0.8279689234184238,
  "38": 0.8301886792452828,
  "39": 0.8324084350721419,
  "40": 0.834628190899001,
  "41": 0.8357380688124305,
  "42": 0.8401775804661487,
  "43": 0.8423973362930077,
  "44": 0.8446170921198668,
  "45": 0.8512763596004439,
  "46": 0.853496115427303,
  "47": 0.8568257491675916,
  "48": 0.8634850166481687,
  "49": 0.8645948945615982,
  "50": 0.8690344062153164,
  "51": 0.872364039955605,
  "52": 0.874583795782464,
  "53": 0.8768035516093231,
  "54": 0.8790233074361822,
  "55": 0.8812430632630412,
  "56": 0.8856825749167594,
  "57": 0.889012208657048,
  "58": 0.8901220865704775,
  "59": 0.8945615982241957,
  "60": 0.8967813540510547,
  "61": 0.8978912319644843,
  "62": 0.9012208657047729,
  "63": 0.903440621531632,
  "64": 0.905660377358491,
  "65": 0.9100998890122092,
  "66": 0.9134295227524978,
  "67": 0.9145394006659273,
  "69": 0.9156492785793569,
  "70": 0.9167591564927864,
  "71": 0.9189789123196455,
  "72": 0.9211986681465045,
  "73": 0.9223085460599341,
  "74": 0.9256381798002227,
  "75": 0.9267480577136522,
  "76": 0.9278579356270817,
  "77": 0.9300776914539408,
  "78": 0.934517203107659,
  "79": 0.9400665926748065,
  "80": 0.9422863485016656,
  "82": 0.9433962264150951,
  "84": 0.9445061043285247,
  "88": 0.9456159822419542,
  "89": 0.9478357380688133,
  "90": 0.9489456159822428,
  "93": 0.9511653718091019,
  "94": 0.9522752497225314,
  "96": 0.953385127635961,
  "98": 0.9544950055493905,
  "99": 0.95560488346282,
  "101": 0.9578246392896791,
  "106": 0.9600443951165382,
  "107": 0.9611542730299677,
  "109": 0.9644839067702563,
  "110": 0.9655937846836858,
  "111": 0.9678135405105449,
  "114": 0.970033296337404,
  "115": 0.972253052164263,
  "117": 0.9733629300776926,
  "119": 0.9755826859045517,
  "120": 0.9766925638179812,
  "121": 0.9778024417314107,
  "122": 0.9789123196448403,
  "125": 0.9800221975582698,
  "127": 0.9811320754716993,
  "128": 0.9822419533851289,
  "130": 0.9833518312985584,
  "131": 0.984461709211988,
  "139": 0.986681465038847,
  "144": 0.9877913429522766,
  "145": 0.9889012208657061,
  "149": 0.9911209766925652,
  "151": 0.9922308546059947,
  "156": 0.9933407325194242,
  "160": 0.9944506104328538,
  "173": 0.9955604883462833,
  "187": 0.9966703662597128,
  "194": 0.9977802441731424,
  "199": 1.0000000000000013
}