{
  "2": 0.02072538860103627,
  "3": 0.07253886010362694,
  "4": 0.10535405872193437,
  "5": 0.13126079447322972,
  "6": 0.15025906735751296,
  "7": 0.16753022452504318,
  "8": 0.18652849740932642,
  "9": 0.20725388601036268,
  "10": 0.21934369602763384,
  "11": 0.23834196891191708,
  "12": 0.25734024179620035,
  "13": 0.27806563039723664,
  "14": 0.30224525043177897,
  "15": 0.31433506044905013,
  "16": 0.32987910189982733,
  "17": 0.3419689119170985,
  "18": 0.34887737478411057,
  "19": 0.3626943005181347,
  "20": 0.3644214162348878,
  "21": 0.379965457685665,
  "22": 0.38687392055267705,
  "23": 0.39205526770293614,
  "24": 0.3955094991364422,
  "25": 0.3989637305699482,
  "26": 0.4041450777202073,
  "27": 0.4127806563039724,
  "28": 0.4196891191709845,
  "29": 0.4265975820379966,
  "30": 0.4352331606217617,
  "31": 0.4421416234887738,
  "32": 0.4507772020725389,
  "33": 0.45941278065630403,
  "34": 0.46286701208981007,
  "35": 0.46804835924006916,
  "36": 0.47322970639032824,
  "37": 0.48186528497409337,
  "38": 0.48877374784110544,
  "39": 0.49395509499136453,
  "40": 0.4956822107081176,
  "41": 0.4974093264248706,
  "42": 0.5008635578583767,
  "43": 0.5112262521588948,
  "44": 0.525043177892919,
  "45": 0.5336787564766841,
  "46": 0.5405872193436961,
  "47": 0.5544041450777203,
  "48": 0.5595854922279794,
  "49": 0.5647668393782385,
  "51": 0.5716753022452505,
  "52": 0.5785837651122626,
  "53": 0.5889464594127808,
  "54": 0.599309153713299,
  "55": 0.602763385146805,
  "56": 0.604490500863558,
  "57": 0.6113989637305701,
  "58": 0.6183074265975822,
  "59": 0.6217616580310883,
  "60": 0.6286701208981004,
  "61": 0.6373056994818654,
  "62": 0.6424870466321245,
  "63": 0.6459412780656306,
  "64": 0.6545768566493957,
  "65": 0.6597582037996548,
  "66": 0.6632124352331609,
  "67": 0.6649395509499139,
  "68": 0.6718480138169259,
  "69": 0.677029360967185,
  "70": 0.6822107081174441,
  "71": 0.6839378238341971,
  "72": 0.6925734024179622,
  "73": 0.6943005181347152,
  "74": 0.6994818652849742,
  "75": 0.7029360967184803,
  "76": 0.7098445595854924,
  "77": 0.7167530224525045,
  "78": 0.7184801381692575,
  "79": 0.7236614853195166,
  "80": 0.7271157167530227,
  "81": 0.7305699481865288,
  "83": 0.7374784110535408,
  "84": 0.7392055267702938,
  "86": 0.7409326424870468,
  "87": 0.7443868739205529,
  "89": 0.747841105354059,
  "90": 0.7547495682210711,
  "91": 0.7616580310880832,
  "92": 0.7651122625215893,
  "94": 0.7737478411053543,
  "95": 0.7772020725388604,
  "98": 0.7823834196891195,
  "99": 0.7892918825561316,
  "100": 0.7910189982728846,
  "101": 0.7944732297063907,
  "103": 0.7996545768566498,
  "104": 0.8013816925734027,
  "105": 0.8100172711571678,
  "106": 0.8134715025906739,
  "107": 0.818652849740933,
  "112": 0.820379965457686,
  "116": 0.8238341968911921,
  "117": 0.8272884283246982,
  "118": 0.8324697754749573,
  "119": 0.8341968911917103,
  "120": 0.8359240069084632,
  "121": 0.8411053540587223,
  "122": 0.8445595854922284,
  "123": 0.8462867012089814,
  "124": 0.8480138169257344,
  "125": 0.8514680483592405,
  "127": 0.8549222797927466,
  "128": 0.8566493955094996,
  "129": 0.8601036269430057,
  "130": 0.8618307426597587,
  "132": 0.8670120898100178,
  "134": 0.8687392055267708,
  "136": 0.8721934369602768,
  "138": 0.8739205526770298,
  "139": 0.8756476683937828,
  "140": 0.8791018998272889,
  "146": 0.882556131260795,
  "147": 0.884283246977548,
  "148": 0.8877374784110541,
  "149": 0.8894645941278071,
  "150": 0.8911917098445601,
  "152": 0.8929188255613131,
  "154": 0.8946459412780661,
  "155": 0.8981001727115722,
  "156": 0.9032815198618313,
  "157": 0.9084628670120903,
  "158": 0.9153713298791024,
  "159": 0.9170984455958554,
  "160": 0.9188255613126084,
  "161": 0.9205526770293614,
  "164": 0.9222797927461144,
  "165": 0.9240069084628674,
  "166": 0.9291882556131265,
  "167": 0.9309153713298794,
  "168": 0.9326424870466324,
  "169": 0.9343696027633854,
  "172": 0.9378238341968915,
  "173": 0.9395509499136445,
  "176": 0.9447322970639036,
  "177": 0.9499136442141627,
  "178": 0.9533678756476688,
  "179": 0.9585492227979279,
  "180": 0.962003454231434,
  "181": 0.9654576856649401,
  "183": 0.967184801381693,
  "184": 0.968911917098446,
  "187": 0.9723661485319521,
  "191": 0.9758203799654582,
  "193": 0.9810017271157173,
  "194": 0.9879101899827294,
  "196": 0.9896373056994824,
  "198": 0.9913644214162354,
  "199": 0.9982728842832475,
  "200": 1.0000000000000004
}