{
  "2": 0.026970954356846474,
  "3": 0.12033195020746888,
  "4": 0.17219917012448133,
  "5": 0.22199170124481327,
  "6": 0.27074688796680496,
  "7": 0.2987551867219917,
  "8": 0.33609958506224064,
  "9": 0.37240663900414933,
  "10": 0.39211618257261405,
  "11": 0.4180497925311203,
  "12": 0.44398340248962653,
  "13": 0.4574688796680498,
  "14": 0.48029045643153523,
  "15": 0.49585062240663896,
  "16": 0.5145228215767634,
  "17": 0.5342323651452282,
  "18": 0.5518672199170125,
  "19": 0.5684647302904565,
  "20": 0.5798755186721992,
  "21": 0.595435684647303,
  "22": 0.6026970954356847,
  "23": 0.6089211618257262,
  "24": 0.6234439834024896,
  "25": 0.6307053941908713,
  "26": 0.642116182572614,
  "27": 0.6441908713692945,
  "28": 0.6493775933609958,
  "29": 0.6514522821576763,
  "30": 0.6607883817427385,
  "31": 0.6680497925311202,
  "32": 0.6742738589211617,
  "33": 0.6804979253112031,
  "34": 0.6825726141078836,
  "35": 0.6856846473029043,
  "36": 0.6960580912863068,
  "37": 0.7043568464730288,
  "38": 0.70954356846473,
  "39": 0.7147302904564312,
  "41": 0.7199170124481324,
  "42": 0.7230290456431532,
  "43": 0.7271784232365142,
  "44": 0.7292531120331947,
  "45": 0.7313278008298751,
  "46": 0.7344398340248959,
  "47": 0.7385892116182569,
  "48": 0.7406639004149373,
  "49": 0.7448132780082983,
  "50": 0.7479253112033191,
  "51": 0.75207468879668,
  "52": 0.7551867219917008,
  "53": 0.7582987551867215,
  "54": 0.7624481327800825,
  "55": 0.7634854771784227,
  "56": 0.764522821576763,
  "57": 0.7665975103734435,
  "58": 0.768672199170124,
  "59": 0.7697095435684642,
  "61": 0.7738589211618252,
  "62": 0.7780082987551862,
  "63": 0.7821576763485472,
  "64": 0.7863070539419081,
  "65": 0.7873443983402484,
  "66": 0.7894190871369289,
  "67": 0.7904564315352691,
  "68": 0.7925311203319496,
  "69": 0.7946058091286301,
  "70": 0.7966804979253106,
  "71": 0.7987551867219911,
  "72": 0.8029045643153521,
  "73": 0.8060165975103728,
  "74": 0.807053941908713,
  "75": 0.8080912863070533,
  "76": 0.8101659751037338,
  "77": 0.811203319502074,
  "78": 0.8143153526970948,
  "79": 0.8174273858921155,
  "80": 0.8184647302904557,
  "81": 0.8205394190871362,
  "82": 0.8226141078838167,
  "84": 0.827800829875518,
  "85": 0.8288381742738582,
  "87": 0.8298755186721984,
  "88": 0.8309128630705387,
  "90": 0.8340248962655594,
  "91": 0.8350622406638997,
  "92": 0.8371369294605802,
  "93": 0.8412863070539411,
  "95": 0.8433609958506216,
  "97": 0.8464730290456424,
  "98": 0.8475103734439826,
  "99": 0.8485477178423229,
  "100": 0.8495850622406631,
  "101": 0.8547717842323643,
  "102": 0.8568464730290448,
  "103": 0.8599585062240656,
  "104": 0.8609958506224058,
  "105": 0.862033195020746,
  "106": 0.8641078838174265,
  "107": 0.8651452282157668,
  "108": 0.866182572614107,
  "109": 0.8682572614107875,
  "110": 0.8724066390041485,
  "111": 0.874481327800829,
  "112": 0.8755186721991692,
  "113": 0.8765560165975095,
  "114": 0.8775933609958497,
  "115": 0.87863070539419,
  "116": 0.8796680497925302,
  "117": 0.8807053941908705,
  "118": 0.882780082987551,
  "119": 0.8858921161825717,
  "120": 0.8879668049792522,
  "121": 0.8900414937759327,
  "122": 0.8910788381742729,
  "124": 0.8941908713692936,
  "125": 0.8973029045643144,
  "126": 0.9024896265560156,
  "127": 0.9056016597510363,
  "128": 0.9087136929460571,
  "129": 0.9128630705394181,
  "130": 0.9139004149377583,
  "131": 0.9149377593360986,
  "133": 0.917012448132779,
  "134": 0.9190871369294595,
  "135": 0.92116182572614,
  "136": 0.9221991701244803,
  "137": 0.9232365145228205,
  "140": 0.925311203319501,
  "142": 0.9263485477178413,
  "143": 0.929460580912862,
  "145": 0.9315352697095425,
  "146": 0.933609958506223,
  "147": 0.9346473029045632,
  "149": 0.9367219917012437,
  "150": 0.9387966804979242,
  "151": 0.9398340248962644,
  "152": 0.9419087136929449,
  "153": 0.9439834024896254,
  "154": 0.9450207468879657,
  "155": 0.9460580912863059,
  "156": 0.9470954356846462,
  "158": 0.9481327800829864,
  "159": 0.9491701244813266,
  "160": 0.9512448132780071,
  "161": 0.9533195020746876,
  "162": 0.9553941908713681,
  "163": 0.9574688796680486,
  "164": 0.9585062240663889,
  "165": 0.9595435684647291,
  "167": 0.9636929460580901,
  "168": 0.9657676348547706,
  "170": 0.9678423236514511,
  "171": 0.9699170124481316,
  "173": 0.9730290456431523,
  "174": 0.9751037344398328,
  "177": 0.9771784232365133,
  "178": 0.9782157676348535,
  "179": 0.9792531120331938,
  "180": 0.980290456431534,
  "181": 0.9823651452282145,
  "182": 0.9834024896265547,
  "184": 0.984439834024895,
  "185": 0.9865145228215755,
  "186": 0.9875518672199157,
  "188": 0.988589211618256,
  "189": 0.9917012448132767,
  "190": 0.992738589211617,
  "195": 0.9948132780082974,
  "197": 0.9968879668049779,
  "198": 0.9989626556016584,
  "199": 0.9999999999999987
}