{
  "2": 0.04149377593360996,
  "3": 0.12655601659751037,
  "4": 0.17116182572614108,
  "5": 0.2074688796680498,
  "6": 0.24377593360995853,
  "7": 0.28423236514522826,
  "8": 0.3174273858921162,
  "9": 0.34958506224066394,
  "10": 0.3807053941908714,
  "11": 0.40352697095435686,
  "12": 0.43775933609958506,
  "13": 0.4678423236514523,
  "14": 0.49896265560165975,
  "15": 0.5259336099585062,
  "16": 0.5404564315352697,
  "17": 0.5539419087136929,
  "18": 0.5653526970954356,
  "19": 0.5809128630705394,
  "20": 0.5954356846473028,
  "21": 0.6099585062240662,
  "22": 0.6172199170124479,
  "23": 0.6348547717842322,
  "24": 0.6421161825726139,
  "25": 0.6535269709543566,
  "26": 0.6618257261410786,
  "27": 0.6742738589211615,
  "28": 0.6836099585062237,
  "29": 0.6991701244813275,
  "30": 0.7064315352697093,
  "31": 0.7147302904564312,
  "32": 0.717842323651452,
  "33": 0.7209543568464727,
  "34": 0.7240663900414934,
  "35": 0.7313278008298751,
  "36": 0.7396265560165971,
  "37": 0.7437759336099581,
  "38": 0.7468879668049788,
  "39": 0.7489626556016593,
  "40": 0.7510373443983398,
  "41": 0.760373443983402,
  "42": 0.7624481327800825,
  "43": 0.7665975103734435,
  "44": 0.7707468879668045,
  "45": 0.7717842323651447,
  "46": 0.7738589211618252,
  "47": 0.7769709543568459,
  "48": 0.7780082987551862,
  "50": 0.7790456431535264,
  "51": 0.7811203319502069,
  "52": 0.7831950207468874,
  "53": 0.7842323651452277,
  "54": 0.7873443983402484,
  "55": 0.7925311203319496,
  "56": 0.7966804979253106,
  "58": 0.7977178423236508,
  "59": 0.7997925311203313,
  "60": 0.8039419087136923,
  "61": 0.8060165975103728,
  "63": 0.8091286307053935,
  "64": 0.8132780082987545,
  "65": 0.815352697095435,
  "66": 0.8184647302904557,
  "67": 0.819502074688796,
  "68": 0.8205394190871362,
  "69": 0.823651452282157,
  "70": 0.8257261410788375,
  "71": 0.827800829875518,
  "72": 0.8298755186721984,
  "73": 0.8360995850622399,
  "74": 0.8381742738589204,
  "75": 0.8392116182572606,
  "76": 0.8402489626556009,
  "77": 0.8412863070539411,
  "78": 0.8423236514522814,
  "80": 0.8433609958506216,
  "81": 0.8485477178423229,
  "82": 0.8495850622406631,
  "83": 0.8526970954356838,
  "84": 0.8537344398340241,
  "85": 0.8568464730290448,
  "86": 0.8578838174273851,
  "87": 0.8599585062240656,
  "88": 0.8651452282157668,
  "89": 0.8672199170124473,
  "90": 0.870331950207468,
  "91": 0.8713692946058083,
  "92": 0.8734439834024887,
  "93": 0.874481327800829,
  "94": 0.8765560165975095,
  "95": 0.8775933609958497,
  "96": 0.8796680497925302,
  "97": 0.8817427385892107,
  "98": 0.8838174273858912,
  "99": 0.8848547717842314,
  "100": 0.8858921161825717,
  "101": 0.8879668049792522,
  "102": 0.8890041493775924,
  "104": 0.8900414937759327,
  "105": 0.8910788381742729,
  "106": 0.8921161825726132,
  "107": 0.8941908713692936,
  "108": 0.8952282157676339,
  "109": 0.8962655601659741,
  "111": 0.8983402489626546,
  "112": 0.9014522821576754,
  "113": 0.9056016597510363,
  "114": 0.9097510373443973,
  "115": 0.9118257261410778,
  "116": 0.9139004149377583,
  "118": 0.9149377593360986,
  "119": 0.9159751037344388,
  "120": 0.9180497925311193,
  "121": 0.9201244813277998,
  "123": 0.9221991701244803,
  "124": 0.9232365145228205,
  "125": 0.925311203319501,
  "126": 0.9263485477178413,
  "128": 0.9284232365145217,
  "129": 0.929460580912862,
  "131": 0.9304979253112022,
  "133": 0.933609958506223,
  "134": 0.9356846473029035,
  "135": 0.9367219917012437,
  "136": 0.937759336099584,
  "137": 0.9408713692946047,
  "139": 0.9439834024896254,
  "140": 0.9460580912863059,
  "141": 0.9470954356846462,
  "142": 0.9491701244813266,
  "143": 0.9522821576763474,
  "144": 0.9543568464730279,
  "145": 0.9553941908713681,
  "146": 0.9585062240663889,
  "148": 0.9595435684647291,
  "149": 0.9605809128630693,
  "155": 0.9626556016597498,
  "156": 0.9657676348547706,
  "159": 0.9668049792531108,
  "162": 0.9699170124481316,
  "163": 0.9709543568464718,
  "165": 0.9730290456431523,
  "166": 0.9751037344398328,
  "168": 0.9771784232365133,
  "169": 0.9782157676348535,
  "170": 0.9792531120331938,
  "171": 0.980290456431534,
  "172": 0.9823651452282145,
  "175": 0.9834024896265547,
  "179": 0.984439834024895,
  "180": 0.9854771784232352,
  "181": 0.9865145228215755,
  "183": 0.9875518672199157,
  "185": 0.988589211618256,
  "186": 0.9896265560165962,
  "188": 0.9906639004149365,
  "189": 0.992738589211617,
  "191": 0.9948132780082974,
  "192": 0.9968879668049779,
  "193": 0.9979253112033182,
  "196": 0.9989626556016584,
  "198": 0.9999999999999987
}