{
  "2": 0.03488372093023256,
  "3": 0.08953488372093024,
  "4": 0.13488372093023257,
  "5": 0.17325581395348838,
  "6": 0.20697674418604653,
  "7": 0.23953488372093024,
  "8": 0.25813953488372093,
  "9": 0.2779069767441861,
  "10": 0.2895348837209303,
  "11": 0.30581395348837215,
  "12": 0.31744186046511635,
  "13": 0.3255813953488373,
  "14": 0.3372093023255815,
  "15": 0.3488372093023257,
  "16": 0.3616279069767443,
  "17": 0.3709302325581396,
  "18": 0.3755813953488373,
  "19": 0.38023255813953494,
  "20": 0.38720930232558143,
  "21": 0.39534883720930236,
  "22": 0.39883720930232563,
  "23": 0.41046511627906984,
  "24": 0.4197674418604652,
  "25": 0.4313953488372094,
  "26": 0.44069767441860475,
  "27": 0.4488372093023257,
  "28": 0.45581395348837217,
  "29": 0.4639534883720931,
  "30": 0.4709302325581396,
  "31": 0.4732558139534884,
  "32": 0.48139534883720936,
  "33": 0.4825581395348838,
  "34": 0.48720930232558146,
  "35": 0.4953488372093024,
  "36": 0.4976744186046512,
  "37": 0.5058139534883721,
  "38": 0.5127906976744186,
  "39": 0.5162790697674419,
  "40": 0.5209302325581395,
  "41": 0.5267441860465116,
  "42": 0.5313953488372093,
  "43": 0.5395348837209302,
  "44": 0.5430232558139534,
  "45": 0.5441860465116278,
  "46": 0.5488372093023255,
  "47": 0.5569767441860464,
  "48": 0.561627906976744,
  "49": 0.5639534883720929,
  "50": 0.5686046511627906,
  "51": 0.5755813953488371,
  "52": 0.5802325581395348,
  "53": 0.5860465116279069,
  "54": 0.5906976744186045,
  "55": 0.5988372093023254,
  "56": 0.6046511627906975,
  "57": 0.6151162790697673,
  "58": 0.6209302325581394,
  "59": 0.6232558139534883,
  "60": 0.6279069767441859,
  "61": 0.6302325581395348,
  "63": 0.633720930232558,
  "64": 0.6360465116279069,
  "65": 0.6372093023255814,
  "66": 0.641860465116279,
  "67": 0.6465116279069767,
  "68": 0.6523255813953488,
  "69": 0.6593023255813953,
  "70": 0.6662790697674419,
  "71": 0.6732558139534884,
  "72": 0.6744186046511629,
  "73": 0.6779069767441861,
  "75": 0.6813953488372093,
  "76": 0.6837209302325582,
  "77": 0.6860465116279071,
  "80": 0.6872093023255815,
  "81": 0.6895348837209304,
  "82": 0.6953488372093025,
  "83": 0.696511627906977,
  "84": 0.7000000000000002,
  "85": 0.7034883720930234,
  "86": 0.7058139534883723,
  "87": 0.7081395348837212,
  "88": 0.7116279069767444,
  "89": 0.7174418604651165,
  "90": 0.7197674418604654,
  "91": 0.724418604651163,
  "92": 0.7325581395348839,
  "93": 0.7372093023255816,
  "94": 0.7441860465116281,
  "95": 0.7488372093023258,
  "96": 0.7534883720930234,
  "97": 0.7558139534883723,
  "99": 0.76046511627907,
  "100": 0.7616279069767444,
  "101": 0.7651162790697676,
  "102": 0.7674418604651165,
  "103": 0.7697674418604654,
  "104": 0.7744186046511631,
  "105": 0.7813953488372096,
  "106": 0.7883720930232562,
  "107": 0.7941860465116283,
  "108": 0.7953488372093027,
  "109": 0.7976744186046516,
  "110": 0.8000000000000005,
  "111": 0.8011627906976749,
  "112": 0.8058139534883726,
  "113": 0.8093023255813958,
  "114": 0.8116279069767447,
  "116": 0.8127906976744191,
  "117": 0.8174418604651168,
  "118": 0.8186046511627912,
  "119": 0.8209302325581401,
  "120": 0.8255813953488378,
  "121": 0.8267441860465122,
  "122": 0.8290697674418611,
  "123": 0.8337209302325588,
  "124": 0.8360465116279077,
  "125": 0.8383720930232565,
  "126": 0.8488372093023263,
  "128": 0.853488372093024,
  "130": 0.8627906976744193,
  "132": 0.8662790697674425,
  "133": 0.8686046511627914,
  "134": 0.8697674418604658,
  "135": 0.8744186046511635,
  "136": 0.8755813953488379,
  "137": 0.8802325581395356,
  "138": 0.88139534883721,
  "139": 0.8825581395348845,
  "140": 0.8837209302325589,
  "141": 0.8872093023255821,
  "142": 0.8930232558139543,
  "143": 0.8941860465116287,
  "144": 0.8976744186046519,
  "145": 0.8988372093023264,
  "146": 0.903488372093024,
  "147": 0.9069767441860472,
  "148": 0.9104651162790705,
  "149": 0.9116279069767449,
  "151": 0.9151162790697681,
  "152": 0.917441860465117,
  "154": 0.9209302325581402,
  "155": 0.9232558139534891,
  "156": 0.9279069767441868,
  "157": 0.9302325581395356,
  "159": 0.9313953488372101,
  "160": 0.933720930232559,
  "161": 0.9348837209302334,
  "162": 0.9360465116279079,
  "163": 0.9372093023255823,
  "164": 0.94186046511628,
  "165": 0.9453488372093032,
  "166": 0.9500000000000008,
  "167": 0.9523255813953497,
  "169": 0.9534883720930242,
  "170": 0.9558139534883731,
  "172": 0.9581395348837219,
  "173": 0.9593023255813964,
  "174": 0.9604651162790708,
  "175": 0.9651162790697685,
  "176": 0.9697674418604662,
  "177": 0.972093023255815,
  "179": 0.9744186046511639,
  "181": 0.9755813953488384,
  "182": 0.9779069767441873,
  "183": 0.9790697674418617,
  "185": 0.9825581395348849,
  "186": 0.9860465116279081,
  "188": 0.988372093023257,
  "189": 0.9906976744186059,
  "191": 0.9918604651162803,
  "192": 0.9930232558139548,
  "194": 0.9953488372093037,
  "195": 0.9965116279069781,
  "196": 0.9976744186046526,
  "197": 0.998837209302327,
  "198": 1.0000000000000013
}