{
  "2": 0.027972027972027972,
  "3": 0.05454545454545455,
  "4": 0.09230769230769231,
  "5": 0.1118881118881119,
  "6": 0.13846153846153847,
  "7": 0.16223776223776223,
  "8": 0.18461538461538463,
  "9": 0.1986013986013986,
  "10": 0.22377622377622378,
  "11": 0.24895104895104894,
  "12": 0.2727272727272727,
  "13": 0.30489510489510485,
  "14": 0.3244755244755244,
  "15": 0.3398601398601398,
  "16": 0.3552447552447552,
  "17": 0.37482517482517475,
  "18": 0.38881118881118876,
  "19": 0.4055944055944055,
  "20": 0.4139860139860139,
  "21": 0.4307692307692307,
  "22": 0.4447552447552447,
  "23": 0.4517482517482517,
  "24": 0.4629370629370629,
  "25": 0.47272727272727266,
  "26": 0.48111888111888107,
  "27": 0.4895104895104895,
  "28": 0.49650349650349646,
  "29": 0.5020979020979021,
  "30": 0.509090909090909,
  "31": 0.516083916083916,
  "32": 0.5244755244755244,
  "33": 0.53006993006993,
  "34": 0.5412587412587412,
  "35": 0.5468531468531468,
  "36": 0.5552447552447551,
  "37": 0.5594405594405594,
  "38": 0.5636363636363636,
  "39": 0.5748251748251748,
  "40": 0.5874125874125874,
  "41": 0.5958041958041957,
  "42": 0.6027972027972027,
  "43": 0.6083916083916083,
  "44": 0.6111888111888111,
  "45": 0.6167832167832167,
  "46": 0.6223776223776223,
  "47": 0.6279720279720279,
  "48": 0.6321678321678321,
  "49": 0.6391608391608391,
  "50": 0.6419580419580418,
  "51": 0.6475524475524475,
  "52": 0.6531468531468531,
  "53": 0.6615384615384614,
  "54": 0.6657342657342656,
  "55": 0.6699300699300699,
  "56": 0.6755244755244755,
  "57": 0.6783216783216782,
  "58": 0.6797202797202796,
  "59": 0.6825174825174823,
  "60": 0.6853146853146851,
  "61": 0.6979020979020977,
  "62": 0.7020979020979019,
  "63": 0.7104895104895103,
  "64": 0.713286713286713,
  "65": 0.7160839160839158,
  "66": 0.72027972027972,
  "67": 0.727272727272727,
  "68": 0.7300699300699297,
  "69": 0.7384615384615381,
  "70": 0.7482517482517479,
  "72": 0.7538461538461535,
  "73": 0.7580419580419577,
  "74": 0.762237762237762,
  "75": 0.7650349650349647,
  "76": 0.7664335664335661,
  "77": 0.7678321678321675,
  "78": 0.7720279720279717,
  "79": 0.7748251748251744,
  "80": 0.7790209790209787,
  "81": 0.7818181818181814,
  "82": 0.7860139860139856,
  "83": 0.7930069930069926,
  "84": 0.7958041958041954,
  "86": 0.7986013986013981,
  "87": 0.7999999999999995,
  "88": 0.8055944055944051,
  "89": 0.8083916083916078,
  "90": 0.8097902097902092,
  "91": 0.8111888111888106,
  "92": 0.8153846153846148,
  "93": 0.819580419580419,
  "94": 0.826573426573426,
  "95": 0.8293706293706288,
  "96": 0.8307692307692301,
  "98": 0.8363636363636358,
  "99": 0.8391608391608385,
  "100": 0.8419580419580412,
  "101": 0.8475524475524469,
  "102": 0.8503496503496496,
  "103": 0.8559440559440552,
  "104": 0.8615384615384608,
  "105": 0.8671328671328664,
  "106": 0.872727272727272,
  "108": 0.879720279720279,
  "111": 0.8825174825174817,
  "112": 0.8853146853146845,
  "114": 0.8881118881118872,
  "115": 0.89090909090909,
  "116": 0.8923076923076914,
  "117": 0.8937062937062927,
  "119": 0.8965034965034955,
  "120": 0.8993006993006982,
  "121": 0.9006993006992996,
  "122": 0.902097902097901,
  "124": 0.9076923076923066,
  "125": 0.9132867132867122,
  "126": 0.9146853146853136,
  "127": 0.9160839160839149,
  "128": 0.9174825174825163,
  "129": 0.9188811188811177,
  "130": 0.920279720279719,
  "132": 0.9216783216783204,
  "133": 0.9230769230769218,
  "134": 0.9258741258741245,
  "136": 0.9272727272727259,
  "137": 0.9286713286713273,
  "138": 0.9300699300699287,
  "139": 0.93146853146853,
  "142": 0.9328671328671314,
  "143": 0.9370629370629356,
  "144": 0.9398601398601384,
  "145": 0.9412587412587398,
  "147": 0.9426573426573411,
  "148": 0.9454545454545439,
  "149": 0.9496503496503481,
  "150": 0.9510489510489495,
  "152": 0.9524475524475509,
  "155": 0.9538461538461522,
  "158": 0.9552447552447536,
  "159": 0.956643356643355,
  "160": 0.9580419580419564,
  "161": 0.9594405594405577,
  "164": 0.9622377622377605,
  "165": 0.9636363636363618,
  "166": 0.9650349650349632,
  "167": 0.967832167832166,
  "169": 0.9692307692307673,
  "170": 0.9720279720279701,
  "171": 0.9734265734265715,
  "174": 0.9762237762237742,
  "175": 0.979020979020977,
  "177": 0.9804195804195783,
  "185": 0.9832167832167811,
  "187": 0.9860139860139838,
  "188": 0.9874125874125852,
  "189": 0.9888111888111866,
  "190": 0.9902097902097879,
  "193": 0.9930069930069907,
  "194": 0.9958041958041934,
  "196": 0.9986013986013962,
  "198": 0.9999999999999976
}