{
  "65": 0.9960000000000001,
  "2": 0.087,
  "3": 0.528,
  "4": 0.799,
  "5": 0.882,
  "6": 0.919,
  "7": 0.9390000000000001,
  "8": 0.9440000000000001,
  "9": 0.9530000000000001,
  "10": 0.9550000000000001,
  "11": 0.9580000000000001,
  "12": 0.9590000000000001,
  "13": 0.9640000000000001,
  "14": 0.9650000000000001,
  "15": 0.9680000000000001,
  "16": 0.9700000000000001,
  "17": 0.9740000000000001,
  "18": 0.9750000000000001,
  "19": 0.9780000000000001,
  "66": 0.9970000000000001,
  "22": 0.9790000000000001,
  "23": 0.9820000000000001,
  "24": 0.9850000000000001,
  "27": 0.9860000000000001,
  "28": 0.9870000000000001,
  "33": 0.9880000000000001,
  "67": 0.9990000000000001,
  "44": 0.9890000000000001,
  "49": 0.9900000000000001,
  "50": 0.9920000000000001,
  "83": 1.0,
  "56": 0.9930000000000001,
  "60": 0.9950000000000001
}