{
  "2": 0.023622047244094488,
  "3": 0.1010498687664042,
  "4": 0.14960629921259844,
  "5": 0.20866141732283466,
  "6": 0.25196850393700787,
  "7": 0.3110236220472441,
  "8": 0.34776902887139105,
  "9": 0.3727034120734908,
  "10": 0.3963254593175853,
  "11": 0.421259842519685,
  "12": 0.4448818897637795,
  "13": 0.47112860892388453,
  "14": 0.4908136482939633,
  "15": 0.5065616797900263,
  "16": 0.5236220472440946,
  "17": 0.5380577427821523,
  "18": 0.5498687664041996,
  "19": 0.557742782152231,
  "20": 0.568241469816273,
  "21": 0.583989501312336,
  "22": 0.5958005249343832,
  "23": 0.6089238845144357,
  "24": 0.6194225721784776,
  "25": 0.6233595800524934,
  "26": 0.6338582677165354,
  "27": 0.6391076115485564,
  "28": 0.6430446194225722,
  "29": 0.6469816272965879,
  "30": 0.6509186351706037,
  "31": 0.6548556430446194,
  "32": 0.6574803149606299,
  "34": 0.6614173228346456,
  "35": 0.6640419947506561,
  "36": 0.6666666666666665,
  "37": 0.6706036745406823,
  "38": 0.674540682414698,
  "39": 0.6811023622047242,
  "40": 0.6850393700787399,
  "41": 0.690288713910761,
  "42": 0.6968503937007872,
  "43": 0.6981627296587924,
  "44": 0.7020997375328082,
  "45": 0.7099737532808397,
  "46": 0.7139107611548554,
  "47": 0.7178477690288712,
  "48": 0.7230971128608922,
  "49": 0.7244094488188975,
  "50": 0.7296587926509185,
  "51": 0.7349081364829395,
  "52": 0.7362204724409448,
  "53": 0.7388451443569553,
  "55": 0.7401574803149605,
  "58": 0.742782152230971,
  "59": 0.7454068241469815,
  "61": 0.7467191601049867,
  "62": 0.748031496062992,
  "63": 0.7559055118110235,
  "64": 0.763779527559055,
  "65": 0.7650918635170603,
  "66": 0.7677165354330707,
  "67": 0.7716535433070865,
  "68": 0.7729658792650917,
  "69": 0.7769028871391075,
  "70": 0.7782152230971128,
  "71": 0.7808398950131232,
  "72": 0.7834645669291337,
  "73": 0.784776902887139,
  "74": 0.7874015748031494,
  "75": 0.7926509186351705,
  "76": 0.7979002624671915,
  "77": 0.8018372703412072,
  "78": 0.8044619422572177,
  "79": 0.805774278215223,
  "80": 0.8097112860892387,
  "81": 0.8136482939632544,
  "82": 0.8188976377952755,
  "84": 0.8228346456692912,
  "85": 0.8280839895013122,
  "86": 0.8333333333333333,
  "87": 0.8385826771653543,
  "88": 0.8412073490813647,
  "89": 0.8438320209973752,
  "90": 0.8451443569553805,
  "91": 0.8477690288713909,
  "92": 0.8490813648293962,
  "93": 0.8503937007874015,
  "94": 0.8556430446194225,
  "95": 0.8595800524934383,
  "96": 0.8608923884514436,
  "97": 0.8661417322834646,
  "98": 0.868766404199475,
  "99": 0.8740157480314961,
  "100": 0.8805774278215223,
  "101": 0.8832020997375327,
  "104": 0.884514435695538,
  "105": 0.889763779527559,
  "106": 0.8937007874015748,
  "107": 0.8989501312335958,
  "108": 0.9015748031496063,
  "110": 0.9028871391076115,
  "111": 0.9094488188976377,
  "112": 0.910761154855643,
  "113": 0.9133858267716535,
  "116": 0.9146981627296588,
  "118": 0.916010498687664,
  "119": 0.9186351706036745,
  "120": 0.921259842519685,
  "123": 0.9238845144356954,
  "124": 0.9251968503937007,
  "126": 0.926509186351706,
  "127": 0.9278215223097113,
  "129": 0.9304461942257217,
  "130": 0.9370078740157479,
  "131": 0.9396325459317584,
  "133": 0.9422572178477688,
  "135": 0.9435695538057741,
  "137": 0.9461942257217846,
  "139": 0.9475065616797899,
  "140": 0.9501312335958003,
  "141": 0.9514435695538056,
  "145": 0.9527559055118109,
  "147": 0.9553805774278213,
  "148": 0.9580052493438318,
  "152": 0.9593175853018371,
  "154": 0.9606299212598424,
  "157": 0.9619422572178477,
  "159": 0.9645669291338581,
  "160": 0.9658792650918634,
  "161": 0.9671916010498687,
  "165": 0.9724409448818897,
  "167": 0.973753280839895,
  "168": 0.9763779527559054,
  "169": 0.9776902887139107,
  "170": 0.9803149606299212,
  "171": 0.9816272965879265,
  "173": 0.9829396325459318,
  "174": 0.984251968503937,
  "183": 0.9855643044619423,
  "184": 0.9881889763779528,
  "185": 0.9895013123359581,
  "186": 0.9921259842519685,
  "188": 0.9934383202099738,
  "189": 0.9947506561679791,
  "191": 0.9960629921259844,
  "192": 0.9973753280839897,
  "193": 0.9986876640419949,
  "197": 1.0000000000000002
}