{
  "2": 0.04483837330552659,
  "3": 0.13034410844629823,
  "4": 0.18248175182481752,
  "5": 0.23566214807090718,
  "6": 0.2732012513034411,
  "7": 0.29822732012513037,
  "8": 0.3274244004171012,
  "9": 0.370177267987487,
  "10": 0.40458811261730976,
  "11": 0.4306569343065694,
  "12": 0.45046923879040673,
  "13": 0.4765380604796664,
  "14": 0.5005213764337852,
  "15": 0.5182481751824818,
  "16": 0.5276329509906152,
  "17": 0.5422314911366006,
  "18": 0.5547445255474452,
  "19": 0.5620437956204379,
  "20": 0.5735140771637122,
  "21": 0.5881126173096975,
  "22": 0.597497393117831,
  "23": 0.6047966631908237,
  "24": 0.6120959332638164,
  "25": 0.6256517205422314,
  "26": 0.6371220020855056,
  "27": 0.6475495307612095,
  "28": 0.6538060479666318,
  "29": 0.6642335766423356,
  "30": 0.6715328467153283,
  "31": 0.6746611053180395,
  "32": 0.6798748696558914,
  "33": 0.692387904066736,
  "34": 0.6986444212721583,
  "35": 0.705943691345151,
  "36": 0.7132429614181437,
  "37": 0.7215849843587068,
  "38": 0.7257559958289883,
  "39": 0.7278415015641291,
  "40": 0.7309697601668402,
  "41": 0.733055265901981,
  "42": 0.7361835245046922,
  "43": 0.7382690302398329,
  "44": 0.7476538060479664,
  "45": 0.7528675703858183,
  "46": 0.7570385818560998,
  "47": 0.760166840458811,
  "48": 0.7653806047966629,
  "49": 0.7664233576642333,
  "50": 0.7705943691345148,
  "51": 0.7716371220020852,
  "52": 0.773722627737226,
  "53": 0.7778936392075075,
  "54": 0.7799791449426483,
  "55": 0.7810218978102187,
  "56": 0.7831074035453595,
  "57": 0.7862356621480706,
  "58": 0.7904066736183522,
  "59": 0.7924921793534929,
  "60": 0.7935349322210633,
  "61": 0.7956204379562041,
  "62": 0.800834202294056,
  "63": 0.8018769551616264,
  "64": 0.8029197080291968,
  "65": 0.8060479666319079,
  "66": 0.8081334723670487,
  "67": 0.8123044838373302,
  "68": 0.814389989572471,
  "70": 0.8154327424400414,
  "71": 0.8164754953076118,
  "72": 0.8196037539103229,
  "73": 0.8227320125130341,
  "74": 0.8269030239833156,
  "78": 0.827945776850886,
  "79": 0.8300312825860268,
  "80": 0.8342022940563083,
  "81": 0.8362877997914491,
  "82": 0.8383733055265898,
  "83": 0.8394160583941602,
  "86": 0.8435870698644418,
  "87": 0.8446298227320121,
  "88": 0.8477580813347233,
  "89": 0.8508863399374345,
  "90": 0.8540145985401456,
  "92": 0.8561001042752864,
  "93": 0.8571428571428568,
  "94": 0.8581856100104271,
  "95": 0.8602711157455679,
  "96": 0.8633993743482791,
  "97": 0.8665276329509902,
  "98": 0.868613138686131,
  "99": 0.8696558915537014,
  "100": 0.8706986444212718,
  "101": 0.8748696558915533,
  "102": 0.8759124087591237,
  "103": 0.8800834202294052,
  "104": 0.8852971845672571,
  "106": 0.8873826903023979,
  "107": 0.8884254431699683,
  "108": 0.8905109489051091,
  "109": 0.8925964546402498,
  "110": 0.8936392075078202,
  "111": 0.8967674661105314,
  "112": 0.8998957247132425,
  "113": 0.9019812304483833,
  "114": 0.9030239833159537,
  "115": 0.9040667361835241,
  "118": 0.9061522419186648,
  "119": 0.9071949947862352,
  "120": 0.909280500521376,
  "121": 0.9103232533889464,
  "122": 0.9134515119916575,
  "123": 0.9144942648592279,
  "124": 0.9155370177267983,
  "127": 0.9165797705943687,
  "128": 0.9186652763295095,
  "129": 0.9197080291970798,
  "130": 0.9217935349322206,
  "131": 0.9249217935349318,
  "132": 0.9259645464025021,
  "133": 0.9280500521376429,
  "134": 0.9290928050052133,
  "135": 0.9301355578727837,
  "136": 0.9311783107403541,
  "137": 0.9332638164754948,
  "141": 0.936392075078206,
  "142": 0.9374348279457764,
  "144": 0.9395203336809171,
  "145": 0.9405630865484875,
  "146": 0.9416058394160579,
  "147": 0.9436913451511987,
  "148": 0.9447340980187691,
  "149": 0.9457768508863394,
  "150": 0.9468196037539098,
  "151": 0.9489051094890506,
  "153": 0.949947862356621,
  "154": 0.9520333680917618,
  "155": 0.9530761209593321,
  "157": 0.9551616266944729,
  "158": 0.9562043795620433,
  "159": 0.9572471324296137,
  "161": 0.9582898852971841,
  "164": 0.9603753910323248,
  "165": 0.9614181438998952,
  "166": 0.9624608967674656,
  "167": 0.9645464025026064,
  "168": 0.9655891553701768,
  "169": 0.9687174139728879,
  "171": 0.9697601668404583,
  "172": 0.9718456725755991,
  "173": 0.9728884254431694,
  "174": 0.9760166840458806,
  "176": 0.977059436913451,
  "180": 0.9781021897810214,
  "181": 0.9791449426485918,
  "182": 0.9801876955161621,
  "183": 0.9812304483837325,
  "184": 0.9822732012513029,
  "186": 0.9843587069864437,
  "187": 0.9854014598540141,
  "188": 0.9874869655891548,
  "192": 0.9895724713242956,
  "194": 0.9916579770594364,
  "197": 0.9927007299270068,
  "198": 0.9958289885297179,
  "199": 0.9999999999999994
}