{
  "2": 0.02653631284916201,
  "3": 0.09776536312849161,
  "4": 0.1354748603351955,
  "5": 0.164804469273743,
  "6": 0.1941340782122905,
  "7": 0.2360335195530726,
  "8": 0.25279329608938544,
  "9": 0.2737430167597765,
  "10": 0.2918994413407821,
  "11": 0.3198324022346368,
  "12": 0.33240223463687146,
  "13": 0.3477653631284916,
  "14": 0.3687150837988827,
  "15": 0.38687150837988826,
  "16": 0.3966480446927374,
  "17": 0.41620111731843573,
  "18": 0.4301675977653631,
  "19": 0.4483240223463687,
  "20": 0.46508379888268153,
  "21": 0.48463687150837986,
  "22": 0.5055865921787709,
  "23": 0.5181564245810055,
  "24": 0.5293296089385474,
  "25": 0.5391061452513966,
  "26": 0.5488826815642457,
  "27": 0.5614525139664803,
  "28": 0.5656424581005586,
  "29": 0.5684357541899441,
  "30": 0.5879888268156424,
  "31": 0.594972067039106,
  "32": 0.6033519553072624,
  "33": 0.610335195530726,
  "34": 0.615921787709497,
  "35": 0.621508379888268,
  "36": 0.627094972067039,
  "37": 0.6298882681564245,
  "38": 0.6340782122905028,
  "39": 0.6438547486033519,
  "40": 0.6508379888268155,
  "41": 0.6606145251396647,
  "42": 0.6703910614525138,
  "43": 0.6731843575418993,
  "44": 0.685754189944134,
  "45": 0.6983240223463686,
  "46": 0.7039106145251396,
  "47": 0.7108938547486032,
  "48": 0.7164804469273742,
  "49": 0.7206703910614525,
  "50": 0.7318435754189944,
  "51": 0.7346368715083799,
  "52": 0.7430167597765363,
  "54": 0.7486033519553073,
  "55": 0.7555865921787709,
  "56": 0.7611731843575419,
  "57": 0.7695530726256983,
  "58": 0.7751396648044693,
  "59": 0.7863128491620112,
  "60": 0.7905027932960894,
  "61": 0.7918994413407822,
  "62": 0.7932960893854749,
  "63": 0.7946927374301677,
  "64": 0.7974860335195532,
  "65": 0.8072625698324023,
  "66": 0.808659217877095,
  "67": 0.8100558659217878,
  "68": 0.814245810055866,
  "69": 0.8184357541899443,
  "70": 0.819832402234637,
  "71": 0.8240223463687153,
  "72": 0.8282122905027935,
  "73": 0.8296089385474863,
  "74": 0.831005586592179,
  "75": 0.8324022346368718,
  "77": 0.8351955307262573,
  "78": 0.8379888268156428,
  "80": 0.8407821229050283,
  "81": 0.842178770949721,
  "84": 0.8435754189944138,
  "85": 0.8491620111731848,
  "87": 0.8561452513966484,
  "88": 0.8617318435754194,
  "89": 0.8645251396648049,
  "90": 0.8673184357541904,
  "91": 0.8715083798882687,
  "92": 0.8729050279329614,
  "93": 0.8812849162011178,
  "95": 0.8868715083798888,
  "96": 0.8896648044692743,
  "97": 0.8924581005586598,
  "98": 0.8952513966480453,
  "99": 0.9008379888268163,
  "101": 0.9036312849162018,
  "102": 0.9064245810055873,
  "103": 0.9078212290502801,
  "104": 0.9106145251396656,
  "105": 0.9134078212290511,
  "106": 0.9148044692737438,
  "108": 0.9162011173184366,
  "110": 0.9175977653631293,
  "114": 0.9189944134078221,
  "116": 0.9231843575419003,
  "117": 0.9245810055865931,
  "118": 0.9259776536312858,
  "119": 0.9273743016759786,
  "120": 0.9287709497206713,
  "123": 0.9329608938547496,
  "125": 0.9343575418994423,
  "126": 0.9371508379888278,
  "127": 0.9385474860335206,
  "128": 0.9399441340782133,
  "129": 0.9427374301675988,
  "131": 0.9441340782122916,
  "132": 0.9455307262569843,
  "133": 0.9469273743016771,
  "136": 0.9483240223463698,
  "137": 0.9497206703910626,
  "139": 0.9539106145251408,
  "145": 0.9567039106145263,
  "147": 0.9581005586592191,
  "149": 0.9608938547486046,
  "155": 0.9622905027932973,
  "156": 0.9636871508379901,
  "158": 0.9664804469273756,
  "162": 0.9678770949720683,
  "163": 0.9692737430167611,
  "164": 0.9706703910614538,
  "165": 0.9720670391061466,
  "167": 0.9734636871508393,
  "168": 0.9762569832402248,
  "169": 0.9776536312849176,
  "171": 0.9790502793296103,
  "176": 0.9804469273743031,
  "177": 0.9818435754189958,
  "178": 0.9874301675977668,
  "180": 0.9888268156424596,
  "182": 0.9902234636871523,
  "183": 0.991620111731845,
  "185": 0.9930167597765378,
  "186": 0.9944134078212306,
  "188": 0.9958100558659233,
  "190": 0.997206703910616,
  "198": 0.9986033519553088,
  "199": 1.0000000000000016
}