{
  "2": 0.027982326951399118,
  "3": 0.061855670103092786,
  "4": 0.11192930780559647,
  "5": 0.13991163475699558,
  "6": 0.16642120765832105,
  "7": 0.19293078055964652,
  "8": 0.2120765832106038,
  "9": 0.23711340206185563,
  "10": 0.26067746686303384,
  "11": 0.2754050073637702,
  "12": 0.3019145802650957,
  "13": 0.32400589101620025,
  "14": 0.34020618556701027,
  "15": 0.35051546391752575,
  "16": 0.3593519882179676,
  "17": 0.374079528718704,
  "18": 0.3858615611192931,
  "19": 0.4050073637702504,
  "20": 0.422680412371134,
  "21": 0.4300441826215022,
  "22": 0.43740795287187034,
  "23": 0.4447717231222385,
  "24": 0.455081001472754,
  "25": 0.46539027982326947,
  "26": 0.4830633284241531,
  "27": 0.4904270986745213,
  "28": 0.5007363770250367,
  "29": 0.5169366715758468,
  "30": 0.5228276877761413,
  "31": 0.5301914580265095,
  "32": 0.5375552282768776,
  "33": 0.5449189985272458,
  "34": 0.5581737849779085,
  "35": 0.5670103092783503,
  "36": 0.5773195876288657,
  "37": 0.5876288659793811,
  "38": 0.5949926362297493,
  "39": 0.6023564064801175,
  "40": 0.608247422680412,
  "41": 0.6141384388807065,
  "42": 0.6259204712812956,
  "43": 0.6303387334315165,
  "44": 0.6347569955817374,
  "45": 0.6435935198821792,
  "46": 0.652430044182621,
  "47": 0.6568483063328419,
  "48": 0.6612665684830628,
  "49": 0.6715758468335782,
  "50": 0.6774668630338727,
  "51": 0.6789396170839463,
  "52": 0.6848306332842409,
  "53": 0.6892488954344618,
  "54": 0.6936671575846827,
  "55": 0.6951399116347563,
  "56": 0.6980854197349036,
  "57": 0.7010309278350508,
  "58": 0.7039764359351981,
  "59": 0.7069219440353454,
  "60": 0.708394698085419,
  "61": 0.7128129602356399,
  "62": 0.720176730486008,
  "63": 0.7231222385861553,
  "64": 0.7275405007363762,
  "65": 0.7334315169366707,
  "66": 0.7378497790868916,
  "67": 0.7422680412371125,
  "68": 0.7452135493372598,
  "70": 0.752577319587628,
  "71": 0.7614138438880698,
  "72": 0.764359351988217,
  "73": 0.7687776141384379,
  "74": 0.7746686303387325,
  "75": 0.7761413843888061,
  "77": 0.7776141384388797,
  "78": 0.780559646539027,
  "79": 0.7864506627393215,
  "80": 0.7893961708394688,
  "81": 0.7908689248895424,
  "82": 0.792341678939616,
  "83": 0.7967599410898369,
  "84": 0.7982326951399106,
  "85": 0.8011782032400578,
  "86": 0.8055964653902787,
  "87": 0.8070692194403524,
  "88": 0.8114874815905733,
  "89": 0.8173784977908678,
  "90": 0.8217967599410887,
  "91": 0.8276877761413832,
  "92": 0.8291605301914569,
  "93": 0.8306332842415305,
  "94": 0.8335787923416778,
  "95": 0.8379970544918987,
  "96": 0.8394698085419723,
  "97": 0.8438880706921932,
  "98": 0.8453608247422668,
  "99": 0.8483063328424141,
  "100": 0.852724594992635,
  "101": 0.8556701030927822,
  "104": 0.8600883652430031,
  "105": 0.8615611192930768,
  "106": 0.8630338733431504,
  "107": 0.864506627393224,
  "109": 0.8659793814432977,
  "110": 0.8689248895434449,
  "112": 0.8703976435935186,
  "113": 0.8733431516936658,
  "114": 0.8762886597938131,
  "115": 0.8777614138438867,
  "116": 0.8792341678939604,
  "117": 0.8821796759941076,
  "118": 0.8865979381443285,
  "119": 0.8910162002945494,
  "120": 0.8954344624447703,
  "121": 0.8983799705449176,
  "122": 0.8998527245949912,
  "125": 0.9013254786450648,
  "126": 0.9042709867452121,
  "127": 0.9072164948453594,
  "128": 0.9116347569955803,
  "129": 0.9145802650957275,
  "130": 0.9189985272459484,
  "131": 0.9204712812960221,
  "132": 0.9234167893961693,
  "135": 0.9263622974963166,
  "136": 0.9278350515463902,
  "139": 0.9293078055964639,
  "140": 0.9307805596465375,
  "142": 0.9322533136966111,
  "143": 0.9351988217967584,
  "144": 0.936671575846832,
  "146": 0.9396170839469793,
  "148": 0.9425625920471266,
  "150": 0.9440353460972002,
  "151": 0.9469808541973475,
  "152": 0.9484536082474211,
  "153": 0.9499263622974947,
  "154": 0.952871870397642,
  "155": 0.9543446244477156,
  "156": 0.9558173784977892,
  "160": 0.9587628865979365,
  "161": 0.9602356406480101,
  "162": 0.964653902798231,
  "163": 0.9661266568483047,
  "165": 0.9690721649484519,
  "169": 0.9720176730485992,
  "170": 0.9734904270986728,
  "171": 0.9749631811487465,
  "177": 0.9779086892488937,
  "178": 0.9793814432989674,
  "179": 0.980854197349041,
  "180": 0.9837997054491883,
  "182": 0.9852724594992619,
  "183": 0.9867452135493355,
  "184": 0.9882179675994092,
  "185": 0.9896907216494828,
  "186": 0.9911634756995564,
  "190": 0.9926362297496301,
  "192": 0.9941089837997037,
  "193": 0.9955817378497773,
  "195": 0.997054491899851,
  "196": 0.9999999999999982
}