{
  "2": 0.3562753036437247,
  "3": 0.5334008097165992,
  "4": 0.6153846153846154,
  "5": 0.6953441295546559,
  "6": 0.75,
  "7": 0.7975708502024291,
  "8": 0.840080971659919,
  "9": 0.8775303643724697,
  "10": 0.8997975708502025,
  "11": 0.9210526315789475,
  "12": 0.9342105263157896,
  "13": 0.9443319838056682,
  "14": 0.9544534412955468,
  "15": 0.9605263157894739,
  "16": 0.9696356275303646,
  "17": 0.9757085020242917,
  "18": 0.9827935222672067,
  "20": 0.9848178137651824,
  "21": 0.9888663967611339,
  "22": 0.9908906882591095,
  "23": 0.9919028340080974,
  "25": 0.9939271255060731,
  "26": 0.994939271255061,
  "27": 0.9959514170040489,
  "34": 0.9979757085020245,
  "36": 0.9989878542510124,
  "42": 1.0000000000000002
}