{
  "2": 0.06678082191780822,
  "3": 0.13013698630136988,
  "4": 0.17465753424657537,
  "5": 0.25171232876712335,
  "6": 0.30821917808219185,
  "7": 0.34760273972602745,
  "8": 0.37500000000000006,
  "9": 0.3972602739726028,
  "10": 0.4195205479452055,
  "11": 0.4332191780821918,
  "12": 0.4452054794520548,
  "13": 0.4554794520547945,
  "14": 0.4691780821917808,
  "15": 0.4845890410958904,
  "16": 0.5085616438356164,
  "17": 0.5222602739726028,
  "18": 0.5308219178082192,
  "19": 0.541095890410959,
  "20": 0.5479452054794521,
  "21": 0.5633561643835617,
  "22": 0.577054794520548,
  "23": 0.589041095890411,
  "24": 0.5941780821917808,
  "25": 0.601027397260274,
  "26": 0.6095890410958904,
  "27": 0.6147260273972602,
  "28": 0.625,
  "29": 0.6386986301369864,
  "30": 0.642123287671233,
  "31": 0.6472602739726028,
  "32": 0.654109589041096,
  "33": 0.6626712328767124,
  "34": 0.6695205479452055,
  "35": 0.6746575342465754,
  "36": 0.6815068493150686,
  "37": 0.6883561643835617,
  "38": 0.6969178082191781,
  "39": 0.702054794520548,
  "40": 0.7071917808219178,
  "41": 0.7123287671232876,
  "42": 0.7243150684931506,
  "43": 0.732876712328767,
  "44": 0.7499999999999999,
  "45": 0.7619863013698629,
  "46": 0.7739726027397259,
  "47": 0.7842465753424657,
  "48": 0.7893835616438355,
  "49": 0.7945205479452053,
  "50": 0.7996575342465752,
  "51": 0.8030821917808217,
  "52": 0.804794520547945,
  "53": 0.8065068493150682,
  "54": 0.8082191780821915,
  "55": 0.8133561643835613,
  "56": 0.8202054794520545,
  "57": 0.8304794520547942,
  "58": 0.8321917808219175,
  "60": 0.8339041095890407,
  "61": 0.8407534246575339,
  "62": 0.8458904109589037,
  "63": 0.8527397260273969,
  "64": 0.8561643835616435,
  "65": 0.8595890410958901,
  "66": 0.8681506849315065,
  "67": 0.8715753424657531,
  "68": 0.8732876712328763,
  "69": 0.8784246575342461,
  "70": 0.883561643835616,
  "71": 0.8869863013698626,
  "72": 0.8904109589041092,
  "73": 0.895547945205479,
  "74": 0.8972602739726022,
  "75": 0.902397260273972,
  "76": 0.9058219178082186,
  "77": 0.9109589041095885,
  "78": 0.9212328767123282,
  "79": 0.9246575342465748,
  "80": 0.931506849315068,
  "81": 0.9349315068493146,
  "82": 0.9417808219178078,
  "83": 0.9452054794520544,
  "84": 0.9520547945205475,
  "85": 0.9537671232876708,
  "86": 0.955479452054794,
  "87": 0.9571917808219172,
  "88": 0.9623287671232871,
  "89": 0.9657534246575337,
  "90": 0.9674657534246569,
  "91": 0.9726027397260267,
  "92": 0.97431506849315,
  "93": 0.9760273972602732,
  "95": 0.9794520547945198,
  "96": 0.9828767123287664,
  "101": 0.9845890410958896,
  "103": 0.9863013698630129,
  "105": 0.9897260273972595,
  "111": 0.9914383561643827,
  "115": 0.9931506849315059,
  "122": 0.9948630136986292,
  "125": 0.9965753424657524,
  "126": 0.9982876712328757,
  "147": 0.9999999999999989
}