{
  "2": 0.03056768558951965,
  "3": 0.06841339155749636,
  "4": 0.10334788937409024,
  "5": 0.13100436681222707,
  "6": 0.16885007278020378,
  "7": 0.20087336244541484,
  "8": 0.22707423580786026,
  "9": 0.24454148471615722,
  "10": 0.27365356622998543,
  "11": 0.2940320232896652,
  "12": 0.32023289665211063,
  "13": 0.3420669577874818,
  "14": 0.35807860262008734,
  "15": 0.3726346433770015,
  "16": 0.39301310043668125,
  "17": 0.4104803493449782,
  "18": 0.42358078602620086,
  "19": 0.4308588064046579,
  "20": 0.44832605531295483,
  "21": 0.4599708879184861,
  "22": 0.4818049490538573,
  "23": 0.4919941775836972,
  "24": 0.5036390101892285,
  "25": 0.5152838427947598,
  "26": 0.5254730713245996,
  "27": 0.5414847161572052,
  "28": 0.551673944687045,
  "29": 0.558951965065502,
  "30": 0.5633187772925763,
  "31": 0.576419213973799,
  "32": 0.5851528384279475,
  "33": 0.593886462882096,
  "34": 0.6055312954876273,
  "35": 0.6098981077147015,
  "36": 0.611353711790393,
  "37": 0.6200873362445415,
  "38": 0.62882096069869,
  "39": 0.636098981077147,
  "40": 0.6433770014556041,
  "41": 0.6521106259097526,
  "42": 0.6550218340611353,
  "43": 0.6593886462882096,
  "44": 0.6637554585152838,
  "45": 0.6724890829694323,
  "46": 0.6797671033478894,
  "47": 0.6826783114992722,
  "48": 0.6943231441048034,
  "49": 0.7030567685589519,
  "50": 0.7074235807860262,
  "51": 0.7088791848617176,
  "52": 0.7117903930131004,
  "53": 0.7147016011644832,
  "54": 0.7234352256186317,
  "55": 0.7307132459970888,
  "56": 0.735080058224163,
  "57": 0.7379912663755458,
  "58": 0.7438136826783115,
  "59": 0.7510917030567685,
  "60": 0.7540029112081513,
  "61": 0.7583697234352256,
  "62": 0.7627365356622998,
  "63": 0.7685589519650655,
  "64": 0.7714701601164483,
  "65": 0.777292576419214,
  "66": 0.7787481804949055,
  "67": 0.7845705967976712,
  "68": 0.7889374090247454,
  "69": 0.7933042212518197,
  "70": 0.7962154294032024,
  "71": 0.8049490538573509,
  "72": 0.8107714701601166,
  "73": 0.8151382823871909,
  "74": 0.8180494905385737,
  "75": 0.8209606986899565,
  "76": 0.8253275109170307,
  "77": 0.8311499272197964,
  "78": 0.8369723435225621,
  "79": 0.8384279475982536,
  "80": 0.839883551673945,
  "82": 0.8427947598253278,
  "84": 0.8471615720524021,
  "85": 0.8486171761280935,
  "86": 0.850072780203785,
  "87": 0.8529839883551678,
  "88": 0.8588064046579335,
  "89": 0.8602620087336249,
  "90": 0.8617176128093164,
  "91": 0.8660844250363906,
  "92": 0.8675400291120821,
  "93": 0.8733624454148478,
  "94": 0.8748180494905392,
  "95": 0.8762736535662307,
  "96": 0.8777292576419221,
  "98": 0.8791848617176136,
  "100": 0.8835516739446878,
  "102": 0.8864628820960706,
  "103": 0.8879184861717621,
  "104": 0.8908296943231448,
  "105": 0.8937409024745276,
  "106": 0.8951965065502191,
  "107": 0.8966521106259105,
  "108": 0.9010189228529848,
  "109": 0.905385735080059,
  "110": 0.9082969432314418,
  "111": 0.9097525473071333,
  "112": 0.9126637554585161,
  "113": 0.9155749636098989,
  "114": 0.9184861717612817,
  "115": 0.9199417758369731,
  "118": 0.9213973799126646,
  "119": 0.922852983988356,
  "120": 0.9257641921397388,
  "121": 0.9272197962154303,
  "123": 0.9301310043668131,
  "124": 0.9330422125181959,
  "125": 0.9359534206695787,
  "127": 0.9374090247452701,
  "128": 0.9403202328966529,
  "129": 0.9432314410480357,
  "130": 0.9446870451237271,
  "132": 0.9475982532751099,
  "136": 0.9505094614264927,
  "139": 0.9519650655021842,
  "140": 0.9534206695778756,
  "141": 0.9577874818049499,
  "142": 0.9592430858806413,
  "143": 0.9621542940320241,
  "144": 0.9636098981077156,
  "145": 0.9665211062590984,
  "146": 0.9679767103347898,
  "148": 0.9694323144104813,
  "149": 0.9708879184861727,
  "150": 0.9723435225618642,
  "151": 0.9737991266375556,
  "152": 0.9752547307132471,
  "157": 0.9767103347889385,
  "158": 0.97816593886463,
  "162": 0.9810771470160128,
  "166": 0.9825327510917042,
  "169": 0.9839883551673957,
  "170": 0.9854439592430871,
  "171": 0.9868995633187786,
  "176": 0.98835516739447,
  "177": 0.9898107714701615,
  "178": 0.991266375545853,
  "181": 0.9927219796215444,
  "182": 0.9941775836972359,
  "187": 0.9956331877729273,
  "190": 0.9970887918486188,
  "192": 0.9985443959243102,
  "200": 1.0000000000000016
}