{
  "2": 0.0854978354978355,
  "3": 0.15259740259740262,
  "4": 0.20995670995670998,
  "5": 0.2586580086580087,
  "6": 0.29870129870129875,
  "7": 0.341991341991342,
  "8": 0.37554112554112556,
  "9": 0.4090909090909091,
  "10": 0.43614718614718617,
  "11": 0.4740259740259741,
  "12": 0.4902597402597403,
  "13": 0.5064935064935066,
  "14": 0.5140692640692641,
  "15": 0.525974025974026,
  "16": 0.538961038961039,
  "17": 0.5443722943722944,
  "18": 0.5530303030303031,
  "19": 0.5616883116883118,
  "20": 0.5768398268398269,
  "21": 0.5952380952380953,
  "22": 0.6125541125541126,
  "23": 0.6363636363636365,
  "24": 0.6515151515151516,
  "25": 0.6677489177489179,
  "26": 0.6753246753246754,
  "27": 0.6818181818181819,
  "28": 0.6893939393939394,
  "29": 0.6926406926406927,
  "30": 0.695887445887446,
  "32": 0.7002164502164503,
  "33": 0.7045454545454546,
  "34": 0.7121212121212122,
  "35": 0.7153679653679654,
  "36": 0.7186147186147187,
  "37": 0.7305194805194806,
  "38": 0.7380952380952381,
  "39": 0.7521645021645023,
  "40": 0.761904761904762,
  "41": 0.7673160173160174,
  "42": 0.7716450216450217,
  "43": 0.7792207792207793,
  "44": 0.7824675324675325,
  "45": 0.7943722943722944,
  "46": 0.7997835497835498,
  "47": 0.8160173160173161,
  "48": 0.8246753246753248,
  "49": 0.8344155844155845,
  "50": 0.8354978354978356,
  "51": 0.8365800865800868,
  "52": 0.8387445887445889,
  "53": 0.840909090909091,
  "54": 0.8452380952380953,
  "55": 0.8474025974025975,
  "56": 0.8484848484848486,
  "58": 0.8506493506493508,
  "59": 0.853896103896104,
  "60": 0.8582251082251083,
  "61": 0.8593073593073595,
  "62": 0.8647186147186149,
  "63": 0.8679653679653682,
  "64": 0.8701298701298703,
  "65": 0.8712121212121214,
  "66": 0.8744588744588747,
  "67": 0.8755411255411258,
  "68": 0.876623376623377,
  "69": 0.8777056277056281,
  "70": 0.8809523809523814,
  "71": 0.8852813852813857,
  "72": 0.8863636363636368,
  "73": 0.8896103896103901,
  "74": 0.8906926406926412,
  "75": 0.8939393939393945,
  "76": 0.8971861471861478,
  "77": 0.900432900432901,
  "78": 0.9036796536796543,
  "79": 0.9080086580086586,
  "80": 0.9112554112554119,
  "81": 0.9155844155844162,
  "82": 0.9177489177489183,
  "83": 0.9199134199134205,
  "84": 0.9209956709956716,
  "85": 0.9242424242424249,
  "86": 0.925324675324676,
  "87": 0.9285714285714293,
  "88": 0.9318181818181825,
  "89": 0.9350649350649358,
  "90": 0.9393939393939401,
  "91": 0.9437229437229444,
  "92": 0.9480519480519487,
  "93": 0.9491341991341998,
  "94": 0.951298701298702,
  "95": 0.9534632034632041,
  "96": 0.9556277056277063,
  "97": 0.9567099567099574,
  "98": 0.9588744588744595,
  "100": 0.9632034632034638,
  "101": 0.964285714285715,
  "102": 0.9664502164502171,
  "103": 0.9686147186147193,
  "104": 0.9718614718614725,
  "105": 0.9729437229437237,
  "107": 0.9740259740259748,
  "132": 0.9751082251082259,
  "143": 0.976190476190477,
  "146": 0.9772727272727282,
  "148": 0.9783549783549793,
  "150": 0.9794372294372304,
  "152": 0.9805194805194816,
  "157": 0.9826839826839837,
  "160": 0.9837662337662348,
  "163": 0.984848484848486,
  "164": 0.9859307359307371,
  "166": 0.9880952380952392,
  "170": 0.9891774891774904,
  "171": 0.9902597402597415,
  "173": 0.9924242424242437,
  "174": 0.9935064935064948,
  "184": 0.9945887445887459,
  "188": 0.995670995670997,
  "191": 0.9978354978354992,
  "192": 0.9989177489177503,
  "193": 1.0000000000000013
}