{
  "2": 0.303,
  "3": 0.472,
  "4": 0.5569999999999999,
  "5": 0.615,
  "6": 0.66,
  "7": 0.6950000000000001,
  "8": 0.7230000000000001,
  "9": 0.7590000000000001,
  "10": 0.7850000000000001,
  "11": 0.8170000000000002,
  "12": 0.8440000000000002,
  "13": 0.8720000000000002,
  "14": 0.8850000000000002,
  "15": 0.9030000000000002,
  "16": 0.9190000000000003,
  "17": 0.9310000000000003,
  "18": 0.9420000000000003,
  "19": 0.9490000000000003,
  "20": 0.9530000000000003,
  "21": 0.9580000000000003,
  "22": 0.9620000000000003,
  "23": 0.9630000000000003,
  "24": 0.9650000000000003,
  "25": 0.9660000000000003,
  "26": 0.9670000000000003,
  "27": 0.9720000000000003,
  "28": 0.9740000000000003,
  "29": 0.9750000000000003,
  "31": 0.9780000000000003,
  "32": 0.9790000000000003,
  "33": 0.9810000000000003,
  "34": 0.9830000000000003,
  "36": 0.9850000000000003,
  "39": 0.9860000000000003,
  "40": 0.9870000000000003,
  "156": 1.0000000000000002,
  "42": 0.9880000000000003,
  "43": 0.9890000000000003,
  "46": 0.9900000000000003,
  "47": 0.9910000000000003,
  "53": 0.9920000000000003,
  "56": 0.9940000000000003,
  "57": 0.9950000000000003,
  "62": 0.9960000000000003,
  "65": 0.9970000000000003,
  "75": 0.9980000000000003,
  "76": 0.9990000000000003
}