{
  "2": 0.055762081784386616,
  "3": 0.08178438661710037,
  "4": 0.13135068153655516,
  "5": 0.1784386617100372,
  "6": 0.2069392812887237,
  "7": 0.24039653035935565,
  "8": 0.2713754646840149,
  "9": 0.2936802973977696,
  "10": 0.32218091697645607,
  "11": 0.3432465923172243,
  "12": 0.365551425030979,
  "13": 0.38166047087980176,
  "14": 0.4002478314745973,
  "15": 0.41511771995043373,
  "16": 0.42750929368029744,
  "17": 0.43866171003717475,
  "18": 0.44981412639405205,
  "19": 0.4646840148698885,
  "20": 0.4770755885997522,
  "21": 0.4969021065675341,
  "22": 0.5092936802973977,
  "23": 0.5229244114002478,
  "24": 0.530359355638166,
  "25": 0.550185873605948,
  "26": 0.5650557620817844,
  "27": 0.5749690210656754,
  "28": 0.5848822800495663,
  "29": 0.6009913258983891,
  "30": 0.61090458488228,
  "31": 0.6220570012391574,
  "32": 0.6257744733581165,
  "33": 0.6332094175960348,
  "34": 0.6418835192069393,
  "35": 0.6493184634448576,
  "36": 0.6567534076827758,
  "37": 0.6629491945477076,
  "38": 0.6679058240396532,
  "39": 0.6716232961586123,
  "40": 0.6852540272614623,
  "41": 0.6939281288723669,
  "42": 0.6988847583643124,
  "43": 0.7038413878562579,
  "44": 0.7137546468401489,
  "45": 0.7199504337050807,
  "46": 0.727385377942999,
  "47": 0.7323420074349445,
  "48": 0.7335811648079309,
  "49": 0.7447335811648083,
  "50": 0.7496902106567538,
  "51": 0.7583643122676583,
  "52": 0.7596034696406447,
  "53": 0.7620817843866174,
  "54": 0.7682775712515493,
  "55": 0.7769516728624538,
  "56": 0.7806691449814129,
  "57": 0.7831474597273856,
  "58": 0.784386617100372,
  "59": 0.7856257744733585,
  "60": 0.7893432465923176,
  "61": 0.7942998760842631,
  "62": 0.7992565055762086,
  "63": 0.8017348203221814,
  "64": 0.8042131350681541,
  "65": 0.8054522924411405,
  "66": 0.8091697645600996,
  "67": 0.8141263940520451,
  "68": 0.8166047087980178,
  "69": 0.8190830235439905,
  "70": 0.8252788104089224,
  "71": 0.8277571251548951,
  "72": 0.8327137546468406,
  "73": 0.833952912019827,
  "74": 0.8413878562577453,
  "75": 0.843866171003718,
  "77": 0.8451053283767044,
  "78": 0.8488228004956635,
  "79": 0.853779429987609,
  "80": 0.8550185873605954,
  "81": 0.859975216852541,
  "82": 0.8624535315985137,
  "83": 0.8649318463444864,
  "84": 0.8674101610904591,
  "85": 0.8686493184634455,
  "86": 0.8698884758364319,
  "87": 0.8723667905824046,
  "88": 0.8748451053283773,
  "89": 0.8798017348203229,
  "90": 0.8810408921933093,
  "91": 0.8847583643122684,
  "93": 0.8872366790582411,
  "94": 0.8884758364312275,
  "95": 0.8897149938042139,
  "97": 0.8909541511772003,
  "98": 0.8921933085501867,
  "100": 0.8971499380421323,
  "101": 0.9021065675340778,
  "102": 0.9045848822800505,
  "103": 0.9070631970260232,
  "104": 0.9107806691449823,
  "105": 0.9120198265179688,
  "106": 0.9132589838909552,
  "107": 0.9144981412639416,
  "108": 0.915737298636928,
  "109": 0.9169764560099144,
  "112": 0.9194547707558871,
  "114": 0.9206939281288735,
  "115": 0.9231722428748462,
  "116": 0.9256505576208189,
  "117": 0.9268897149938053,
  "118": 0.9343246592317236,
  "120": 0.9380421313506827,
  "121": 0.9405204460966554,
  "122": 0.9417596034696418,
  "125": 0.9429987608426282,
  "128": 0.9442379182156146,
  "129": 0.9454770755886011,
  "130": 0.9479553903345738,
  "131": 0.9491945477075602,
  "133": 0.9504337050805466,
  "135": 0.951672862453533,
  "136": 0.9541511771995057,
  "137": 0.9553903345724921,
  "140": 0.9603469640644376,
  "143": 0.9615861214374241,
  "145": 0.9628252788104105,
  "146": 0.9653035935563832,
  "148": 0.9677819083023559,
  "150": 0.9690210656753423,
  "153": 0.9702602230483287,
  "157": 0.9714993804213151,
  "158": 0.9739776951672878,
  "164": 0.9752168525402742,
  "166": 0.9764560099132606,
  "168": 0.9776951672862471,
  "171": 0.9801734820322198,
  "175": 0.9814126394052062,
  "176": 0.9838909541511789,
  "178": 0.9851301115241653,
  "180": 0.9863692688971517,
  "183": 0.9876084262701381,
  "184": 0.9888475836431245,
  "185": 0.9900867410161109,
  "186": 0.9913258983890973,
  "187": 0.9938042131350701,
  "189": 0.9962825278810428,
  "191": 0.9987608426270155,
  "195": 1.0000000000000018
}