{
  "2": 0.087,
  "3": 0.512,
  "4": 0.7150000000000001,
  "5": 0.795,
  "6": 0.8580000000000001,
  "7": 0.8840000000000001,
  "8": 0.9060000000000001,
  "9": 0.9210000000000002,
  "10": 0.9400000000000002,
  "11": 0.9540000000000002,
  "12": 0.9630000000000002,
  "13": 0.9670000000000002,
  "14": 0.9720000000000002,
  "15": 0.9730000000000002,
  "16": 0.9740000000000002,
  "17": 0.9770000000000002,
  "18": 0.9790000000000002,
  "19": 0.9800000000000002,
  "20": 0.9840000000000002,
  "21": 0.9860000000000002,
  "23": 0.9890000000000002,
  "25": 0.9910000000000002,
  "26": 0.9920000000000002,
  "27": 0.9930000000000002,
  "28": 0.9940000000000002,
  "29": 0.9950000000000002,
  "31": 0.9960000000000002,
  "35": 0.9970000000000002,
  "36": 0.9980000000000002,
  "37": 0.9990000000000002,
  "49": 1.0000000000000002
}