{
  "2": 0.094,
  "3": 0.499,
  "4": 0.794,
  "5": 0.877,
  "6": 0.922,
  "7": 0.9460000000000001,
  "8": 0.9600000000000001,
  "9": 0.9630000000000001,
  "10": 0.9680000000000001,
  "11": 0.9690000000000001,
  "12": 0.9720000000000001,
  "13": 0.9740000000000001,
  "14": 0.9770000000000001,
  "15": 0.9780000000000001,
  "16": 0.9790000000000001,
  "17": 0.9800000000000001,
  "18": 0.9830000000000001,
  "34": 0.9840000000000001,
  "35": 0.9850000000000001,
  "37": 0.9860000000000001,
  "41": 0.9870000000000001,
  "43": 0.9920000000000001,
  "44": 0.9940000000000001,
  "45": 0.9950000000000001,
  "46": 0.9960000000000001,
  "47": 0.9970000000000001,
  "48": 0.9980000000000001,
  "49": 1.0
}