{
  "2": 0.031407035175879394,
  "3": 0.08040201005025124,
  "4": 0.12311557788944721,
  "5": 0.15326633165829143,
  "6": 0.1909547738693467,
  "7": 0.2123115577889447,
  "8": 0.23492462311557788,
  "9": 0.25879396984924624,
  "10": 0.2814070351758794,
  "11": 0.3065326633165829,
  "12": 0.3241206030150754,
  "13": 0.3379396984924623,
  "14": 0.36180904522613067,
  "15": 0.3706030150753769,
  "16": 0.385678391959799,
  "17": 0.3957286432160804,
  "18": 0.41457286432160806,
  "19": 0.42839195979899497,
  "20": 0.4434673366834171,
  "21": 0.457286432160804,
  "22": 0.4711055276381909,
  "23": 0.4824120603015075,
  "24": 0.49120603015075376,
  "25": 0.5,
  "26": 0.5062814070351759,
  "27": 0.5163316582914573,
  "28": 0.5301507537688442,
  "29": 0.5414572864321608,
  "30": 0.5552763819095478,
  "31": 0.5690954773869347,
  "32": 0.5766331658291457,
  "33": 0.5891959798994975,
  "34": 0.5979899497487436,
  "35": 0.6092964824120602,
  "36": 0.6168341708542713,
  "37": 0.621859296482412,
  "38": 0.6256281407035176,
  "39": 0.6281407035175879,
  "40": 0.6319095477386935,
  "41": 0.6407035175879396,
  "42": 0.6444723618090452,
  "43": 0.6507537688442211,
  "44": 0.6582914572864321,
  "45": 0.664572864321608,
  "46": 0.6746231155778895,
  "47": 0.6809045226130653,
  "48": 0.6934673366834171,
  "49": 0.6984924623115578,
  "50": 0.7047738693467337,
  "51": 0.7160804020100503,
  "52": 0.721105527638191,
  "53": 0.7286432160804021,
  "54": 0.7361809045226131,
  "55": 0.7386934673366834,
  "56": 0.7412060301507537,
  "57": 0.7462311557788944,
  "58": 0.7537688442211055,
  "59": 0.7663316582914572,
  "60": 0.7713567839195979,
  "61": 0.7801507537688441,
  "62": 0.7839195979899497,
  "63": 0.7889447236180904,
  "65": 0.7902010050251256,
  "66": 0.7914572864321607,
  "67": 0.793969849246231,
  "68": 0.7989949748743718,
  "69": 0.8052763819095476,
  "71": 0.8065326633165828,
  "72": 0.8090452261306531,
  "73": 0.8128140703517587,
  "74": 0.8165829145728642,
  "75": 0.821608040201005,
  "76": 0.8253768844221105,
  "77": 0.8266331658291457,
  "78": 0.8304020100502513,
  "79": 0.835427135678392,
  "80": 0.8366834170854272,
  "82": 0.842964824120603,
  "83": 0.8492462311557789,
  "84": 0.8517587939698492,
  "85": 0.8542713567839195,
  "87": 0.8567839195979898,
  "88": 0.8605527638190954,
  "89": 0.864321608040201,
  "90": 0.8668341708542713,
  "91": 0.8693467336683416,
  "92": 0.8718592964824119,
  "94": 0.8756281407035175,
  "95": 0.8768844221105526,
  "96": 0.8806532663316582,
  "97": 0.8819095477386933,
  "99": 0.8856783919597989,
  "100": 0.8881909547738692,
  "102": 0.8894472361809044,
  "103": 0.8907035175879395,
  "104": 0.8944723618090451,
  "105": 0.8957286432160803,
  "106": 0.8969849246231154,
  "107": 0.8994974874371857,
  "108": 0.9032663316582913,
  "109": 0.9045226130653264,
  "111": 0.9070351758793967,
  "112": 0.9082914572864319,
  "113": 0.9095477386934671,
  "117": 0.9108040201005022,
  "118": 0.9120603015075374,
  "120": 0.9145728643216077,
  "121": 0.9158291457286428,
  "122": 0.9183417085427131,
  "123": 0.9208542713567834,
  "125": 0.9221105527638186,
  "126": 0.9246231155778889,
  "128": 0.9271356783919592,
  "129": 0.9296482412060295,
  "130": 0.9309045226130647,
  "132": 0.933417085427135,
  "133": 0.9346733668341701,
  "134": 0.9371859296482404,
  "135": 0.9396984924623107,
  "137": 0.942211055276381,
  "142": 0.9434673366834162,
  "145": 0.9447236180904514,
  "148": 0.9472361809045217,
  "149": 0.9484924623115568,
  "150": 0.949748743718592,
  "151": 0.9535175879396975,
  "152": 0.9572864321608031,
  "154": 0.9597989949748734,
  "156": 0.9610552763819086,
  "159": 0.9635678391959789,
  "161": 0.9660804020100492,
  "164": 0.9698492462311548,
  "165": 0.9711055276381899,
  "168": 0.9736180904522602,
  "170": 0.9748743718592954,
  "171": 0.9773869346733657,
  "173": 0.9786432160804008,
  "175": 0.979899497487436,
  "179": 0.9836683417085416,
  "182": 0.9861809045226119,
  "184": 0.987437185929647,
  "185": 0.9899497487437173,
  "188": 0.9912060301507525,
  "189": 0.9962311557788932,
  "191": 0.9974874371859284,
  "196": 0.9987437185929635,
  "198": 0.9999999999999987
}