{
  "2": 0.027210884353741496,
  "3": 0.08276643990929705,
  "4": 0.13378684807256236,
  "5": 0.17800453514739228,
  "6": 0.20521541950113378,
  "7": 0.24263038548752835,
  "8": 0.2743764172335601,
  "9": 0.30272108843537415,
  "10": 0.3344671201814059,
  "11": 0.35600907029478457,
  "12": 0.3820861678004535,
  "13": 0.4036281179138322,
  "14": 0.42290249433106575,
  "15": 0.4399092970521542,
  "16": 0.4523809523809524,
  "17": 0.47278911564625853,
  "18": 0.4863945578231293,
  "19": 0.49433106575963726,
  "20": 0.507936507936508,
  "21": 0.5181405895691611,
  "22": 0.5317460317460319,
  "23": 0.5430839002267575,
  "24": 0.5532879818594105,
  "25": 0.5634920634920636,
  "26": 0.570294784580499,
  "27": 0.580498866213152,
  "28": 0.5929705215419503,
  "29": 0.5975056689342405,
  "30": 0.6099773242630387,
  "31": 0.6167800453514741,
  "32": 0.6213151927437643,
  "33": 0.6315192743764174,
  "34": 0.642857142857143,
  "35": 0.6485260770975059,
  "36": 0.6587301587301589,
  "37": 0.6666666666666669,
  "38": 0.6768707482993199,
  "39": 0.6825396825396828,
  "40": 0.6916099773242633,
  "41": 0.6984126984126987,
  "42": 0.7006802721088439,
  "43": 0.7063492063492067,
  "44": 0.7074829931972793,
  "45": 0.7154195011337872,
  "46": 0.7233560090702951,
  "47": 0.7335600907029481,
  "48": 0.7426303854875287,
  "49": 0.7460317460317464,
  "50": 0.7494331065759641,
  "51": 0.757369614512472,
  "52": 0.7630385487528348,
  "53": 0.7664399092970525,
  "54": 0.7687074829931977,
  "55": 0.7721088435374154,
  "56": 0.7766439909297056,
  "57": 0.7789115646258508,
  "58": 0.7845804988662136,
  "59": 0.7879818594104313,
  "60": 0.7959183673469392,
  "61": 0.7993197278911569,
  "62": 0.8015873015873021,
  "63": 0.8049886621315198,
  "64": 0.8072562358276649,
  "65": 0.8106575963718826,
  "66": 0.8163265306122455,
  "67": 0.8185941043083906,
  "68": 0.8208616780045358,
  "69": 0.825396825396826,
  "70": 0.8287981859410437,
  "71": 0.8344671201814066,
  "72": 0.8356009070294791,
  "73": 0.8378684807256243,
  "74": 0.8401360544217694,
  "75": 0.8435374149659871,
  "76": 0.8480725623582773,
  "77": 0.8503401360544225,
  "78": 0.8548752834467127,
  "79": 0.8571428571428579,
  "81": 0.8616780045351481,
  "83": 0.8628117913832206,
  "84": 0.8639455782312931,
  "85": 0.869614512471656,
  "86": 0.8718820861678012,
  "87": 0.8741496598639463,
  "88": 0.8752834467120189,
  "90": 0.8764172335600914,
  "91": 0.8775510204081639,
  "92": 0.8798185941043091,
  "93": 0.8809523809523816,
  "95": 0.8832199546485268,
  "96": 0.8854875283446719,
  "97": 0.8877551020408171,
  "99": 0.8888888888888896,
  "100": 0.8945578231292525,
  "101": 0.8979591836734702,
  "102": 0.8990929705215427,
  "103": 0.9002267573696152,
  "104": 0.9036281179138329,
  "105": 0.9047619047619054,
  "107": 0.905895691609978,
  "108": 0.9092970521541957,
  "111": 0.9126984126984133,
  "112": 0.9138321995464859,
  "114": 0.9149659863945584,
  "116": 0.9160997732426309,
  "118": 0.9183673469387761,
  "120": 0.9195011337868486,
  "121": 0.9206349206349211,
  "122": 0.9217687074829937,
  "123": 0.9240362811791388,
  "125": 0.926303854875284,
  "126": 0.9274376417233565,
  "127": 0.928571428571429,
  "128": 0.9297052154195016,
  "129": 0.9308390022675741,
  "130": 0.9331065759637193,
  "131": 0.9342403628117918,
  "133": 0.9353741496598643,
  "134": 0.9376417233560095,
  "135": 0.9399092970521546,
  "136": 0.9433106575963723,
  "137": 0.94671201814059,
  "138": 0.9478458049886626,
  "140": 0.9489795918367351,
  "141": 0.9501133786848076,
  "142": 0.9523809523809528,
  "144": 0.9557823129251705,
  "145": 0.9580498866213156,
  "146": 0.9603174603174608,
  "147": 0.9614512471655333,
  "148": 0.9625850340136058,
  "150": 0.9637188208616784,
  "151": 0.9648526077097509,
  "153": 0.9671201814058961,
  "154": 0.9682539682539686,
  "155": 0.9705215419501138,
  "156": 0.9716553287981863,
  "157": 0.9727891156462588,
  "158": 0.9739229024943313,
  "159": 0.9750566893424039,
  "160": 0.9761904761904764,
  "166": 0.9795918367346941,
  "167": 0.9807256235827666,
  "169": 0.9829931972789118,
  "171": 0.9852607709750569,
  "176": 0.9875283446712021,
  "179": 0.9897959183673473,
  "183": 0.9920634920634924,
  "184": 0.993197278911565,
  "186": 0.9943310657596375,
  "188": 0.99546485260771,
  "194": 0.9965986394557825,
  "195": 0.9977324263038551,
  "198": 0.9988662131519276,
  "199": 1.0000000000000002
}