{
  "2": 0.02861035422343324,
  "3": 0.07901907356948229,
  "4": 0.1226158038147139,
  "5": 0.15258855585831063,
  "6": 0.1771117166212534,
  "7": 0.20844686648501362,
  "8": 0.22888283378746593,
  "9": 0.24523160762942778,
  "10": 0.2656675749318801,
  "11": 0.29155313351498635,
  "12": 0.3092643051771117,
  "13": 0.32561307901907355,
  "14": 0.3405994550408719,
  "15": 0.3637602179836512,
  "16": 0.3787465940054496,
  "17": 0.3964577656675749,
  "18": 0.4141689373297002,
  "19": 0.43188010899182555,
  "20": 0.4468664850136239,
  "21": 0.4564032697547683,
  "22": 0.4727520435967302,
  "23": 0.4904632152588555,
  "24": 0.49863760217983644,
  "25": 0.5081743869209808,
  "26": 0.5204359673024522,
  "27": 0.5245231607629427,
  "28": 0.5340599455040871,
  "29": 0.5463215258855585,
  "30": 0.5558583106267029,
  "31": 0.5626702997275204,
  "32": 0.5749318801089918,
  "33": 0.5831062670299727,
  "34": 0.5899182561307902,
  "35": 0.5926430517711172,
  "36": 0.6008174386920981,
  "37": 0.6049046321525886,
  "39": 0.6062670299727521,
  "40": 0.6130790190735695,
  "42": 0.619891008174387,
  "43": 0.6294277929155314,
  "44": 0.6362397820163489,
  "45": 0.6457765667574933,
  "46": 0.6621253405994552,
  "47": 0.6689373297002726,
  "48": 0.6730245231607631,
  "49": 0.6757493188010901,
  "50": 0.6771117166212536,
  "51": 0.6798365122615806,
  "52": 0.6839237057220711,
  "53": 0.6866485013623981,
  "54": 0.6907356948228885,
  "55": 0.6961852861035425,
  "56": 0.6989100817438695,
  "57": 0.7043596730245234,
  "58": 0.7138964577656678,
  "59": 0.7193460490463217,
  "60": 0.7247956403269756,
  "61": 0.7302452316076296,
  "62": 0.737057220708447,
  "63": 0.7465940054495914,
  "64": 0.7506811989100819,
  "65": 0.7547683923705724,
  "66": 0.7561307901907358,
  "67": 0.7615803814713897,
  "68": 0.7643051771117167,
  "69": 0.7697547683923707,
  "70": 0.7724795640326977,
  "71": 0.7738419618528611,
  "73": 0.7765667574931882,
  "74": 0.7792915531335152,
  "75": 0.7806539509536786,
  "76": 0.7820163487738421,
  "77": 0.7833787465940055,
  "78": 0.7861035422343325,
  "80": 0.7888283378746596,
  "81": 0.790190735694823,
  "82": 0.7915531335149865,
  "84": 0.7929155313351499,
  "86": 0.7942779291553134,
  "87": 0.7970027247956404,
  "88": 0.8010899182561309,
  "89": 0.8038147138964579,
  "90": 0.8092643051771118,
  "92": 0.8106267029972752,
  "93": 0.8133514986376023,
  "94": 0.8147138964577657,
  "95": 0.8174386920980927,
  "96": 0.8215258855585832,
  "97": 0.8228882833787466,
  "98": 0.8269754768392371,
  "101": 0.8283378746594006,
  "102": 0.8310626702997276,
  "105": 0.8337874659400546,
  "106": 0.8365122615803816,
  "107": 0.8378746594005451,
  "108": 0.8419618528610355,
  "109": 0.846049046321526,
  "110": 0.848773841961853,
  "111": 0.85149863760218,
  "112": 0.8555858310626705,
  "113": 0.8678474114441419,
  "114": 0.8719346049046324,
  "115": 0.8760217983651228,
  "116": 0.8773841961852863,
  "117": 0.8801089918256133,
  "118": 0.8828337874659403,
  "119": 0.8855585831062673,
  "121": 0.8869209809264308,
  "122": 0.8896457765667578,
  "123": 0.8937329700272483,
  "124": 0.8950953678474117,
  "127": 0.8978201634877387,
  "128": 0.9019073569482292,
  "129": 0.9059945504087197,
  "130": 0.9073569482288831,
  "131": 0.9100817438692101,
  "132": 0.9114441416893736,
  "135": 0.912806539509537,
  "136": 0.9141689373297005,
  "138": 0.9168937329700275,
  "139": 0.918256130790191,
  "140": 0.920980926430518,
  "141": 0.9223433242506814,
  "144": 0.9237057220708449,
  "147": 0.9250681198910083,
  "149": 0.9277929155313354,
  "150": 0.9305177111716624,
  "151": 0.9318801089918258,
  "156": 0.9332425068119893,
  "159": 0.9359673024523163,
  "162": 0.9386920980926433,
  "163": 0.9414168937329703,
  "164": 0.9441416893732973,
  "165": 0.9468664850136244,
  "166": 0.9482288828337878,
  "167": 0.9495912806539513,
  "168": 0.9509536784741147,
  "169": 0.9523160762942782,
  "170": 0.9550408719346052,
  "171": 0.9564032697547686,
  "174": 0.9577656675749321,
  "175": 0.9645776566757496,
  "176": 0.965940054495913,
  "178": 0.96866485013624,
  "181": 0.974114441416894,
  "182": 0.976839237057221,
  "183": 0.9782016348773844,
  "184": 0.9809264305177114,
  "187": 0.9822888283378749,
  "188": 0.9836512261580383,
  "189": 0.9850136239782018,
  "192": 0.9904632152588557,
  "195": 0.9931880108991827,
  "197": 0.9959128065395098,
  "198": 0.9972752043596732,
  "200": 1.0000000000000002
}