{
  "2": 0.02677376171352075,
  "3": 0.07898259705488621,
  "4": 0.11512717536813921,
  "5": 0.14725568942436412,
  "6": 0.1646586345381526,
  "7": 0.19946452476572957,
  "8": 0.21954484605087013,
  "9": 0.2436412315930388,
  "10": 0.26238286479250333,
  "11": 0.28246318607764387,
  "12": 0.30789825970548856,
  "13": 0.3266398929049531,
  "14": 0.34538152610441764,
  "15": 0.3547523427041499,
  "16": 0.3748326639892905,
  "17": 0.3908969210174029,
  "18": 0.40696117804551535,
  "19": 0.41767068273092367,
  "20": 0.4323962516733601,
  "21": 0.44176706827309237,
  "22": 0.4497991967871486,
  "23": 0.45917001338688085,
  "24": 0.46720214190093706,
  "25": 0.47657295850066933,
  "26": 0.48728246318607765,
  "27": 0.497991967871486,
  "28": 0.5087014725568942,
  "29": 0.5180722891566265,
  "30": 0.5274431057563588,
  "31": 0.536813922356091,
  "32": 0.5448460508701473,
  "33": 0.5542168674698795,
  "34": 0.5595716198125836,
  "35": 0.5676037483266398,
  "36": 0.5796519410977242,
  "37": 0.5836680053547524,
  "38": 0.5930388219544847,
  "39": 0.5957161981258368,
  "40": 0.6010709504685409,
  "41": 0.6024096385542169,
  "42": 0.607764390896921,
  "43": 0.6144578313253012,
  "44": 0.6265060240963856,
  "45": 0.6305220883534137,
  "46": 0.6372155287817939,
  "47": 0.641231593038822,
  "48": 0.6465863453815262,
  "49": 0.6479250334672022,
  "50": 0.6532797858099063,
  "51": 0.6586345381526104,
  "52": 0.6639892904953145,
  "53": 0.6720214190093707,
  "54": 0.6746987951807228,
  "55": 0.680053547523427,
  "56": 0.685408299866131,
  "58": 0.6921017402945112,
  "59": 0.6974564926372153,
  "60": 0.7041499330655955,
  "61": 0.7081659973226236,
  "62": 0.7095046854082997,
  "64": 0.7148594377510038,
  "65": 0.7161981258366799,
  "66": 0.720214190093708,
  "67": 0.7215528781793841,
  "69": 0.7228915662650601,
  "70": 0.7282463186077642,
  "71": 0.7295850066934403,
  "72": 0.7362784471218204,
  "73": 0.7443105756358767,
  "74": 0.7456492637215527,
  "75": 0.7496653279785809,
  "77": 0.755020080321285,
  "78": 0.7603748326639891,
  "79": 0.7643908969210172,
  "80": 0.7684069611780454,
  "81": 0.7710843373493975,
  "82": 0.7737617135207496,
  "83": 0.7777777777777778,
  "84": 0.7804551539491299,
  "85": 0.7871485943775101,
  "86": 0.7898259705488622,
  "87": 0.7911646586345382,
  "88": 0.7925033467202143,
  "89": 0.7965194109772424,
  "90": 0.7991967871485945,
  "91": 0.8032128514056227,
  "92": 0.8085676037483268,
  "94": 0.812583668005355,
  "96": 0.813922356091031,
  "97": 0.8165997322623831,
  "98": 0.8179384203480592,
  "100": 0.8206157965194113,
  "101": 0.8219544846050874,
  "102": 0.8259705488621155,
  "103": 0.8299866131191437,
  "104": 0.8340026773761718,
  "105": 0.8353413654618479,
  "106": 0.8380187416332,
  "107": 0.8460508701472562,
  "108": 0.8500669344042844,
  "109": 0.8527443105756365,
  "110": 0.8540829986613125,
  "111": 0.8567603748326647,
  "112": 0.8580990629183407,
  "113": 0.8607764390896928,
  "114": 0.8634538152610449,
  "115": 0.8674698795180731,
  "116": 0.8688085676037491,
  "117": 0.8701472556894252,
  "118": 0.8741633199464534,
  "119": 0.8755020080321294,
  "120": 0.8768406961178055,
  "121": 0.8781793842034815,
  "122": 0.8808567603748336,
  "124": 0.8848728246318618,
  "125": 0.8862115127175378,
  "126": 0.890227576974566,
  "128": 0.8942436412315942,
  "129": 0.9009370816599743,
  "130": 0.9036144578313264,
  "131": 0.9062918340026785,
  "134": 0.9076305220883546,
  "136": 0.9103078982597067,
  "137": 0.9116465863453828,
  "138": 0.9143239625167349,
  "139": 0.917001338688087,
  "140": 0.918340026773763,
  "141": 0.9196787148594391,
  "142": 0.9210174029451151,
  "143": 0.9223560910307912,
  "144": 0.9277108433734953,
  "145": 0.9303882195448474,
  "146": 0.9330655957161995,
  "147": 0.9344042838018756,
  "150": 0.9357429718875516,
  "152": 0.9384203480589037,
  "156": 0.9397590361445798,
  "159": 0.9410977242302558,
  "161": 0.945113788487284,
  "162": 0.9477911646586361,
  "163": 0.9491298527443122,
  "164": 0.9531459170013403,
  "165": 0.9544846050870164,
  "166": 0.9558232931726924,
  "169": 0.9571619812583685,
  "170": 0.9585006693440445,
  "171": 0.9598393574297206,
  "172": 0.9611780455153967,
  "174": 0.9625167336010727,
  "176": 0.9638554216867488,
  "178": 0.9665327978581009,
  "179": 0.9678714859437769,
  "180": 0.970548862115129,
  "182": 0.9718875502008051,
  "183": 0.9732262382864811,
  "184": 0.9745649263721572,
  "185": 0.9759036144578332,
  "186": 0.9785809906291854,
  "187": 0.9799196787148614,
  "188": 0.9839357429718896,
  "189": 0.9852744310575656,
  "190": 0.9866131191432417,
  "191": 0.9879518072289177,
  "192": 0.9892904953145938,
  "194": 0.9906291834002698,
  "196": 0.993306559571622,
  "197": 0.9959839357429741,
  "198": 0.9973226238286501,
  "199": 0.9986613119143262,
  "200": 1.0000000000000022
}