{
  "2": 0.05,
  "3": 0.1791666666666667,
  "4": 0.23472222222222225,
  "5": 0.30138888888888893,
  "6": 0.32777777777777783,
  "7": 0.3555555555555556,
  "8": 0.38055555555555565,
  "9": 0.4000000000000001,
  "10": 0.42916666666666675,
  "11": 0.4472222222222223,
  "12": 0.47916666666666674,
  "13": 0.5194444444444445,
  "14": 0.5597222222222222,
  "15": 0.6097222222222223,
  "16": 0.6583333333333334,
  "17": 0.6875000000000001,
  "18": 0.7152777777777779,
  "19": 0.7416666666666668,
  "20": 0.7597222222222224,
  "21": 0.777777777777778,
  "22": 0.7833333333333335,
  "23": 0.7930555555555557,
  "24": 0.8000000000000002,
  "25": 0.8083333333333335,
  "26": 0.8111111111111112,
  "27": 0.8208333333333334,
  "28": 0.8250000000000001,
  "29": 0.8333333333333334,
  "30": 0.8375,
  "31": 0.8430555555555556,
  "32": 0.8555555555555555,
  "33": 0.8597222222222222,
  "34": 0.8652777777777777,
  "35": 0.8749999999999999,
  "36": 0.8805555555555554,
  "37": 0.8874999999999998,
  "38": 0.8958333333333331,
  "39": 0.897222222222222,
  "40": 0.9027777777777776,
  "41": 0.9055555555555553,
  "43": 0.9069444444444442,
  "44": 0.909722222222222,
  "45": 0.9138888888888886,
  "46": 0.9180555555555553,
  "47": 0.9194444444444442,
  "48": 0.9222222222222219,
  "49": 0.9263888888888886,
  "50": 0.9319444444444441,
  "51": 0.933333333333333,
  "52": 0.9361111111111108,
  "53": 0.9402777777777774,
  "54": 0.945833333333333,
  "55": 0.9499999999999996,
  "57": 0.9513888888888885,
  "58": 0.9541666666666663,
  "59": 0.9555555555555552,
  "60": 0.956944444444444,
  "61": 0.9611111111111107,
  "63": 0.9624999999999996,
  "65": 0.9652777777777773,
  "66": 0.969444444444444,
  "67": 0.9708333333333329,
  "69": 0.9722222222222218,
  "70": 0.9749999999999995,
  "74": 0.9777777777777773,
  "75": 0.981944444444444,
  "76": 0.9833333333333328,
  "78": 0.9847222222222217,
  "79": 0.9861111111111106,
  "82": 0.9874999999999995,
  "83": 0.9888888888888884,
  "84": 0.9916666666666661,
  "88": 0.993055555555555,
  "91": 0.9944444444444439,
  "92": 0.9958333333333328,
  "93": 0.9972222222222217,
  "94": 0.9999999999999994
}