{
  "2": 0.04145077720207254,
  "3": 0.12124352331606217,
  "4": 0.16787564766839377,
  "5": 0.22487046632124352,
  "6": 0.2549222797927461,
  "7": 0.3067357512953368,
  "8": 0.350259067357513,
  "9": 0.3813471502590674,
  "10": 0.4082901554404146,
  "11": 0.43523316062176176,
  "12": 0.4528497409326426,
  "13": 0.4756476683937825,
  "14": 0.4943005181347151,
  "15": 0.5160621761658032,
  "16": 0.528497409326425,
  "17": 0.5440414507772022,
  "18": 0.556476683937824,
  "19": 0.5689119170984458,
  "20": 0.5854922279792748,
  "21": 0.5937823834196894,
  "22": 0.6041450777202075,
  "23": 0.6145077720207257,
  "24": 0.623834196891192,
  "25": 0.6290155440414511,
  "26": 0.6331606217616583,
  "27": 0.6383419689119174,
  "28": 0.6455958549222801,
  "29": 0.6497409326424873,
  "30": 0.65699481865285,
  "31": 0.6611398963730573,
  "32": 0.6663212435233163,
  "33": 0.6777202072538863,
  "34": 0.684974093264249,
  "35": 0.6922279792746117,
  "36": 0.6963730569948189,
  "37": 0.6994818652849744,
  "38": 0.7067357512953371,
  "39": 0.7108808290155443,
  "40": 0.7160621761658034,
  "41": 0.7202072538860106,
  "42": 0.7284974093264251,
  "43": 0.7326424870466324,
  "44": 0.7367875647668396,
  "45": 0.7388601036269432,
  "46": 0.7419689119170987,
  "47": 0.7440414507772023,
  "48": 0.7450777202072542,
  "49": 0.7492227979274614,
  "50": 0.751295336787565,
  "51": 0.7564766839378241,
  "52": 0.7595854922279796,
  "54": 0.7606217616580314,
  "55": 0.7616580310880833,
  "56": 0.7658031088082905,
  "57": 0.768911917098446,
  "58": 0.7709844559585496,
  "59": 0.7720207253886014,
  "60": 0.7740932642487051,
  "61": 0.7751295336787569,
  "62": 0.7782383419689124,
  "63": 0.7813471502590679,
  "64": 0.7844559585492233,
  "65": 0.7854922279792752,
  "66": 0.7906735751295343,
  "67": 0.7927461139896379,
  "68": 0.7958549222797934,
  "71": 0.7968911917098452,
  "72": 0.7979274611398971,
  "73": 0.8000000000000007,
  "74": 0.8010362694300526,
  "75": 0.8020725388601044,
  "76": 0.804145077720208,
  "78": 0.8072538860103635,
  "79": 0.8093264248704671,
  "81": 0.810362694300519,
  "82": 0.8145077720207262,
  "83": 0.8165803108808298,
  "84": 0.820725388601037,
  "85": 0.8217616580310889,
  "86": 0.8227979274611408,
  "87": 0.826943005181348,
  "88": 0.8290155440414516,
  "89": 0.8310880829015552,
  "90": 0.8321243523316071,
  "92": 0.8362694300518143,
  "94": 0.8404145077720215,
  "95": 0.8414507772020734,
  "96": 0.843523316062177,
  "97": 0.8466321243523325,
  "98": 0.8476683937823843,
  "99": 0.8518134715025916,
  "100": 0.8528497409326434,
  "101": 0.854922279792747,
  "102": 0.8580310880829025,
  "103": 0.8590673575129544,
  "104": 0.861139896373058,
  "105": 0.8642487046632135,
  "106": 0.8663212435233171,
  "107": 0.8673575129533689,
  "108": 0.8704663212435244,
  "109": 0.8715025906735763,
  "110": 0.8735751295336799,
  "111": 0.8766839378238354,
  "112": 0.8777202072538872,
  "114": 0.8787564766839391,
  "115": 0.8808290155440427,
  "116": 0.8818652849740946,
  "119": 0.8860103626943018,
  "121": 0.8870466321243536,
  "122": 0.8901554404145091,
  "123": 0.891191709844561,
  "124": 0.8943005181347164,
  "125": 0.8953367875647683,
  "126": 0.8974093264248719,
  "127": 0.8984455958549238,
  "129": 0.9005181347150274,
  "130": 0.9036269430051829,
  "131": 0.9056994818652865,
  "133": 0.908808290155442,
  "135": 0.9098445595854938,
  "136": 0.9160621761658047,
  "137": 0.9191709844559601,
  "138": 0.920207253886012,
  "139": 0.9212435233160639,
  "140": 0.9243523316062193,
  "141": 0.9264248704663229,
  "142": 0.9295336787564784,
  "144": 0.9305699481865303,
  "145": 0.9316062176165821,
  "146": 0.932642487046634,
  "147": 0.9336787564766859,
  "148": 0.9357512953367895,
  "149": 0.9398963730569967,
  "151": 0.9419689119171003,
  "152": 0.9440414507772039,
  "154": 0.9471502590673594,
  "155": 0.9481865284974113,
  "156": 0.9492227979274631,
  "157": 0.950259067357515,
  "158": 0.9512953367875668,
  "160": 0.9533678756476704,
  "161": 0.9564766839378259,
  "162": 0.9595854922279814,
  "165": 0.9606217616580333,
  "166": 0.9626943005181369,
  "167": 0.9637305699481887,
  "168": 0.9647668393782406,
  "169": 0.9668393782383442,
  "170": 0.9678756476683961,
  "171": 0.9689119170984479,
  "173": 0.9699481865284998,
  "174": 0.9720207253886034,
  "175": 0.9730569948186553,
  "176": 0.9740932642487071,
  "177": 0.975129533678759,
  "178": 0.9772020725388626,
  "180": 0.9782383419689145,
  "181": 0.9792746113989663,
  "183": 0.9813471502590699,
  "184": 0.9844559585492254,
  "186": 0.986528497409329,
  "188": 0.9875647668393809,
  "189": 0.9886010362694327,
  "190": 0.9896373056994846,
  "192": 0.9906735751295365,
  "195": 0.9927461139896401,
  "196": 0.9948186528497437,
  "197": 0.9958549222797956,
  "198": 0.9979274611398992,
  "199": 0.998963730569951,
  "200": 1.0000000000000029
}