{
  "2": 0.266,
  "3": 0.482,
  "4": 0.5529999999999999,
  "5": 0.6359999999999999,
  "6": 0.7009999999999998,
  "7": 0.7809999999999998,
  "8": 0.8149999999999998,
  "9": 0.8329999999999999,
  "10": 0.8699999999999999,
  "11": 0.9169999999999999,
  "12": 0.9319999999999999,
  "13": 0.954,
  "14": 0.962,
  "15": 0.975,
  "16": 0.986,
  "17": 0.993,
  "18": 0.996,
  "19": 1.0
}