{
  "2": 0.282,
  "3": 0.505,
  "4": 0.597,
  "5": 0.694,
  "6": 0.7569999999999999,
  "7": 0.7959999999999999,
  "8": 0.834,
  "9": 0.86,
  "10": 0.891,
  "11": 0.908,
  "12": 0.925,
  "13": 0.934,
  "14": 0.9440000000000001,
  "15": 0.9530000000000001,
  "16": 0.9610000000000001,
  "17": 0.9620000000000001,
  "18": 0.9670000000000001,
  "19": 0.9710000000000001,
  "20": 0.9770000000000001,
  "22": 0.9810000000000001,
  "23": 0.9840000000000001,
  "24": 0.9860000000000001,
  "25": 0.9870000000000001,
  "27": 0.9900000000000001,
  "28": 0.9920000000000001,
  "29": 0.9930000000000001,
  "32": 0.9940000000000001,
  "36": 0.9960000000000001,
  "37": 0.9970000000000001,
  "44": 0.9980000000000001,
  "47": 1.0
}