{
  "2": 0.020860495436766623,
  "3": 0.06258148631029986,
  "4": 0.10691003911342895,
  "5": 0.1408083441981747,
  "6": 0.17601043024771837,
  "7": 0.2059973924380704,
  "8": 0.22294654498044328,
  "9": 0.24511082138200782,
  "10": 0.26727509778357234,
  "11": 0.28813559322033894,
  "12": 0.30508474576271183,
  "13": 0.3207301173402868,
  "14": 0.3337679269882659,
  "15": 0.348109517601043,
  "16": 0.3689700130378096,
  "17": 0.38722294654498035,
  "18": 0.4015645371577574,
  "19": 0.4185136897001303,
  "20": 0.43155149934810944,
  "21": 0.4471968709256844,
  "22": 0.45501955671447186,
  "23": 0.468057366362451,
  "24": 0.4771838331160364,
  "25": 0.48891786179921765,
  "26": 0.49934810951760095,
  "27": 0.5176010430247717,
  "28": 0.5293350717079529,
  "29": 0.5358539765319424,
  "30": 0.542372881355932,
  "31": 0.5488917861799215,
  "32": 0.5528031290743153,
  "33": 0.5606258148631028,
  "34": 0.5749674054758799,
  "35": 0.5840938722294653,
  "36": 0.5932203389830507,
  "37": 0.603650586701434,
  "38": 0.6062581486310299,
  "39": 0.6127770534550194,
  "40": 0.6179921773142111,
  "41": 0.6245110821382006,
  "42": 0.6323337679269881,
  "44": 0.6362451108213819,
  "45": 0.6414602346805736,
  "46": 0.6453715775749673,
  "47": 0.6479791395045632,
  "48": 0.6505867014341591,
  "49": 0.653194263363755,
  "50": 0.6544980443285529,
  "51": 0.6597131681877445,
  "52": 0.6636245110821383,
  "53": 0.667535853976532,
  "55": 0.6701434159061279,
  "56": 0.6714471968709258,
  "57": 0.6779661016949153,
  "58": 0.6844850065189049,
  "59": 0.6870925684485008,
  "60": 0.697522816166884,
  "61": 0.7014341590612778,
  "62": 0.7105606258148632,
  "63": 0.7131681877444591,
  "64": 0.7183833116036508,
  "65": 0.7222946544980445,
  "66": 0.7249022164276404,
  "67": 0.7288135593220342,
  "68": 0.7327249022164279,
  "69": 0.7379400260756196,
  "71": 0.7418513689700134,
  "72": 0.7457627118644071,
  "73": 0.748370273794003,
  "74": 0.7496740547588009,
  "75": 0.7535853976531947,
  "76": 0.7588005215123863,
  "77": 0.7601043024771842,
  "78": 0.7614080834419821,
  "80": 0.7653194263363758,
  "81": 0.7666232073011737,
  "82": 0.7692307692307696,
  "83": 0.7770534550195571,
  "85": 0.778357235984355,
  "86": 0.7848761408083446,
  "88": 0.7900912646675362,
  "89": 0.7953063885267279,
  "90": 0.7979139504563237,
  "91": 0.8005215123859196,
  "93": 0.8044328552803134,
  "94": 0.8070404172099093,
  "97": 0.8096479791395051,
  "98": 0.8135593220338989,
  "99": 0.8148631029986968,
  "100": 0.8161668839634947,
  "101": 0.8174706649282926,
  "103": 0.8187744458930905,
  "104": 0.8213820078226863,
  "105": 0.8226857887874842,
  "106": 0.8239895697522821,
  "107": 0.826597131681878,
  "108": 0.8292046936114739,
  "110": 0.8318122555410697,
  "111": 0.8331160365058676,
  "113": 0.8344198174706655,
  "116": 0.8370273794002614,
  "119": 0.8396349413298573,
  "121": 0.8409387222946552,
  "123": 0.843546284224251,
  "126": 0.8448500651890489,
  "128": 0.8461538461538468,
  "130": 0.8474576271186447,
  "131": 0.8487614080834426,
  "132": 0.8513689700130385,
  "133": 0.8552803129074322,
  "134": 0.859191655801826,
  "135": 0.8604954367666239,
  "137": 0.8617992177314218,
  "138": 0.8657105606258155,
  "139": 0.8683181225554114,
  "140": 0.8722294654498052,
  "141": 0.874837027379401,
  "142": 0.8761408083441989,
  "143": 0.8800521512385927,
  "144": 0.8826597131681886,
  "145": 0.8852672750977845,
  "146": 0.8865710560625824,
  "147": 0.891786179921774,
  "148": 0.8930899608865719,
  "149": 0.8956975228161678,
  "150": 0.9009126466753594,
  "151": 0.9022164276401573,
  "153": 0.9035202086049552,
  "154": 0.9048239895697531,
  "155": 0.906127770534551,
  "156": 0.9074315514993488,
  "157": 0.9100391134289447,
  "158": 0.9126466753585406,
  "159": 0.9152542372881365,
  "161": 0.9178617992177324,
  "162": 0.9191655801825303,
  "163": 0.9256844850065198,
  "164": 0.9295958279009136,
  "165": 0.9322033898305094,
  "167": 0.9348109517601053,
  "168": 0.9361147327249032,
  "169": 0.9387222946544991,
  "170": 0.941329856584095,
  "171": 0.9426336375488928,
  "172": 0.9439374185136907,
  "174": 0.9452411994784886,
  "175": 0.9530638852672761,
  "176": 0.955671447196872,
  "177": 0.9595827900912658,
  "178": 0.9608865710560637,
  "179": 0.9621903520208616,
  "180": 0.9661016949152553,
  "181": 0.9687092568448512,
  "183": 0.9700130378096491,
  "184": 0.971316818774447,
  "185": 0.9739243807040429,
  "186": 0.9778357235984366,
  "187": 0.9830508474576283,
  "189": 0.9843546284224262,
  "190": 0.985658409387224,
  "191": 0.9869621903520219,
  "192": 0.9882659713168198,
  "196": 0.9908735332464157,
  "197": 0.9934810951760116,
  "198": 0.9960886571056075,
  "199": 0.9973924380704053,
  "200": 1.000000000000001
}