{
  "2": 0.004509582863585118,
  "3": 0.033821871476888386,
  "4": 0.050732807215332576,
  "5": 0.07779030439684329,
  "6": 0.09131905298759864,
  "7": 0.10372040586245772,
  "8": 0.11724915445321307,
  "9": 0.12965050732807215,
  "10": 0.13979706877113868,
  "11": 0.15332581736189405,
  "12": 0.16347237880496057,
  "13": 0.17136414881623452,
  "14": 0.17361894024802707,
  "15": 0.18602029312288615,
  "16": 0.19842164599774523,
  "17": 0.20969560315670802,
  "18": 0.2220969560315671,
  "19": 0.22886133032694478,
  "20": 0.24013528748590757,
  "21": 0.2480270574971815,
  "22": 0.2547914317925592,
  "23": 0.266065388951522,
  "24": 0.27282976324689967,
  "25": 0.2784667418263811,
  "26": 0.28635851183765504,
  "27": 0.29199549041713646,
  "28": 0.2998872604284104,
  "29": 0.30777903043968435,
  "30": 0.3156708004509583,
  "31": 0.3213077790304397,
  "32": 0.32694475760992114,
  "33": 0.33596392333709135,
  "34": 0.34047350620067646,
  "35": 0.3494926719278467,
  "36": 0.35738444193912067,
  "37": 0.3664036076662909,
  "38": 0.3697857948139797,
  "39": 0.3742953776775648,
  "40": 0.37767756482525366,
  "41": 0.3810597519729425,
  "42": 0.38669673055242393,
  "43": 0.3878241262683202,
  "44": 0.39571589627959414,
  "45": 0.40022547914317924,
  "46": 0.40586245772266066,
  "47": 0.4092446448703495,
  "48": 0.4114994363021421,
  "49": 0.4171364148816235,
  "50": 0.4193912063134161,
  "51": 0.42728297632469003,
  "52": 0.4340473506200677,
  "53": 0.4385569334836528,
  "54": 0.4453213077790305,
  "55": 0.45095828635851193,
  "56": 0.45434047350620077,
  "57": 0.4588500563697859,
  "58": 0.46110484780157845,
  "59": 0.4667418263810599,
  "60": 0.46899661781285246,
  "61": 0.47125140924464504,
  "62": 0.4746335963923339,
  "63": 0.479143179255919,
  "64": 0.48027057497181525,
  "65": 0.48590755355129667,
  "66": 0.49041713641488177,
  "67": 0.4960541149943632,
  "69": 0.49718151071025946,
  "70": 0.5028184892897408,
  "71": 0.5062006764374296,
  "72": 0.5084554678692221,
  "73": 0.5095828635851184,
  "74": 0.5118376550169109,
  "75": 0.5163472378804961,
  "76": 0.5197294250281849,
  "77": 0.5219842164599774,
  "78": 0.5231116121758737,
  "79": 0.5264937993235624,
  "80": 0.5310033821871476,
  "81": 0.5332581736189401,
  "82": 0.5355129650507326,
  "83": 0.5366403607666289,
  "84": 0.5411499436302141,
  "85": 0.5422773393461103,
  "86": 0.5445321307779029,
  "87": 0.549041713641488,
  "88": 0.5501691093573843,
  "89": 0.5558060879368657,
  "90": 0.556933483652762,
  "91": 0.5591882750845545,
  "92": 0.5603156708004507,
  "93": 0.5625704622322433,
  "94": 0.5659526493799321,
  "95": 0.5693348365276208,
  "96": 0.5715896279594134,
  "97": 0.5738444193912059,
  "98": 0.5772266065388947,
  "99": 0.5794813979706872,
  "100": 0.5851183765501686,
  "101": 0.5873731679819612,
  "102": 0.5918827508455463,
  "104": 0.5952649379932351,
  "105": 0.5986471251409239,
  "106": 0.603156708004509,
  "107": 0.6065388951521978,
  "109": 0.6076662908680941,
  "110": 0.6110484780157829,
  "112": 0.6121758737316791,
  "113": 0.6133032694475754,
  "114": 0.6178128523111606,
  "115": 0.6200676437429531,
  "116": 0.6223224351747456,
  "119": 0.6234498308906419,
  "120": 0.6245772266065381,
  "121": 0.6257046223224344,
  "123": 0.6268320180383307,
  "125": 0.6279594137542269,
  "126": 0.6290868094701232,
  "127": 0.6313416009019157,
  "128": 0.632468996617812,
  "129": 0.6347237880496045,
  "130": 0.6358511837655008,
  "131": 0.636978579481397,
  "132": 0.6392333709131895,
  "133": 0.6414881623449821,
  "134": 0.6437429537767746,
  "135": 0.6448703494926709,
  "137": 0.6471251409244634,
  "138": 0.6493799323562559,
  "139": 0.6505073280721522,
  "140": 0.6550169109357373,
  "141": 0.6583990980834261,
  "142": 0.6617812852311149,
  "144": 0.6640360766629074,
  "145": 0.6651634723788037,
  "146": 0.6685456595264925,
  "147": 0.6696730552423887,
  "148": 0.670800450958285,
  "149": 0.6719278466741813,
  "150": 0.6730552423900775,
  "151": 0.6764374295377663,
  "152": 0.6775648252536626,
  "154": 0.6786922209695588,
  "155": 0.6809470124013514,
  "156": 0.6820744081172476,
  "157": 0.6832018038331439,
  "158": 0.6843291995490401,
  "159": 0.6865839909808327,
  "160": 0.6877113866967289,
  "161": 0.6899661781285215,
  "1186": 0.9943630214205125,
  "163": 0.6910935738444177,
  "165": 0.692220969560314,
  "166": 0.6933483652762102,
  "167": 0.6944757609921065,
  "169": 0.6956031567080028,
  "170": 0.696730552423899,
  "174": 0.6978579481397953,
  "175": 0.7001127395715878,
  "177": 0.7012401352874841,
  "179": 0.7034949267192766,
  "181": 0.7068771138669654,
  "182": 0.7080045095828617,
  "184": 0.7102593010146542,
  "185": 0.7125140924464467,
  "187": 0.713641488162343,
  "189": 0.7158962795941355,
  "191": 0.7170236753100317,
  "192": 0.718151071025928,
  "195": 0.7204058624577205,
  "196": 0.7215332581736168,
  "197": 0.7237880496054093,
  "200": 0.7249154453213056,
  "201": 0.7260428410372018,
  "202": 0.7271702367530981,
  "203": 0.7282976324689944,
  "206": 0.7305524239007869,
  "207": 0.7339346110484757,
  "208": 0.735062006764372,
  "211": 0.7361894024802682,
  "213": 0.7373167981961645,
  "214": 0.739571589627957,
  "215": 0.7418263810597495,
  "216": 0.7429537767756458,
  "217": 0.7463359639233346,
  "218": 0.7474633596392308,
  "219": 0.7485907553551271,
  "220": 0.7497181510710234,
  "221": 0.7508455467869196,
  "223": 0.7519729425028159,
  "1248": 0.9954904171364087,
  "225": 0.7531003382187121,
  "226": 0.7542277339346084,
  "227": 0.7576099210822972,
  "232": 0.7587373167981935,
  "233": 0.7598647125140897,
  "234": 0.7632468996617785,
  "235": 0.7643742953776748,
  "236": 0.765501691093571,
  "237": 0.7677564825253635,
  "238": 0.7688838782412598,
  "239": 0.7745208568207412,
  "241": 0.7767756482525338,
  "244": 0.77790304396843,
  "245": 0.7812852311161188,
  "248": 0.7824126268320151,
  "1274": 0.996617812852305,
  "251": 0.7835400225479113,
  "252": 0.7846674182638076,
  "253": 0.7857948139797039,
  "254": 0.7869222096956001,
  "255": 0.7891770011273926,
  "259": 0.7914317925591852,
  "260": 0.7936865839909777,
  "262": 0.794813979706874,
  "263": 0.7959413754227702,
  "264": 0.8004509582863554,
  "267": 0.8027057497181479,
  "271": 0.8049605411499404,
  "272": 0.8060879368658367,
  "273": 0.807215332581733,
  "279": 0.8083427282976292,
  "280": 0.8094701240135255,
  "281": 0.8105975197294217,
  "282": 0.811724915445318,
  "283": 0.8139797068771105,
  "284": 0.8151071025930068,
  "289": 0.816234498308903,
  "293": 0.8173618940247993,
  "294": 0.8207440811724881,
  "295": 0.8218714768883844,
  "296": 0.8241262683201769,
  "298": 0.8252536640360731,
  "300": 0.8263810597519694,
  "1325": 0.9977452085682013,
  "303": 0.8275084554678657,
  "311": 0.8286358511837619,
  "313": 0.8308906426155545,
  "314": 0.8320180383314507,
  "315": 0.8342728297632432,
  "318": 0.837655016910932,
  "320": 0.8387824126268283,
  "321": 0.8399098083427246,
  "323": 0.8410372040586208,
  "326": 0.8421645997745171,
  "327": 0.8432919954904133,
  "328": 0.8444193912063096,
  "329": 0.8466741826381021,
  "331": 0.8478015783539984,
  "333": 0.8489289740698946,
  "334": 0.8500563697857909,
  "335": 0.8523111612175834,
  "339": 0.8534385569334797,
  "340": 0.854565952649376,
  "341": 0.8556933483652722,
  "343": 0.859075535512961,
  "344": 0.8602029312288573,
  "346": 0.8624577226606498,
  "347": 0.8635851183765461,
  "349": 0.8658399098083386,
  "350": 0.8669673055242348,
  "354": 0.8680947012401311,
  "357": 0.8692220969560274,
  "359": 0.8703494926719236,
  "363": 0.8714768883878199,
  "364": 0.8726042841037162,
  "365": 0.8737316798196124,
  "369": 0.8748590755355087,
  "372": 0.8771138669673012,
  "373": 0.8782412626831975,
  "1399": 0.9988726042840975,
  "377": 0.88049605411499,
  "378": 0.8816234498308863,
  "379": 0.8838782412626788,
  "380": 0.885005636978575,
  "382": 0.8872604284103676,
  "384": 0.8883878241262638,
  "388": 0.8895152198421601,
  "399": 0.8906426155580563,