{
  "2": 0.338,
  "3": 0.5800000000000001,
  "4": 0.658,
  "5": 0.766,
  "6": 0.833,
  "7": 0.879,
  "8": 0.908,
  "9": 0.93,
  "10": 0.936,
  "11": 0.9430000000000001,
  "12": 0.9460000000000001,
  "15": 0.9580000000000001,
  "16": 0.9690000000000001,
  "17": 0.9870000000000001,
  "18": 0.9950000000000001,
  "19": 1.0
}