{
  "2": 0.040082219938335044,
  "3": 0.11510791366906475,
  "4": 0.16238437821171636,
  "5": 0.2076053442959918,
  "6": 0.23843782117163415,
  "7": 0.26618705035971224,
  "8": 0.2970195272353546,
  "9": 0.3329907502569373,
  "10": 0.35765673175745116,
  "11": 0.3843782117163412,
  "12": 0.40184994861253853,
  "13": 0.4182939362795478,
  "14": 0.4326824254881809,
  "15": 0.44707091469681404,
  "16": 0.4635149023638233,
  "17": 0.48201438848920874,
  "18": 0.49743062692702994,
  "19": 0.5097636176772868,
  "20": 0.5210688591983557,
  "21": 0.5313463514902365,
  "22": 0.5416238437821173,
  "23": 0.5529290853031861,
  "24": 0.5621788283658787,
  "25": 0.5704008221993834,
  "26": 0.5755395683453237,
  "27": 0.5817060637204522,
  "28": 0.5899280575539568,
  "29": 0.5940390544707091,
  "30": 0.6032887975334018,
  "31": 0.6145940390544706,
  "32": 0.619732785200411,
  "33": 0.6248715313463513,
  "34": 0.6320657759506678,
  "35": 0.6382322713257963,
  "36": 0.6423432682425486,
  "37": 0.6454265159301128,
  "38": 0.6515930113052413,
  "39": 0.6536485097636174,
  "40": 0.6567317574511816,
  "41": 0.6659815005138743,
  "42": 0.6690647482014385,
  "43": 0.6731757451181908,
  "44": 0.676258992805755,
  "45": 0.6783144912641311,
  "46": 0.6824254881808834,
  "47": 0.6855087358684476,
  "48": 0.6896197327852,
  "49": 0.6947584789311403,
  "50": 0.6957862281603283,
  "51": 0.6998972250770806,
  "52": 0.705035971223021,
  "53": 0.7112024665981495,
  "54": 0.7163412127440898,
  "55": 0.718396711202466,
  "56": 0.7204522096608421,
  "57": 0.7225077081192183,
  "58": 0.7286742034943468,
  "59": 0.7297019527235348,
  "60": 0.732785200411099,
  "61": 0.7379239465570393,
  "62": 0.7420349434737916,
  "63": 0.747173689619732,
  "64": 0.74820143884892,
  "65": 0.7512846865364842,
  "66": 0.7553956834532365,
  "67": 0.7574511819116126,
  "68": 0.7667009249743053,
  "69": 0.7687564234326815,
  "70": 0.7738951695786218,
  "71": 0.7749229188078098,
  "72": 0.7759506680369979,
  "73": 0.7800616649537502,
  "74": 0.7821171634121263,
  "75": 0.7862281603288787,
  "77": 0.791366906474819,
  "78": 0.7944501541623832,
  "79": 0.7965056526207593,
  "80": 0.7985611510791355,
  "81": 0.7995889003083235,
  "82": 0.8026721479958877,
  "83": 0.80678314491264,
  "84": 0.8098663926002042,
  "85": 0.8139773895169565,
  "86": 0.8191161356628969,
  "87": 0.821171634121273,
  "88": 0.822199383350461,
  "89": 0.8252826310380252,
  "90": 0.8293936279547776,
  "91": 0.8314491264131537,
  "92": 0.8345323741007179,
  "93": 0.8365878725590941,
  "94": 0.8396711202466582,
  "96": 0.8406988694758463,
  "97": 0.8437821171634105,
  "98": 0.8458376156217866,
  "99": 0.8468653648509746,
  "100": 0.8489208633093508,
  "102": 0.850976361767727,
  "103": 0.8550873586844793,
  "104": 0.8591983556012316,
  "105": 0.8622816032887958,
  "106": 0.86536485097636,
  "107": 0.8674203494347361,
  "108": 0.8705035971223003,
  "110": 0.8725590955806765,
  "112": 0.8756423432682406,
  "113": 0.879753340184993,
  "114": 0.880781089414181,
  "116": 0.8838643371017452,
  "117": 0.8859198355601213,
  "119": 0.8900308324768736,
  "121": 0.8920863309352498,
  "122": 0.894141829393626,
  "123": 0.8961973278520021,
  "124": 0.8972250770811901,
  "125": 0.9003083247687543,
  "126": 0.9033915724563185,
  "127": 0.9064748201438827,
  "129": 0.9075025693730707,
  "130": 0.9095580678314469,
  "131": 0.911613566289823,
  "134": 0.9126413155190111,
  "135": 0.9146968139773872,
  "137": 0.9157245632065752,
  "138": 0.9198355601233276,
  "139": 0.9218910585817037,
  "140": 0.9239465570400799,
  "142": 0.9280575539568322,
  "143": 0.9301130524152084,
  "144": 0.9342240493319607,
  "146": 0.9352517985611487,
  "147": 0.9362795477903367,
  "148": 0.9373072970195248,
  "149": 0.9393627954779009,
  "150": 0.9424460431654651,
  "151": 0.9434737923946531,
  "152": 0.9455292908530293,
  "153": 0.9465570400822173,
  "156": 0.9506680369989696,
  "157": 0.9516957862281576,
  "158": 0.9537512846865338,
  "159": 0.956834532374098,
  "160": 0.957862281603286,
  "161": 0.958890030832474,
  "163": 0.9609455292908502,
  "164": 0.9619732785200382,
  "166": 0.9630010277492262,
  "167": 0.9660842754367904,
  "168": 0.9681397738951666,
  "169": 0.9701952723535427,
  "170": 0.9712230215827308,
  "171": 0.9722507708119188,
  "173": 0.974306269270295,
  "174": 0.975334018499483,
  "175": 0.976361767728671,
  "176": 0.977389516957859,
  "179": 0.978417266187047,
  "180": 0.9794450154162351,
  "183": 0.9804727646454231,
  "186": 0.9825282631037993,
  "187": 0.9845837615621754,
  "188": 0.9856115107913634,
  "189": 0.9866392600205515,
  "190": 0.9876670092497395,
  "191": 0.9897225077081157,
  "192": 0.9907502569373037,
  "193": 0.9917780061664917,
  "194": 0.9928057553956797,
  "195": 0.9938335046248677,
  "197": 0.9948612538540558,
  "198": 0.99794450154162,
  "199": 0.9999999999999961
}