{
  "2": 0.33,
  "3": 0.55,
  "4": 0.627,
  "5": 0.699,
  "6": 0.76,
  "7": 0.812,
  "8": 0.8190000000000001,
  "9": 0.8770000000000001,
  "10": 0.9270000000000002,
  "11": 0.9410000000000002,
  "12": 0.9520000000000002,
  "13": 0.9710000000000002,
  "14": 0.9780000000000002,
  "15": 0.9860000000000002,
  "16": 0.9910000000000002,
  "17": 1.0000000000000002
}